
****** Vivado v2024.1 (64-bit)
  **** SW Build 5076996 on Wed May 22 18:37:14 MDT 2024
  **** IP Build 5075265 on Wed May 22 21:45:21 MDT 2024
  **** SharedData Build 5076995 on Wed May 22 18:29:18 MDT 2024
  **** Start of session at: Wed May 13 23:03:51 2026
    ** Copyright 1986-2022 Xilinx, Inc. All Rights Reserved.
    ** Copyright 2022-2024 Advanced Micro Devices, Inc. All Rights Reserved.

source runs/remote_machine/run_step6_timing_perf_explore.tcl
# set PROJECT spike_zybo
# set HW_VIVADO_DIR "C:/Users/jielu/Desktop/Workspace/SpikeYOLO_FPGA/hw/vivado"
# set OUT_DIR  "$HW_VIVADO_DIR/out"
# set REPORTS  "$HW_VIVADO_DIR/reports"
# set REMOTE   "C:/Users/jielu/Desktop/Workspace/SpikeYOLO_FPGA/runs/remote_machine"
# open_project [file join $OUT_DIR ${PROJECT}.xpr]
Scanning sources...
Finished scanning sources
INFO: [IP_Flow 19-234] Refreshing IP repositories
INFO: [IP_Flow 19-1700] Loaded user IP repository 'c:/Users/jielu/Desktop/Workspace/SpikeYOLO_FPGA/hw/hls/build'.
WARNING: [IP_Flow 19-3685] Ignored loading user repository 'c:/Users/jielu/Desktop/Workspace/SpikeYOLO_FPGA/hw/vivado/ip_repo/spike_accel'. The path is contained within another repository.
WARNING: [IP_Flow 19-3685] Ignored loading user repository 'c:/Users/jielu/Desktop/Workspace/SpikeYOLO_FPGA/hw/vivado/ip_repo/digilent/vivado-library'. The path is contained within another repository.
INFO: [IP_Flow 19-1700] Loaded user IP repository 'c:/Users/jielu/Desktop/Workspace/SpikeYOLO_FPGA/hw/vivado/ip_repo'.
INFO: [IP_Flow 19-2313] Loaded Vivado IP repository 'E:/Applaction/Xilinx/Vivado/2024.1/data/ip'.
open_project: Time (s): cpu = 00:00:15 ; elapsed = 00:00:20 . Memory (MB): peak = 755.754 ; gain = 327.250
# set_property strategy Performance_Explore [get_runs impl_1]
# puts "INFO: impl_1 strategy set to Performance_Explore"
INFO: impl_1 strategy set to Performance_Explore
# catch { set_param ip.useCacheStrategy 0 }
# catch { set_param ip.checkLicense 0 }
# catch { set_param ip.useIpCache 0 }
# catch { set_param project.disableIPCache 1 }
# catch { reset_run impl_1 }
# launch_runs impl_1 -to_step write_bitstream -jobs 1
[Wed May 13 23:04:21 2026] Launched impl_1...
Run output will be captured here: C:/Users/jielu/Desktop/Workspace/SpikeYOLO_FPGA/hw/vivado/out/spike_zybo.runs/impl_1/runme.log
launch_runs: Time (s): cpu = 00:00:00 ; elapsed = 00:00:05 . Memory (MB): peak = 783.160 ; gain = 23.074
# wait_on_run impl_1
[Wed May 13 23:04:21 2026] Waiting for impl_1 to finish...


*** Running vivado
    with args -log system_wrapper.vdi -applog -m64 -product Vivado -messageDb vivado.pb -mode batch -source system_wrapper.tcl -notrace



****** Vivado v2024.1 (64-bit)
  **** SW Build 5076996 on Wed May 22 18:37:14 MDT 2024
  **** IP Build 5075265 on Wed May 22 21:45:21 MDT 2024
  **** SharedData Build 5076995 on Wed May 22 18:29:18 MDT 2024
  **** Start of session at: Wed May 13 23:04:30 2026
    ** Copyright 1986-2022 Xilinx, Inc. All Rights Reserved.
    ** Copyright 2022-2024 Advanced Micro Devices, Inc. All Rights Reserved.

source system_wrapper.tcl -notrace
create_project: Time (s): cpu = 00:00:06 ; elapsed = 00:00:06 . Memory (MB): peak = 629.902 ; gain = 200.949
INFO: [IP_Flow 19-234] Refreshing IP repositories
INFO: [IP_Flow 19-1700] Loaded user IP repository 'c:/Users/jielu/Desktop/Workspace/SpikeYOLO_FPGA/hw/hls/build'.
WARNING: [IP_Flow 19-3685] Ignored loading user repository 'c:/Users/jielu/Desktop/Workspace/SpikeYOLO_FPGA/hw/vivado/ip_repo/spike_accel'. The path is contained within another repository.
WARNING: [IP_Flow 19-3685] Ignored loading user repository 'c:/Users/jielu/Desktop/Workspace/SpikeYOLO_FPGA/hw/vivado/ip_repo/digilent/vivado-library'. The path is contained within another repository.
INFO: [IP_Flow 19-1700] Loaded user IP repository 'c:/Users/jielu/Desktop/Workspace/SpikeYOLO_FPGA/hw/vivado/ip_repo'.
INFO: [IP_Flow 19-2313] Loaded Vivado IP repository 'E:/Applaction/Xilinx/Vivado/2024.1/data/ip'.
WARNING: [IP_Flow 19-4995] The host OS only allows 260 characters in a normal path. The IP cache path is more than 80 characters. If you experience issues with IP caching, please consider changing the IP cache to a location with a shorter path. Alternately consider using the OS subst command to map part of the path to a drive letter. 
Current IP cache path is C:/Users/jielu/Desktop/Workspace/SpikeYOLO_FPGA/hw/vivado/out/spike_zybo.cache/ip 
add_files: Time (s): cpu = 00:00:06 ; elapsed = 00:00:08 . Memory (MB): peak = 801.727 ; gain = 92.090
Command: link_design -top system_wrapper -part xc7z020clg400-1
Design is defaulting to srcset: sources_1
Design is defaulting to constrset: constrs_1
INFO: [Device 21-403] Loading part xc7z020clg400-1
INFO: [Device 21-9227] Part: xc7z020clg400-1 does not have CEAM library.
INFO: [Project 1-454] Reading design checkpoint 'c:/Users/jielu/Desktop/Workspace/SpikeYOLO_FPGA/hw/vivado/out/spike_zybo.gen/sources_1/bd/system/ip/system_axi_dma_feat_0/system_axi_dma_feat_0.dcp' for cell 'system_i/axi_dma_feat'
INFO: [Project 1-454] Reading design checkpoint 'c:/Users/jielu/Desktop/Workspace/SpikeYOLO_FPGA/hw/vivado/out/spike_zybo.gen/sources_1/bd/system/ip/system_ic_ctrl_0/system_ic_ctrl_0.dcp' for cell 'system_i/ic_ctrl'
INFO: [Project 1-454] Reading design checkpoint 'c:/Users/jielu/Desktop/Workspace/SpikeYOLO_FPGA/hw/vivado/out/spike_zybo.gen/sources_1/bd/system/ip/system_ic_data_hp0_0/system_ic_data_hp0_0.dcp' for cell 'system_i/ic_data_hp0'
INFO: [Project 1-454] Reading design checkpoint 'c:/Users/jielu/Desktop/Workspace/SpikeYOLO_FPGA/hw/vivado/out/spike_zybo.gen/sources_1/bd/system/ip/system_ic_data_hp1_0/system_ic_data_hp1_0.dcp' for cell 'system_i/ic_data_hp1'
INFO: [Project 1-454] Reading design checkpoint 'c:/Users/jielu/Desktop/Workspace/SpikeYOLO_FPGA/hw/vivado/out/spike_zybo.gen/sources_1/bd/system/ip/system_ps_0_0/system_ps_0_0.dcp' for cell 'system_i/ps_0'
INFO: [Project 1-454] Reading design checkpoint 'c:/Users/jielu/Desktop/Workspace/SpikeYOLO_FPGA/hw/vivado/out/spike_zybo.gen/sources_1/bd/system/ip/system_rst_clk0_0/system_rst_clk0_0.dcp' for cell 'system_i/rst_clk0'
INFO: [Project 1-454] Reading design checkpoint 'c:/Users/jielu/Desktop/Workspace/SpikeYOLO_FPGA/hw/vivado/out/spike_zybo.gen/sources_1/bd/system/ip/system_rst_clk1_0/system_rst_clk1_0.dcp' for cell 'system_i/rst_clk1'
INFO: [Project 1-454] Reading design checkpoint 'c:/Users/jielu/Desktop/Workspace/SpikeYOLO_FPGA/hw/vivado/out/spike_zybo.gen/sources_1/bd/system/ip/system_spike_accel_0_0/system_spike_accel_0_0.dcp' for cell 'system_i/spike_accel_0'
Netlist sorting complete. Time (s): cpu = 00:00:02 ; elapsed = 00:00:02 . Memory (MB): peak = 1522.191 ; gain = 4.461
INFO: [Netlist 29-17] Analyzing 7497 Unisim elements for replacement
INFO: [Netlist 29-28] Unisim Transformation completed in 0 CPU seconds
INFO: [Project 1-479] Netlist was created with Vivado 2024.1
INFO: [Project 1-570] Preparing netlist for logic optimization
Parsing XDC File [c:/Users/jielu/Desktop/Workspace/SpikeYOLO_FPGA/hw/vivado/out/spike_zybo.gen/sources_1/bd/system/ip/system_ps_0_0/system_ps_0_0.xdc] for cell 'system_i/ps_0/inst'
Finished Parsing XDC File [c:/Users/jielu/Desktop/Workspace/SpikeYOLO_FPGA/hw/vivado/out/spike_zybo.gen/sources_1/bd/system/ip/system_ps_0_0/system_ps_0_0.xdc] for cell 'system_i/ps_0/inst'
Parsing XDC File [c:/Users/jielu/Desktop/Workspace/SpikeYOLO_FPGA/hw/vivado/out/spike_zybo.gen/sources_1/bd/system/ip/system_axi_dma_feat_0/system_axi_dma_feat_0.xdc] for cell 'system_i/axi_dma_feat/U0'
WARNING: [Vivado_Tcl 4-921] Waiver ID 'CDC-1' -to list should not be empty. [c:/Users/jielu/Desktop/Workspace/SpikeYOLO_FPGA/hw/vivado/out/spike_zybo.gen/sources_1/bd/system/ip/system_axi_dma_feat_0/system_axi_dma_feat_0.xdc:52]
WARNING: [Vivado_Tcl 4-921] Waiver ID 'CDC-1' -to list should not be empty. [c:/Users/jielu/Desktop/Workspace/SpikeYOLO_FPGA/hw/vivado/out/spike_zybo.gen/sources_1/bd/system/ip/system_axi_dma_feat_0/system_axi_dma_feat_0.xdc:56]
WARNING: [Vivado_Tcl 4-919] Waiver ID 'CDC-1' -from list should not be empty. [c:/Users/jielu/Desktop/Workspace/SpikeYOLO_FPGA/hw/vivado/out/spike_zybo.gen/sources_1/bd/system/ip/system_axi_dma_feat_0/system_axi_dma_feat_0.xdc:61]
Finished Parsing XDC File [c:/Users/jielu/Desktop/Workspace/SpikeYOLO_FPGA/hw/vivado/out/spike_zybo.gen/sources_1/bd/system/ip/system_axi_dma_feat_0/system_axi_dma_feat_0.xdc] for cell 'system_i/axi_dma_feat/U0'
Parsing XDC File [c:/Users/jielu/Desktop/Workspace/SpikeYOLO_FPGA/hw/vivado/out/spike_zybo.gen/sources_1/bd/system/ip/system_ic_ctrl_0/bd_0/ip/ip_1/bd_1315_psr_aclk_0_board.xdc] for cell 'system_i/ic_ctrl/inst/clk_map/psr_aclk/U0'
Finished Parsing XDC File [c:/Users/jielu/Desktop/Workspace/SpikeYOLO_FPGA/hw/vivado/out/spike_zybo.gen/sources_1/bd/system/ip/system_ic_ctrl_0/bd_0/ip/ip_1/bd_1315_psr_aclk_0_board.xdc] for cell 'system_i/ic_ctrl/inst/clk_map/psr_aclk/U0'
Parsing XDC File [c:/Users/jielu/Desktop/Workspace/SpikeYOLO_FPGA/hw/vivado/out/spike_zybo.gen/sources_1/bd/system/ip/system_ic_ctrl_0/bd_0/ip/ip_1/bd_1315_psr_aclk_0.xdc] for cell 'system_i/ic_ctrl/inst/clk_map/psr_aclk/U0'
Finished Parsing XDC File [c:/Users/jielu/Desktop/Workspace/SpikeYOLO_FPGA/hw/vivado/out/spike_zybo.gen/sources_1/bd/system/ip/system_ic_ctrl_0/bd_0/ip/ip_1/bd_1315_psr_aclk_0.xdc] for cell 'system_i/ic_ctrl/inst/clk_map/psr_aclk/U0'
Parsing XDC File [c:/Users/jielu/Desktop/Workspace/SpikeYOLO_FPGA/hw/vivado/out/spike_zybo.gen/sources_1/bd/system/ip/system_ic_ctrl_0/bd_0/ip/ip_12/bd_1315_arni_0_clocks.xdc] for cell 'system_i/ic_ctrl/inst/switchboards/i_nodes/i_ar_node/inst'
WARNING: [Vivado_Tcl 4-921] Waiver ID 'CDC-1' -to list should not be empty. [c:/Users/jielu/Desktop/Workspace/SpikeYOLO_FPGA/hw/vivado/out/spike_zybo.gen/sources_1/bd/system/ip/system_ic_ctrl_0/bd_0/ip/ip_12/bd_1315_arni_0_clocks.xdc:49]
WARNING: [Vivado_Tcl 4-921] Waiver ID 'CDC-1' -to list should not be empty. [c:/Users/jielu/Desktop/Workspace/SpikeYOLO_FPGA/hw/vivado/out/spike_zybo.gen/sources_1/bd/system/ip/system_ic_ctrl_0/bd_0/ip/ip_12/bd_1315_arni_0_clocks.xdc:52]
WARNING: [Vivado_Tcl 4-921] Waiver ID 'CDC-1' -to list should not be empty. [c:/Users/jielu/Desktop/Workspace/SpikeYOLO_FPGA/hw/vivado/out/spike_zybo.gen/sources_1/bd/system/ip/system_ic_ctrl_0/bd_0/ip/ip_12/bd_1315_arni_0_clocks.xdc:55]
WARNING: [Vivado_Tcl 4-921] Waiver ID 'CDC-1' -to list should not be empty. [c:/Users/jielu/Desktop/Workspace/SpikeYOLO_FPGA/hw/vivado/out/spike_zybo.gen/sources_1/bd/system/ip/system_ic_ctrl_0/bd_0/ip/ip_12/bd_1315_arni_0_clocks.xdc:59]
WARNING: [Vivado_Tcl 4-921] Waiver ID 'CDC-1' -to list should not be empty. [c:/Users/jielu/Desktop/Workspace/SpikeYOLO_FPGA/hw/vivado/out/spike_zybo.gen/sources_1/bd/system/ip/system_ic_ctrl_0/bd_0/ip/ip_12/bd_1315_arni_0_clocks.xdc:66]
WARNING: [Vivado_Tcl 4-921] Waiver ID 'CDC-1' -to list should not be empty. [c:/Users/jielu/Desktop/Workspace/SpikeYOLO_FPGA/hw/vivado/out/spike_zybo.gen/sources_1/bd/system/ip/system_ic_ctrl_0/bd_0/ip/ip_12/bd_1315_arni_0_clocks.xdc:70]
WARNING: [Vivado_Tcl 4-921] Waiver ID 'CDC-1' -to list should not be empty. [c:/Users/jielu/Desktop/Workspace/SpikeYOLO_FPGA/hw/vivado/out/spike_zybo.gen/sources_1/bd/system/ip/system_ic_ctrl_0/bd_0/ip/ip_12/bd_1315_arni_0_clocks.xdc:82]
WARNING: [Vivado_Tcl 4-921] Waiver ID 'CDC-4' -to list should not be empty. [c:/Users/jielu/Desktop/Workspace/SpikeYOLO_FPGA/hw/vivado/out/spike_zybo.gen/sources_1/bd/system/ip/system_ic_ctrl_0/bd_0/ip/ip_12/bd_1315_arni_0_clocks.xdc:85]
WARNING: [Vivado_Tcl 4-921] Waiver ID 'CDC-4' -to list should not be empty. [c:/Users/jielu/Desktop/Workspace/SpikeYOLO_FPGA/hw/vivado/out/spike_zybo.gen/sources_1/bd/system/ip/system_ic_ctrl_0/bd_0/ip/ip_12/bd_1315_arni_0_clocks.xdc:88]
WARNING: [Vivado_Tcl 4-921] Waiver ID 'CDC-2' -to list should not be empty. [c:/Users/jielu/Desktop/Workspace/SpikeYOLO_FPGA/hw/vivado/out/spike_zybo.gen/sources_1/bd/system/ip/system_ic_ctrl_0/bd_0/ip/ip_12/bd_1315_arni_0_clocks.xdc:91]
WARNING: [Vivado_Tcl 4-921] Waiver ID 'CDC-2' -to list should not be empty. [c:/Users/jielu/Desktop/Workspace/SpikeYOLO_FPGA/hw/vivado/out/spike_zybo.gen/sources_1/bd/system/ip/system_ic_ctrl_0/bd_0/ip/ip_12/bd_1315_arni_0_clocks.xdc:94]
WARNING: [Vivado_Tcl 4-921] Waiver ID 'CDC-2' -to list should not be empty. [c:/Users/jielu/Desktop/Workspace/SpikeYOLO_FPGA/hw/vivado/out/spike_zybo.gen/sources_1/bd/system/ip/system_ic_ctrl_0/bd_0/ip/ip_12/bd_1315_arni_0_clocks.xdc:97]
WARNING: [Vivado_Tcl 4-921] Waiver ID 'CDC-2' -to list should not be empty. [c:/Users/jielu/Desktop/Workspace/SpikeYOLO_FPGA/hw/vivado/out/spike_zybo.gen/sources_1/bd/system/ip/system_ic_ctrl_0/bd_0/ip/ip_12/bd_1315_arni_0_clocks.xdc:100]
WARNING: [Vivado_Tcl 4-921] Waiver ID 'CDC-1' -to list should not be empty. [c:/Users/jielu/Desktop/Workspace/SpikeYOLO_FPGA/hw/vivado/out/spike_zybo.gen/sources_1/bd/system/ip/system_ic_ctrl_0/bd_0/ip/ip_12/bd_1315_arni_0_clocks.xdc:104]
WARNING: [Vivado_Tcl 4-921] Waiver ID 'CDC-10' -to list should not be empty. [c:/Users/jielu/Desktop/Workspace/SpikeYOLO_FPGA/hw/vivado/out/spike_zybo.gen/sources_1/bd/system/ip/system_ic_ctrl_0/bd_0/ip/ip_12/bd_1315_arni_0_clocks.xdc:107]
WARNING: [Vivado_Tcl 4-921] Waiver ID 'CDC-10' -to list should not be empty. [c:/Users/jielu/Desktop/Workspace/SpikeYOLO_FPGA/hw/vivado/out/spike_zybo.gen/sources_1/bd/system/ip/system_ic_ctrl_0/bd_0/ip/ip_12/bd_1315_arni_0_clocks.xdc:110]
WARNING: [Vivado_Tcl 4-921] Waiver ID 'CDC-1' -to list should not be empty. [c:/Users/jielu/Desktop/Workspace/SpikeYOLO_FPGA/hw/vivado/out/spike_zybo.gen/sources_1/bd/system/ip/system_ic_ctrl_0/bd_0/ip/ip_12/bd_1315_arni_0_clocks.xdc:113]
WARNING: [Vivado_Tcl 4-921] Waiver ID 'CDC-1' -to list should not be empty. [c:/Users/jielu/Desktop/Workspace/SpikeYOLO_FPGA/hw/vivado/out/spike_zybo.gen/sources_1/bd/system/ip/system_ic_ctrl_0/bd_0/ip/ip_12/bd_1315_arni_0_clocks.xdc:116]
WARNING: [Vivado_Tcl 4-921] Waiver ID 'CDC-13' -to list should not be empty. [c:/Users/jielu/Desktop/Workspace/SpikeYOLO_FPGA/hw/vivado/out/spike_zybo.gen/sources_1/bd/system/ip/system_ic_ctrl_0/bd_0/ip/ip_12/bd_1315_arni_0_clocks.xdc:122]
WARNING: [Vivado_Tcl 4-921] Waiver ID 'CDC-1' -to list should not be empty. [c:/Users/jielu/Desktop/Workspace/SpikeYOLO_FPGA/hw/vivado/out/spike_zybo.gen/sources_1/bd/system/ip/system_ic_ctrl_0/bd_0/ip/ip_12/bd_1315_arni_0_clocks.xdc:125]
WARNING: [Vivado_Tcl 4-921] Waiver ID 'CDC-1' -to list should not be empty. [c:/Users/jielu/Desktop/Workspace/SpikeYOLO_FPGA/hw/vivado/out/spike_zybo.gen/sources_1/bd/system/ip/system_ic_ctrl_0/bd_0/ip/ip_12/bd_1315_arni_0_clocks.xdc:128]
WARNING: [Vivado_Tcl 4-921] Waiver ID 'CDC-13' -to list should not be empty. [c:/Users/jielu/Desktop/Workspace/SpikeYOLO_FPGA/hw/vivado/out/spike_zybo.gen/sources_1/bd/system/ip/system_ic_ctrl_0/bd_0/ip/ip_12/bd_1315_arni_0_clocks.xdc:131]
WARNING: [Vivado_Tcl 4-921] Waiver ID 'CDC-1' -to list should not be empty. [c:/Users/jielu/Desktop/Workspace/SpikeYOLO_FPGA/hw/vivado/out/spike_zybo.gen/sources_1/bd/system/ip/system_ic_ctrl_0/bd_0/ip/ip_12/bd_1315_arni_0_clocks.xdc:134]
WARNING: [Vivado_Tcl 4-921] Waiver ID 'CDC-10' -to list should not be empty. [c:/Users/jielu/Desktop/Workspace/SpikeYOLO_FPGA/hw/vivado/out/spike_zybo.gen/sources_1/bd/system/ip/system_ic_ctrl_0/bd_0/ip/ip_12/bd_1315_arni_0_clocks.xdc:137]
WARNING: [Vivado_Tcl 4-921] Waiver ID 'CDC-1' -to list should not be empty. [c:/Users/jielu/Desktop/Workspace/SpikeYOLO_FPGA/hw/vivado/out/spike_zybo.gen/sources_1/bd/system/ip/system_ic_ctrl_0/bd_0/ip/ip_12/bd_1315_arni_0_clocks.xdc:140]
WARNING: [Vivado_Tcl 4-921] Waiver ID 'CDC-1' -to list should not be empty. [c:/Users/jielu/Desktop/Workspace/SpikeYOLO_FPGA/hw/vivado/out/spike_zybo.gen/sources_1/bd/system/ip/system_ic_ctrl_0/bd_0/ip/ip_12/bd_1315_arni_0_clocks.xdc:143]
WARNING: [Vivado_Tcl 4-921] Waiver ID 'CDC-1' -to list should not be empty. [c:/Users/jielu/Desktop/Workspace/SpikeYOLO_FPGA/hw/vivado/out/spike_zybo.gen/sources_1/bd/system/ip/system_ic_ctrl_0/bd_0/ip/ip_12/bd_1315_arni_0_clocks.xdc:146]
WARNING: [Vivado_Tcl 4-921] Waiver ID 'CDC-2' -to list should not be empty. [c:/Users/jielu/Desktop/Workspace/SpikeYOLO_FPGA/hw/vivado/out/spike_zybo.gen/sources_1/bd/system/ip/system_ic_ctrl_0/bd_0/ip/ip_12/bd_1315_arni_0_clocks.xdc:149]
WARNING: [Vivado_Tcl 4-921] Waiver ID 'CDC-1' -to list should not be empty. [c:/Users/jielu/Desktop/Workspace/SpikeYOLO_FPGA/hw/vivado/out/spike_zybo.gen/sources_1/bd/system/ip/system_ic_ctrl_0/bd_0/ip/ip_12/bd_1315_arni_0_clocks.xdc:152]
WARNING: [Vivado_Tcl 4-921] Waiver ID 'CDC-1' -to list should not be empty. [c:/Users/jielu/Desktop/Workspace/SpikeYOLO_FPGA/hw/vivado/out/spike_zybo.gen/sources_1/bd/system/ip/system_ic_ctrl_0/bd_0/ip/ip_12/bd_1315_arni_0_clocks.xdc:155]
WARNING: [Vivado_Tcl 4-921] Waiver ID 'CDC-1' -to list should not be empty. [c:/Users/jielu/Desktop/Workspace/SpikeYOLO_FPGA/hw/vivado/out/spike_zybo.gen/sources_1/bd/system/ip/system_ic_ctrl_0/bd_0/ip/ip_12/bd_1315_arni_0_clocks.xdc:158]
WARNING: [Vivado_Tcl 4-921] Waiver ID 'CDC-10' -to list should not be empty. [c:/Users/jielu/Desktop/Workspace/SpikeYOLO_FPGA/hw/vivado/out/spike_zybo.gen/sources_1/bd/system/ip/system_ic_ctrl_0/bd_0/ip/ip_12/bd_1315_arni_0_clocks.xdc:161]
WARNING: [Vivado_Tcl 4-921] Waiver ID 'CDC-4' -to list should not be empty. [c:/Users/jielu/Desktop/Workspace/SpikeYOLO_FPGA/hw/vivado/out/spike_zybo.gen/sources_1/bd/system/ip/system_ic_ctrl_0/bd_0/ip/ip_12/bd_1315_arni_0_clocks.xdc:164]
WARNING: [Vivado_Tcl 4-921] Waiver ID 'CDC-4' -to list should not be empty. [c:/Users/jielu/Desktop/Workspace/SpikeYOLO_FPGA/hw/vivado/out/spike_zybo.gen/sources_1/bd/system/ip/system_ic_ctrl_0/bd_0/ip/ip_12/bd_1315_arni_0_clocks.xdc:167]
WARNING: [Vivado_Tcl 4-921] Waiver ID 'CDC-4' -to list should not be empty. [c:/Users/jielu/Desktop/Workspace/SpikeYOLO_FPGA/hw/vivado/out/spike_zybo.gen/sources_1/bd/system/ip/system_ic_ctrl_0/bd_0/ip/ip_12/bd_1315_arni_0_clocks.xdc:171]
WARNING: [Vivado_Tcl 4-921] Waiver ID 'CDC-4' -to list should not be empty. [c:/Users/jielu/Desktop/Workspace/SpikeYOLO_FPGA/hw/vivado/out/spike_zybo.gen/sources_1/bd/system/ip/system_ic_ctrl_0/bd_0/ip/ip_12/bd_1315_arni_0_clocks.xdc:174]
WARNING: [Vivado_Tcl 4-921] Waiver ID 'CDC-1' -to list should not be empty. [c:/Users/jielu/Desktop/Workspace/SpikeYOLO_FPGA/hw/vivado/out/spike_zybo.gen/sources_1/bd/system/ip/system_ic_ctrl_0/bd_0/ip/ip_12/bd_1315_arni_0_clocks.xdc:178]
WARNING: [Vivado_Tcl 4-935] Waiver ID 'CDC-1' is a duplicate and will not be added again. [c:/Users/jielu/Desktop/Workspace/SpikeYOLO_FPGA/hw/vivado/out/spike_zybo.gen/sources_1/bd/system/ip/system_ic_ctrl_0/bd_0/ip/ip_12/bd_1315_arni_0_clocks.xdc:181]
WARNING: [Vivado_Tcl 4-921] Waiver ID 'CDC-13' -to list should not be empty. [c:/Users/jielu/Desktop/Workspace/SpikeYOLO_FPGA/hw/vivado/out/spike_zybo.gen/sources_1/bd/system/ip/system_ic_ctrl_0/bd_0/ip/ip_12/bd_1315_arni_0_clocks.xdc:184]
Finished Parsing XDC File [c:/Users/jielu/Desktop/Workspace/SpikeYOLO_FPGA/hw/vivado/out/spike_zybo.gen/sources_1/bd/system/ip/system_ic_ctrl_0/bd_0/ip/ip_12/bd_1315_arni_0_clocks.xdc] for cell 'system_i/ic_ctrl/inst/switchboards/i_nodes/i_ar_node/inst'
Parsing XDC File [c:/Users/jielu/Desktop/Workspace/SpikeYOLO_FPGA/hw/vivado/out/spike_zybo.gen/sources_1/bd/system/ip/system_ic_ctrl_0/bd_0/ip/ip_13/bd_1315_rni_0_clocks.xdc] for cell 'system_i/ic_ctrl/inst/switchboards/i_nodes/i_r_node/inst'
WARNING: [Vivado_Tcl 4-921] Waiver ID 'CDC-1' -to list should not be empty. [c:/Users/jielu/Desktop/Workspace/SpikeYOLO_FPGA/hw/vivado/out/spike_zybo.gen/sources_1/bd/system/ip/system_ic_ctrl_0/bd_0/ip/ip_13/bd_1315_rni_0_clocks.xdc:49]
WARNING: [Vivado_Tcl 4-921] Waiver ID 'CDC-1' -to list should not be empty. [c:/Users/jielu/Desktop/Workspace/SpikeYOLO_FPGA/hw/vivado/out/spike_zybo.gen/sources_1/bd/system/ip/system_ic_ctrl_0/bd_0/ip/ip_13/bd_1315_rni_0_clocks.xdc:52]
WARNING: [Vivado_Tcl 4-921] Waiver ID 'CDC-1' -to list should not be empty. [c:/Users/jielu/Desktop/Workspace/SpikeYOLO_FPGA/hw/vivado/out/spike_zybo.gen/sources_1/bd/system/ip/system_ic_ctrl_0/bd_0/ip/ip_13/bd_1315_rni_0_clocks.xdc:55]
WARNING: [Vivado_Tcl 4-921] Waiver ID 'CDC-1' -to list should not be empty. [c:/Users/jielu/Desktop/Workspace/SpikeYOLO_FPGA/hw/vivado/out/spike_zybo.gen/sources_1/bd/system/ip/system_ic_ctrl_0/bd_0/ip/ip_13/bd_1315_rni_0_clocks.xdc:59]
WARNING: [Vivado_Tcl 4-921] Waiver ID 'CDC-1' -to list should not be empty. [c:/Users/jielu/Desktop/Workspace/SpikeYOLO_FPGA/hw/vivado/out/spike_zybo.gen/sources_1/bd/system/ip/system_ic_ctrl_0/bd_0/ip/ip_13/bd_1315_rni_0_clocks.xdc:66]
WARNING: [Vivado_Tcl 4-921] Waiver ID 'CDC-1' -to list should not be empty. [c:/Users/jielu/Desktop/Workspace/SpikeYOLO_FPGA/hw/vivado/out/spike_zybo.gen/sources_1/bd/system/ip/system_ic_ctrl_0/bd_0/ip/ip_13/bd_1315_rni_0_clocks.xdc:70]
WARNING: [Vivado_Tcl 4-921] Waiver ID 'CDC-1' -to list should not be empty. [c:/Users/jielu/Desktop/Workspace/SpikeYOLO_FPGA/hw/vivado/out/spike_zybo.gen/sources_1/bd/system/ip/system_ic_ctrl_0/bd_0/ip/ip_13/bd_1315_rni_0_clocks.xdc:82]
WARNING: [Vivado_Tcl 4-921] Waiver ID 'CDC-4' -to list should not be empty. [c:/Users/jielu/Desktop/Workspace/SpikeYOLO_FPGA/hw/vivado/out/spike_zybo.gen/sources_1/bd/system/ip/system_ic_ctrl_0/bd_0/ip/ip_13/bd_1315_rni_0_clocks.xdc:85]
WARNING: [Vivado_Tcl 4-921] Waiver ID 'CDC-4' -to list should not be empty. [c:/Users/jielu/Desktop/Workspace/SpikeYOLO_FPGA/hw/vivado/out/spike_zybo.gen/sources_1/bd/system/ip/system_ic_ctrl_0/bd_0/ip/ip_13/bd_1315_rni_0_clocks.xdc:88]
WARNING: [Vivado_Tcl 4-921] Waiver ID 'CDC-2' -to list should not be empty. [c:/Users/jielu/Desktop/Workspace/SpikeYOLO_FPGA/hw/vivado/out/spike_zybo.gen/sources_1/bd/system/ip/system_ic_ctrl_0/bd_0/ip/ip_13/bd_1315_rni_0_clocks.xdc:91]
WARNING: [Vivado_Tcl 4-921] Waiver ID 'CDC-2' -to list should not be empty. [c:/Users/jielu/Desktop/Workspace/SpikeYOLO_FPGA/hw/vivado/out/spike_zybo.gen/sources_1/bd/system/ip/system_ic_ctrl_0/bd_0/ip/ip_13/bd_1315_rni_0_clocks.xdc:94]
WARNING: [Vivado_Tcl 4-921] Waiver ID 'CDC-2' -to list should not be empty. [c:/Users/jielu/Desktop/Workspace/SpikeYOLO_FPGA/hw/vivado/out/spike_zybo.gen/sources_1/bd/system/ip/system_ic_ctrl_0/bd_0/ip/ip_13/bd_1315_rni_0_clocks.xdc:97]
WARNING: [Vivado_Tcl 4-921] Waiver ID 'CDC-2' -to list should not be empty. [c:/Users/jielu/Desktop/Workspace/SpikeYOLO_FPGA/hw/vivado/out/spike_zybo.gen/sources_1/bd/system/ip/system_ic_ctrl_0/bd_0/ip/ip_13/bd_1315_rni_0_clocks.xdc:100]
WARNING: [Vivado_Tcl 4-921] Waiver ID 'CDC-1' -to list should not be empty. [c:/Users/jielu/Desktop/Workspace/SpikeYOLO_FPGA/hw/vivado/out/spike_zybo.gen/sources_1/bd/system/ip/system_ic_ctrl_0/bd_0/ip/ip_13/bd_1315_rni_0_clocks.xdc:104]
WARNING: [Vivado_Tcl 4-921] Waiver ID 'CDC-10' -to list should not be empty. [c:/Users/jielu/Desktop/Workspace/SpikeYOLO_FPGA/hw/vivado/out/spike_zybo.gen/sources_1/bd/system/ip/system_ic_ctrl_0/bd_0/ip/ip_13/bd_1315_rni_0_clocks.xdc:107]
WARNING: [Vivado_Tcl 4-921] Waiver ID 'CDC-10' -to list should not be empty. [c:/Users/jielu/Desktop/Workspace/SpikeYOLO_FPGA/hw/vivado/out/spike_zybo.gen/sources_1/bd/system/ip/system_ic_ctrl_0/bd_0/ip/ip_13/bd_1315_rni_0_clocks.xdc:110]
WARNING: [Vivado_Tcl 4-921] Waiver ID 'CDC-1' -to list should not be empty. [c:/Users/jielu/Desktop/Workspace/SpikeYOLO_FPGA/hw/vivado/out/spike_zybo.gen/sources_1/bd/system/ip/system_ic_ctrl_0/bd_0/ip/ip_13/bd_1315_rni_0_clocks.xdc:113]
WARNING: [Vivado_Tcl 4-921] Waiver ID 'CDC-1' -to list should not be empty. [c:/Users/jielu/Desktop/Workspace/SpikeYOLO_FPGA/hw/vivado/out/spike_zybo.gen/sources_1/bd/system/ip/system_ic_ctrl_0/bd_0/ip/ip_13/bd_1315_rni_0_clocks.xdc:116]
WARNING: [Vivado_Tcl 4-921] Waiver ID 'CDC-13' -to list should not be empty. [c:/Users/jielu/Desktop/Workspace/SpikeYOLO_FPGA/hw/vivado/out/spike_zybo.gen/sources_1/bd/system/ip/system_ic_ctrl_0/bd_0/ip/ip_13/bd_1315_rni_0_clocks.xdc:122]
WARNING: [Vivado_Tcl 4-921] Waiver ID 'CDC-1' -to list should not be empty. [c:/Users/jielu/Desktop/Workspace/SpikeYOLO_FPGA/hw/vivado/out/spike_zybo.gen/sources_1/bd/system/ip/system_ic_ctrl_0/bd_0/ip/ip_13/bd_1315_rni_0_clocks.xdc:125]
WARNING: [Vivado_Tcl 4-921] Waiver ID 'CDC-1' -to list should not be empty. [c:/Users/jielu/Desktop/Workspace/SpikeYOLO_FPGA/hw/vivado/out/spike_zybo.gen/sources_1/bd/system/ip/system_ic_ctrl_0/bd_0/ip/ip_13/bd_1315_rni_0_clocks.xdc:128]
WARNING: [Vivado_Tcl 4-921] Waiver ID 'CDC-13' -to list should not be empty. [c:/Users/jielu/Desktop/Workspace/SpikeYOLO_FPGA/hw/vivado/out/spike_zybo.gen/sources_1/bd/system/ip/system_ic_ctrl_0/bd_0/ip/ip_13/bd_1315_rni_0_clocks.xdc:131]
WARNING: [Vivado_Tcl 4-921] Waiver ID 'CDC-1' -to list should not be empty. [c:/Users/jielu/Desktop/Workspace/SpikeYOLO_FPGA/hw/vivado/out/spike_zybo.gen/sources_1/bd/system/ip/system_ic_ctrl_0/bd_0/ip/ip_13/bd_1315_rni_0_clocks.xdc:134]
WARNING: [Vivado_Tcl 4-921] Waiver ID 'CDC-10' -to list should not be empty. [c:/Users/jielu/Desktop/Workspace/SpikeYOLO_FPGA/hw/vivado/out/spike_zybo.gen/sources_1/bd/system/ip/system_ic_ctrl_0/bd_0/ip/ip_13/bd_1315_rni_0_clocks.xdc:137]
WARNING: [Vivado_Tcl 4-921] Waiver ID 'CDC-1' -to list should not be empty. [c:/Users/jielu/Desktop/Workspace/SpikeYOLO_FPGA/hw/vivado/out/spike_zybo.gen/sources_1/bd/system/ip/system_ic_ctrl_0/bd_0/ip/ip_13/bd_1315_rni_0_clocks.xdc:140]
WARNING: [Vivado_Tcl 4-921] Waiver ID 'CDC-1' -to list should not be empty. [c:/Users/jielu/Desktop/Workspace/SpikeYOLO_FPGA/hw/vivado/out/spike_zybo.gen/sources_1/bd/system/ip/system_ic_ctrl_0/bd_0/ip/ip_13/bd_1315_rni_0_clocks.xdc:143]
WARNING: [Vivado_Tcl 4-921] Waiver ID 'CDC-1' -to list should not be empty. [c:/Users/jielu/Desktop/Workspace/SpikeYOLO_FPGA/hw/vivado/out/spike_zybo.gen/sources_1/bd/system/ip/system_ic_ctrl_0/bd_0/ip/ip_13/bd_1315_rni_0_clocks.xdc:146]
WARNING: [Vivado_Tcl 4-921] Waiver ID 'CDC-2' -to list should not be empty. [c:/Users/jielu/Desktop/Workspace/SpikeYOLO_FPGA/hw/vivado/out/spike_zybo.gen/sources_1/bd/system/ip/system_ic_ctrl_0/bd_0/ip/ip_13/bd_1315_rni_0_clocks.xdc:149]
WARNING: [Vivado_Tcl 4-921] Waiver ID 'CDC-1' -to list should not be empty. [c:/Users/jielu/Desktop/Workspace/SpikeYOLO_FPGA/hw/vivado/out/spike_zybo.gen/sources_1/bd/system/ip/system_ic_ctrl_0/bd_0/ip/ip_13/bd_1315_rni_0_clocks.xdc:152]
WARNING: [Vivado_Tcl 4-921] Waiver ID 'CDC-1' -to list should not be empty. [c:/Users/jielu/Desktop/Workspace/SpikeYOLO_FPGA/hw/vivado/out/spike_zybo.gen/sources_1/bd/system/ip/system_ic_ctrl_0/bd_0/ip/ip_13/bd_1315_rni_0_clocks.xdc:155]
WARNING: [Vivado_Tcl 4-921] Waiver ID 'CDC-1' -to list should not be empty. [c:/Users/jielu/Desktop/Workspace/SpikeYOLO_FPGA/hw/vivado/out/spike_zybo.gen/sources_1/bd/system/ip/system_ic_ctrl_0/bd_0/ip/ip_13/bd_1315_rni_0_clocks.xdc:158]
WARNING: [Vivado_Tcl 4-921] Waiver ID 'CDC-10' -to list should not be empty. [c:/Users/jielu/Desktop/Workspace/SpikeYOLO_FPGA/hw/vivado/out/spike_zybo.gen/sources_1/bd/system/ip/system_ic_ctrl_0/bd_0/ip/ip_13/bd_1315_rni_0_clocks.xdc:161]
WARNING: [Vivado_Tcl 4-921] Waiver ID 'CDC-4' -to list should not be empty. [c:/Users/jielu/Desktop/Workspace/SpikeYOLO_FPGA/hw/vivado/out/spike_zybo.gen/sources_1/bd/system/ip/system_ic_ctrl_0/bd_0/ip/ip_13/bd_1315_rni_0_clocks.xdc:164]
WARNING: [Vivado_Tcl 4-921] Waiver ID 'CDC-4' -to list should not be empty. [c:/Users/jielu/Desktop/Workspace/SpikeYOLO_FPGA/hw/vivado/out/spike_zybo.gen/sources_1/bd/system/ip/system_ic_ctrl_0/bd_0/ip/ip_13/bd_1315_rni_0_clocks.xdc:167]
WARNING: [Vivado_Tcl 4-921] Waiver ID 'CDC-4' -to list should not be empty. [c:/Users/jielu/Desktop/Workspace/SpikeYOLO_FPGA/hw/vivado/out/spike_zybo.gen/sources_1/bd/system/ip/system_ic_ctrl_0/bd_0/ip/ip_13/bd_1315_rni_0_clocks.xdc:171]
WARNING: [Vivado_Tcl 4-921] Waiver ID 'CDC-4' -to list should not be empty. [c:/Users/jielu/Desktop/Workspace/SpikeYOLO_FPGA/hw/vivado/out/spike_zybo.gen/sources_1/bd/system/ip/system_ic_ctrl_0/bd_0/ip/ip_13/bd_1315_rni_0_clocks.xdc:174]
WARNING: [Vivado_Tcl 4-921] Waiver ID 'CDC-1' -to list should not be empty. [c:/Users/jielu/Desktop/Workspace/SpikeYOLO_FPGA/hw/vivado/out/spike_zybo.gen/sources_1/bd/system/ip/system_ic_ctrl_0/bd_0/ip/ip_13/bd_1315_rni_0_clocks.xdc:178]
WARNING: [Vivado_Tcl 4-935] Waiver ID 'CDC-1' is a duplicate and will not be added again. [c:/Users/jielu/Desktop/Workspace/SpikeYOLO_FPGA/hw/vivado/out/spike_zybo.gen/sources_1/bd/system/ip/system_ic_ctrl_0/bd_0/ip/ip_13/bd_1315_rni_0_clocks.xdc:181]
WARNING: [Vivado_Tcl 4-921] Waiver ID 'CDC-13' -to list should not be empty. [c:/Users/jielu/Desktop/Workspace/SpikeYOLO_FPGA/hw/vivado/out/spike_zybo.gen/sources_1/bd/system/ip/system_ic_ctrl_0/bd_0/ip/ip_13/bd_1315_rni_0_clocks.xdc:184]
Finished Parsing XDC File [c:/Users/jielu/Desktop/Workspace/SpikeYOLO_FPGA/hw/vivado/out/spike_zybo.gen/sources_1/bd/system/ip/system_ic_ctrl_0/bd_0/ip/ip_13/bd_1315_rni_0_clocks.xdc] for cell 'system_i/ic_ctrl/inst/switchboards/i_nodes/i_r_node/inst'
Parsing XDC File [c:/Users/jielu/Desktop/Workspace/SpikeYOLO_FPGA/hw/vivado/out/spike_zybo.gen/sources_1/bd/system/ip/system_ic_ctrl_0/bd_0/ip/ip_14/bd_1315_awni_0_clocks.xdc] for cell 'system_i/ic_ctrl/inst/switchboards/i_nodes/i_aw_node/inst'
WARNING: [Vivado_Tcl 4-921] Waiver ID 'CDC-1' -to list should not be empty. [c:/Users/jielu/Desktop/Workspace/SpikeYOLO_FPGA/hw/vivado/out/spike_zybo.gen/sources_1/bd/system/ip/system_ic_ctrl_0/bd_0/ip/ip_14/bd_1315_awni_0_clocks.xdc:49]
WARNING: [Vivado_Tcl 4-921] Waiver ID 'CDC-1' -to list should not be empty. [c:/Users/jielu/Desktop/Workspace/SpikeYOLO_FPGA/hw/vivado/out/spike_zybo.gen/sources_1/bd/system/ip/system_ic_ctrl_0/bd_0/ip/ip_14/bd_1315_awni_0_clocks.xdc:52]
WARNING: [Vivado_Tcl 4-921] Waiver ID 'CDC-1' -to list should not be empty. [c:/Users/jielu/Desktop/Workspace/SpikeYOLO_FPGA/hw/vivado/out/spike_zybo.gen/sources_1/bd/system/ip/system_ic_ctrl_0/bd_0/ip/ip_14/bd_1315_awni_0_clocks.xdc:55]
WARNING: [Vivado_Tcl 4-921] Waiver ID 'CDC-1' -to list should not be empty. [c:/Users/jielu/Desktop/Workspace/SpikeYOLO_FPGA/hw/vivado/out/spike_zybo.gen/sources_1/bd/system/ip/system_ic_ctrl_0/bd_0/ip/ip_14/bd_1315_awni_0_clocks.xdc:59]
WARNING: [Vivado_Tcl 4-921] Waiver ID 'CDC-1' -to list should not be empty. [c:/Users/jielu/Desktop/Workspace/SpikeYOLO_FPGA/hw/vivado/out/spike_zybo.gen/sources_1/bd/system/ip/system_ic_ctrl_0/bd_0/ip/ip_14/bd_1315_awni_0_clocks.xdc:66]
WARNING: [Vivado_Tcl 4-921] Waiver ID 'CDC-1' -to list should not be empty. [c:/Users/jielu/Desktop/Workspace/SpikeYOLO_FPGA/hw/vivado/out/spike_zybo.gen/sources_1/bd/system/ip/system_ic_ctrl_0/bd_0/ip/ip_14/bd_1315_awni_0_clocks.xdc:70]
WARNING: [Vivado_Tcl 4-921] Waiver ID 'CDC-1' -to list should not be empty. [c:/Users/jielu/Desktop/Workspace/SpikeYOLO_FPGA/hw/vivado/out/spike_zybo.gen/sources_1/bd/system/ip/system_ic_ctrl_0/bd_0/ip/ip_14/bd_1315_awni_0_clocks.xdc:82]
WARNING: [Vivado_Tcl 4-921] Waiver ID 'CDC-4' -to list should not be empty. [c:/Users/jielu/Desktop/Workspace/SpikeYOLO_FPGA/hw/vivado/out/spike_zybo.gen/sources_1/bd/system/ip/system_ic_ctrl_0/bd_0/ip/ip_14/bd_1315_awni_0_clocks.xdc:85]
WARNING: [Vivado_Tcl 4-921] Waiver ID 'CDC-4' -to list should not be empty. [c:/Users/jielu/Desktop/Workspace/SpikeYOLO_FPGA/hw/vivado/out/spike_zybo.gen/sources_1/bd/system/ip/system_ic_ctrl_0/bd_0/ip/ip_14/bd_1315_awni_0_clocks.xdc:88]
WARNING: [Vivado_Tcl 4-921] Waiver ID 'CDC-2' -to list should not be empty. [c:/Users/jielu/Desktop/Workspace/SpikeYOLO_FPGA/hw/vivado/out/spike_zybo.gen/sources_1/bd/system/ip/system_ic_ctrl_0/bd_0/ip/ip_14/bd_1315_awni_0_clocks.xdc:91]
WARNING: [Vivado_Tcl 4-921] Waiver ID 'CDC-2' -to list should not be empty. [c:/Users/jielu/Desktop/Workspace/SpikeYOLO_FPGA/hw/vivado/out/spike_zybo.gen/sources_1/bd/system/ip/system_ic_ctrl_0/bd_0/ip/ip_14/bd_1315_awni_0_clocks.xdc:94]
WARNING: [Vivado_Tcl 4-921] Waiver ID 'CDC-2' -to list should not be empty. [c:/Users/jielu/Desktop/Workspace/SpikeYOLO_FPGA/hw/vivado/out/spike_zybo.gen/sources_1/bd/system/ip/system_ic_ctrl_0/bd_0/ip/ip_14/bd_1315_awni_0_clocks.xdc:97]
WARNING: [Vivado_Tcl 4-921] Waiver ID 'CDC-2' -to list should not be empty. [c:/Users/jielu/Desktop/Workspace/SpikeYOLO_FPGA/hw/vivado/out/spike_zybo.gen/sources_1/bd/system/ip/system_ic_ctrl_0/bd_0/ip/ip_14/bd_1315_awni_0_clocks.xdc:100]
WARNING: [Vivado_Tcl 4-921] Waiver ID 'CDC-1' -to list should not be empty. [c:/Users/jielu/Desktop/Workspace/SpikeYOLO_FPGA/hw/vivado/out/spike_zybo.gen/sources_1/bd/system/ip/system_ic_ctrl_0/bd_0/ip/ip_14/bd_1315_awni_0_clocks.xdc:104]
WARNING: [Vivado_Tcl 4-921] Waiver ID 'CDC-10' -to list should not be empty. [c:/Users/jielu/Desktop/Workspace/SpikeYOLO_FPGA/hw/vivado/out/spike_zybo.gen/sources_1/bd/system/ip/system_ic_ctrl_0/bd_0/ip/ip_14/bd_1315_awni_0_clocks.xdc:107]
WARNING: [Vivado_Tcl 4-921] Waiver ID 'CDC-10' -to list should not be empty. [c:/Users/jielu/Desktop/Workspace/SpikeYOLO_FPGA/hw/vivado/out/spike_zybo.gen/sources_1/bd/system/ip/system_ic_ctrl_0/bd_0/ip/ip_14/bd_1315_awni_0_clocks.xdc:110]
WARNING: [Vivado_Tcl 4-921] Waiver ID 'CDC-1' -to list should not be empty. [c:/Users/jielu/Desktop/Workspace/SpikeYOLO_FPGA/hw/vivado/out/spike_zybo.gen/sources_1/bd/system/ip/system_ic_ctrl_0/bd_0/ip/ip_14/bd_1315_awni_0_clocks.xdc:113]
INFO: [Common 17-14] Message 'Vivado 12-180' appears 100 times and further instances of the messages will be disabled. Use the Tcl command set_msg_config to change the current settings. [c:/Users/jielu/Desktop/Workspace/SpikeYOLO_FPGA/hw/vivado/out/spike_zybo.gen/sources_1/bd/system/ip/system_ic_ctrl_0/bd_0/ip/ip_14/bd_1315_awni_0_clocks.xdc:116]
WARNING: [Vivado_Tcl 4-921] Waiver ID 'CDC-1' -to list should not be empty. [c:/Users/jielu/Desktop/Workspace/SpikeYOLO_FPGA/hw/vivado/out/spike_zybo.gen/sources_1/bd/system/ip/system_ic_ctrl_0/bd_0/ip/ip_14/bd_1315_awni_0_clocks.xdc:116]
WARNING: [Vivado_Tcl 4-921] Waiver ID 'CDC-13' -to list should not be empty. [c:/Users/jielu/Desktop/Workspace/SpikeYOLO_FPGA/hw/vivado/out/spike_zybo.gen/sources_1/bd/system/ip/system_ic_ctrl_0/bd_0/ip/ip_14/bd_1315_awni_0_clocks.xdc:122]
WARNING: [Vivado_Tcl 4-921] Waiver ID 'CDC-1' -to list should not be empty. [c:/Users/jielu/Desktop/Workspace/SpikeYOLO_FPGA/hw/vivado/out/spike_zybo.gen/sources_1/bd/system/ip/system_ic_ctrl_0/bd_0/ip/ip_14/bd_1315_awni_0_clocks.xdc:125]
WARNING: [Vivado_Tcl 4-921] Waiver ID 'CDC-1' -to list should not be empty. [c:/Users/jielu/Desktop/Workspace/SpikeYOLO_FPGA/hw/vivado/out/spike_zybo.gen/sources_1/bd/system/ip/system_ic_ctrl_0/bd_0/ip/ip_14/bd_1315_awni_0_clocks.xdc:128]
WARNING: [Vivado_Tcl 4-921] Waiver ID 'CDC-13' -to list should not be empty. [c:/Users/jielu/Desktop/Workspace/SpikeYOLO_FPGA/hw/vivado/out/spike_zybo.gen/sources_1/bd/system/ip/system_ic_ctrl_0/bd_0/ip/ip_14/bd_1315_awni_0_clocks.xdc:131]
INFO: [Common 17-14] Message 'Vivado_Tcl 4-921' appears 100 times and further instances of the messages will be disabled. Use the Tcl command set_msg_config to change the current settings. [c:/Users/jielu/Desktop/Workspace/SpikeYOLO_FPGA/hw/vivado/out/spike_zybo.gen/sources_1/bd/system/ip/system_ic_ctrl_0/bd_0/ip/ip_14/bd_1315_awni_0_clocks.xdc:131]
WARNING: [Vivado_Tcl 4-935] Waiver ID 'CDC-1' is a duplicate and will not be added again. [c:/Users/jielu/Desktop/Workspace/SpikeYOLO_FPGA/hw/vivado/out/spike_zybo.gen/sources_1/bd/system/ip/system_ic_ctrl_0/bd_0/ip/ip_14/bd_1315_awni_0_clocks.xdc:181]
Finished Parsing XDC File [c:/Users/jielu/Desktop/Workspace/SpikeYOLO_FPGA/hw/vivado/out/spike_zybo.gen/sources_1/bd/system/ip/system_ic_ctrl_0/bd_0/ip/ip_14/bd_1315_awni_0_clocks.xdc] for cell 'system_i/ic_ctrl/inst/switchboards/i_nodes/i_aw_node/inst'
Parsing XDC File [c:/Users/jielu/Desktop/Workspace/SpikeYOLO_FPGA/hw/vivado/out/spike_zybo.gen/sources_1/bd/system/ip/system_ic_ctrl_0/bd_0/ip/ip_15/bd_1315_wni_0_clocks.xdc] for cell 'system_i/ic_ctrl/inst/switchboards/i_nodes/i_w_node/inst'
WARNING: [Vivado_Tcl 4-935] Waiver ID 'CDC-1' is a duplicate and will not be added again. [c:/Users/jielu/Desktop/Workspace/SpikeYOLO_FPGA/hw/vivado/out/spike_zybo.gen/sources_1/bd/system/ip/system_ic_ctrl_0/bd_0/ip/ip_15/bd_1315_wni_0_clocks.xdc:181]
Finished Parsing XDC File [c:/Users/jielu/Desktop/Workspace/SpikeYOLO_FPGA/hw/vivado/out/spike_zybo.gen/sources_1/bd/system/ip/system_ic_ctrl_0/bd_0/ip/ip_15/bd_1315_wni_0_clocks.xdc] for cell 'system_i/ic_ctrl/inst/switchboards/i_nodes/i_w_node/inst'
Parsing XDC File [c:/Users/jielu/Desktop/Workspace/SpikeYOLO_FPGA/hw/vivado/out/spike_zybo.gen/sources_1/bd/system/ip/system_ic_ctrl_0/bd_0/ip/ip_16/bd_1315_bni_0_clocks.xdc] for cell 'system_i/ic_ctrl/inst/switchboards/i_nodes/i_b_node/inst'
WARNING: [Vivado_Tcl 4-935] Waiver ID 'CDC-1' is a duplicate and will not be added again. [c:/Users/jielu/Desktop/Workspace/SpikeYOLO_FPGA/hw/vivado/out/spike_zybo.gen/sources_1/bd/system/ip/system_ic_ctrl_0/bd_0/ip/ip_16/bd_1315_bni_0_clocks.xdc:181]
Finished Parsing XDC File [c:/Users/jielu/Desktop/Workspace/SpikeYOLO_FPGA/hw/vivado/out/spike_zybo.gen/sources_1/bd/system/ip/system_ic_ctrl_0/bd_0/ip/ip_16/bd_1315_bni_0_clocks.xdc] for cell 'system_i/ic_ctrl/inst/switchboards/i_nodes/i_b_node/inst'
Parsing XDC File [c:/Users/jielu/Desktop/Workspace/SpikeYOLO_FPGA/hw/vivado/out/spike_zybo.gen/sources_1/bd/system/ip/system_ic_ctrl_0/bd_0/ip/ip_21/bd_1315_sarn_0_clocks.xdc] for cell 'system_i/ic_ctrl/inst/s00_nodes/s00_ar_node/inst'
Finished Parsing XDC File [c:/Users/jielu/Desktop/Workspace/SpikeYOLO_FPGA/hw/vivado/out/spike_zybo.gen/sources_1/bd/system/ip/system_ic_ctrl_0/bd_0/ip/ip_21/bd_1315_sarn_0_clocks.xdc] for cell 'system_i/ic_ctrl/inst/s00_nodes/s00_ar_node/inst'
Parsing XDC File [c:/Users/jielu/Desktop/Workspace/SpikeYOLO_FPGA/hw/vivado/out/spike_zybo.gen/sources_1/bd/system/ip/system_ic_ctrl_0/bd_0/ip/ip_22/bd_1315_srn_0_clocks.xdc] for cell 'system_i/ic_ctrl/inst/s00_nodes/s00_r_node/inst'
Finished Parsing XDC File [c:/Users/jielu/Desktop/Workspace/SpikeYOLO_FPGA/hw/vivado/out/spike_zybo.gen/sources_1/bd/system/ip/system_ic_ctrl_0/bd_0/ip/ip_22/bd_1315_srn_0_clocks.xdc] for cell 'system_i/ic_ctrl/inst/s00_nodes/s00_r_node/inst'
Parsing XDC File [c:/Users/jielu/Desktop/Workspace/SpikeYOLO_FPGA/hw/vivado/out/spike_zybo.gen/sources_1/bd/system/ip/system_ic_ctrl_0/bd_0/ip/ip_23/bd_1315_sawn_0_clocks.xdc] for cell 'system_i/ic_ctrl/inst/s00_nodes/s00_aw_node/inst'
Finished Parsing XDC File [c:/Users/jielu/Desktop/Workspace/SpikeYOLO_FPGA/hw/vivado/out/spike_zybo.gen/sources_1/bd/system/ip/system_ic_ctrl_0/bd_0/ip/ip_23/bd_1315_sawn_0_clocks.xdc] for cell 'system_i/ic_ctrl/inst/s00_nodes/s00_aw_node/inst'
Parsing XDC File [c:/Users/jielu/Desktop/Workspace/SpikeYOLO_FPGA/hw/vivado/out/spike_zybo.gen/sources_1/bd/system/ip/system_ic_ctrl_0/bd_0/ip/ip_24/bd_1315_swn_0_clocks.xdc] for cell 'system_i/ic_ctrl/inst/s00_nodes/s00_w_node/inst'
Finished Parsing XDC File [c:/Users/jielu/Desktop/Workspace/SpikeYOLO_FPGA/hw/vivado/out/spike_zybo.gen/sources_1/bd/system/ip/system_ic_ctrl_0/bd_0/ip/ip_24/bd_1315_swn_0_clocks.xdc] for cell 'system_i/ic_ctrl/inst/s00_nodes/s00_w_node/inst'
Parsing XDC File [c:/Users/jielu/Desktop/Workspace/SpikeYOLO_FPGA/hw/vivado/out/spike_zybo.gen/sources_1/bd/system/ip/system_ic_ctrl_0/bd_0/ip/ip_25/bd_1315_sbn_0_clocks.xdc] for cell 'system_i/ic_ctrl/inst/s00_nodes/s00_b_node/inst'
Finished Parsing XDC File [c:/Users/jielu/Desktop/Workspace/SpikeYOLO_FPGA/hw/vivado/out/spike_zybo.gen/sources_1/bd/system/ip/system_ic_ctrl_0/bd_0/ip/ip_25/bd_1315_sbn_0_clocks.xdc] for cell 'system_i/ic_ctrl/inst/s00_nodes/s00_b_node/inst'
Parsing XDC File [c:/Users/jielu/Desktop/Workspace/SpikeYOLO_FPGA/hw/vivado/out/spike_zybo.gen/sources_1/bd/system/ip/system_ic_ctrl_0/bd_0/ip/ip_27/bd_1315_m00arn_0_clocks.xdc] for cell 'system_i/ic_ctrl/inst/m00_nodes/m00_ar_node/inst'
Finished Parsing XDC File [c:/Users/jielu/Desktop/Workspace/SpikeYOLO_FPGA/hw/vivado/out/spike_zybo.gen/sources_1/bd/system/ip/system_ic_ctrl_0/bd_0/ip/ip_27/bd_1315_m00arn_0_clocks.xdc] for cell 'system_i/ic_ctrl/inst/m00_nodes/m00_ar_node/inst'
Parsing XDC File [c:/Users/jielu/Desktop/Workspace/SpikeYOLO_FPGA/hw/vivado/out/spike_zybo.gen/sources_1/bd/system/ip/system_ic_ctrl_0/bd_0/ip/ip_28/bd_1315_m00rn_0_clocks.xdc] for cell 'system_i/ic_ctrl/inst/m00_nodes/m00_r_node/inst'
Finished Parsing XDC File [c:/Users/jielu/Desktop/Workspace/SpikeYOLO_FPGA/hw/vivado/out/spike_zybo.gen/sources_1/bd/system/ip/system_ic_ctrl_0/bd_0/ip/ip_28/bd_1315_m00rn_0_clocks.xdc] for cell 'system_i/ic_ctrl/inst/m00_nodes/m00_r_node/inst'
Parsing XDC File [c:/Users/jielu/Desktop/Workspace/SpikeYOLO_FPGA/hw/vivado/out/spike_zybo.gen/sources_1/bd/system/ip/system_ic_ctrl_0/bd_0/ip/ip_29/bd_1315_m00awn_0_clocks.xdc] for cell 'system_i/ic_ctrl/inst/m00_nodes/m00_aw_node/inst'
Finished Parsing XDC File [c:/Users/jielu/Desktop/Workspace/SpikeYOLO_FPGA/hw/vivado/out/spike_zybo.gen/sources_1/bd/system/ip/system_ic_ctrl_0/bd_0/ip/ip_29/bd_1315_m00awn_0_clocks.xdc] for cell 'system_i/ic_ctrl/inst/m00_nodes/m00_aw_node/inst'
Parsing XDC File [c:/Users/jielu/Desktop/Workspace/SpikeYOLO_FPGA/hw/vivado/out/spike_zybo.gen/sources_1/bd/system/ip/system_ic_ctrl_0/bd_0/ip/ip_30/bd_1315_m00wn_0_clocks.xdc] for cell 'system_i/ic_ctrl/inst/m00_nodes/m00_w_node/inst'
Finished Parsing XDC File [c:/Users/jielu/Desktop/Workspace/SpikeYOLO_FPGA/hw/vivado/out/spike_zybo.gen/sources_1/bd/system/ip/system_ic_ctrl_0/bd_0/ip/ip_30/bd_1315_m00wn_0_clocks.xdc] for cell 'system_i/ic_ctrl/inst/m00_nodes/m00_w_node/inst'
Parsing XDC File [c:/Users/jielu/Desktop/Workspace/SpikeYOLO_FPGA/hw/vivado/out/spike_zybo.gen/sources_1/bd/system/ip/system_ic_ctrl_0/bd_0/ip/ip_31/bd_1315_m00bn_0_clocks.xdc] for cell 'system_i/ic_ctrl/inst/m00_nodes/m00_b_node/inst'
Finished Parsing XDC File [c:/Users/jielu/Desktop/Workspace/SpikeYOLO_FPGA/hw/vivado/out/spike_zybo.gen/sources_1/bd/system/ip/system_ic_ctrl_0/bd_0/ip/ip_31/bd_1315_m00bn_0_clocks.xdc] for cell 'system_i/ic_ctrl/inst/m00_nodes/m00_b_node/inst'
Parsing XDC File [c:/Users/jielu/Desktop/Workspace/SpikeYOLO_FPGA/hw/vivado/out/spike_zybo.gen/sources_1/bd/system/ip/system_ic_ctrl_0/bd_0/ip/ip_34/bd_1315_m01arn_0_clocks.xdc] for cell 'system_i/ic_ctrl/inst/m01_nodes/m01_ar_node/inst'
Finished Parsing XDC File [c:/Users/jielu/Desktop/Workspace/SpikeYOLO_FPGA/hw/vivado/out/spike_zybo.gen/sources_1/bd/system/ip/system_ic_ctrl_0/bd_0/ip/ip_34/bd_1315_m01arn_0_clocks.xdc] for cell 'system_i/ic_ctrl/inst/m01_nodes/m01_ar_node/inst'
Parsing XDC File [c:/Users/jielu/Desktop/Workspace/SpikeYOLO_FPGA/hw/vivado/out/spike_zybo.gen/sources_1/bd/system/ip/system_ic_ctrl_0/bd_0/ip/ip_35/bd_1315_m01rn_0_clocks.xdc] for cell 'system_i/ic_ctrl/inst/m01_nodes/m01_r_node/inst'
Finished Parsing XDC File [c:/Users/jielu/Desktop/Workspace/SpikeYOLO_FPGA/hw/vivado/out/spike_zybo.gen/sources_1/bd/system/ip/system_ic_ctrl_0/bd_0/ip/ip_35/bd_1315_m01rn_0_clocks.xdc] for cell 'system_i/ic_ctrl/inst/m01_nodes/m01_r_node/inst'
Parsing XDC File [c:/Users/jielu/Desktop/Workspace/SpikeYOLO_FPGA/hw/vivado/out/spike_zybo.gen/sources_1/bd/system/ip/system_ic_ctrl_0/bd_0/ip/ip_36/bd_1315_m01awn_0_clocks.xdc] for cell 'system_i/ic_ctrl/inst/m01_nodes/m01_aw_node/inst'
Finished Parsing XDC File [c:/Users/jielu/Desktop/Workspace/SpikeYOLO_FPGA/hw/vivado/out/spike_zybo.gen/sources_1/bd/system/ip/system_ic_ctrl_0/bd_0/ip/ip_36/bd_1315_m01awn_0_clocks.xdc] for cell 'system_i/ic_ctrl/inst/m01_nodes/m01_aw_node/inst'
Parsing XDC File [c:/Users/jielu/Desktop/Workspace/SpikeYOLO_FPGA/hw/vivado/out/spike_zybo.gen/sources_1/bd/system/ip/system_ic_ctrl_0/bd_0/ip/ip_37/bd_1315_m01wn_0_clocks.xdc] for cell 'system_i/ic_ctrl/inst/m01_nodes/m01_w_node/inst'
Finished Parsing XDC File [c:/Users/jielu/Desktop/Workspace/SpikeYOLO_FPGA/hw/vivado/out/spike_zybo.gen/sources_1/bd/system/ip/system_ic_ctrl_0/bd_0/ip/ip_37/bd_1315_m01wn_0_clocks.xdc] for cell 'system_i/ic_ctrl/inst/m01_nodes/m01_w_node/inst'
Parsing XDC File [c:/Users/jielu/Desktop/Workspace/SpikeYOLO_FPGA/hw/vivado/out/spike_zybo.gen/sources_1/bd/system/ip/system_ic_ctrl_0/bd_0/ip/ip_38/bd_1315_m01bn_0_clocks.xdc] for cell 'system_i/ic_ctrl/inst/m01_nodes/m01_b_node/inst'
Finished Parsing XDC File [c:/Users/jielu/Desktop/Workspace/SpikeYOLO_FPGA/hw/vivado/out/spike_zybo.gen/sources_1/bd/system/ip/system_ic_ctrl_0/bd_0/ip/ip_38/bd_1315_m01bn_0_clocks.xdc] for cell 'system_i/ic_ctrl/inst/m01_nodes/m01_b_node/inst'
Parsing XDC File [c:/Users/jielu/Desktop/Workspace/SpikeYOLO_FPGA/hw/vivado/out/spike_zybo.gen/sources_1/bd/system/ip/system_ic_ctrl_0/smartconnect.xdc] for cell 'system_i/ic_ctrl/inst'
WARNING: [Vivado_Tcl 4-919] Waiver ID 'CDC-1' -from list should not be empty. [c:/Users/jielu/Desktop/Workspace/SpikeYOLO_FPGA/hw/vivado/out/spike_zybo.gen/sources_1/bd/system/ip/system_ic_ctrl_0/smartconnect.xdc:10]
Finished Parsing XDC File [c:/Users/jielu/Desktop/Workspace/SpikeYOLO_FPGA/hw/vivado/out/spike_zybo.gen/sources_1/bd/system/ip/system_ic_ctrl_0/smartconnect.xdc] for cell 'system_i/ic_ctrl/inst'
Parsing XDC File [c:/Users/jielu/Desktop/Workspace/SpikeYOLO_FPGA/hw/vivado/out/spike_zybo.gen/sources_1/bd/system/ip/system_ic_data_hp0_0/bd_0/ip/ip_1/bd_8fe8_psr_aclk_0_board.xdc] for cell 'system_i/ic_data_hp0/inst/clk_map/psr_aclk/U0'
Finished Parsing XDC File [c:/Users/jielu/Desktop/Workspace/SpikeYOLO_FPGA/hw/vivado/out/spike_zybo.gen/sources_1/bd/system/ip/system_ic_data_hp0_0/bd_0/ip/ip_1/bd_8fe8_psr_aclk_0_board.xdc] for cell 'system_i/ic_data_hp0/inst/clk_map/psr_aclk/U0'
Parsing XDC File [c:/Users/jielu/Desktop/Workspace/SpikeYOLO_FPGA/hw/vivado/out/spike_zybo.gen/sources_1/bd/system/ip/system_ic_data_hp0_0/bd_0/ip/ip_1/bd_8fe8_psr_aclk_0.xdc] for cell 'system_i/ic_data_hp0/inst/clk_map/psr_aclk/U0'
Finished Parsing XDC File [c:/Users/jielu/Desktop/Workspace/SpikeYOLO_FPGA/hw/vivado/out/spike_zybo.gen/sources_1/bd/system/ip/system_ic_data_hp0_0/bd_0/ip/ip_1/bd_8fe8_psr_aclk_0.xdc] for cell 'system_i/ic_data_hp0/inst/clk_map/psr_aclk/U0'
Parsing XDC File [c:/Users/jielu/Desktop/Workspace/SpikeYOLO_FPGA/hw/vivado/out/spike_zybo.gen/sources_1/bd/system/ip/system_ic_data_hp0_0/bd_0/ip/ip_11/bd_8fe8_sarn_0_clocks.xdc] for cell 'system_i/ic_data_hp0/inst/s00_nodes/s00_ar_node/inst'
Finished Parsing XDC File [c:/Users/jielu/Desktop/Workspace/SpikeYOLO_FPGA/hw/vivado/out/spike_zybo.gen/sources_1/bd/system/ip/system_ic_data_hp0_0/bd_0/ip/ip_11/bd_8fe8_sarn_0_clocks.xdc] for cell 'system_i/ic_data_hp0/inst/s00_nodes/s00_ar_node/inst'
Parsing XDC File [c:/Users/jielu/Desktop/Workspace/SpikeYOLO_FPGA/hw/vivado/out/spike_zybo.gen/sources_1/bd/system/ip/system_ic_data_hp0_0/bd_0/ip/ip_12/bd_8fe8_srn_0_clocks.xdc] for cell 'system_i/ic_data_hp0/inst/s00_nodes/s00_r_node/inst'
Finished Parsing XDC File [c:/Users/jielu/Desktop/Workspace/SpikeYOLO_FPGA/hw/vivado/out/spike_zybo.gen/sources_1/bd/system/ip/system_ic_data_hp0_0/bd_0/ip/ip_12/bd_8fe8_srn_0_clocks.xdc] for cell 'system_i/ic_data_hp0/inst/s00_nodes/s00_r_node/inst'
Parsing XDC File [c:/Users/jielu/Desktop/Workspace/SpikeYOLO_FPGA/hw/vivado/out/spike_zybo.gen/sources_1/bd/system/ip/system_ic_data_hp0_0/bd_0/ip/ip_17/bd_8fe8_sawn_0_clocks.xdc] for cell 'system_i/ic_data_hp0/inst/s01_nodes/s01_aw_node/inst'
Finished Parsing XDC File [c:/Users/jielu/Desktop/Workspace/SpikeYOLO_FPGA/hw/vivado/out/spike_zybo.gen/sources_1/bd/system/ip/system_ic_data_hp0_0/bd_0/ip/ip_17/bd_8fe8_sawn_0_clocks.xdc] for cell 'system_i/ic_data_hp0/inst/s01_nodes/s01_aw_node/inst'
Parsing XDC File [c:/Users/jielu/Desktop/Workspace/SpikeYOLO_FPGA/hw/vivado/out/spike_zybo.gen/sources_1/bd/system/ip/system_ic_data_hp0_0/bd_0/ip/ip_18/bd_8fe8_swn_0_clocks.xdc] for cell 'system_i/ic_data_hp0/inst/s01_nodes/s01_w_node/inst'
Finished Parsing XDC File [c:/Users/jielu/Desktop/Workspace/SpikeYOLO_FPGA/hw/vivado/out/spike_zybo.gen/sources_1/bd/system/ip/system_ic_data_hp0_0/bd_0/ip/ip_18/bd_8fe8_swn_0_clocks.xdc] for cell 'system_i/ic_data_hp0/inst/s01_nodes/s01_w_node/inst'
Parsing XDC File [c:/Users/jielu/Desktop/Workspace/SpikeYOLO_FPGA/hw/vivado/out/spike_zybo.gen/sources_1/bd/system/ip/system_ic_data_hp0_0/bd_0/ip/ip_19/bd_8fe8_sbn_0_clocks.xdc] for cell 'system_i/ic_data_hp0/inst/s01_nodes/s01_b_node/inst'
Finished Parsing XDC File [c:/Users/jielu/Desktop/Workspace/SpikeYOLO_FPGA/hw/vivado/out/spike_zybo.gen/sources_1/bd/system/ip/system_ic_data_hp0_0/bd_0/ip/ip_19/bd_8fe8_sbn_0_clocks.xdc] for cell 'system_i/ic_data_hp0/inst/s01_nodes/s01_b_node/inst'
Parsing XDC File [c:/Users/jielu/Desktop/Workspace/SpikeYOLO_FPGA/hw/vivado/out/spike_zybo.gen/sources_1/bd/system/ip/system_ic_data_hp0_0/bd_0/ip/ip_24/bd_8fe8_sarn_1_clocks.xdc] for cell 'system_i/ic_data_hp0/inst/s02_nodes/s02_ar_node/inst'
Finished Parsing XDC File [c:/Users/jielu/Desktop/Workspace/SpikeYOLO_FPGA/hw/vivado/out/spike_zybo.gen/sources_1/bd/system/ip/system_ic_data_hp0_0/bd_0/ip/ip_24/bd_8fe8_sarn_1_clocks.xdc] for cell 'system_i/ic_data_hp0/inst/s02_nodes/s02_ar_node/inst'
Parsing XDC File [c:/Users/jielu/Desktop/Workspace/SpikeYOLO_FPGA/hw/vivado/out/spike_zybo.gen/sources_1/bd/system/ip/system_ic_data_hp0_0/bd_0/ip/ip_25/bd_8fe8_srn_1_clocks.xdc] for cell 'system_i/ic_data_hp0/inst/s02_nodes/s02_r_node/inst'
Finished Parsing XDC File [c:/Users/jielu/Desktop/Workspace/SpikeYOLO_FPGA/hw/vivado/out/spike_zybo.gen/sources_1/bd/system/ip/system_ic_data_hp0_0/bd_0/ip/ip_25/bd_8fe8_srn_1_clocks.xdc] for cell 'system_i/ic_data_hp0/inst/s02_nodes/s02_r_node/inst'
Parsing XDC File [c:/Users/jielu/Desktop/Workspace/SpikeYOLO_FPGA/hw/vivado/out/spike_zybo.gen/sources_1/bd/system/ip/system_ic_data_hp0_0/bd_0/ip/ip_30/bd_8fe8_sarn_2_clocks.xdc] for cell 'system_i/ic_data_hp0/inst/s03_nodes/s03_ar_node/inst'
Finished Parsing XDC File [c:/Users/jielu/Desktop/Workspace/SpikeYOLO_FPGA/hw/vivado/out/spike_zybo.gen/sources_1/bd/system/ip/system_ic_data_hp0_0/bd_0/ip/ip_30/bd_8fe8_sarn_2_clocks.xdc] for cell 'system_i/ic_data_hp0/inst/s03_nodes/s03_ar_node/inst'
Parsing XDC File [c:/Users/jielu/Desktop/Workspace/SpikeYOLO_FPGA/hw/vivado/out/spike_zybo.gen/sources_1/bd/system/ip/system_ic_data_hp0_0/bd_0/ip/ip_31/bd_8fe8_srn_2_clocks.xdc] for cell 'system_i/ic_data_hp0/inst/s03_nodes/s03_r_node/inst'
Finished Parsing XDC File [c:/Users/jielu/Desktop/Workspace/SpikeYOLO_FPGA/hw/vivado/out/spike_zybo.gen/sources_1/bd/system/ip/system_ic_data_hp0_0/bd_0/ip/ip_31/bd_8fe8_srn_2_clocks.xdc] for cell 'system_i/ic_data_hp0/inst/s03_nodes/s03_r_node/inst'
Parsing XDC File [c:/Users/jielu/Desktop/Workspace/SpikeYOLO_FPGA/hw/vivado/out/spike_zybo.gen/sources_1/bd/system/ip/system_ic_data_hp0_0/bd_0/ip/ip_32/bd_8fe8_sawn_1_clocks.xdc] for cell 'system_i/ic_data_hp0/inst/s03_nodes/s03_aw_node/inst'
Finished Parsing XDC File [c:/Users/jielu/Desktop/Workspace/SpikeYOLO_FPGA/hw/vivado/out/spike_zybo.gen/sources_1/bd/system/ip/system_ic_data_hp0_0/bd_0/ip/ip_32/bd_8fe8_sawn_1_clocks.xdc] for cell 'system_i/ic_data_hp0/inst/s03_nodes/s03_aw_node/inst'
Parsing XDC File [c:/Users/jielu/Desktop/Workspace/SpikeYOLO_FPGA/hw/vivado/out/spike_zybo.gen/sources_1/bd/system/ip/system_ic_data_hp0_0/bd_0/ip/ip_33/bd_8fe8_swn_1_clocks.xdc] for cell 'system_i/ic_data_hp0/inst/s03_nodes/s03_w_node/inst'
Finished Parsing XDC File [c:/Users/jielu/Desktop/Workspace/SpikeYOLO_FPGA/hw/vivado/out/spike_zybo.gen/sources_1/bd/system/ip/system_ic_data_hp0_0/bd_0/ip/ip_33/bd_8fe8_swn_1_clocks.xdc] for cell 'system_i/ic_data_hp0/inst/s03_nodes/s03_w_node/inst'
Parsing XDC File [c:/Users/jielu/Desktop/Workspace/SpikeYOLO_FPGA/hw/vivado/out/spike_zybo.gen/sources_1/bd/system/ip/system_ic_data_hp0_0/bd_0/ip/ip_34/bd_8fe8_sbn_1_clocks.xdc] for cell 'system_i/ic_data_hp0/inst/s03_nodes/s03_b_node/inst'
Finished Parsing XDC File [c:/Users/jielu/Desktop/Workspace/SpikeYOLO_FPGA/hw/vivado/out/spike_zybo.gen/sources_1/bd/system/ip/system_ic_data_hp0_0/bd_0/ip/ip_34/bd_8fe8_sbn_1_clocks.xdc] for cell 'system_i/ic_data_hp0/inst/s03_nodes/s03_b_node/inst'
Parsing XDC File [c:/Users/jielu/Desktop/Workspace/SpikeYOLO_FPGA/hw/vivado/out/spike_zybo.gen/sources_1/bd/system/ip/system_ic_data_hp0_0/bd_0/ip/ip_39/bd_8fe8_sarn_3_clocks.xdc] for cell 'system_i/ic_data_hp0/inst/s04_nodes/s04_ar_node/inst'
Finished Parsing XDC File [c:/Users/jielu/Desktop/Workspace/SpikeYOLO_FPGA/hw/vivado/out/spike_zybo.gen/sources_1/bd/system/ip/system_ic_data_hp0_0/bd_0/ip/ip_39/bd_8fe8_sarn_3_clocks.xdc] for cell 'system_i/ic_data_hp0/inst/s04_nodes/s04_ar_node/inst'
Parsing XDC File [c:/Users/jielu/Desktop/Workspace/SpikeYOLO_FPGA/hw/vivado/out/spike_zybo.gen/sources_1/bd/system/ip/system_ic_data_hp0_0/bd_0/ip/ip_40/bd_8fe8_srn_3_clocks.xdc] for cell 'system_i/ic_data_hp0/inst/s04_nodes/s04_r_node/inst'
Finished Parsing XDC File [c:/Users/jielu/Desktop/Workspace/SpikeYOLO_FPGA/hw/vivado/out/spike_zybo.gen/sources_1/bd/system/ip/system_ic_data_hp0_0/bd_0/ip/ip_40/bd_8fe8_srn_3_clocks.xdc] for cell 'system_i/ic_data_hp0/inst/s04_nodes/s04_r_node/inst'
Parsing XDC File [c:/Users/jielu/Desktop/Workspace/SpikeYOLO_FPGA/hw/vivado/out/spike_zybo.gen/sources_1/bd/system/ip/system_ic_data_hp0_0/bd_0/ip/ip_41/bd_8fe8_sawn_2_clocks.xdc] for cell 'system_i/ic_data_hp0/inst/s04_nodes/s04_aw_node/inst'
Finished Parsing XDC File [c:/Users/jielu/Desktop/Workspace/SpikeYOLO_FPGA/hw/vivado/out/spike_zybo.gen/sources_1/bd/system/ip/system_ic_data_hp0_0/bd_0/ip/ip_41/bd_8fe8_sawn_2_clocks.xdc] for cell 'system_i/ic_data_hp0/inst/s04_nodes/s04_aw_node/inst'
Parsing XDC File [c:/Users/jielu/Desktop/Workspace/SpikeYOLO_FPGA/hw/vivado/out/spike_zybo.gen/sources_1/bd/system/ip/system_ic_data_hp0_0/bd_0/ip/ip_42/bd_8fe8_swn_2_clocks.xdc] for cell 'system_i/ic_data_hp0/inst/s04_nodes/s04_w_node/inst'
Finished Parsing XDC File [c:/Users/jielu/Desktop/Workspace/SpikeYOLO_FPGA/hw/vivado/out/spike_zybo.gen/sources_1/bd/system/ip/system_ic_data_hp0_0/bd_0/ip/ip_42/bd_8fe8_swn_2_clocks.xdc] for cell 'system_i/ic_data_hp0/inst/s04_nodes/s04_w_node/inst'
Parsing XDC File [c:/Users/jielu/Desktop/Workspace/SpikeYOLO_FPGA/hw/vivado/out/spike_zybo.gen/sources_1/bd/system/ip/system_ic_data_hp0_0/bd_0/ip/ip_43/bd_8fe8_sbn_2_clocks.xdc] for cell 'system_i/ic_data_hp0/inst/s04_nodes/s04_b_node/inst'
Finished Parsing XDC File [c:/Users/jielu/Desktop/Workspace/SpikeYOLO_FPGA/hw/vivado/out/spike_zybo.gen/sources_1/bd/system/ip/system_ic_data_hp0_0/bd_0/ip/ip_43/bd_8fe8_sbn_2_clocks.xdc] for cell 'system_i/ic_data_hp0/inst/s04_nodes/s04_b_node/inst'
Parsing XDC File [c:/Users/jielu/Desktop/Workspace/SpikeYOLO_FPGA/hw/vivado/out/spike_zybo.gen/sources_1/bd/system/ip/system_ic_data_hp0_0/bd_0/ip/ip_45/bd_8fe8_m00arn_0_clocks.xdc] for cell 'system_i/ic_data_hp0/inst/m00_nodes/m00_ar_node/inst'
Finished Parsing XDC File [c:/Users/jielu/Desktop/Workspace/SpikeYOLO_FPGA/hw/vivado/out/spike_zybo.gen/sources_1/bd/system/ip/system_ic_data_hp0_0/bd_0/ip/ip_45/bd_8fe8_m00arn_0_clocks.xdc] for cell 'system_i/ic_data_hp0/inst/m00_nodes/m00_ar_node/inst'
Parsing XDC File [c:/Users/jielu/Desktop/Workspace/SpikeYOLO_FPGA/hw/vivado/out/spike_zybo.gen/sources_1/bd/system/ip/system_ic_data_hp0_0/bd_0/ip/ip_46/bd_8fe8_m00rn_0_clocks.xdc] for cell 'system_i/ic_data_hp0/inst/m00_nodes/m00_r_node/inst'
Finished Parsing XDC File [c:/Users/jielu/Desktop/Workspace/SpikeYOLO_FPGA/hw/vivado/out/spike_zybo.gen/sources_1/bd/system/ip/system_ic_data_hp0_0/bd_0/ip/ip_46/bd_8fe8_m00rn_0_clocks.xdc] for cell 'system_i/ic_data_hp0/inst/m00_nodes/m00_r_node/inst'
Parsing XDC File [c:/Users/jielu/Desktop/Workspace/SpikeYOLO_FPGA/hw/vivado/out/spike_zybo.gen/sources_1/bd/system/ip/system_ic_data_hp0_0/bd_0/ip/ip_47/bd_8fe8_m00awn_0_clocks.xdc] for cell 'system_i/ic_data_hp0/inst/m00_nodes/m00_aw_node/inst'
Finished Parsing XDC File [c:/Users/jielu/Desktop/Workspace/SpikeYOLO_FPGA/hw/vivado/out/spike_zybo.gen/sources_1/bd/system/ip/system_ic_data_hp0_0/bd_0/ip/ip_47/bd_8fe8_m00awn_0_clocks.xdc] for cell 'system_i/ic_data_hp0/inst/m00_nodes/m00_aw_node/inst'
Parsing XDC File [c:/Users/jielu/Desktop/Workspace/SpikeYOLO_FPGA/hw/vivado/out/spike_zybo.gen/sources_1/bd/system/ip/system_ic_data_hp0_0/bd_0/ip/ip_48/bd_8fe8_m00wn_0_clocks.xdc] for cell 'system_i/ic_data_hp0/inst/m00_nodes/m00_w_node/inst'
Finished Parsing XDC File [c:/Users/jielu/Desktop/Workspace/SpikeYOLO_FPGA/hw/vivado/out/spike_zybo.gen/sources_1/bd/system/ip/system_ic_data_hp0_0/bd_0/ip/ip_48/bd_8fe8_m00wn_0_clocks.xdc] for cell 'system_i/ic_data_hp0/inst/m00_nodes/m00_w_node/inst'
Parsing XDC File [c:/Users/jielu/Desktop/Workspace/SpikeYOLO_FPGA/hw/vivado/out/spike_zybo.gen/sources_1/bd/system/ip/system_ic_data_hp0_0/bd_0/ip/ip_49/bd_8fe8_m00bn_0_clocks.xdc] for cell 'system_i/ic_data_hp0/inst/m00_nodes/m00_b_node/inst'
Finished Parsing XDC File [c:/Users/jielu/Desktop/Workspace/SpikeYOLO_FPGA/hw/vivado/out/spike_zybo.gen/sources_1/bd/system/ip/system_ic_data_hp0_0/bd_0/ip/ip_49/bd_8fe8_m00bn_0_clocks.xdc] for cell 'system_i/ic_data_hp0/inst/m00_nodes/m00_b_node/inst'
Parsing XDC File [c:/Users/jielu/Desktop/Workspace/SpikeYOLO_FPGA/hw/vivado/out/spike_zybo.gen/sources_1/bd/system/ip/system_ic_data_hp0_0/smartconnect.xdc] for cell 'system_i/ic_data_hp0/inst'
WARNING: [Vivado_Tcl 4-919] Waiver ID 'CDC-1' -from list should not be empty. [c:/Users/jielu/Desktop/Workspace/SpikeYOLO_FPGA/hw/vivado/out/spike_zybo.gen/sources_1/bd/system/ip/system_ic_data_hp0_0/smartconnect.xdc:1]
Finished Parsing XDC File [c:/Users/jielu/Desktop/Workspace/SpikeYOLO_FPGA/hw/vivado/out/spike_zybo.gen/sources_1/bd/system/ip/system_ic_data_hp0_0/smartconnect.xdc] for cell 'system_i/ic_data_hp0/inst'
Parsing XDC File [c:/Users/jielu/Desktop/Workspace/SpikeYOLO_FPGA/hw/vivado/out/spike_zybo.gen/sources_1/bd/system/ip/system_ic_data_hp1_0/bd_0/ip/ip_1/bd_4fb9_psr_aclk_0_board.xdc] for cell 'system_i/ic_data_hp1/inst/clk_map/psr_aclk/U0'
Finished Parsing XDC File [c:/Users/jielu/Desktop/Workspace/SpikeYOLO_FPGA/hw/vivado/out/spike_zybo.gen/sources_1/bd/system/ip/system_ic_data_hp1_0/bd_0/ip/ip_1/bd_4fb9_psr_aclk_0_board.xdc] for cell 'system_i/ic_data_hp1/inst/clk_map/psr_aclk/U0'
Parsing XDC File [c:/Users/jielu/Desktop/Workspace/SpikeYOLO_FPGA/hw/vivado/out/spike_zybo.gen/sources_1/bd/system/ip/system_ic_data_hp1_0/bd_0/ip/ip_1/bd_4fb9_psr_aclk_0.xdc] for cell 'system_i/ic_data_hp1/inst/clk_map/psr_aclk/U0'
Finished Parsing XDC File [c:/Users/jielu/Desktop/Workspace/SpikeYOLO_FPGA/hw/vivado/out/spike_zybo.gen/sources_1/bd/system/ip/system_ic_data_hp1_0/bd_0/ip/ip_1/bd_4fb9_psr_aclk_0.xdc] for cell 'system_i/ic_data_hp1/inst/clk_map/psr_aclk/U0'
Parsing XDC File [c:/Users/jielu/Desktop/Workspace/SpikeYOLO_FPGA/hw/vivado/out/spike_zybo.gen/sources_1/bd/system/ip/system_ic_data_hp1_0/bd_0/ip/ip_11/bd_4fb9_sarn_0_clocks.xdc] for cell 'system_i/ic_data_hp1/inst/s00_nodes/s00_ar_node/inst'
Finished Parsing XDC File [c:/Users/jielu/Desktop/Workspace/SpikeYOLO_FPGA/hw/vivado/out/spike_zybo.gen/sources_1/bd/system/ip/system_ic_data_hp1_0/bd_0/ip/ip_11/bd_4fb9_sarn_0_clocks.xdc] for cell 'system_i/ic_data_hp1/inst/s00_nodes/s00_ar_node/inst'
Parsing XDC File [c:/Users/jielu/Desktop/Workspace/SpikeYOLO_FPGA/hw/vivado/out/spike_zybo.gen/sources_1/bd/system/ip/system_ic_data_hp1_0/bd_0/ip/ip_12/bd_4fb9_srn_0_clocks.xdc] for cell 'system_i/ic_data_hp1/inst/s00_nodes/s00_r_node/inst'
Finished Parsing XDC File [c:/Users/jielu/Desktop/Workspace/SpikeYOLO_FPGA/hw/vivado/out/spike_zybo.gen/sources_1/bd/system/ip/system_ic_data_hp1_0/bd_0/ip/ip_12/bd_4fb9_srn_0_clocks.xdc] for cell 'system_i/ic_data_hp1/inst/s00_nodes/s00_r_node/inst'
Parsing XDC File [c:/Users/jielu/Desktop/Workspace/SpikeYOLO_FPGA/hw/vivado/out/spike_zybo.gen/sources_1/bd/system/ip/system_ic_data_hp1_0/bd_0/ip/ip_17/bd_4fb9_sawn_0_clocks.xdc] for cell 'system_i/ic_data_hp1/inst/s01_nodes/s01_aw_node/inst'
Finished Parsing XDC File [c:/Users/jielu/Desktop/Workspace/SpikeYOLO_FPGA/hw/vivado/out/spike_zybo.gen/sources_1/bd/system/ip/system_ic_data_hp1_0/bd_0/ip/ip_17/bd_4fb9_sawn_0_clocks.xdc] for cell 'system_i/ic_data_hp1/inst/s01_nodes/s01_aw_node/inst'
Parsing XDC File [c:/Users/jielu/Desktop/Workspace/SpikeYOLO_FPGA/hw/vivado/out/spike_zybo.gen/sources_1/bd/system/ip/system_ic_data_hp1_0/bd_0/ip/ip_18/bd_4fb9_swn_0_clocks.xdc] for cell 'system_i/ic_data_hp1/inst/s01_nodes/s01_w_node/inst'
Finished Parsing XDC File [c:/Users/jielu/Desktop/Workspace/SpikeYOLO_FPGA/hw/vivado/out/spike_zybo.gen/sources_1/bd/system/ip/system_ic_data_hp1_0/bd_0/ip/ip_18/bd_4fb9_swn_0_clocks.xdc] for cell 'system_i/ic_data_hp1/inst/s01_nodes/s01_w_node/inst'
Parsing XDC File [c:/Users/jielu/Desktop/Workspace/SpikeYOLO_FPGA/hw/vivado/out/spike_zybo.gen/sources_1/bd/system/ip/system_ic_data_hp1_0/bd_0/ip/ip_19/bd_4fb9_sbn_0_clocks.xdc] for cell 'system_i/ic_data_hp1/inst/s01_nodes/s01_b_node/inst'
Finished Parsing XDC File [c:/Users/jielu/Desktop/Workspace/SpikeYOLO_FPGA/hw/vivado/out/spike_zybo.gen/sources_1/bd/system/ip/system_ic_data_hp1_0/bd_0/ip/ip_19/bd_4fb9_sbn_0_clocks.xdc] for cell 'system_i/ic_data_hp1/inst/s01_nodes/s01_b_node/inst'
Parsing XDC File [c:/Users/jielu/Desktop/Workspace/SpikeYOLO_FPGA/hw/vivado/out/spike_zybo.gen/sources_1/bd/system/ip/system_ic_data_hp1_0/bd_0/ip/ip_21/bd_4fb9_m00arn_0_clocks.xdc] for cell 'system_i/ic_data_hp1/inst/m00_nodes/m00_ar_node/inst'
Finished Parsing XDC File [c:/Users/jielu/Desktop/Workspace/SpikeYOLO_FPGA/hw/vivado/out/spike_zybo.gen/sources_1/bd/system/ip/system_ic_data_hp1_0/bd_0/ip/ip_21/bd_4fb9_m00arn_0_clocks.xdc] for cell 'system_i/ic_data_hp1/inst/m00_nodes/m00_ar_node/inst'
Parsing XDC File [c:/Users/jielu/Desktop/Workspace/SpikeYOLO_FPGA/hw/vivado/out/spike_zybo.gen/sources_1/bd/system/ip/system_ic_data_hp1_0/bd_0/ip/ip_22/bd_4fb9_m00rn_0_clocks.xdc] for cell 'system_i/ic_data_hp1/inst/m00_nodes/m00_r_node/inst'
Finished Parsing XDC File [c:/Users/jielu/Desktop/Workspace/SpikeYOLO_FPGA/hw/vivado/out/spike_zybo.gen/sources_1/bd/system/ip/system_ic_data_hp1_0/bd_0/ip/ip_22/bd_4fb9_m00rn_0_clocks.xdc] for cell 'system_i/ic_data_hp1/inst/m00_nodes/m00_r_node/inst'
Parsing XDC File [c:/Users/jielu/Desktop/Workspace/SpikeYOLO_FPGA/hw/vivado/out/spike_zybo.gen/sources_1/bd/system/ip/system_ic_data_hp1_0/bd_0/ip/ip_23/bd_4fb9_m00awn_0_clocks.xdc] for cell 'system_i/ic_data_hp1/inst/m00_nodes/m00_aw_node/inst'
Finished Parsing XDC File [c:/Users/jielu/Desktop/Workspace/SpikeYOLO_FPGA/hw/vivado/out/spike_zybo.gen/sources_1/bd/system/ip/system_ic_data_hp1_0/bd_0/ip/ip_23/bd_4fb9_m00awn_0_clocks.xdc] for cell 'system_i/ic_data_hp1/inst/m00_nodes/m00_aw_node/inst'
Parsing XDC File [c:/Users/jielu/Desktop/Workspace/SpikeYOLO_FPGA/hw/vivado/out/spike_zybo.gen/sources_1/bd/system/ip/system_ic_data_hp1_0/bd_0/ip/ip_24/bd_4fb9_m00wn_0_clocks.xdc] for cell 'system_i/ic_data_hp1/inst/m00_nodes/m00_w_node/inst'
Finished Parsing XDC File [c:/Users/jielu/Desktop/Workspace/SpikeYOLO_FPGA/hw/vivado/out/spike_zybo.gen/sources_1/bd/system/ip/system_ic_data_hp1_0/bd_0/ip/ip_24/bd_4fb9_m00wn_0_clocks.xdc] for cell 'system_i/ic_data_hp1/inst/m00_nodes/m00_w_node/inst'
Parsing XDC File [c:/Users/jielu/Desktop/Workspace/SpikeYOLO_FPGA/hw/vivado/out/spike_zybo.gen/sources_1/bd/system/ip/system_ic_data_hp1_0/bd_0/ip/ip_25/bd_4fb9_m00bn_0_clocks.xdc] for cell 'system_i/ic_data_hp1/inst/m00_nodes/m00_b_node/inst'
Finished Parsing XDC File [c:/Users/jielu/Desktop/Workspace/SpikeYOLO_FPGA/hw/vivado/out/spike_zybo.gen/sources_1/bd/system/ip/system_ic_data_hp1_0/bd_0/ip/ip_25/bd_4fb9_m00bn_0_clocks.xdc] for cell 'system_i/ic_data_hp1/inst/m00_nodes/m00_b_node/inst'
Parsing XDC File [c:/Users/jielu/Desktop/Workspace/SpikeYOLO_FPGA/hw/vivado/out/spike_zybo.gen/sources_1/bd/system/ip/system_ic_data_hp1_0/smartconnect.xdc] for cell 'system_i/ic_data_hp1/inst'
WARNING: [Vivado_Tcl 4-919] Waiver ID 'CDC-1' -from list should not be empty. [c:/Users/jielu/Desktop/Workspace/SpikeYOLO_FPGA/hw/vivado/out/spike_zybo.gen/sources_1/bd/system/ip/system_ic_data_hp1_0/smartconnect.xdc:1]
Finished Parsing XDC File [c:/Users/jielu/Desktop/Workspace/SpikeYOLO_FPGA/hw/vivado/out/spike_zybo.gen/sources_1/bd/system/ip/system_ic_data_hp1_0/smartconnect.xdc] for cell 'system_i/ic_data_hp1/inst'
Parsing XDC File [c:/Users/jielu/Desktop/Workspace/SpikeYOLO_FPGA/hw/vivado/out/spike_zybo.gen/sources_1/bd/system/ip/system_rst_clk0_0/system_rst_clk0_0_board.xdc] for cell 'system_i/rst_clk0/U0'
Finished Parsing XDC File [c:/Users/jielu/Desktop/Workspace/SpikeYOLO_FPGA/hw/vivado/out/spike_zybo.gen/sources_1/bd/system/ip/system_rst_clk0_0/system_rst_clk0_0_board.xdc] for cell 'system_i/rst_clk0/U0'
Parsing XDC File [c:/Users/jielu/Desktop/Workspace/SpikeYOLO_FPGA/hw/vivado/out/spike_zybo.gen/sources_1/bd/system/ip/system_rst_clk0_0/system_rst_clk0_0.xdc] for cell 'system_i/rst_clk0/U0'
Finished Parsing XDC File [c:/Users/jielu/Desktop/Workspace/SpikeYOLO_FPGA/hw/vivado/out/spike_zybo.gen/sources_1/bd/system/ip/system_rst_clk0_0/system_rst_clk0_0.xdc] for cell 'system_i/rst_clk0/U0'
Parsing XDC File [c:/Users/jielu/Desktop/Workspace/SpikeYOLO_FPGA/hw/vivado/out/spike_zybo.gen/sources_1/bd/system/ip/system_rst_clk1_0/system_rst_clk1_0_board.xdc] for cell 'system_i/rst_clk1/U0'
Finished Parsing XDC File [c:/Users/jielu/Desktop/Workspace/SpikeYOLO_FPGA/hw/vivado/out/spike_zybo.gen/sources_1/bd/system/ip/system_rst_clk1_0/system_rst_clk1_0_board.xdc] for cell 'system_i/rst_clk1/U0'
Parsing XDC File [c:/Users/jielu/Desktop/Workspace/SpikeYOLO_FPGA/hw/vivado/out/spike_zybo.gen/sources_1/bd/system/ip/system_rst_clk1_0/system_rst_clk1_0.xdc] for cell 'system_i/rst_clk1/U0'
Finished Parsing XDC File [c:/Users/jielu/Desktop/Workspace/SpikeYOLO_FPGA/hw/vivado/out/spike_zybo.gen/sources_1/bd/system/ip/system_rst_clk1_0/system_rst_clk1_0.xdc] for cell 'system_i/rst_clk1/U0'
Parsing XDC File [C:/Users/jielu/Desktop/Workspace/SpikeYOLO_FPGA/hw/vivado/constraints/zybo_z7_20.xdc]
WARNING: [Vivado 12-584] No ports matched 'sys_clk'. [C:/Users/jielu/Desktop/Workspace/SpikeYOLO_FPGA/hw/vivado/constraints/zybo_z7_20.xdc:11]
CRITICAL WARNING: [Common 17-55] 'set_property' expects at least one object. [C:/Users/jielu/Desktop/Workspace/SpikeYOLO_FPGA/hw/vivado/constraints/zybo_z7_20.xdc:11]
Resolution: If [get_<value>] was used to populate the object, check to make sure this command returns at least one valid object.
WARNING: [Vivado 12-584] No ports matched 'sys_clk'. [C:/Users/jielu/Desktop/Workspace/SpikeYOLO_FPGA/hw/vivado/constraints/zybo_z7_20.xdc:12]
CRITICAL WARNING: [Vivado 12-4739] create_clock:No valid object(s) found for '-objects [get_ports sys_clk]'. [C:/Users/jielu/Desktop/Workspace/SpikeYOLO_FPGA/hw/vivado/constraints/zybo_z7_20.xdc:12]
Resolution: Check if the specified object(s) exists in the current design. If it does, ensure that the correct design hierarchy was specified for the object. If you are working with clocks, make sure create_clock was used to create the clock object before it is referenced.
WARNING: [Vivado 12-584] No ports matched 'sw[0]'. [C:/Users/jielu/Desktop/Workspace/SpikeYOLO_FPGA/hw/vivado/constraints/zybo_z7_20.xdc:15]
CRITICAL WARNING: [Common 17-55] 'set_property' expects at least one object. [C:/Users/jielu/Desktop/Workspace/SpikeYOLO_FPGA/hw/vivado/constraints/zybo_z7_20.xdc:15]
Resolution: If [get_<value>] was used to populate the object, check to make sure this command returns at least one valid object.
WARNING: [Vivado 12-584] No ports matched 'sw[1]'. [C:/Users/jielu/Desktop/Workspace/SpikeYOLO_FPGA/hw/vivado/constraints/zybo_z7_20.xdc:16]
CRITICAL WARNING: [Common 17-55] 'set_property' expects at least one object. [C:/Users/jielu/Desktop/Workspace/SpikeYOLO_FPGA/hw/vivado/constraints/zybo_z7_20.xdc:16]
Resolution: If [get_<value>] was used to populate the object, check to make sure this command returns at least one valid object.
WARNING: [Vivado 12-584] No ports matched 'sw[2]'. [C:/Users/jielu/Desktop/Workspace/SpikeYOLO_FPGA/hw/vivado/constraints/zybo_z7_20.xdc:17]
CRITICAL WARNING: [Common 17-55] 'set_property' expects at least one object. [C:/Users/jielu/Desktop/Workspace/SpikeYOLO_FPGA/hw/vivado/constraints/zybo_z7_20.xdc:17]
Resolution: If [get_<value>] was used to populate the object, check to make sure this command returns at least one valid object.
WARNING: [Vivado 12-584] No ports matched 'sw[3]'. [C:/Users/jielu/Desktop/Workspace/SpikeYOLO_FPGA/hw/vivado/constraints/zybo_z7_20.xdc:18]
CRITICAL WARNING: [Common 17-55] 'set_property' expects at least one object. [C:/Users/jielu/Desktop/Workspace/SpikeYOLO_FPGA/hw/vivado/constraints/zybo_z7_20.xdc:18]
Resolution: If [get_<value>] was used to populate the object, check to make sure this command returns at least one valid object.
WARNING: [Vivado 12-584] No ports matched 'led[0]'. [C:/Users/jielu/Desktop/Workspace/SpikeYOLO_FPGA/hw/vivado/constraints/zybo_z7_20.xdc:21]
CRITICAL WARNING: [Common 17-55] 'set_property' expects at least one object. [C:/Users/jielu/Desktop/Workspace/SpikeYOLO_FPGA/hw/vivado/constraints/zybo_z7_20.xdc:21]
Resolution: If [get_<value>] was used to populate the object, check to make sure this command returns at least one valid object.
WARNING: [Vivado 12-584] No ports matched 'led[1]'. [C:/Users/jielu/Desktop/Workspace/SpikeYOLO_FPGA/hw/vivado/constraints/zybo_z7_20.xdc:22]
CRITICAL WARNING: [Common 17-55] 'set_property' expects at least one object. [C:/Users/jielu/Desktop/Workspace/SpikeYOLO_FPGA/hw/vivado/constraints/zybo_z7_20.xdc:22]
Resolution: If [get_<value>] was used to populate the object, check to make sure this command returns at least one valid object.
WARNING: [Vivado 12-584] No ports matched 'led[2]'. [C:/Users/jielu/Desktop/Workspace/SpikeYOLO_FPGA/hw/vivado/constraints/zybo_z7_20.xdc:23]
CRITICAL WARNING: [Common 17-55] 'set_property' expects at least one object. [C:/Users/jielu/Desktop/Workspace/SpikeYOLO_FPGA/hw/vivado/constraints/zybo_z7_20.xdc:23]
Resolution: If [get_<value>] was used to populate the object, check to make sure this command returns at least one valid object.
WARNING: [Vivado 12-584] No ports matched 'led[3]'. [C:/Users/jielu/Desktop/Workspace/SpikeYOLO_FPGA/hw/vivado/constraints/zybo_z7_20.xdc:24]
CRITICAL WARNING: [Common 17-55] 'set_property' expects at least one object. [C:/Users/jielu/Desktop/Workspace/SpikeYOLO_FPGA/hw/vivado/constraints/zybo_z7_20.xdc:24]
Resolution: If [get_<value>] was used to populate the object, check to make sure this command returns at least one valid object.
WARNING: [Vivado 12-584] No ports matched 'hdmi_tx_clk_p'. [C:/Users/jielu/Desktop/Workspace/SpikeYOLO_FPGA/hw/vivado/constraints/zybo_z7_20.xdc:27]
CRITICAL WARNING: [Common 17-55] 'set_property' expects at least one object. [C:/Users/jielu/Desktop/Workspace/SpikeYOLO_FPGA/hw/vivado/constraints/zybo_z7_20.xdc:27]
Resolution: If [get_<value>] was used to populate the object, check to make sure this command returns at least one valid object.
WARNING: [Vivado 12-584] No ports matched 'hdmi_tx_clk_n'. [C:/Users/jielu/Desktop/Workspace/SpikeYOLO_FPGA/hw/vivado/constraints/zybo_z7_20.xdc:28]
CRITICAL WARNING: [Common 17-55] 'set_property' expects at least one object. [C:/Users/jielu/Desktop/Workspace/SpikeYOLO_FPGA/hw/vivado/constraints/zybo_z7_20.xdc:28]
Resolution: If [get_<value>] was used to populate the object, check to make sure this command returns at least one valid object.
WARNING: [Vivado 12-584] No ports matched 'hdmi_tx_data_p[0]'. [C:/Users/jielu/Desktop/Workspace/SpikeYOLO_FPGA/hw/vivado/constraints/zybo_z7_20.xdc:29]
CRITICAL WARNING: [Common 17-55] 'set_property' expects at least one object. [C:/Users/jielu/Desktop/Workspace/SpikeYOLO_FPGA/hw/vivado/constraints/zybo_z7_20.xdc:29]
Resolution: If [get_<value>] was used to populate the object, check to make sure this command returns at least one valid object.
WARNING: [Vivado 12-584] No ports matched 'hdmi_tx_data_n[0]'. [C:/Users/jielu/Desktop/Workspace/SpikeYOLO_FPGA/hw/vivado/constraints/zybo_z7_20.xdc:30]
CRITICAL WARNING: [Common 17-55] 'set_property' expects at least one object. [C:/Users/jielu/Desktop/Workspace/SpikeYOLO_FPGA/hw/vivado/constraints/zybo_z7_20.xdc:30]
Resolution: If [get_<value>] was used to populate the object, check to make sure this command returns at least one valid object.
WARNING: [Vivado 12-584] No ports matched 'hdmi_tx_data_p[1]'. [C:/Users/jielu/Desktop/Workspace/SpikeYOLO_FPGA/hw/vivado/constraints/zybo_z7_20.xdc:31]
CRITICAL WARNING: [Common 17-55] 'set_property' expects at least one object. [C:/Users/jielu/Desktop/Workspace/SpikeYOLO_FPGA/hw/vivado/constraints/zybo_z7_20.xdc:31]
Resolution: If [get_<value>] was used to populate the object, check to make sure this command returns at least one valid object.
WARNING: [Vivado 12-584] No ports matched 'hdmi_tx_data_n[1]'. [C:/Users/jielu/Desktop/Workspace/SpikeYOLO_FPGA/hw/vivado/constraints/zybo_z7_20.xdc:32]
CRITICAL WARNING: [Common 17-55] 'set_property' expects at least one object. [C:/Users/jielu/Desktop/Workspace/SpikeYOLO_FPGA/hw/vivado/constraints/zybo_z7_20.xdc:32]
Resolution: If [get_<value>] was used to populate the object, check to make sure this command returns at least one valid object.
WARNING: [Vivado 12-584] No ports matched 'hdmi_tx_data_p[2]'. [C:/Users/jielu/Desktop/Workspace/SpikeYOLO_FPGA/hw/vivado/constraints/zybo_z7_20.xdc:33]
CRITICAL WARNING: [Common 17-55] 'set_property' expects at least one object. [C:/Users/jielu/Desktop/Workspace/SpikeYOLO_FPGA/hw/vivado/constraints/zybo_z7_20.xdc:33]
Resolution: If [get_<value>] was used to populate the object, check to make sure this command returns at least one valid object.
WARNING: [Vivado 12-584] No ports matched 'hdmi_tx_data_n[2]'. [C:/Users/jielu/Desktop/Workspace/SpikeYOLO_FPGA/hw/vivado/constraints/zybo_z7_20.xdc:34]
CRITICAL WARNING: [Common 17-55] 'set_property' expects at least one object. [C:/Users/jielu/Desktop/Workspace/SpikeYOLO_FPGA/hw/vivado/constraints/zybo_z7_20.xdc:34]
Resolution: If [get_<value>] was used to populate the object, check to make sure this command returns at least one valid object.
WARNING: [Vivado 12-584] No ports matched 'hdmi_tx_hpd'. [C:/Users/jielu/Desktop/Workspace/SpikeYOLO_FPGA/hw/vivado/constraints/zybo_z7_20.xdc:37]
CRITICAL WARNING: [Common 17-55] 'set_property' expects at least one object. [C:/Users/jielu/Desktop/Workspace/SpikeYOLO_FPGA/hw/vivado/constraints/zybo_z7_20.xdc:37]
Resolution: If [get_<value>] was used to populate the object, check to make sure this command returns at least one valid object.
WARNING: [Vivado 12-584] No ports matched 'hdmi_tx_ddc_sda'. [C:/Users/jielu/Desktop/Workspace/SpikeYOLO_FPGA/hw/vivado/constraints/zybo_z7_20.xdc:38]
CRITICAL WARNING: [Common 17-55] 'set_property' expects at least one object. [C:/Users/jielu/Desktop/Workspace/SpikeYOLO_FPGA/hw/vivado/constraints/zybo_z7_20.xdc:38]
Resolution: If [get_<value>] was used to populate the object, check to make sure this command returns at least one valid object.
WARNING: [Vivado 12-584] No ports matched 'hdmi_tx_ddc_scl'. [C:/Users/jielu/Desktop/Workspace/SpikeYOLO_FPGA/hw/vivado/constraints/zybo_z7_20.xdc:39]
CRITICAL WARNING: [Common 17-55] 'set_property' expects at least one object. [C:/Users/jielu/Desktop/Workspace/SpikeYOLO_FPGA/hw/vivado/constraints/zybo_z7_20.xdc:39]
Resolution: If [get_<value>] was used to populate the object, check to make sure this command returns at least one valid object.
CRITICAL WARNING: [Netlist 29-177] Cannot set property 'BITSTREAM.CONFIG.SPI_BUSWIDTH' because the property does not exist. [C:/Users/jielu/Desktop/Workspace/SpikeYOLO_FPGA/hw/vivado/constraints/zybo_z7_20.xdc:54]
Resolution: Create this property using create_property command before setting it.
Finished Parsing XDC File [C:/Users/jielu/Desktop/Workspace/SpikeYOLO_FPGA/hw/vivado/constraints/zybo_z7_20.xdc]
Parsing XDC File [c:/Users/jielu/Desktop/Workspace/SpikeYOLO_FPGA/hw/vivado/out/spike_zybo.gen/sources_1/bd/system/ip/system_axi_dma_feat_0/system_axi_dma_feat_0_clocks.xdc] for cell 'system_i/axi_dma_feat/U0'
Finished Parsing XDC File [c:/Users/jielu/Desktop/Workspace/SpikeYOLO_FPGA/hw/vivado/out/spike_zybo.gen/sources_1/bd/system/ip/system_axi_dma_feat_0/system_axi_dma_feat_0_clocks.xdc] for cell 'system_i/axi_dma_feat/U0'
INFO: [Project 1-1714] 179 XPM XDC files have been applied to the design.
INFO: [Opt 31-138] Pushed 0 inverter(s) to 0 load pin(s).
INFO: [Project 1-1687] 2344 scoped IP constraints or related sub-commands were skipped due to synthesis logic optimizations usually triggered by constant connectivity or unconnected output pins. To review the skipped constraints and messages, run the command 'set_param netlist.IPMsgFiltering false' before opening the design.
Netlist sorting complete. Time (s): cpu = 00:00:00 ; elapsed = 00:00:00.038 . Memory (MB): peak = 2557.379 ; gain = 0.000
INFO: [Project 1-111] Unisim Transformation Summary:
  A total of 391 instances were transformed.
  RAM16X1D => RAM32X1D (RAMD32(x2)): 4 instances
  RAM32M => RAM32M (RAMD32(x6), RAMS32(x2)): 373 instances
  RAM32X1D => RAM32X1D (RAMD32(x2)): 14 instances

24 Infos, 133 Warnings, 22 Critical Warnings and 0 Errors encountered.
link_design completed successfully
link_design: Time (s): cpu = 00:00:43 ; elapsed = 00:00:45 . Memory (MB): peak = 2557.379 ; gain = 1755.652
Command: opt_design -directive Explore
INFO: [Vivado_Tcl 4-136] Directive used for opt_design is: Explore
Attempting to get a license for feature 'Implementation' and/or device 'xc7z020'
INFO: [Common 17-349] Got license for feature 'Implementation' and/or device 'xc7z020'
Running DRC as a precondition to command opt_design

Starting DRC Task
INFO: [DRC 23-27] Running DRC with 2 threads
INFO: [Project 1-461] DRC finished with 0 Errors
INFO: [Project 1-462] Please refer to the DRC report (report_drc) for more information.

Time (s): cpu = 00:00:02 ; elapsed = 00:00:01 . Memory (MB): peak = 2557.379 ; gain = 0.000

Starting Logic Optimization Task

Phase 1 Initialization

Phase 1.1 Core Generation And Design Setup
Phase 1.1 Core Generation And Design Setup | Checksum: 122f52853

Time (s): cpu = 00:00:00 ; elapsed = 00:00:00.047 . Memory (MB): peak = 2718.270 ; gain = 0.000

Phase 1.2 Setup Constraints And Sort Netlist
Phase 1.2 Setup Constraints And Sort Netlist | Checksum: 122f52853

Time (s): cpu = 00:00:00 ; elapsed = 00:00:00.118 . Memory (MB): peak = 2718.270 ; gain = 0.000
Phase 1 Initialization | Checksum: 122f52853

Time (s): cpu = 00:00:00 ; elapsed = 00:00:00.133 . Memory (MB): peak = 2718.270 ; gain = 0.000

Phase 2 Timer Update And Timing Data Collection

Phase 2.1 Timer Update
INFO: [Timing 38-35] Done setting XDC timing constraints.
Phase 2.1 Timer Update | Checksum: 122f52853

Time (s): cpu = 00:00:10 ; elapsed = 00:00:07 . Memory (MB): peak = 2966.027 ; gain = 247.758

Phase 2.2 Timing Data Collection
Phase 2.2 Timing Data Collection | Checksum: 122f52853

Time (s): cpu = 00:00:11 ; elapsed = 00:00:07 . Memory (MB): peak = 2966.027 ; gain = 247.758
Phase 2 Timer Update And Timing Data Collection | Checksum: 122f52853

Time (s): cpu = 00:00:11 ; elapsed = 00:00:07 . Memory (MB): peak = 2966.027 ; gain = 247.758

Phase 3 Retarget
INFO: [Opt 31-1834] Total Chains To Be Transformed Were: 0 AND Number of Transformed insts Created are: 0
INFO: [Opt 31-1566] Pulled 37 inverters resulting in an inversion of 336 pins
INFO: [Opt 31-138] Pushed 49 inverter(s) to 254 load pin(s).
INFO: [Opt 31-49] Retargeted 0 cell(s).
Phase 3 Retarget | Checksum: 1397f2913

Time (s): cpu = 00:00:13 ; elapsed = 00:00:09 . Memory (MB): peak = 2966.027 ; gain = 247.758
Retarget | Checksum: 1397f2913
INFO: [Opt 31-389] Phase Retarget created 703 cells and removed 1192 cells
INFO: [Opt 31-1021] In phase Retarget, 208 netlist objects are constrained preventing optimization. Please run opt_design with -debug_log to get more detail. 

Phase 4 Constant propagation
INFO: [Opt 31-138] Pushed 25 inverter(s) to 27 load pin(s).
Phase 4 Constant propagation | Checksum: 12d92fc87

Time (s): cpu = 00:00:24 ; elapsed = 00:00:21 . Memory (MB): peak = 2966.027 ; gain = 247.758
Constant propagation | Checksum: 12d92fc87
INFO: [Opt 31-389] Phase Constant propagation created 4078 cells and removed 26358 cells
INFO: [Opt 31-1021] In phase Constant propagation, 208 netlist objects are constrained preventing optimization. Please run opt_design with -debug_log to get more detail. 

Phase 5 Sweep
Phase 5 Sweep | Checksum: 124f36ea4

Time (s): cpu = 00:00:28 ; elapsed = 00:00:25 . Memory (MB): peak = 2966.027 ; gain = 247.758
Sweep | Checksum: 124f36ea4
INFO: [Opt 31-389] Phase Sweep created 0 cells and removed 901 cells
INFO: [Opt 31-1021] In phase Sweep, 261 netlist objects are constrained preventing optimization. Please run opt_design with -debug_log to get more detail. 

Phase 6 BUFG optimization
Phase 6 BUFG optimization | Checksum: 124f36ea4

Time (s): cpu = 00:00:30 ; elapsed = 00:00:26 . Memory (MB): peak = 2966.027 ; gain = 247.758
BUFG optimization | Checksum: 124f36ea4
INFO: [Opt 31-662] Phase BUFG optimization created 0 cells of which 0 are BUFGs and removed 0 cells.

Phase 7 Shift Register Optimization
INFO: [Opt 31-1064] SRL Remap converted 0 SRLs to 0 registers and converted 0 registers of register chains to 0 SRLs
Phase 7 Shift Register Optimization | Checksum: 124f36ea4

Time (s): cpu = 00:00:30 ; elapsed = 00:00:26 . Memory (MB): peak = 2966.027 ; gain = 247.758
Shift Register Optimization | Checksum: 124f36ea4
INFO: [Opt 31-389] Phase Shift Register Optimization created 0 cells and removed 0 cells
INFO: [Opt 31-1555] control_set_opt supports Versal devices only, and device 7z020 is unsupported

Phase 8 Post Processing Netlist
Phase 8 Post Processing Netlist | Checksum: 11c0d0c9a

Time (s): cpu = 00:00:30 ; elapsed = 00:00:26 . Memory (MB): peak = 2966.027 ; gain = 247.758
Post Processing Netlist | Checksum: 11c0d0c9a
INFO: [Opt 31-389] Phase Post Processing Netlist created 0 cells and removed 0 cells
INFO: [Opt 31-1021] In phase Post Processing Netlist, 223 netlist objects are constrained preventing optimization. Please run opt_design with -debug_log to get more detail. 

Phase 9 Finalization

Phase 9.1 Finalizing Design Cores and Updating Shapes
Phase 9.1 Finalizing Design Cores and Updating Shapes | Checksum: 217a66e4e

Time (s): cpu = 00:00:33 ; elapsed = 00:00:29 . Memory (MB): peak = 2966.027 ; gain = 247.758

Phase 9.2 Verifying Netlist Connectivity

Starting Connectivity Check Task

Time (s): cpu = 00:00:00 ; elapsed = 00:00:00.170 . Memory (MB): peak = 2966.027 ; gain = 0.000
Phase 9.2 Verifying Netlist Connectivity | Checksum: 217a66e4e

Time (s): cpu = 00:00:33 ; elapsed = 00:00:29 . Memory (MB): peak = 2966.027 ; gain = 247.758
Phase 9 Finalization | Checksum: 217a66e4e

Time (s): cpu = 00:00:33 ; elapsed = 00:00:29 . Memory (MB): peak = 2966.027 ; gain = 247.758
Opt_design Change Summary
=========================


-------------------------------------------------------------------------------------------------------------------------
|  Phase                        |  #Cells created  |  #Cells Removed  |  #Constrained objects preventing optimizations  |
-------------------------------------------------------------------------------------------------------------------------
|  Retarget                     |             703  |            1192  |                                            208  |
|  Constant propagation         |            4078  |           26358  |                                            208  |
|  Sweep                        |               0  |             901  |                                            261  |
|  BUFG optimization            |               0  |               0  |                                              0  |
|  Shift Register Optimization  |               0  |               0  |                                              0  |
|  Post Processing Netlist      |               0  |               0  |                                            223  |
-------------------------------------------------------------------------------------------------------------------------


Ending Logic Optimization Task | Checksum: 217a66e4e

Time (s): cpu = 00:00:33 ; elapsed = 00:00:29 . Memory (MB): peak = 2966.027 ; gain = 247.758

Starting Netlist Obfuscation Task
Netlist sorting complete. Time (s): cpu = 00:00:00 ; elapsed = 00:00:00.033 . Memory (MB): peak = 2966.027 ; gain = 0.000
Ending Netlist Obfuscation Task | Checksum: 217a66e4e

Time (s): cpu = 00:00:00 ; elapsed = 00:00:00.047 . Memory (MB): peak = 2966.027 ; gain = 0.000
INFO: [Common 17-83] Releasing license: Implementation
48 Infos, 133 Warnings, 22 Critical Warnings and 0 Errors encountered.
opt_design completed successfully
opt_design: Time (s): cpu = 00:00:38 ; elapsed = 00:00:33 . Memory (MB): peak = 2966.027 ; gain = 408.648
INFO: [Vivado 12-24828] Executing command : report_drc -file system_wrapper_drc_opted.rpt -pb system_wrapper_drc_opted.pb -rpx system_wrapper_drc_opted.rpx
Command: report_drc -file system_wrapper_drc_opted.rpt -pb system_wrapper_drc_opted.pb -rpx system_wrapper_drc_opted.rpx
INFO: [IP_Flow 19-1839] IP Catalog is up to date.
INFO: [DRC 23-27] Running DRC with 2 threads
INFO: [Vivado_Tcl 2-168] The results of DRC are in file C:/Users/jielu/Desktop/Workspace/SpikeYOLO_FPGA/hw/vivado/out/spike_zybo.runs/impl_1/system_wrapper_drc_opted.rpt.
report_drc completed successfully
INFO: [Timing 38-480] Writing timing data to binary archive.
Wrote PlaceDB: Time (s): cpu = 00:00:00 ; elapsed = 00:00:00.022 . Memory (MB): peak = 2966.027 ; gain = 0.000
Wrote PulsedLatchDB: Time (s): cpu = 00:00:00 ; elapsed = 00:00:00 . Memory (MB): peak = 2966.027 ; gain = 0.000
Writing XDEF routing.
Writing XDEF routing logical nets.
Writing XDEF routing special nets.
Wrote RouteStorage: Time (s): cpu = 00:00:01 ; elapsed = 00:00:00.207 . Memory (MB): peak = 2966.027 ; gain = 0.000
Wrote Netlist Cache: Time (s): cpu = 00:00:00 ; elapsed = 00:00:00.001 . Memory (MB): peak = 2966.027 ; gain = 0.000
Write ShapeDB Complete: Time (s): cpu = 00:00:01 ; elapsed = 00:00:00.245 . Memory (MB): peak = 2966.027 ; gain = 0.000
Wrote Device Cache: Time (s): cpu = 00:00:00 ; elapsed = 00:00:00.014 . Memory (MB): peak = 2966.027 ; gain = 0.000
Write Physdb Complete: Time (s): cpu = 00:00:01 ; elapsed = 00:00:00.259 . Memory (MB): peak = 2966.027 ; gain = 0.000
INFO: [Common 17-1381] The checkpoint 'C:/Users/jielu/Desktop/Workspace/SpikeYOLO_FPGA/hw/vivado/out/spike_zybo.runs/impl_1/system_wrapper_opt.dcp' has been generated.
write_checkpoint: Time (s): cpu = 00:00:11 ; elapsed = 00:00:08 . Memory (MB): peak = 2966.027 ; gain = 0.000
Command: place_design -directive Explore
Attempting to get a license for feature 'Implementation' and/or device 'xc7z020'
INFO: [Common 17-349] Got license for feature 'Implementation' and/or device 'xc7z020'
INFO: [Common 17-83] Releasing license: Implementation
INFO: [DRC 23-27] Running DRC with 2 threads
INFO: [Vivado_Tcl 4-198] DRC finished with 0 Errors
INFO: [Vivado_Tcl 4-199] Please refer to the DRC report (report_drc) for more information.
INFO: [Vivado_Tcl 4-2302] The placer was invoked with the 'Explore' directive.
Running DRC as a precondition to command place_design
INFO: [DRC 23-27] Running DRC with 2 threads
INFO: [Vivado_Tcl 4-198] DRC finished with 0 Errors
INFO: [Vivado_Tcl 4-199] Please refer to the DRC report (report_drc) for more information.
INFO: [Place 30-611] Multithreading enabled for place_design using a maximum of 2 CPUs

Starting Placer Task

Phase 1 Placer Initialization

Phase 1.1 Placer Initialization Netlist Sorting
Netlist sorting complete. Time (s): cpu = 00:00:01 ; elapsed = 00:00:00.033 . Memory (MB): peak = 2966.027 ; gain = 0.000
Phase 1.1 Placer Initialization Netlist Sorting | Checksum: 14bb17217

Time (s): cpu = 00:00:01 ; elapsed = 00:00:00.050 . Memory (MB): peak = 2966.027 ; gain = 0.000
Netlist sorting complete. Time (s): cpu = 00:00:00 ; elapsed = 00:00:00.033 . Memory (MB): peak = 2966.027 ; gain = 0.000

Phase 1.2 IO Placement/ Clock Placement/ Build Placer Device
INFO: [Timing 38-35] Done setting XDC timing constraints.
Phase 1.2 IO Placement/ Clock Placement/ Build Placer Device | Checksum: 2ae3c592

Time (s): cpu = 00:00:12 ; elapsed = 00:00:09 . Memory (MB): peak = 2972.152 ; gain = 6.125

Phase 1.3 Build Placer Netlist Model
Phase 1.3 Build Placer Netlist Model | Checksum: 63518ba8

Time (s): cpu = 00:00:34 ; elapsed = 00:00:26 . Memory (MB): peak = 3431.473 ; gain = 465.445

Phase 1.4 Constrain Clocks/Macros
Phase 1.4 Constrain Clocks/Macros | Checksum: 63518ba8

Time (s): cpu = 00:00:34 ; elapsed = 00:00:26 . Memory (MB): peak = 3431.473 ; gain = 465.445
Phase 1 Placer Initialization | Checksum: 63518ba8

Time (s): cpu = 00:00:34 ; elapsed = 00:00:26 . Memory (MB): peak = 3431.473 ; gain = 465.445

Phase 2 Global Placement

Phase 2.1 Floorplanning
Phase 2.1 Floorplanning | Checksum: e9d416d9

Time (s): cpu = 00:00:41 ; elapsed = 00:00:30 . Memory (MB): peak = 3431.473 ; gain = 465.445

Phase 2.2 Update Timing before SLR Path Opt
Phase 2.2 Update Timing before SLR Path Opt | Checksum: e3ac6b29

Time (s): cpu = 00:00:47 ; elapsed = 00:00:34 . Memory (MB): peak = 3431.473 ; gain = 465.445

Phase 2.3 Post-Processing in Floorplanning
Phase 2.3 Post-Processing in Floorplanning | Checksum: e3ac6b29

Time (s): cpu = 00:00:47 ; elapsed = 00:00:34 . Memory (MB): peak = 3431.473 ; gain = 465.445

Phase 2.4 Global Placement Core

Phase 2.4.1 UpdateTiming Before Physical Synthesis
Phase 2.4.1 UpdateTiming Before Physical Synthesis | Checksum: 117fedb12

Time (s): cpu = 00:01:46 ; elapsed = 00:01:14 . Memory (MB): peak = 3431.473 ; gain = 465.445

Phase 2.4.2 Physical Synthesis In Placer
INFO: [Physopt 32-1035] Found 17 LUTNM shape to break, 3481 LUT instances to create LUTNM shape
INFO: [Physopt 32-1044] Break lutnm for timing: one critical 10, two critical 7, total 0, new lutff created 0
INFO: [Physopt 32-1138] End 1 Pass. Optimized 1417 nets or LUTs. Breaked 0 LUT, combined 1417 existing LUTs and moved 0 existing LUT
Netlist sorting complete. Time (s): cpu = 00:00:00 ; elapsed = 00:00:00.035 . Memory (MB): peak = 3431.473 ; gain = 0.000
INFO: [Physopt 32-65] No nets found for high-fanout optimization.
INFO: [Physopt 32-232] Optimized 0 net. Created 0 new instance.
INFO: [Physopt 32-775] End 1 Pass. Optimized 0 net or cell. Created 0 new cell, deleted 0 existing cell and moved 0 existing cell
INFO: [Physopt 32-456] No candidate cells for DSP register optimization found in the design.
INFO: [Physopt 32-775] End 2 Pass. Optimized 0 net or cell. Created 0 new cell, deleted 0 existing cell and moved 0 existing cell
INFO: [Physopt 32-1123] No candidate cells found for Shift Register to Pipeline optimization
INFO: [Physopt 32-775] End 2 Pass. Optimized 0 net or cell. Created 0 new cell, deleted 0 existing cell and moved 0 existing cell
INFO: [Physopt 32-1402] Pass 1: Identified 77 candidate cells for Shift Register optimization.
INFO: [Physopt 32-775] End 1 Pass. Optimized 0 net or cell. Created 0 new cell, deleted 0 existing cell and moved 0 existing cell
Netlist sorting complete. Time (s): cpu = 00:00:00 ; elapsed = 00:00:00.033 . Memory (MB): peak = 3431.473 ; gain = 0.000
INFO: [Physopt 32-526] No candidate cells for BRAM register optimization found in the design
INFO: [Physopt 32-775] End 1 Pass. Optimized 0 net or cell. Created 0 new cell, deleted 0 existing cell and moved 0 existing cell
INFO: [Physopt 32-846] No candidate cells for URAM register optimization found in the design
INFO: [Physopt 32-775] End 1 Pass. Optimized 0 net or cell. Created 0 new cell, deleted 0 existing cell and moved 0 existing cell
INFO: [Physopt 32-846] No candidate cells for URAM register optimization found in the design
INFO: [Physopt 32-775] End 1 Pass. Optimized 0 net or cell. Created 0 new cell, deleted 0 existing cell and moved 0 existing cell
INFO: [Physopt 32-949] No candidate nets found for dynamic/static region interface net replication
INFO: [Physopt 32-775] End 1 Pass. Optimized 0 net or cell. Created 0 new cell, deleted 0 existing cell and moved 0 existing cell
Netlist sorting complete. Time (s): cpu = 00:00:00 ; elapsed = 00:00:00.035 . Memory (MB): peak = 3431.473 ; gain = 0.000

Summary of Physical Synthesis Optimizations
============================================


-----------------------------------------------------------------------------------------------------------------------------------------------------------
|  Optimization                                     |  Added Cells  |  Removed Cells  |  Optimized Cells/Nets  |  Dont Touch  |  Iterations  |  Elapsed   |
-----------------------------------------------------------------------------------------------------------------------------------------------------------
|  LUT Combining                                    |            0  |           1417  |                  1417  |           0  |           1  |  00:00:02  |
|  Retime                                           |            0  |              0  |                     0  |           0  |           1  |  00:00:00  |
|  Very High Fanout                                 |            0  |              0  |                     0  |           0  |           1  |  00:00:00  |
|  DSP Register                                     |            0  |              0  |                     0  |           0  |           1  |  00:00:00  |
|  Shift Register to Pipeline                       |            0  |              0  |                     0  |           0  |           1  |  00:00:00  |
|  Shift Register                                   |            0  |              0  |                     0  |           0  |           1  |  00:00:00  |
|  BRAM Register                                    |            0  |              0  |                     0  |           0  |           1  |  00:00:00  |
|  URAM Register                                    |            0  |              0  |                     0  |           0  |           1  |  00:00:00  |
|  Dynamic/Static Region Interface Net Replication  |            0  |              0  |                     0  |           0  |           1  |  00:00:00  |
|  Total                                            |            0  |           1417  |                  1417  |           0  |           9  |  00:00:02  |
-----------------------------------------------------------------------------------------------------------------------------------------------------------


Phase 2.4.2 Physical Synthesis In Placer | Checksum: 1c3a081aa

Time (s): cpu = 00:01:56 ; elapsed = 00:01:22 . Memory (MB): peak = 3431.473 ; gain = 465.445
Phase 2.4 Global Placement Core | Checksum: 14c064db8

Time (s): cpu = 00:01:59 ; elapsed = 00:01:25 . Memory (MB): peak = 3431.473 ; gain = 465.445
Phase 2 Global Placement | Checksum: 14c064db8

Time (s): cpu = 00:01:59 ; elapsed = 00:01:25 . Memory (MB): peak = 3431.473 ; gain = 465.445

Phase 3 Detail Placement

Phase 3.1 Commit Multi Column Macros
Phase 3.1 Commit Multi Column Macros | Checksum: 1a407f599

Time (s): cpu = 00:02:06 ; elapsed = 00:01:29 . Memory (MB): peak = 3431.473 ; gain = 465.445

Phase 3.2 Commit Most Macros & LUTRAMs
Phase 3.2 Commit Most Macros & LUTRAMs | Checksum: 159922773

Time (s): cpu = 00:02:23 ; elapsed = 00:01:42 . Memory (MB): peak = 3431.473 ; gain = 465.445

Phase 3.3 Area Swap Optimization
Phase 3.3 Area Swap Optimization | Checksum: e075fb61

Time (s): cpu = 00:02:23 ; elapsed = 00:01:43 . Memory (MB): peak = 3431.473 ; gain = 465.445

Phase 3.4 Pipeline Register Optimization
Phase 3.4 Pipeline Register Optimization | Checksum: a2258bee

Time (s): cpu = 00:02:24 ; elapsed = 00:01:43 . Memory (MB): peak = 3431.473 ; gain = 465.445

Phase 3.5 Fast Optimization
Phase 3.5 Fast Optimization | Checksum: e7c1b5b8

Time (s): cpu = 00:02:41 ; elapsed = 00:01:54 . Memory (MB): peak = 3431.473 ; gain = 465.445

Phase 3.6 Small Shape Detail Placement
Phase 3.6 Small Shape Detail Placement | Checksum: 244c3fc99

Time (s): cpu = 00:03:14 ; elapsed = 00:02:33 . Memory (MB): peak = 3431.473 ; gain = 465.445

Phase 3.7 Re-assign LUT pins
Phase 3.7 Re-assign LUT pins | Checksum: 18d3277e3

Time (s): cpu = 00:03:17 ; elapsed = 00:02:36 . Memory (MB): peak = 3431.473 ; gain = 465.445

Phase 3.8 Pipeline Register Optimization
Phase 3.8 Pipeline Register Optimization | Checksum: 172ef31d8

Time (s): cpu = 00:03:18 ; elapsed = 00:02:36 . Memory (MB): peak = 3431.473 ; gain = 465.445
Phase 3 Detail Placement | Checksum: 172ef31d8

Time (s): cpu = 00:03:18 ; elapsed = 00:02:37 . Memory (MB): peak = 3431.473 ; gain = 465.445

Phase 4 Post Placement Optimization and Clean-Up

Phase 4.1 Post Commit Optimization
INFO: [Timing 38-35] Done setting XDC timing constraints.

Phase 4.1.1 Post Placement Optimization
Post Placement Optimization Initialization | Checksum: 1811cc81b

Phase 4.1.1.1 BUFG Insertion

Starting Physical Synthesis Task

Phase 1 Physical Synthesis Initialization
INFO: [Physopt 32-721] Multithreading enabled for phys_opt_design using a maximum of 2 CPUs
INFO: [Physopt 32-619] Estimated Timing Summary | WNS=-1.898 | TNS=-40.044 |
Phase 1 Physical Synthesis Initialization | Checksum: 18e69a77c

Time (s): cpu = 00:00:04 ; elapsed = 00:00:03 . Memory (MB): peak = 3457.176 ; gain = 25.703
INFO: [Place 46-33] Processed net system_i/spike_accel_0/inst/gmem3_m_axi_U/bus_write/wreq_burst_conv/rs_req/SR[0], BUFG insertion was skipped due to placement/routing conflicts.
INFO: [Place 46-33] Processed net system_i/spike_accel_0/inst/grp_sa_conv2d_bn_40_71_118_240_333_426_1_fu_666/grp_sa_conv2d_int_43_74_429_1_fu_366/grp_sa_conv2d_int_43_74_429_1_Pipeline_VITIS_LOOP_97_7_VITIS_LOOP_98_8_VITIS_LOOP_99_fu_97/mul_8s_8s_16_4_1_U403/ce363_out, BUFG insertion was skipped due to placement/routing conflicts.
INFO: [Place 46-56] BUFG insertion identified 2 candidate nets. Inserted BUFG: 0, Replicated BUFG Driver: 0, Skipped due to Placement/Routing Conflicts: 2, Skipped due to Timing Degradation: 0, Skipped due to netlist editing failed: 0.
Ending Physical Synthesis Task | Checksum: 248c2c734

Time (s): cpu = 00:00:06 ; elapsed = 00:00:04 . Memory (MB): peak = 3463.160 ; gain = 31.688
Phase 4.1.1.1 BUFG Insertion | Checksum: 1811cc81b

Time (s): cpu = 00:03:48 ; elapsed = 00:02:58 . Memory (MB): peak = 3463.160 ; gain = 497.133

Phase 4.1.1.2 Post Placement Timing Optimization
INFO: [Place 30-746] Post Placement Timing Summary WNS=-0.283. For the most accurate timing information please run report_timing.
Phase 4.1.1.2 Post Placement Timing Optimization | Checksum: 14f04165b

Time (s): cpu = 00:04:38 ; elapsed = 00:03:40 . Memory (MB): peak = 3500.641 ; gain = 534.613

Time (s): cpu = 00:04:38 ; elapsed = 00:03:40 . Memory (MB): peak = 3500.641 ; gain = 534.613
Phase 4.1 Post Commit Optimization | Checksum: 14f04165b

Time (s): cpu = 00:04:38 ; elapsed = 00:03:41 . Memory (MB): peak = 3500.641 ; gain = 534.613

Phase 4.2 Post Placement Cleanup
Phase 4.2 Post Placement Cleanup | Checksum: 14f04165b

Time (s): cpu = 00:04:39 ; elapsed = 00:03:41 . Memory (MB): peak = 3500.641 ; gain = 534.613

Phase 4.3 Placer Reporting

Phase 4.3.1 Print Estimated Congestion
INFO: [Place 30-612] Post-Placement Estimated Congestion 
 ____________________________________________________
|           | Global Congestion | Short Congestion  |
| Direction | Region Size       | Region Size       |
|___________|___________________|___________________|
|      North|                2x2|                8x8|
|___________|___________________|___________________|
|      South|                1x1|                4x4|
|___________|___________________|___________________|
|       East|                1x1|                4x4|
|___________|___________________|___________________|
|       West|                2x2|                4x4|
|___________|___________________|___________________|

Phase 4.3.1 Print Estimated Congestion | Checksum: 14f04165b

Time (s): cpu = 00:04:40 ; elapsed = 00:03:42 . Memory (MB): peak = 3500.641 ; gain = 534.613
Phase 4.3 Placer Reporting | Checksum: 14f04165b

Time (s): cpu = 00:04:40 ; elapsed = 00:03:42 . Memory (MB): peak = 3500.641 ; gain = 534.613

Phase 4.4 Final Placement Cleanup
Netlist sorting complete. Time (s): cpu = 00:00:00 ; elapsed = 00:00:00.034 . Memory (MB): peak = 3500.641 ; gain = 0.000

Time (s): cpu = 00:04:40 ; elapsed = 00:03:42 . Memory (MB): peak = 3500.641 ; gain = 534.613
Phase 4 Post Placement Optimization and Clean-Up | Checksum: d701210b

Time (s): cpu = 00:04:41 ; elapsed = 00:03:43 . Memory (MB): peak = 3500.641 ; gain = 534.613
Ending Placer Task | Checksum: c06337c0

Time (s): cpu = 00:04:41 ; elapsed = 00:03:43 . Memory (MB): peak = 3500.641 ; gain = 534.613
93 Infos, 133 Warnings, 22 Critical Warnings and 0 Errors encountered.
place_design completed successfully
place_design: Time (s): cpu = 00:04:46 ; elapsed = 00:03:46 . Memory (MB): peak = 3500.641 ; gain = 534.613
INFO: [Vivado 12-24838] Running report commands "report_control_sets, report_io, report_utilization" in parallel.
Running report generation with 2 threads.
INFO: [Vivado 12-24828] Executing command : report_io -file system_wrapper_io_placed.rpt
report_io: Time (s): cpu = 00:00:00 ; elapsed = 00:00:00.051 . Memory (MB): peak = 3500.641 ; gain = 0.000
INFO: [Vivado 12-24828] Executing command : report_control_sets -verbose -file system_wrapper_control_sets_placed.rpt
report_control_sets: Time (s): cpu = 00:00:01 ; elapsed = 00:00:00.217 . Memory (MB): peak = 3500.641 ; gain = 0.000
INFO: [Vivado 12-24828] Executing command : report_utilization -file system_wrapper_utilization_placed.rpt -pb system_wrapper_utilization_placed.pb
INFO: [Timing 38-480] Writing timing data to binary archive.
Write ShapeDB Complete: Time (s): cpu = 00:00:02 ; elapsed = 00:00:00.445 . Memory (MB): peak = 3500.641 ; gain = 0.000
Wrote PlaceDB: Time (s): cpu = 00:00:14 ; elapsed = 00:00:06 . Memory (MB): peak = 3500.641 ; gain = 0.000
Wrote PulsedLatchDB: Time (s): cpu = 00:00:00 ; elapsed = 00:00:00 . Memory (MB): peak = 3500.641 ; gain = 0.000
Writing XDEF routing.
Writing XDEF routing logical nets.
Writing XDEF routing special nets.
Wrote RouteStorage: Time (s): cpu = 00:00:00 ; elapsed = 00:00:00.186 . Memory (MB): peak = 3500.641 ; gain = 0.000
Wrote Netlist Cache: Time (s): cpu = 00:00:00 ; elapsed = 00:00:00.133 . Memory (MB): peak = 3500.641 ; gain = 0.000
Wrote Device Cache: Time (s): cpu = 00:00:00 ; elapsed = 00:00:00.013 . Memory (MB): peak = 3500.641 ; gain = 0.000
Write Physdb Complete: Time (s): cpu = 00:00:14 ; elapsed = 00:00:06 . Memory (MB): peak = 3500.641 ; gain = 0.000
report_design_analysis: Time (s): cpu = 00:00:09 ; elapsed = 00:00:06 . Memory (MB): peak = 3500.641 ; gain = 0.000
INFO: [Common 17-1381] The checkpoint 'C:/Users/jielu/Desktop/Workspace/SpikeYOLO_FPGA/hw/vivado/out/spike_zybo.runs/impl_1/system_wrapper_placed.dcp' has been generated.
write_checkpoint: Time (s): cpu = 00:00:26 ; elapsed = 00:00:15 . Memory (MB): peak = 3500.641 ; gain = 0.000
Command: phys_opt_design -directive Explore
Attempting to get a license for feature 'Implementation' and/or device 'xc7z020'
INFO: [Common 17-349] Got license for feature 'Implementation' and/or device 'xc7z020'
INFO: [Vivado_Tcl 4-137] Directive used for phys_opt_design is: Explore

Starting Initial Update Timing Task

Time (s): cpu = 00:00:16 ; elapsed = 00:00:10 . Memory (MB): peak = 3672.359 ; gain = 171.719
INFO: [Vivado_Tcl 4-1435] PhysOpt_Tcl_Interface Runtime Before Starting Physical Synthesis Task | CPU: 18.00s |  WALL: 10.02s
Netlist sorting complete. Time (s): cpu = 00:00:00 ; elapsed = 00:00:00.034 . Memory (MB): peak = 3672.719 ; gain = 0.359

Starting Physical Synthesis Task

Phase 1 Physical Synthesis Initialization
INFO: [Physopt 32-721] Multithreading enabled for phys_opt_design using a maximum of 2 CPUs
INFO: [Physopt 32-619] Estimated Timing Summary | WNS=-0.283 | TNS=-0.321 |
Phase 1 Physical Synthesis Initialization | Checksum: 185af6529

Time (s): cpu = 00:00:12 ; elapsed = 00:00:07 . Memory (MB): peak = 3680.375 ; gain = 7.656

Phase 2 SLR Crossing Optimization
Phase 2 SLR Crossing Optimization | Checksum: 185af6529

Time (s): cpu = 00:00:12 ; elapsed = 00:00:07 . Memory (MB): peak = 3680.375 ; gain = 7.656
INFO: [Physopt 32-619] Estimated Timing Summary | WNS=-0.283 | TNS=-0.321 |

Phase 3 Fanout Optimization
INFO: [Physopt 32-64] No nets found for fanout-optimization.
INFO: [Physopt 32-232] Optimized 0 net. Created 0 new instance.
INFO: [Physopt 32-775] End 1 Pass. Optimized 0 net or cell. Created 0 new cell, deleted 0 existing cell and moved 0 existing cell
Phase 3 Fanout Optimization | Checksum: 185af6529

Time (s): cpu = 00:00:13 ; elapsed = 00:00:08 . Memory (MB): peak = 3680.375 ; gain = 7.656

Phase 4 Single Cell Placement Optimization
INFO: [Physopt 32-660] Identified 250 candidate nets for placement-based optimization.
INFO: [Physopt 32-662] Processed net system_i/spike_accel_0/inst/grp_sa_ms_all_conv_block_185_1_fu_481/grp_sa_ms_standard_conv_inplace_fu_485/grp_sa_conv2d_bn_40_71_118_240_333_426_535_1_fu_221/grp_sa_conv2d_bn_40_71_118_240_333_426_535_1_Pipeline_VITIS_LOOP_95_2_VITIS_LOOP_96_s_fu_1030/gmem4_addr_52_read_reg_849_reg[10]_0[3].  Did not re-place instance system_i/spike_accel_0/inst/grp_sa_ms_all_conv_block_185_1_fu_481/grp_sa_ms_standard_conv_inplace_fu_485/grp_sa_conv2d_bn_40_71_118_240_333_426_535_1_fu_221/grp_sa_conv2d_bn_40_71_118_240_333_426_535_1_Pipeline_VITIS_LOOP_95_2_VITIS_LOOP_96_s_fu_1030/mem_reg_i_747
INFO: [Physopt 32-662] Processed net system_i/spike_accel_0/inst/grp_sa_ms_all_conv_block_185_1_fu_481/grp_sa_ms_standard_conv_inplace_fu_485/grp_sa_conv2d_bn_40_71_118_240_333_426_535_1_fu_221/grp_sa_conv2d_bn_40_71_118_240_333_426_535_1_Pipeline_VITIS_LOOP_95_2_VITIS_LOOP_96_s_fu_1030/mem_reg_i_958_n_2.  Did not re-place instance system_i/spike_accel_0/inst/grp_sa_ms_all_conv_block_185_1_fu_481/grp_sa_ms_standard_conv_inplace_fu_485/grp_sa_conv2d_bn_40_71_118_240_333_426_535_1_fu_221/grp_sa_conv2d_bn_40_71_118_240_333_426_535_1_Pipeline_VITIS_LOOP_95_2_VITIS_LOOP_96_s_fu_1030/mem_reg_i_958
INFO: [Physopt 32-662] Processed net system_i/spike_accel_0/inst/grp_sa_ms_all_conv_block_185_1_fu_481/grp_sa_ms_standard_conv_inplace_fu_485/grp_sa_conv2d_bn_40_71_118_240_333_426_535_1_fu_221/grp_sa_conv2d_bn_40_71_118_240_333_426_535_1_Pipeline_VITIS_LOOP_95_2_VITIS_LOOP_96_s_fu_1030/gmem4_addr_52_read_reg_849_reg[11]_0[3].  Did not re-place instance system_i/spike_accel_0/inst/grp_sa_ms_all_conv_block_185_1_fu_481/grp_sa_ms_standard_conv_inplace_fu_485/grp_sa_conv2d_bn_40_71_118_240_333_426_535_1_fu_221/grp_sa_conv2d_bn_40_71_118_240_333_426_535_1_Pipeline_VITIS_LOOP_95_2_VITIS_LOOP_96_s_fu_1030/mem_reg_i_751
INFO: [Physopt 32-663] Processed net system_i/spike_accel_0/inst/grp_sa_ms_all_conv_block_185_1_fu_481/grp_sa_ms_standard_conv_inplace_fu_485/grp_sa_conv2d_bn_40_71_118_240_333_426_535_1_fu_221/grp_sa_conv2d_int_43_74_429_536_1_fu_1003/ap_CS_fsm_reg[13]_0[3].  Re-placed instance system_i/spike_accel_0/inst/grp_sa_ms_all_conv_block_185_1_fu_481/grp_sa_ms_standard_conv_inplace_fu_485/grp_sa_conv2d_bn_40_71_118_240_333_426_535_1_fu_221/grp_sa_conv2d_int_43_74_429_536_1_fu_1003/mem_reg_i_649
INFO: [Physopt 32-662] Processed net system_i/spike_accel_0/inst/grp_sa_ms_all_conv_block_185_1_fu_481/grp_sa_ms_standard_conv_inplace_fu_485/grp_sa_ms_standard_conv_inplace_Pipeline_VITIS_LOOP_36_1_VITIS_LOOP_37_2_fu_196/grp_sa_ms_standard_conv_inplace_fu_485_m_axi_gmem4_WDATA[24].  Did not re-place instance system_i/spike_accel_0/inst/grp_sa_ms_all_conv_block_185_1_fu_481/grp_sa_ms_standard_conv_inplace_fu_485/grp_sa_ms_standard_conv_inplace_Pipeline_VITIS_LOOP_36_1_VITIS_LOOP_37_2_fu_196/mem_reg_i_460
INFO: [Physopt 32-662] Processed net system_i/spike_accel_0/inst/grp_sa_ms_downsampling_199_1_fu_628/grp_sa_ms_downsampling_199_1_Pipeline_VITIS_LOOP_36_1_VITIS_LOOP_37_2_fu_174/din[3].  Did not re-place instance system_i/spike_accel_0/inst/grp_sa_ms_downsampling_199_1_fu_628/grp_sa_ms_downsampling_199_1_Pipeline_VITIS_LOOP_36_1_VITIS_LOOP_37_2_fu_174/mem_reg_i_27__0
INFO: [Physopt 32-662] Processed net system_i/spike_accel_0/inst/grp_sa_ms_downsampling_199_1_fu_628/grp_sa_ms_downsampling_199_1_Pipeline_VITIS_LOOP_36_1_VITIS_LOOP_37_2_fu_174/mem_reg_i_112__0_n_2.  Did not re-place instance system_i/spike_accel_0/inst/grp_sa_ms_downsampling_199_1_fu_628/grp_sa_ms_downsampling_199_1_Pipeline_VITIS_LOOP_36_1_VITIS_LOOP_37_2_fu_174/mem_reg_i_112__0
INFO: [Physopt 32-662] Processed net system_i/spike_accel_0/inst/grp_sa_ms_all_conv_block_185_1_fu_481/grp_sa_ms_standard_conv_inplace_fu_485/grp_sa_conv2d_bn_40_71_118_240_333_426_535_1_fu_221/grp_sa_conv2d_bn_40_71_118_240_333_426_535_1_Pipeline_VITIS_LOOP_95_2_VITIS_LOOP_96_s_fu_1030/gmem4_addr_52_read_reg_849_reg[6]_0[3].  Did not re-place instance system_i/spike_accel_0/inst/grp_sa_ms_all_conv_block_185_1_fu_481/grp_sa_ms_standard_conv_inplace_fu_485/grp_sa_conv2d_bn_40_71_118_240_333_426_535_1_fu_221/grp_sa_conv2d_bn_40_71_118_240_333_426_535_1_Pipeline_VITIS_LOOP_95_2_VITIS_LOOP_96_s_fu_1030/mem_reg_i_778
INFO: [Physopt 32-662] Processed net system_i/spike_accel_0/inst/grp_sa_ms_all_conv_block_185_1_fu_481/grp_sa_ms_standard_conv_inplace_fu_485/grp_sa_conv2d_bn_40_71_118_240_333_426_535_1_fu_221/grp_sa_conv2d_bn_40_71_118_240_333_426_535_1_Pipeline_VITIS_LOOP_95_2_VITIS_LOOP_96_s_fu_1030/mem_reg_i_970_n_2.  Did not re-place instance system_i/spike_accel_0/inst/grp_sa_ms_all_conv_block_185_1_fu_481/grp_sa_ms_standard_conv_inplace_fu_485/grp_sa_conv2d_bn_40_71_118_240_333_426_535_1_fu_221/grp_sa_conv2d_bn_40_71_118_240_333_426_535_1_Pipeline_VITIS_LOOP_95_2_VITIS_LOOP_96_s_fu_1030/mem_reg_i_970
INFO: [Physopt 32-662] Processed net system_i/spike_accel_0/inst/grp_sa_ms_all_conv_block_185_1_fu_481/grp_sa_ms_standard_conv_inplace_fu_485/grp_sa_conv2d_bn_40_71_118_240_333_426_535_1_fu_221/grp_sa_conv2d_bn_40_71_118_240_333_426_535_1_Pipeline_VITIS_LOOP_95_2_VITIS_LOOP_96_s_fu_1030/gmem4_addr_52_read_reg_849_reg[7]_0[3].  Did not re-place instance system_i/spike_accel_0/inst/grp_sa_ms_all_conv_block_185_1_fu_481/grp_sa_ms_standard_conv_inplace_fu_485/grp_sa_conv2d_bn_40_71_118_240_333_426_535_1_fu_221/grp_sa_conv2d_bn_40_71_118_240_333_426_535_1_Pipeline_VITIS_LOOP_95_2_VITIS_LOOP_96_s_fu_1030/mem_reg_i_782
INFO: [Physopt 32-662] Processed net system_i/spike_accel_0/inst/grp_sa_ms_all_conv_block_185_1_fu_481/grp_sa_ms_standard_conv_inplace_fu_485/grp_sa_conv2d_bn_40_71_118_240_333_426_535_1_fu_221/grp_sa_conv2d_bn_40_71_118_240_333_426_535_1_Pipeline_VITIS_LOOP_95_2_VITIS_LOOP_96_s_fu_1030/gmem4_addr_52_read_reg_849_reg[18]_0[1].  Did not re-place instance system_i/spike_accel_0/inst/grp_sa_ms_all_conv_block_185_1_fu_481/grp_sa_ms_standard_conv_inplace_fu_485/grp_sa_conv2d_bn_40_71_118_240_333_426_535_1_fu_221/grp_sa_conv2d_bn_40_71_118_240_333_426_535_1_Pipeline_VITIS_LOOP_95_2_VITIS_LOOP_96_s_fu_1030/mem_reg_i_912
INFO: [Physopt 32-662] Processed net system_i/spike_accel_0/inst/grp_sa_ms_all_conv_block_185_1_fu_481/grp_sa_ms_standard_conv_inplace_fu_485/grp_sa_conv2d_bn_40_71_118_240_333_426_535_1_fu_221/grp_sa_conv2d_bn_40_71_118_240_333_426_535_1_Pipeline_VITIS_LOOP_95_2_VITIS_LOOP_96_s_fu_1030/mem_reg_i_1029_n_2.  Did not re-place instance system_i/spike_accel_0/inst/grp_sa_ms_all_conv_block_185_1_fu_481/grp_sa_ms_standard_conv_inplace_fu_485/grp_sa_conv2d_bn_40_71_118_240_333_426_535_1_fu_221/grp_sa_conv2d_bn_40_71_118_240_333_426_535_1_Pipeline_VITIS_LOOP_95_2_VITIS_LOOP_96_s_fu_1030/mem_reg_i_1029
INFO: [Physopt 32-662] Processed net system_i/spike_accel_0/inst/grp_sa_ms_all_conv_block_185_1_fu_481/grp_sa_ms_standard_conv_inplace_fu_485/grp_sa_conv2d_bn_40_71_118_240_333_426_535_1_fu_221/grp_sa_conv2d_bn_40_71_118_240_333_426_535_1_Pipeline_VITIS_LOOP_95_2_VITIS_LOOP_96_s_fu_1030/gmem4_addr_52_read_reg_849_reg[19]_0[1].  Did not re-place instance system_i/spike_accel_0/inst/grp_sa_ms_all_conv_block_185_1_fu_481/grp_sa_ms_standard_conv_inplace_fu_485/grp_sa_conv2d_bn_40_71_118_240_333_426_535_1_fu_221/grp_sa_conv2d_bn_40_71_118_240_333_426_535_1_Pipeline_VITIS_LOOP_95_2_VITIS_LOOP_96_s_fu_1030/mem_reg_i_916
INFO: [Physopt 32-662] Processed net system_i/spike_accel_0/inst/grp_sa_ms_all_conv_block_185_1_fu_481/grp_sa_ms_standard_conv_inplace_fu_485/grp_sa_conv2d_bn_40_71_118_240_333_426_535_1_fu_221/grp_sa_conv2d_bn_40_71_118_240_333_426_535_1_Pipeline_VITIS_LOOP_95_2_VITIS_LOOP_96_s_fu_1030/gmem4_addr_52_read_reg_849_reg[10]_0[2].  Did not re-place instance system_i/spike_accel_0/inst/grp_sa_ms_all_conv_block_185_1_fu_481/grp_sa_ms_standard_conv_inplace_fu_485/grp_sa_conv2d_bn_40_71_118_240_333_426_535_1_fu_221/grp_sa_conv2d_bn_40_71_118_240_333_426_535_1_Pipeline_VITIS_LOOP_95_2_VITIS_LOOP_96_s_fu_1030/mem_reg_i_748
INFO: [Physopt 32-662] Processed net system_i/spike_accel_0/inst/grp_sa_ms_all_conv_block_185_1_fu_481/grp_sa_ms_standard_conv_inplace_fu_485/grp_sa_conv2d_bn_40_71_118_240_333_426_535_1_fu_221/grp_sa_conv2d_bn_40_71_118_240_333_426_535_1_Pipeline_VITIS_LOOP_95_2_VITIS_LOOP_96_s_fu_1030/mem_reg_i_959_n_2.  Did not re-place instance system_i/spike_accel_0/inst/grp_sa_ms_all_conv_block_185_1_fu_481/grp_sa_ms_standard_conv_inplace_fu_485/grp_sa_conv2d_bn_40_71_118_240_333_426_535_1_fu_221/grp_sa_conv2d_bn_40_71_118_240_333_426_535_1_Pipeline_VITIS_LOOP_95_2_VITIS_LOOP_96_s_fu_1030/mem_reg_i_959
INFO: [Physopt 32-662] Processed net system_i/spike_accel_0/inst/grp_sa_ms_all_conv_block_185_1_fu_481/grp_sa_ms_standard_conv_inplace_fu_485/grp_sa_conv2d_bn_40_71_118_240_333_426_535_1_fu_221/grp_sa_conv2d_bn_40_71_118_240_333_426_535_1_Pipeline_VITIS_LOOP_95_2_VITIS_LOOP_96_s_fu_1030/gmem4_addr_52_read_reg_849_reg[11]_0[2].  Did not re-place instance system_i/spike_accel_0/inst/grp_sa_ms_all_conv_block_185_1_fu_481/grp_sa_ms_standard_conv_inplace_fu_485/grp_sa_conv2d_bn_40_71_118_240_333_426_535_1_fu_221/grp_sa_conv2d_bn_40_71_118_240_333_426_535_1_Pipeline_VITIS_LOOP_95_2_VITIS_LOOP_96_s_fu_1030/mem_reg_i_752
INFO: [Physopt 32-662] Processed net system_i/spike_accel_0/inst/grp_sa_ms_all_conv_block_185_1_fu_481/grp_sa_ms_standard_conv_inplace_fu_485/grp_sa_conv2d_bn_40_71_118_240_333_426_535_1_fu_221/grp_sa_conv2d_bn_40_71_118_240_333_426_535_1_Pipeline_VITIS_LOOP_95_2_VITIS_LOOP_96_s_fu_1030/gmem4_addr_52_read_reg_849_reg[10]_0[1].  Did not re-place instance system_i/spike_accel_0/inst/grp_sa_ms_all_conv_block_185_1_fu_481/grp_sa_ms_standard_conv_inplace_fu_485/grp_sa_conv2d_bn_40_71_118_240_333_426_535_1_fu_221/grp_sa_conv2d_bn_40_71_118_240_333_426_535_1_Pipeline_VITIS_LOOP_95_2_VITIS_LOOP_96_s_fu_1030/mem_reg_i_749
INFO: [Physopt 32-662] Processed net system_i/spike_accel_0/inst/grp_sa_ms_all_conv_block_185_1_fu_481/grp_sa_ms_standard_conv_inplace_fu_485/grp_sa_conv2d_bn_40_71_118_240_333_426_535_1_fu_221/grp_sa_conv2d_bn_40_71_118_240_333_426_535_1_Pipeline_VITIS_LOOP_95_2_VITIS_LOOP_96_s_fu_1030/mem_reg_i_960_n_2.  Did not re-place instance system_i/spike_accel_0/inst/grp_sa_ms_all_conv_block_185_1_fu_481/grp_sa_ms_standard_conv_inplace_fu_485/grp_sa_conv2d_bn_40_71_118_240_333_426_535_1_fu_221/grp_sa_conv2d_bn_40_71_118_240_333_426_535_1_Pipeline_VITIS_LOOP_95_2_VITIS_LOOP_96_s_fu_1030/mem_reg_i_960
INFO: [Physopt 32-662] Processed net system_i/spike_accel_0/inst/grp_sa_ms_all_conv_block_185_1_fu_481/grp_sa_ms_standard_conv_inplace_fu_485/grp_sa_conv2d_bn_40_71_118_240_333_426_535_1_fu_221/grp_sa_conv2d_bn_40_71_118_240_333_426_535_1_Pipeline_VITIS_LOOP_95_2_VITIS_LOOP_96_s_fu_1030/gmem4_addr_52_read_reg_849_reg[11]_0[1].  Did not re-place instance system_i/spike_accel_0/inst/grp_sa_ms_all_conv_block_185_1_fu_481/grp_sa_ms_standard_conv_inplace_fu_485/grp_sa_conv2d_bn_40_71_118_240_333_426_535_1_fu_221/grp_sa_conv2d_bn_40_71_118_240_333_426_535_1_Pipeline_VITIS_LOOP_95_2_VITIS_LOOP_96_s_fu_1030/mem_reg_i_753
INFO: [Physopt 32-662] Processed net system_i/spike_accel_0/inst/grp_sa_ms_all_conv_block_185_1_fu_481/grp_sa_ms_standard_conv_inplace_fu_485/grp_sa_conv2d_bn_40_71_118_240_333_426_535_1_fu_221/grp_sa_conv2d_bn_40_71_118_240_333_426_535_1_Pipeline_VITIS_LOOP_95_2_VITIS_LOOP_96_s_fu_1030/gmem4_addr_52_read_reg_849_reg[22]_0[1].  Did not re-place instance system_i/spike_accel_0/inst/grp_sa_ms_all_conv_block_185_1_fu_481/grp_sa_ms_standard_conv_inplace_fu_485/grp_sa_conv2d_bn_40_71_118_240_333_426_535_1_fu_221/grp_sa_conv2d_bn_40_71_118_240_333_426_535_1_Pipeline_VITIS_LOOP_95_2_VITIS_LOOP_96_s_fu_1030/mem_reg_i_885
INFO: [Physopt 32-662] Processed net system_i/spike_accel_0/inst/grp_sa_ms_all_conv_block_185_1_fu_481/grp_sa_ms_standard_conv_inplace_fu_485/grp_sa_conv2d_bn_40_71_118_240_333_426_535_1_fu_221/grp_sa_conv2d_bn_40_71_118_240_333_426_535_1_Pipeline_VITIS_LOOP_95_2_VITIS_LOOP_96_s_fu_1030/mem_reg_i_1017_n_2.  Did not re-place instance system_i/spike_accel_0/inst/grp_sa_ms_all_conv_block_185_1_fu_481/grp_sa_ms_standard_conv_inplace_fu_485/grp_sa_conv2d_bn_40_71_118_240_333_426_535_1_fu_221/grp_sa_conv2d_bn_40_71_118_240_333_426_535_1_Pipeline_VITIS_LOOP_95_2_VITIS_LOOP_96_s_fu_1030/mem_reg_i_1017
INFO: [Physopt 32-662] Processed net system_i/spike_accel_0/inst/grp_sa_ms_all_conv_block_185_1_fu_481/grp_sa_ms_standard_conv_inplace_fu_485/grp_sa_conv2d_bn_40_71_118_240_333_426_535_1_fu_221/grp_sa_conv2d_bn_40_71_118_240_333_426_535_1_Pipeline_VITIS_LOOP_95_2_VITIS_LOOP_96_s_fu_1030/gmem4_addr_52_read_reg_849_reg[23]_0[1].  Did not re-place instance system_i/spike_accel_0/inst/grp_sa_ms_all_conv_block_185_1_fu_481/grp_sa_ms_standard_conv_inplace_fu_485/grp_sa_conv2d_bn_40_71_118_240_333_426_535_1_fu_221/grp_sa_conv2d_bn_40_71_118_240_333_426_535_1_Pipeline_VITIS_LOOP_95_2_VITIS_LOOP_96_s_fu_1030/mem_reg_i_889
INFO: [Physopt 32-662] Processed net system_i/spike_accel_0/inst/grp_sa_ms_all_conv_block_185_1_fu_481/grp_sa_ms_standard_conv_inplace_fu_485/grp_sa_conv2d_bn_40_71_118_240_333_426_535_1_fu_221/grp_sa_conv2d_bn_40_71_118_240_333_426_535_1_Pipeline_VITIS_LOOP_95_2_VITIS_LOOP_96_s_fu_1030/gmem4_addr_52_read_reg_849_reg[18]_0[3].  Did not re-place instance system_i/spike_accel_0/inst/grp_sa_ms_all_conv_block_185_1_fu_481/grp_sa_ms_standard_conv_inplace_fu_485/grp_sa_conv2d_bn_40_71_118_240_333_426_535_1_fu_221/grp_sa_conv2d_bn_40_71_118_240_333_426_535_1_Pipeline_VITIS_LOOP_95_2_VITIS_LOOP_96_s_fu_1030/mem_reg_i_910
INFO: [Physopt 32-662] Processed net system_i/spike_accel_0/inst/grp_sa_ms_all_conv_block_185_1_fu_481/grp_sa_ms_standard_conv_inplace_fu_485/grp_sa_conv2d_bn_40_71_118_240_333_426_535_1_fu_221/grp_sa_conv2d_bn_40_71_118_240_333_426_535_1_Pipeline_VITIS_LOOP_95_2_VITIS_LOOP_96_s_fu_1030/mem_reg_i_1027_n_2.  Did not re-place instance system_i/spike_accel_0/inst/grp_sa_ms_all_conv_block_185_1_fu_481/grp_sa_ms_standard_conv_inplace_fu_485/grp_sa_conv2d_bn_40_71_118_240_333_426_535_1_fu_221/grp_sa_conv2d_bn_40_71_118_240_333_426_535_1_Pipeline_VITIS_LOOP_95_2_VITIS_LOOP_96_s_fu_1030/mem_reg_i_1027
INFO: [Physopt 32-662] Processed net system_i/spike_accel_0/inst/grp_sa_ms_all_conv_block_185_1_fu_481/grp_sa_ms_standard_conv_inplace_fu_485/grp_sa_conv2d_bn_40_71_118_240_333_426_535_1_fu_221/grp_sa_conv2d_bn_40_71_118_240_333_426_535_1_Pipeline_VITIS_LOOP_95_2_VITIS_LOOP_96_s_fu_1030/gmem4_addr_52_read_reg_849_reg[19]_0[3].  Did not re-place instance system_i/spike_accel_0/inst/grp_sa_ms_all_conv_block_185_1_fu_481/grp_sa_ms_standard_conv_inplace_fu_485/grp_sa_conv2d_bn_40_71_118_240_333_426_535_1_fu_221/grp_sa_conv2d_bn_40_71_118_240_333_426_535_1_Pipeline_VITIS_LOOP_95_2_VITIS_LOOP_96_s_fu_1030/mem_reg_i_914
INFO: [Physopt 32-663] Processed net system_i/spike_accel_0/inst/grp_sa_ms_all_conv_block_185_1_fu_481/grp_sa_ms_standard_conv_inplace_fu_485/grp_sa_conv2d_bn_40_71_118_240_333_426_535_1_fu_221/grp_sa_conv2d_bn_40_71_118_240_333_426_535_1_Pipeline_VITIS_LOOP_95_2_VITIS_LOOP_96_s_fu_1030/gmem4_addr_52_read_reg_849_reg[18]_0[2].  Re-placed instance system_i/spike_accel_0/inst/grp_sa_ms_all_conv_block_185_1_fu_481/grp_sa_ms_standard_conv_inplace_fu_485/grp_sa_conv2d_bn_40_71_118_240_333_426_535_1_fu_221/grp_sa_conv2d_bn_40_71_118_240_333_426_535_1_Pipeline_VITIS_LOOP_95_2_VITIS_LOOP_96_s_fu_1030/mem_reg_i_911
INFO: [Physopt 32-662] Processed net system_i/spike_accel_0/inst/grp_sa_ms_all_conv_block_185_1_fu_481/grp_sa_ms_standard_conv_inplace_fu_485/grp_sa_conv2d_bn_40_71_118_240_333_426_535_1_fu_221/grp_sa_conv2d_bn_40_71_118_240_333_426_535_1_Pipeline_VITIS_LOOP_95_2_VITIS_LOOP_96_s_fu_1030/mem_reg_i_1028_n_2.  Did not re-place instance system_i/spike_accel_0/inst/grp_sa_ms_all_conv_block_185_1_fu_481/grp_sa_ms_standard_conv_inplace_fu_485/grp_sa_conv2d_bn_40_71_118_240_333_426_535_1_fu_221/grp_sa_conv2d_bn_40_71_118_240_333_426_535_1_Pipeline_VITIS_LOOP_95_2_VITIS_LOOP_96_s_fu_1030/mem_reg_i_1028
INFO: [Physopt 32-662] Processed net system_i/spike_accel_0/inst/grp_sa_ms_all_conv_block_185_1_fu_481/grp_sa_ms_standard_conv_inplace_fu_485/grp_sa_conv2d_bn_40_71_118_240_333_426_535_1_fu_221/grp_sa_conv2d_bn_40_71_118_240_333_426_535_1_Pipeline_VITIS_LOOP_95_2_VITIS_LOOP_96_s_fu_1030/gmem4_addr_52_read_reg_849_reg[22]_0[0].  Did not re-place instance system_i/spike_accel_0/inst/grp_sa_ms_all_conv_block_185_1_fu_481/grp_sa_ms_standard_conv_inplace_fu_485/grp_sa_conv2d_bn_40_71_118_240_333_426_535_1_fu_221/grp_sa_conv2d_bn_40_71_118_240_333_426_535_1_Pipeline_VITIS_LOOP_95_2_VITIS_LOOP_96_s_fu_1030/mem_reg_i_886
INFO: [Physopt 32-662] Processed net system_i/spike_accel_0/inst/grp_sa_ms_all_conv_block_185_1_fu_481/grp_sa_ms_standard_conv_inplace_fu_485/grp_sa_conv2d_bn_40_71_118_240_333_426_535_1_fu_221/grp_sa_conv2d_bn_40_71_118_240_333_426_535_1_Pipeline_VITIS_LOOP_95_2_VITIS_LOOP_96_s_fu_1030/mem_reg_i_1018_n_2.  Did not re-place instance system_i/spike_accel_0/inst/grp_sa_ms_all_conv_block_185_1_fu_481/grp_sa_ms_standard_conv_inplace_fu_485/grp_sa_conv2d_bn_40_71_118_240_333_426_535_1_fu_221/grp_sa_conv2d_bn_40_71_118_240_333_426_535_1_Pipeline_VITIS_LOOP_95_2_VITIS_LOOP_96_s_fu_1030/mem_reg_i_1018
INFO: [Physopt 32-662] Processed net system_i/spike_accel_0/inst/grp_sa_ms_all_conv_block_185_1_fu_481/grp_sa_ms_standard_conv_inplace_fu_485/grp_sa_conv2d_bn_40_71_118_240_333_426_535_1_fu_221/grp_sa_conv2d_bn_40_71_118_240_333_426_535_1_Pipeline_VITIS_LOOP_95_2_VITIS_LOOP_96_s_fu_1030/gmem4_addr_52_read_reg_849_reg[23]_0[0].  Did not re-place instance system_i/spike_accel_0/inst/grp_sa_ms_all_conv_block_185_1_fu_481/grp_sa_ms_standard_conv_inplace_fu_485/grp_sa_conv2d_bn_40_71_118_240_333_426_535_1_fu_221/grp_sa_conv2d_bn_40_71_118_240_333_426_535_1_Pipeline_VITIS_LOOP_95_2_VITIS_LOOP_96_s_fu_1030/mem_reg_i_890
INFO: [Physopt 32-662] Processed net system_i/spike_accel_0/inst/grp_sa_ms_all_conv_block_185_1_fu_481/grp_sa_ms_standard_conv_inplace_fu_485/grp_sa_conv2d_bn_40_71_118_240_333_426_535_1_fu_221/grp_sa_conv2d_bn_40_71_118_240_333_426_535_1_Pipeline_VITIS_LOOP_95_2_VITIS_LOOP_96_s_fu_1030/gmem4_addr_52_read_reg_849_reg[22]_0[3].  Did not re-place instance system_i/spike_accel_0/inst/grp_sa_ms_all_conv_block_185_1_fu_481/grp_sa_ms_standard_conv_inplace_fu_485/grp_sa_conv2d_bn_40_71_118_240_333_426_535_1_fu_221/grp_sa_conv2d_bn_40_71_118_240_333_426_535_1_Pipeline_VITIS_LOOP_95_2_VITIS_LOOP_96_s_fu_1030/mem_reg_i_883
INFO: [Physopt 32-662] Processed net system_i/spike_accel_0/inst/grp_sa_ms_all_conv_block_185_1_fu_481/grp_sa_ms_standard_conv_inplace_fu_485/grp_sa_conv2d_bn_40_71_118_240_333_426_535_1_fu_221/grp_sa_conv2d_bn_40_71_118_240_333_426_535_1_Pipeline_VITIS_LOOP_95_2_VITIS_LOOP_96_s_fu_1030/mem_reg_i_1015_n_2.  Did not re-place instance system_i/spike_accel_0/inst/grp_sa_ms_all_conv_block_185_1_fu_481/grp_sa_ms_standard_conv_inplace_fu_485/grp_sa_conv2d_bn_40_71_118_240_333_426_535_1_fu_221/grp_sa_conv2d_bn_40_71_118_240_333_426_535_1_Pipeline_VITIS_LOOP_95_2_VITIS_LOOP_96_s_fu_1030/mem_reg_i_1015
INFO: [Physopt 32-662] Processed net system_i/spike_accel_0/inst/grp_sa_ms_all_conv_block_185_1_fu_481/grp_sa_ms_standard_conv_inplace_fu_485/grp_sa_conv2d_bn_40_71_118_240_333_426_535_1_fu_221/grp_sa_conv2d_bn_40_71_118_240_333_426_535_1_Pipeline_VITIS_LOOP_95_2_VITIS_LOOP_96_s_fu_1030/gmem4_addr_52_read_reg_849_reg[23]_0[3].  Did not re-place instance system_i/spike_accel_0/inst/grp_sa_ms_all_conv_block_185_1_fu_481/grp_sa_ms_standard_conv_inplace_fu_485/grp_sa_conv2d_bn_40_71_118_240_333_426_535_1_fu_221/grp_sa_conv2d_bn_40_71_118_240_333_426_535_1_Pipeline_VITIS_LOOP_95_2_VITIS_LOOP_96_s_fu_1030/mem_reg_i_887
INFO: [Physopt 32-663] Processed net system_i/spike_accel_0/inst/grp_sa_ms_all_conv_block_185_1_fu_481/grp_sa_ms_standard_conv_inplace_1_fu_570/grp_sa_conv2d_bn_40_71_118_240_333_426_535_1_fu_197/grp_sa_conv2d_bn_40_71_118_240_333_426_535_1_Pipeline_VITIS_LOOP_95_2_VITIS_LOOP_96_s_fu_1030/gmem4_addr_52_read_reg_849_reg[6]_0[1].  Re-placed instance system_i/spike_accel_0/inst/grp_sa_ms_all_conv_block_185_1_fu_481/grp_sa_ms_standard_conv_inplace_1_fu_570/grp_sa_conv2d_bn_40_71_118_240_333_426_535_1_fu_197/grp_sa_conv2d_bn_40_71_118_240_333_426_535_1_Pipeline_VITIS_LOOP_95_2_VITIS_LOOP_96_s_fu_1030/mem_reg_i_788
INFO: [Physopt 32-662] Processed net system_i/spike_accel_0/inst/grp_sa_ms_all_conv_block_185_1_fu_481/grp_sa_ms_standard_conv_inplace_1_fu_570/grp_sa_conv2d_bn_40_71_118_240_333_426_535_1_fu_197/grp_sa_conv2d_bn_40_71_118_240_333_426_535_1_Pipeline_VITIS_LOOP_95_2_VITIS_LOOP_96_s_fu_1030/mem_reg_i_976_n_2.  Did not re-place instance system_i/spike_accel_0/inst/grp_sa_ms_all_conv_block_185_1_fu_481/grp_sa_ms_standard_conv_inplace_1_fu_570/grp_sa_conv2d_bn_40_71_118_240_333_426_535_1_fu_197/grp_sa_conv2d_bn_40_71_118_240_333_426_535_1_Pipeline_VITIS_LOOP_95_2_VITIS_LOOP_96_s_fu_1030/mem_reg_i_976
INFO: [Physopt 32-662] Processed net system_i/spike_accel_0/inst/grp_sa_ms_all_conv_block_185_1_fu_481/grp_sa_ms_standard_conv_inplace_1_fu_570/grp_sa_conv2d_bn_40_71_118_240_333_426_535_1_fu_197/grp_sa_conv2d_int_43_74_429_536_1_fu_1003/ap_CS_fsm_reg[13]_0[27].  Did not re-place instance system_i/spike_accel_0/inst/grp_sa_ms_all_conv_block_185_1_fu_481/grp_sa_ms_standard_conv_inplace_1_fu_570/grp_sa_conv2d_bn_40_71_118_240_333_426_535_1_fu_197/grp_sa_conv2d_int_43_74_429_536_1_fu_1003/mem_reg_i_415
INFO: [Physopt 32-662] Processed net system_i/spike_accel_0/inst/grp_sa_ms_all_conv_block_185_1_fu_481/grp_sa_ms_standard_conv_inplace_fu_485/grp_sa_conv2d_bn_40_71_118_240_333_426_535_1_fu_221/grp_sa_conv2d_int_43_74_429_536_1_fu_1003/ap_CS_fsm_reg[5]_28.  Did not re-place instance system_i/spike_accel_0/inst/grp_sa_ms_all_conv_block_185_1_fu_481/grp_sa_ms_standard_conv_inplace_fu_485/grp_sa_conv2d_bn_40_71_118_240_333_426_535_1_fu_221/grp_sa_conv2d_int_43_74_429_536_1_fu_1003/mem_reg_i_232
INFO: [Physopt 32-662] Processed net system_i/spike_accel_0/inst/grp_sa_ms_downsampling_199_1_fu_628/grp_sa_conv2d_bn_40_71_118_240_333_426_535_1_fu_199/grp_sa_conv2d_int_43_74_429_536_1_fu_1003/din[27].  Did not re-place instance system_i/spike_accel_0/inst/grp_sa_ms_downsampling_199_1_fu_628/grp_sa_conv2d_bn_40_71_118_240_333_426_535_1_fu_199/grp_sa_conv2d_int_43_74_429_536_1_fu_1003/mem_reg_i_20__0
INFO: [Physopt 32-662] Processed net system_i/spike_accel_0/inst/grp_sa_ms_downsampling_199_1_fu_628/grp_sa_conv2d_bn_40_71_118_240_333_426_535_1_fu_199/grp_sa_conv2d_int_43_74_429_536_1_fu_1003/mem_reg_i_91_n_2.  Did not re-place instance system_i/spike_accel_0/inst/grp_sa_ms_downsampling_199_1_fu_628/grp_sa_conv2d_bn_40_71_118_240_333_426_535_1_fu_199/grp_sa_conv2d_int_43_74_429_536_1_fu_1003/mem_reg_i_91
INFO: [Physopt 32-662] Processed net system_i/spike_accel_0/inst/grp_sa_ms_all_conv_block_185_1_fu_481/grp_sa_ms_standard_conv_inplace_fu_485/grp_sa_conv2d_bn_40_71_118_240_333_426_535_1_fu_221/grp_sa_conv2d_bn_40_71_118_240_333_426_535_1_Pipeline_VITIS_LOOP_95_2_VITIS_LOOP_96_s_fu_1030/gmem4_addr_52_read_reg_849_reg[19]_0[2].  Did not re-place instance system_i/spike_accel_0/inst/grp_sa_ms_all_conv_block_185_1_fu_481/grp_sa_ms_standard_conv_inplace_fu_485/grp_sa_conv2d_bn_40_71_118_240_333_426_535_1_fu_221/grp_sa_conv2d_bn_40_71_118_240_333_426_535_1_Pipeline_VITIS_LOOP_95_2_VITIS_LOOP_96_s_fu_1030/mem_reg_i_915
INFO: [Physopt 32-662] Processed net system_i/spike_accel_0/inst/grp_sa_ms_all_conv_block_185_1_fu_481/grp_sa_ms_standard_conv_inplace_1_fu_570/grp_sa_conv2d_bn_40_71_118_240_333_426_535_1_fu_197/grp_sa_conv2d_bn_40_71_118_240_333_426_535_1_Pipeline_VITIS_LOOP_95_2_VITIS_LOOP_96_s_fu_1030/gmem4_addr_52_read_reg_849_reg[6]_0[0].  Did not re-place instance system_i/spike_accel_0/inst/grp_sa_ms_all_conv_block_185_1_fu_481/grp_sa_ms_standard_conv_inplace_1_fu_570/grp_sa_conv2d_bn_40_71_118_240_333_426_535_1_fu_197/grp_sa_conv2d_bn_40_71_118_240_333_426_535_1_Pipeline_VITIS_LOOP_95_2_VITIS_LOOP_96_s_fu_1030/mem_reg_i_789
INFO: [Physopt 32-663] Processed net system_i/spike_accel_0/inst/grp_sa_ms_all_conv_block_185_1_fu_481/grp_sa_ms_standard_conv_inplace_1_fu_570/grp_sa_conv2d_bn_40_71_118_240_333_426_535_1_fu_197/grp_sa_conv2d_bn_40_71_118_240_333_426_535_1_Pipeline_VITIS_LOOP_95_2_VITIS_LOOP_96_s_fu_1030/mem_reg_i_977_n_2.  Re-placed instance system_i/spike_accel_0/inst/grp_sa_ms_all_conv_block_185_1_fu_481/grp_sa_ms_standard_conv_inplace_1_fu_570/grp_sa_conv2d_bn_40_71_118_240_333_426_535_1_fu_197/grp_sa_conv2d_bn_40_71_118_240_333_426_535_1_Pipeline_VITIS_LOOP_95_2_VITIS_LOOP_96_s_fu_1030/mem_reg_i_977
INFO: [Physopt 32-662] Processed net system_i/spike_accel_0/inst/grp_sa_ms_all_conv_block_185_1_fu_481/grp_sa_ms_standard_conv_inplace_fu_485/grp_sa_conv2d_bn_40_71_118_240_333_426_535_1_fu_221/grp_sa_conv2d_bn_40_71_118_240_333_426_535_1_Pipeline_VITIS_LOOP_95_2_VITIS_LOOP_96_s_fu_1030/gmem4_addr_52_read_reg_849_reg[14]_0[1].  Did not re-place instance system_i/spike_accel_0/inst/grp_sa_ms_all_conv_block_185_1_fu_481/grp_sa_ms_standard_conv_inplace_fu_485/grp_sa_conv2d_bn_40_71_118_240_333_426_535_1_fu_221/grp_sa_conv2d_bn_40_71_118_240_333_426_535_1_Pipeline_VITIS_LOOP_95_2_VITIS_LOOP_96_s_fu_1030/mem_reg_i_721
INFO: [Physopt 32-663] Processed net system_i/spike_accel_0/inst/grp_sa_ms_all_conv_block_185_1_fu_481/grp_sa_ms_standard_conv_inplace_fu_485/grp_sa_conv2d_bn_40_71_118_240_333_426_535_1_fu_221/grp_sa_conv2d_bn_40_71_118_240_333_426_535_1_Pipeline_VITIS_LOOP_95_2_VITIS_LOOP_96_s_fu_1030/mem_reg_i_945_n_2.  Re-placed instance system_i/spike_accel_0/inst/grp_sa_ms_all_conv_block_185_1_fu_481/grp_sa_ms_standard_conv_inplace_fu_485/grp_sa_conv2d_bn_40_71_118_240_333_426_535_1_fu_221/grp_sa_conv2d_bn_40_71_118_240_333_426_535_1_Pipeline_VITIS_LOOP_95_2_VITIS_LOOP_96_s_fu_1030/mem_reg_i_945
INFO: [Physopt 32-662] Processed net system_i/spike_accel_0/inst/grp_sa_ms_all_conv_block_185_1_fu_481/grp_sa_ms_standard_conv_inplace_1_fu_570/grp_sa_conv2d_bn_40_71_118_240_333_426_535_1_fu_197/grp_sa_conv2d_bn_40_71_118_240_333_426_535_1_Pipeline_VITIS_LOOP_95_2_VITIS_LOOP_96_s_fu_1030/gmem4_addr_52_read_reg_849_reg[14]_0[0].  Did not re-place instance system_i/spike_accel_0/inst/grp_sa_ms_all_conv_block_185_1_fu_481/grp_sa_ms_standard_conv_inplace_1_fu_570/grp_sa_conv2d_bn_40_71_118_240_333_426_535_1_fu_197/grp_sa_conv2d_bn_40_71_118_240_333_426_535_1_Pipeline_VITIS_LOOP_95_2_VITIS_LOOP_96_s_fu_1030/mem_reg_i_730
INFO: [Physopt 32-662] Processed net system_i/spike_accel_0/inst/grp_sa_ms_all_conv_block_185_1_fu_481/grp_sa_ms_standard_conv_inplace_1_fu_570/grp_sa_conv2d_bn_40_71_118_240_333_426_535_1_fu_197/grp_sa_conv2d_bn_40_71_118_240_333_426_535_1_Pipeline_VITIS_LOOP_95_2_VITIS_LOOP_96_s_fu_1030/mem_reg_i_951_n_2.  Did not re-place instance system_i/spike_accel_0/inst/grp_sa_ms_all_conv_block_185_1_fu_481/grp_sa_ms_standard_conv_inplace_1_fu_570/grp_sa_conv2d_bn_40_71_118_240_333_426_535_1_fu_197/grp_sa_conv2d_bn_40_71_118_240_333_426_535_1_Pipeline_VITIS_LOOP_95_2_VITIS_LOOP_96_s_fu_1030/mem_reg_i_951
INFO: [Physopt 32-662] Processed net system_i/spike_accel_0/inst/grp_sa_ms_all_conv_block_185_1_fu_481/grp_sa_ms_standard_conv_inplace_1_fu_570/grp_sa_conv2d_bn_40_71_118_240_333_426_535_1_fu_197/grp_sa_conv2d_bn_40_71_118_240_333_426_535_1_Pipeline_VITIS_LOOP_95_2_VITIS_LOOP_96_s_fu_1030/gmem4_addr_52_read_reg_849_reg[15]_0[0].  Did not re-place instance system_i/spike_accel_0/inst/grp_sa_ms_all_conv_block_185_1_fu_481/grp_sa_ms_standard_conv_inplace_1_fu_570/grp_sa_conv2d_bn_40_71_118_240_333_426_535_1_fu_197/grp_sa_conv2d_bn_40_71_118_240_333_426_535_1_Pipeline_VITIS_LOOP_95_2_VITIS_LOOP_96_s_fu_1030/mem_reg_i_734
INFO: [Physopt 32-662] Processed net system_i/spike_accel_0/inst/grp_sa_ms_all_conv_block_185_1_fu_481/grp_sa_ms_standard_conv_inplace_fu_485/grp_sa_conv2d_bn_40_71_118_240_333_426_535_1_fu_221/grp_sa_conv2d_bn_40_71_118_240_333_426_535_1_Pipeline_VITIS_LOOP_95_2_VITIS_LOOP_96_s_fu_1030/gmem4_addr_52_read_reg_849_reg[18]_0[0].  Did not re-place instance system_i/spike_accel_0/inst/grp_sa_ms_all_conv_block_185_1_fu_481/grp_sa_ms_standard_conv_inplace_fu_485/grp_sa_conv2d_bn_40_71_118_240_333_426_535_1_fu_221/grp_sa_conv2d_bn_40_71_118_240_333_426_535_1_Pipeline_VITIS_LOOP_95_2_VITIS_LOOP_96_s_fu_1030/mem_reg_i_913
INFO: [Physopt 32-662] Processed net system_i/spike_accel_0/inst/grp_sa_ms_all_conv_block_185_1_fu_481/grp_sa_ms_standard_conv_inplace_fu_485/grp_sa_conv2d_bn_40_71_118_240_333_426_535_1_fu_221/grp_sa_conv2d_bn_40_71_118_240_333_426_535_1_Pipeline_VITIS_LOOP_95_2_VITIS_LOOP_96_s_fu_1030/mem_reg_i_947_n_2.  Did not re-place instance system_i/spike_accel_0/inst/grp_sa_ms_all_conv_block_185_1_fu_481/grp_sa_ms_standard_conv_inplace_fu_485/grp_sa_conv2d_bn_40_71_118_240_333_426_535_1_fu_221/grp_sa_conv2d_bn_40_71_118_240_333_426_535_1_Pipeline_VITIS_LOOP_95_2_VITIS_LOOP_96_s_fu_1030/mem_reg_i_947
INFO: [Physopt 32-663] Processed net system_i/spike_accel_0/inst/grp_sa_ms_all_conv_block_185_1_fu_481/grp_sa_ms_standard_conv_inplace_1_fu_570/grp_sa_conv2d_bn_40_71_118_240_333_426_535_1_fu_197/grp_sa_conv2d_bn_40_71_118_240_333_426_535_1_Pipeline_VITIS_LOOP_95_2_VITIS_LOOP_96_s_fu_1030/gmem4_addr_52_read_reg_849_reg[18]_0[0].  Re-placed instance system_i/spike_accel_0/inst/grp_sa_ms_all_conv_block_185_1_fu_481/grp_sa_ms_standard_conv_inplace_1_fu_570/grp_sa_conv2d_bn_40_71_118_240_333_426_535_1_fu_197/grp_sa_conv2d_bn_40_71_118_240_333_426_535_1_Pipeline_VITIS_LOOP_95_2_VITIS_LOOP_96_s_fu_1030/mem_reg_i_921
INFO: [Physopt 32-662] Processed net system_i/spike_accel_0/inst/grp_sa_ms_all_conv_block_185_1_fu_481/grp_sa_ms_standard_conv_inplace_1_fu_570/grp_sa_conv2d_bn_40_71_118_240_333_426_535_1_fu_197/grp_sa_conv2d_bn_40_71_118_240_333_426_535_1_Pipeline_VITIS_LOOP_95_2_VITIS_LOOP_96_s_fu_1030/mem_reg_i_952_n_2.  Did not re-place instance system_i/spike_accel_0/inst/grp_sa_ms_all_conv_block_185_1_fu_481/grp_sa_ms_standard_conv_inplace_1_fu_570/grp_sa_conv2d_bn_40_71_118_240_333_426_535_1_fu_197/grp_sa_conv2d_bn_40_71_118_240_333_426_535_1_Pipeline_VITIS_LOOP_95_2_VITIS_LOOP_96_s_fu_1030/mem_reg_i_952
INFO: [Physopt 32-662] Processed net system_i/spike_accel_0/inst/grp_sa_ms_downsampling_199_1_fu_628/grp_sa_conv2d_bn_40_71_118_240_333_426_535_1_fu_199/grp_sa_conv2d_bn_40_71_118_240_333_426_535_1_Pipeline_VITIS_LOOP_95_2_VITIS_LOOP_96_s_fu_1030/gmem4_addr_52_read_reg_849_reg[10]_0[1].  Did not re-place instance system_i/spike_accel_0/inst/grp_sa_ms_downsampling_199_1_fu_628/grp_sa_conv2d_bn_40_71_118_240_333_426_535_1_fu_199/grp_sa_conv2d_bn_40_71_118_240_333_426_535_1_Pipeline_VITIS_LOOP_95_2_VITIS_LOOP_96_s_fu_1030/mem_reg_i_561
INFO: [Physopt 32-663] Processed net system_i/spike_accel_0/inst/grp_sa_ms_downsampling_199_1_fu_628/grp_sa_conv2d_bn_40_71_118_240_333_426_535_1_fu_199/grp_sa_conv2d_bn_40_71_118_240_333_426_535_1_Pipeline_VITIS_LOOP_95_2_VITIS_LOOP_96_s_fu_1030/mem_reg_i_745_n_2.  Re-placed instance system_i/spike_accel_0/inst/grp_sa_ms_downsampling_199_1_fu_628/grp_sa_conv2d_bn_40_71_118_240_333_426_535_1_fu_199/grp_sa_conv2d_bn_40_71_118_240_333_426_535_1_Pipeline_VITIS_LOOP_95_2_VITIS_LOOP_96_s_fu_1030/mem_reg_i_745
INFO: [Physopt 32-662] Processed net system_i/spike_accel_0/inst/grp_sa_ms_downsampling_199_1_fu_628/grp_sa_conv2d_bn_40_71_118_240_333_426_535_1_fu_199/grp_sa_conv2d_bn_40_71_118_240_333_426_535_1_Pipeline_VITIS_LOOP_95_2_VITIS_LOOP_96_s_fu_1030/gmem4_addr_52_read_reg_849_reg[11]_0[1].  Did not re-place instance system_i/spike_accel_0/inst/grp_sa_ms_downsampling_199_1_fu_628/grp_sa_conv2d_bn_40_71_118_240_333_426_535_1_fu_199/grp_sa_conv2d_bn_40_71_118_240_333_426_535_1_Pipeline_VITIS_LOOP_95_2_VITIS_LOOP_96_s_fu_1030/mem_reg_i_565
INFO: [Physopt 32-662] Processed net system_i/spike_accel_0/inst/grp_sa_ms_downsampling_199_1_fu_628/grp_sa_conv2d_bn_40_71_118_240_333_426_535_1_fu_199/grp_sa_conv2d_int_43_74_429_536_1_fu_1003/grp_sa_conv2d_bn_40_71_118_240_333_426_535_1_fu_199_m_axi_gmem4_WDATA[2].  Did not re-place instance system_i/spike_accel_0/inst/grp_sa_ms_downsampling_199_1_fu_628/grp_sa_conv2d_bn_40_71_118_240_333_426_535_1_fu_199/grp_sa_conv2d_int_43_74_429_536_1_fu_1003/mem_reg_i_511
INFO: [Physopt 32-662] Processed net system_i/spike_accel_0/inst/grp_sa_ms_downsampling_199_1_fu_628/grp_sa_ms_downsampling_199_1_Pipeline_VITIS_LOOP_36_1_VITIS_LOOP_37_2_fu_174/din[2].  Did not re-place instance system_i/spike_accel_0/inst/grp_sa_ms_downsampling_199_1_fu_628/grp_sa_ms_downsampling_199_1_Pipeline_VITIS_LOOP_36_1_VITIS_LOOP_37_2_fu_174/mem_reg_i_35__0
INFO: [Physopt 32-662] Processed net system_i/spike_accel_0/inst/grp_sa_ms_downsampling_199_1_fu_628/grp_sa_ms_downsampling_199_1_Pipeline_VITIS_LOOP_36_1_VITIS_LOOP_37_2_fu_174/grp_sa_ms_downsampling_199_1_fu_628_m_axi_gmem4_WDATA[16].  Did not re-place instance system_i/spike_accel_0/inst/grp_sa_ms_downsampling_199_1_fu_628/grp_sa_ms_downsampling_199_1_Pipeline_VITIS_LOOP_36_1_VITIS_LOOP_37_2_fu_174/mem_reg_i_289
INFO: [Physopt 32-662] Processed net system_i/spike_accel_0/inst/grp_sa_ms_downsampling_199_1_fu_628/grp_sa_ms_downsampling_199_1_Pipeline_VITIS_LOOP_36_1_VITIS_LOOP_37_2_fu_174/mem_reg_i_137__0_n_2.  Did not re-place instance system_i/spike_accel_0/inst/grp_sa_ms_downsampling_199_1_fu_628/grp_sa_ms_downsampling_199_1_Pipeline_VITIS_LOOP_36_1_VITIS_LOOP_37_2_fu_174/mem_reg_i_137__0
INFO: [Physopt 32-662] Processed net system_i/spike_accel_0/inst/grp_sa_conv2d_bn_40_71_118_240_333_426_1_fu_666/grp_sa_conv2d_int_43_74_429_1_fu_366/grp_sa_conv2d_int_43_74_429_1_Pipeline_VITIS_LOOP_97_7_VITIS_LOOP_98_8_VITIS_LOOP_99_fu_97/mem_reg[5][2]_srl6_i_19__0_n_2.  Did not re-place instance system_i/spike_accel_0/inst/grp_sa_conv2d_bn_40_71_118_240_333_426_1_fu_666/grp_sa_conv2d_int_43_74_429_1_fu_366/grp_sa_conv2d_int_43_74_429_1_Pipeline_VITIS_LOOP_97_7_VITIS_LOOP_98_8_VITIS_LOOP_99_fu_97/mem_reg[5][2]_srl6_i_19__0
INFO: [Physopt 32-663] Processed net system_i/spike_accel_0/inst/grp_sa_conv2d_bn_40_71_118_240_333_426_1_fu_666/grp_sa_conv2d_int_43_74_429_1_fu_366/grp_sa_conv2d_int_43_74_429_1_Pipeline_VITIS_LOOP_97_7_VITIS_LOOP_98_8_VITIS_LOOP_99_fu_97_ap_start_reg.  Re-placed instance system_i/spike_accel_0/inst/grp_sa_conv2d_bn_40_71_118_240_333_426_1_fu_666/grp_sa_conv2d_int_43_74_429_1_fu_366/grp_sa_conv2d_int_43_74_429_1_Pipeline_VITIS_LOOP_97_7_VITIS_LOOP_98_8_VITIS_LOOP_99_fu_97_ap_start_reg_reg
INFO: [Physopt 32-662] Processed net system_i/spike_accel_0/inst/grp_sa_conv2d_bn_40_71_118_240_333_426_1_fu_666/grp_sa_conv2d_int_43_74_429_1_fu_366/grp_sa_conv2d_int_43_74_429_1_Pipeline_VITIS_LOOP_97_7_VITIS_LOOP_98_8_VITIS_LOOP_99_fu_97/gmem2_addr_21_reg_8610[62]_i_4_n_2.  Did not re-place instance system_i/spike_accel_0/inst/grp_sa_conv2d_bn_40_71_118_240_333_426_1_fu_666/grp_sa_conv2d_int_43_74_429_1_fu_366/grp_sa_conv2d_int_43_74_429_1_Pipeline_VITIS_LOOP_97_7_VITIS_LOOP_98_8_VITIS_LOOP_99_fu_97/gmem2_addr_21_reg_8610[62]_i_4
INFO: [Physopt 32-662] Processed net system_i/spike_accel_0/inst/grp_sa_conv2d_bn_40_71_118_240_333_426_1_fu_666/grp_sa_conv2d_int_43_74_429_1_fu_366/grp_sa_conv2d_int_43_74_429_1_Pipeline_VITIS_LOOP_97_7_VITIS_LOOP_98_8_VITIS_LOOP_99_fu_97/mul_8s_8s_16_4_1_U391/ap_block_pp0_stage31_11001.  Did not re-place instance system_i/spike_accel_0/inst/grp_sa_conv2d_bn_40_71_118_240_333_426_1_fu_666/grp_sa_conv2d_int_43_74_429_1_fu_366/grp_sa_conv2d_int_43_74_429_1_Pipeline_VITIS_LOOP_97_7_VITIS_LOOP_98_8_VITIS_LOOP_99_fu_97/mul_8s_8s_16_4_1_U391/gmem2_addr_42_reg_9491[62]_i_3
INFO: [Physopt 32-662] Processed net system_i/spike_accel_0/inst/grp_sa_conv2d_bn_40_71_118_240_333_426_1_fu_666/grp_sa_conv2d_int_43_74_429_1_fu_366/grp_sa_conv2d_int_43_74_429_1_Pipeline_VITIS_LOOP_97_7_VITIS_LOOP_98_8_VITIS_LOOP_99_fu_97/mem_reg[5][1]_srl6_i_25_n_2.  Did not re-place instance system_i/spike_accel_0/inst/grp_sa_conv2d_bn_40_71_118_240_333_426_1_fu_666/grp_sa_conv2d_int_43_74_429_1_fu_366/grp_sa_conv2d_int_43_74_429_1_Pipeline_VITIS_LOOP_97_7_VITIS_LOOP_98_8_VITIS_LOOP_99_fu_97/mem_reg[5][1]_srl6_i_25
INFO: [Physopt 32-662] Processed net system_i/spike_accel_0/inst/grp_sa_conv2d_bn_40_71_118_240_333_426_1_fu_666/grp_sa_conv2d_int_43_74_429_1_fu_366/grp_sa_conv2d_int_43_74_429_1_Pipeline_VITIS_LOOP_97_7_VITIS_LOOP_98_8_VITIS_LOOP_99_fu_97/m_axi_gmem2_ARVALID42.  Did not re-place instance system_i/spike_accel_0/inst/grp_sa_conv2d_bn_40_71_118_240_333_426_1_fu_666/grp_sa_conv2d_int_43_74_429_1_fu_366/grp_sa_conv2d_int_43_74_429_1_Pipeline_VITIS_LOOP_97_7_VITIS_LOOP_98_8_VITIS_LOOP_99_fu_97/mem_reg[5][0]_srl6_i_76__1
INFO: [Physopt 32-662] Processed net system_i/spike_accel_0/inst/grp_sa_conv2d_bn_40_71_118_240_333_426_1_fu_666/grp_sa_conv2d_int_43_74_429_1_fu_366/grp_sa_conv2d_int_43_74_429_1_Pipeline_VITIS_LOOP_97_7_VITIS_LOOP_98_8_VITIS_LOOP_99_fu_97/grp_sa_conv2d_bn_40_71_118_240_333_426_1_fu_666_m_axi_gmem2_ARADDR[60].  Did not re-place instance system_i/spike_accel_0/inst/grp_sa_conv2d_bn_40_71_118_240_333_426_1_fu_666/grp_sa_conv2d_int_43_74_429_1_fu_366/grp_sa_conv2d_int_43_74_429_1_Pipeline_VITIS_LOOP_97_7_VITIS_LOOP_98_8_VITIS_LOOP_99_fu_97/mem_reg[5][60]_srl6_i_7__1
INFO: [Physopt 32-662] Processed net system_i/spike_accel_0/inst/grp_sa_conv2d_bn_40_71_118_240_333_426_1_fu_666/grp_sa_conv2d_int_43_74_429_1_fu_366/grp_sa_conv2d_int_43_74_429_1_Pipeline_VITIS_LOOP_97_7_VITIS_LOOP_98_8_VITIS_LOOP_99_fu_97/grp_sa_conv2d_int_43_74_429_1_fu_366_m_axi_gmem2_ARADDR[60].  Did not re-place instance system_i/spike_accel_0/inst/grp_sa_conv2d_bn_40_71_118_240_333_426_1_fu_666/grp_sa_conv2d_int_43_74_429_1_fu_366/grp_sa_conv2d_int_43_74_429_1_Pipeline_VITIS_LOOP_97_7_VITIS_LOOP_98_8_VITIS_LOOP_99_fu_97/mem_reg[5][60]_srl6_i_10__0
INFO: [Physopt 32-663] Processed net system_i/spike_accel_0/inst/grp_sa_conv2d_bn_40_71_118_240_333_426_1_fu_666/grp_sa_conv2d_int_43_74_429_1_fu_366/grp_sa_conv2d_int_43_74_429_1_Pipeline_VITIS_LOOP_97_7_VITIS_LOOP_98_8_VITIS_LOOP_99_fu_97/mem_reg[5][60]_srl6_i_13_n_2.  Re-placed instance system_i/spike_accel_0/inst/grp_sa_conv2d_bn_40_71_118_240_333_426_1_fu_666/grp_sa_conv2d_int_43_74_429_1_fu_366/grp_sa_conv2d_int_43_74_429_1_Pipeline_VITIS_LOOP_97_7_VITIS_LOOP_98_8_VITIS_LOOP_99_fu_97/mem_reg[5][60]_srl6_i_13
INFO: [Physopt 32-662] Processed net system_i/spike_accel_0/inst/grp_sa_ms_all_conv_block_185_1_fu_481/grp_sa_ms_standard_conv_inplace_1_fu_570/grp_sa_conv2d_bn_40_71_118_240_333_426_535_1_fu_197/grp_sa_conv2d_bn_40_71_118_240_333_426_535_1_Pipeline_VITIS_LOOP_95_2_VITIS_LOOP_96_s_fu_1030/gmem4_addr_52_read_reg_849_reg[7]_0[0].  Did not re-place instance system_i/spike_accel_0/inst/grp_sa_ms_all_conv_block_185_1_fu_481/grp_sa_ms_standard_conv_inplace_1_fu_570/grp_sa_conv2d_bn_40_71_118_240_333_426_535_1_fu_197/grp_sa_conv2d_bn_40_71_118_240_333_426_535_1_Pipeline_VITIS_LOOP_95_2_VITIS_LOOP_96_s_fu_1030/mem_reg_i_793
INFO: [Physopt 32-662] Processed net system_i/spike_accel_0/inst/grp_sa_ms_all_conv_block_185_1_fu_481/grp_sa_ms_standard_conv_inplace_1_fu_570/grp_sa_conv2d_bn_40_71_118_240_333_426_535_1_fu_197/grp_sa_conv2d_int_43_74_429_536_1_fu_1003/in[60].  Did not re-place instance system_i/spike_accel_0/inst/grp_sa_ms_all_conv_block_185_1_fu_481/grp_sa_ms_standard_conv_inplace_1_fu_570/grp_sa_conv2d_bn_40_71_118_240_333_426_535_1_fu_197/grp_sa_conv2d_int_43_74_429_536_1_fu_1003/mem_reg[5][60]_srl6_i_1__0
INFO: [Physopt 32-662] Processed net system_i/spike_accel_0/inst/grp_sa_ms_all_conv_block_185_1_fu_481/grp_sa_ms_standard_conv_inplace_1_fu_570/grp_sa_conv2d_bn_40_71_118_240_333_426_535_1_fu_197/grp_sa_conv2d_int_43_74_429_536_1_fu_1003/mem_reg[5][60]_srl6_i_2__0_n_2.  Did not re-place instance system_i/spike_accel_0/inst/grp_sa_ms_all_conv_block_185_1_fu_481/grp_sa_ms_standard_conv_inplace_1_fu_570/grp_sa_conv2d_bn_40_71_118_240_333_426_535_1_fu_197/grp_sa_conv2d_int_43_74_429_536_1_fu_1003/mem_reg[5][60]_srl6_i_2__0
INFO: [Physopt 32-662] Processed net system_i/spike_accel_0/inst/gmem2_m_axi_U/load_unit_0/fifo_rreq/U_fifo_srl/mem_reg[5][60]_srl6_n_2.  Did not re-place instance system_i/spike_accel_0/inst/gmem2_m_axi_U/load_unit_0/fifo_rreq/U_fifo_srl/mem_reg[5][60]_srl6
INFO: [Physopt 32-662] Processed net system_i/spike_accel_0/inst/grp_sa_ms_all_conv_block_185_1_fu_481/grp_sa_ms_standard_conv_inplace_1_fu_570/grp_sa_conv2d_bn_40_71_118_240_333_426_535_1_fu_197/grp_sa_conv2d_bn_40_71_118_240_333_426_535_1_Pipeline_VITIS_LOOP_95_2_VITIS_LOOP_96_s_fu_1030/gmem4_addr_52_read_reg_849_reg[7]_0[1].  Did not re-place instance system_i/spike_accel_0/inst/grp_sa_ms_all_conv_block_185_1_fu_481/grp_sa_ms_standard_conv_inplace_1_fu_570/grp_sa_conv2d_bn_40_71_118_240_333_426_535_1_fu_197/grp_sa_conv2d_bn_40_71_118_240_333_426_535_1_Pipeline_VITIS_LOOP_95_2_VITIS_LOOP_96_s_fu_1030/mem_reg_i_792
INFO: [Physopt 32-662] Processed net system_i/spike_accel_0/inst/grp_sa_spike_sppf_1_fu_684/grp_sa_maxpool_or_1_fu_296/tmp_27_reg_3412.  Did not re-place instance system_i/spike_accel_0/inst/grp_sa_spike_sppf_1_fu_684/grp_sa_maxpool_or_1_fu_296/tmp_27_reg_3412_reg[0]
INFO: [Physopt 32-662] Processed net system_i/spike_accel_0/inst/grp_sa_ms_all_conv_block_185_1_fu_481/grp_sa_ms_standard_conv_inplace_fu_485/grp_sa_conv2d_bn_40_71_118_240_333_426_535_1_fu_221/grp_sa_conv2d_int_43_74_429_536_1_fu_1003/gmem4_addr_reg_325_reg[62][44].  Did not re-place instance system_i/spike_accel_0/inst/grp_sa_ms_all_conv_block_185_1_fu_481/grp_sa_ms_standard_conv_inplace_fu_485/grp_sa_conv2d_bn_40_71_118_240_333_426_535_1_fu_221/grp_sa_conv2d_int_43_74_429_536_1_fu_1003/mem_reg[5][44]_srl6_i_1__2
INFO: [Physopt 32-662] Processed net system_i/spike_accel_0/inst/grp_sa_spike_sppf_1_fu_684/grp_sa_maxpool_or_1_fu_296/grp_sa_maxpool_or_1_fu_296_m_axi_gmem4_ARADDR[44].  Did not re-place instance system_i/spike_accel_0/inst/grp_sa_spike_sppf_1_fu_684/grp_sa_maxpool_or_1_fu_296/mem_reg[5][44]_srl6_i_17__1
INFO: [Physopt 32-662] Processed net system_i/spike_accel_0/inst/grp_sa_spike_sppf_1_fu_684/grp_sa_maxpool_or_1_fu_296/i___75_n_2.  Did not re-place instance system_i/spike_accel_0/inst/grp_sa_spike_sppf_1_fu_684/grp_sa_maxpool_or_1_fu_296/i___75
INFO: [Physopt 32-662] Processed net system_i/spike_accel_0/inst/grp_sa_spike_sppf_1_fu_684/grp_sa_maxpool_or_1_fu_296/mem_reg[5][10]_srl6_i_44_n_2.  Did not re-place instance system_i/spike_accel_0/inst/grp_sa_spike_sppf_1_fu_684/grp_sa_maxpool_or_1_fu_296/mem_reg[5][10]_srl6_i_44
INFO: [Physopt 32-662] Processed net system_i/spike_accel_0/inst/grp_sa_spike_sppf_1_fu_684/grp_sa_maxpool_or_1_fu_296/mem_reg[5][44]_srl6_i_22__2_n_2.  Did not re-place instance system_i/spike_accel_0/inst/grp_sa_spike_sppf_1_fu_684/grp_sa_maxpool_or_1_fu_296/mem_reg[5][44]_srl6_i_22__2
INFO: [Physopt 32-663] Processed net system_i/spike_accel_0/inst/grp_sa_spike_sppf_1_fu_684/grp_sa_maxpool_or_1_fu_296/mem_reg[5][44]_srl6_i_30__0_n_2.  Re-placed instance system_i/spike_accel_0/inst/grp_sa_spike_sppf_1_fu_684/grp_sa_maxpool_or_1_fu_296/mem_reg[5][44]_srl6_i_30__0
INFO: [Physopt 32-662] Processed net system_i/spike_accel_0/inst/grp_sa_spike_sppf_1_fu_684/grp_sa_spike_sppf_1_Pipeline_VITIS_LOOP_133_3_VITIS_LOOP_134_4_fu_317/gmem4_addr_reg_721_reg[44]_0.  Did not re-place instance system_i/spike_accel_0/inst/grp_sa_spike_sppf_1_fu_684/grp_sa_spike_sppf_1_Pipeline_VITIS_LOOP_133_3_VITIS_LOOP_134_4_fu_317/mem_reg[5][44]_srl6_i_11__2
INFO: [Physopt 32-662] Processed net system_i/spike_accel_0/inst/grp_sa_spike_sppf_1_fu_684/grp_sa_spike_sppf_1_Pipeline_VITIS_LOOP_150_6_VITIS_LOOP_151_7_fu_307/gmem4_addr_7_reg_784_reg[44]_0.  Did not re-place instance system_i/spike_accel_0/inst/grp_sa_spike_sppf_1_fu_684/grp_sa_spike_sppf_1_Pipeline_VITIS_LOOP_150_6_VITIS_LOOP_151_7_fu_307/mem_reg[5][44]_srl6_i_3__3
INFO: [Physopt 32-662] Processed net system_i/spike_accel_0/inst/grp_sa_spike_sppf_1_fu_684/grp_sa_spike_sppf_1_Pipeline_VITIS_LOOP_150_6_VITIS_LOOP_151_7_fu_307/mem_reg[5][44]_srl6_i_6__2_n_2.  Did not re-place instance system_i/spike_accel_0/inst/grp_sa_spike_sppf_1_fu_684/grp_sa_spike_sppf_1_Pipeline_VITIS_LOOP_150_6_VITIS_LOOP_151_7_fu_307/mem_reg[5][44]_srl6_i_6__2
INFO: [Physopt 32-662] Processed net system_i/spike_accel_0/inst/gmem4_m_axi_U/load_unit_0/fifo_rreq/U_fifo_srl/mem_reg[5][44]_srl6_n_2.  Did not re-place instance system_i/spike_accel_0/inst/gmem4_m_axi_U/load_unit_0/fifo_rreq/U_fifo_srl/mem_reg[5][44]_srl6
INFO: [Physopt 32-662] Processed net system_i/spike_accel_0/inst/grp_sa_conv2d_bn_40_71_118_240_333_426_1_fu_666/grp_sa_conv2d_int_43_74_429_1_fu_366/grp_sa_conv2d_int_43_74_429_1_Pipeline_VITIS_LOOP_97_7_VITIS_LOOP_98_8_VITIS_LOOP_99_fu_97/m_axi_gmem2_ARVALID19336_out.  Did not re-place instance system_i/spike_accel_0/inst/grp_sa_conv2d_bn_40_71_118_240_333_426_1_fu_666/grp_sa_conv2d_int_43_74_429_1_fu_366/grp_sa_conv2d_int_43_74_429_1_Pipeline_VITIS_LOOP_97_7_VITIS_LOOP_98_8_VITIS_LOOP_99_fu_97/mem_reg[5][0]_srl6_i_14__0
INFO: [Physopt 32-662] Processed net system_i/spike_accel_0/inst/grp_sa_conv2d_bn_40_71_118_240_333_426_1_fu_666/grp_sa_conv2d_int_43_74_429_1_fu_366/grp_sa_conv2d_int_43_74_429_1_Pipeline_VITIS_LOOP_97_7_VITIS_LOOP_98_8_VITIS_LOOP_99_fu_97/flow_control_loop_pipe_sequential_init_U/full_n_reg.  Did not re-place instance system_i/spike_accel_0/inst/grp_sa_conv2d_bn_40_71_118_240_333_426_1_fu_666/grp_sa_conv2d_int_43_74_429_1_fu_366/grp_sa_conv2d_int_43_74_429_1_Pipeline_VITIS_LOOP_97_7_VITIS_LOOP_98_8_VITIS_LOOP_99_fu_97/flow_control_loop_pipe_sequential_init_U/ap_CS_fsm[23]_i_2
INFO: [Physopt 32-662] Processed net system_i/spike_accel_0/inst/gmem4_m_axi_U/store_unit/buff_wdata/full_n_reg_0.  Did not re-place instance system_i/spike_accel_0/inst/gmem4_m_axi_U/store_unit/buff_wdata/full_n_reg
INFO: [Physopt 32-663] Processed net system_i/spike_accel_0/inst/grp_sa_conv2d_bn_40_71_118_240_333_426_1_fu_666/grp_sa_conv2d_int_43_74_429_1_fu_366/grp_sa_conv2d_int_43_74_429_1_Pipeline_VITIS_LOOP_97_7_VITIS_LOOP_98_8_VITIS_LOOP_99_fu_97/flow_control_loop_pipe_sequential_init_U/ap_enable_reg_pp0_iter1_reg.  Re-placed instance system_i/spike_accel_0/inst/grp_sa_conv2d_bn_40_71_118_240_333_426_1_fu_666/grp_sa_conv2d_int_43_74_429_1_fu_366/grp_sa_conv2d_int_43_74_429_1_Pipeline_VITIS_LOOP_97_7_VITIS_LOOP_98_8_VITIS_LOOP_99_fu_97/flow_control_loop_pipe_sequential_init_U/ap_CS_fsm[22]_i_2
INFO: [Physopt 32-662] Processed net system_i/spike_accel_0/inst/grp_sa_conv2d_bn_40_71_118_240_333_426_1_fu_666/grp_sa_conv2d_int_43_74_429_1_fu_366/grp_sa_conv2d_int_43_74_429_1_Pipeline_VITIS_LOOP_97_7_VITIS_LOOP_98_8_VITIS_LOOP_99_fu_97/grp_sa_conv2d_bn_40_71_118_240_333_426_1_fu_666_m_axi_gmem2_ARADDR[17].  Did not re-place instance system_i/spike_accel_0/inst/grp_sa_conv2d_bn_40_71_118_240_333_426_1_fu_666/grp_sa_conv2d_int_43_74_429_1_fu_366/grp_sa_conv2d_int_43_74_429_1_Pipeline_VITIS_LOOP_97_7_VITIS_LOOP_98_8_VITIS_LOOP_99_fu_97/mem_reg[5][17]_srl6_i_7__1
INFO: [Physopt 32-662] Processed net system_i/spike_accel_0/inst/grp_sa_conv2d_bn_40_71_118_240_333_426_1_fu_666/grp_sa_conv2d_int_43_74_429_1_fu_366/grp_sa_conv2d_int_43_74_429_1_Pipeline_VITIS_LOOP_97_7_VITIS_LOOP_98_8_VITIS_LOOP_99_fu_97/grp_sa_conv2d_int_43_74_429_1_fu_366_m_axi_gmem2_ARADDR[17].  Did not re-place instance system_i/spike_accel_0/inst/grp_sa_conv2d_bn_40_71_118_240_333_426_1_fu_666/grp_sa_conv2d_int_43_74_429_1_fu_366/grp_sa_conv2d_int_43_74_429_1_Pipeline_VITIS_LOOP_97_7_VITIS_LOOP_98_8_VITIS_LOOP_99_fu_97/mem_reg[5][17]_srl6_i_10__0
INFO: [Physopt 32-662] Processed net system_i/spike_accel_0/inst/grp_sa_conv2d_bn_40_71_118_240_333_426_1_fu_666/grp_sa_conv2d_int_43_74_429_1_fu_366/grp_sa_conv2d_int_43_74_429_1_Pipeline_VITIS_LOOP_97_7_VITIS_LOOP_98_8_VITIS_LOOP_99_fu_97/mem_reg[5][17]_srl6_i_13_n_2.  Did not re-place instance system_i/spike_accel_0/inst/grp_sa_conv2d_bn_40_71_118_240_333_426_1_fu_666/grp_sa_conv2d_int_43_74_429_1_fu_366/grp_sa_conv2d_int_43_74_429_1_Pipeline_VITIS_LOOP_97_7_VITIS_LOOP_98_8_VITIS_LOOP_99_fu_97/mem_reg[5][17]_srl6_i_13
INFO: [Physopt 32-662] Processed net system_i/spike_accel_0/inst/grp_sa_conv2d_bn_40_71_118_240_333_426_1_fu_666/grp_sa_conv2d_int_43_74_429_1_fu_366/grp_sa_conv2d_int_43_74_429_1_Pipeline_VITIS_LOOP_97_7_VITIS_LOOP_98_8_VITIS_LOOP_99_fu_97/mem_reg[5][17]_srl6_i_21__0_n_2.  Did not re-place instance system_i/spike_accel_0/inst/grp_sa_conv2d_bn_40_71_118_240_333_426_1_fu_666/grp_sa_conv2d_int_43_74_429_1_fu_366/grp_sa_conv2d_int_43_74_429_1_Pipeline_VITIS_LOOP_97_7_VITIS_LOOP_98_8_VITIS_LOOP_99_fu_97/mem_reg[5][17]_srl6_i_21__0
INFO: [Physopt 32-662] Processed net system_i/spike_accel_0/inst/grp_sa_conv2d_bn_40_71_118_240_333_426_1_fu_666/grp_sa_conv2d_int_43_74_429_1_fu_366/grp_sa_conv2d_int_43_74_429_1_Pipeline_VITIS_LOOP_97_7_VITIS_LOOP_98_8_VITIS_LOOP_99_fu_97/mem_reg[5][17]_srl6_i_32_n_2.  Did not re-place instance system_i/spike_accel_0/inst/grp_sa_conv2d_bn_40_71_118_240_333_426_1_fu_666/grp_sa_conv2d_int_43_74_429_1_fu_366/grp_sa_conv2d_int_43_74_429_1_Pipeline_VITIS_LOOP_97_7_VITIS_LOOP_98_8_VITIS_LOOP_99_fu_97/mem_reg[5][17]_srl6_i_32
INFO: [Physopt 32-662] Processed net system_i/spike_accel_0/inst/grp_sa_ms_all_conv_block_185_1_fu_481/grp_sa_ms_standard_conv_inplace_1_fu_570/grp_sa_conv2d_bn_40_71_118_240_333_426_535_1_fu_197/grp_sa_conv2d_int_43_74_429_536_1_fu_1003/in[17].  Did not re-place instance system_i/spike_accel_0/inst/grp_sa_ms_all_conv_block_185_1_fu_481/grp_sa_ms_standard_conv_inplace_1_fu_570/grp_sa_conv2d_bn_40_71_118_240_333_426_535_1_fu_197/grp_sa_conv2d_int_43_74_429_536_1_fu_1003/mem_reg[5][17]_srl6_i_1__0
INFO: [Physopt 32-663] Processed net system_i/spike_accel_0/inst/grp_sa_ms_all_conv_block_185_1_fu_481/grp_sa_ms_standard_conv_inplace_1_fu_570/grp_sa_conv2d_bn_40_71_118_240_333_426_535_1_fu_197/grp_sa_conv2d_int_43_74_429_536_1_fu_1003/mem_reg[5][17]_srl6_i_2__0_n_2.  Re-placed instance system_i/spike_accel_0/inst/grp_sa_ms_all_conv_block_185_1_fu_481/grp_sa_ms_standard_conv_inplace_1_fu_570/grp_sa_conv2d_bn_40_71_118_240_333_426_535_1_fu_197/grp_sa_conv2d_int_43_74_429_536_1_fu_1003/mem_reg[5][17]_srl6_i_2__0
INFO: [Physopt 32-662] Processed net system_i/spike_accel_0/inst/gmem2_m_axi_U/load_unit_0/fifo_rreq/U_fifo_srl/mem_reg[5][17]_srl6_n_2.  Did not re-place instance system_i/spike_accel_0/inst/gmem2_m_axi_U/load_unit_0/fifo_rreq/U_fifo_srl/mem_reg[5][17]_srl6
INFO: [Physopt 32-662] Processed net system_i/spike_accel_0/inst/grp_sa_conv2d_bn_40_71_118_240_333_426_1_fu_666/grp_sa_conv2d_int_43_74_429_1_fu_366/grp_sa_conv2d_int_43_74_429_1_Pipeline_VITIS_LOOP_97_7_VITIS_LOOP_98_8_VITIS_LOOP_99_fu_97/m_axi_gmem2_ARVALID35.  Did not re-place instance system_i/spike_accel_0/inst/grp_sa_conv2d_bn_40_71_118_240_333_426_1_fu_666/grp_sa_conv2d_int_43_74_429_1_fu_366/grp_sa_conv2d_int_43_74_429_1_Pipeline_VITIS_LOOP_97_7_VITIS_LOOP_98_8_VITIS_LOOP_99_fu_97/mem_reg[5][0]_srl6_i_66__0
INFO: [Physopt 32-662] Processed net system_i/spike_accel_0/inst/grp_sa_conv2d_bn_40_71_118_240_333_426_1_fu_666/grp_sa_conv2d_int_43_74_429_1_fu_366/grp_sa_conv2d_int_43_74_429_1_Pipeline_VITIS_LOOP_97_7_VITIS_LOOP_98_8_VITIS_LOOP_99_fu_97/grp_sa_conv2d_bn_40_71_118_240_333_426_1_fu_666_m_axi_gmem2_ARADDR[35].  Did not re-place instance system_i/spike_accel_0/inst/grp_sa_conv2d_bn_40_71_118_240_333_426_1_fu_666/grp_sa_conv2d_int_43_74_429_1_fu_366/grp_sa_conv2d_int_43_74_429_1_Pipeline_VITIS_LOOP_97_7_VITIS_LOOP_98_8_VITIS_LOOP_99_fu_97/mem_reg[5][35]_srl6_i_7__1
INFO: [Physopt 32-662] Processed net system_i/spike_accel_0/inst/grp_sa_conv2d_bn_40_71_118_240_333_426_1_fu_666/grp_sa_conv2d_int_43_74_429_1_fu_366/grp_sa_conv2d_int_43_74_429_1_Pipeline_VITIS_LOOP_97_7_VITIS_LOOP_98_8_VITIS_LOOP_99_fu_97/grp_sa_conv2d_int_43_74_429_1_fu_366_m_axi_gmem2_ARADDR[35].  Did not re-place instance system_i/spike_accel_0/inst/grp_sa_conv2d_bn_40_71_118_240_333_426_1_fu_666/grp_sa_conv2d_int_43_74_429_1_fu_366/grp_sa_conv2d_int_43_74_429_1_Pipeline_VITIS_LOOP_97_7_VITIS_LOOP_98_8_VITIS_LOOP_99_fu_97/mem_reg[5][35]_srl6_i_10__0
INFO: [Physopt 32-663] Processed net system_i/spike_accel_0/inst/grp_sa_conv2d_bn_40_71_118_240_333_426_1_fu_666/grp_sa_conv2d_int_43_74_429_1_fu_366/grp_sa_conv2d_int_43_74_429_1_Pipeline_VITIS_LOOP_97_7_VITIS_LOOP_98_8_VITIS_LOOP_99_fu_97/mem_reg[5][35]_srl6_i_11__0_n_2.  Re-placed instance system_i/spike_accel_0/inst/grp_sa_conv2d_bn_40_71_118_240_333_426_1_fu_666/grp_sa_conv2d_int_43_74_429_1_fu_366/grp_sa_conv2d_int_43_74_429_1_Pipeline_VITIS_LOOP_97_7_VITIS_LOOP_98_8_VITIS_LOOP_99_fu_97/mem_reg[5][35]_srl6_i_11__0
INFO: [Physopt 32-663] Processed net system_i/spike_accel_0/inst/grp_sa_conv2d_bn_40_71_118_240_333_426_1_fu_666/grp_sa_conv2d_int_43_74_429_1_fu_366/grp_sa_conv2d_int_43_74_429_1_Pipeline_VITIS_LOOP_97_7_VITIS_LOOP_98_8_VITIS_LOOP_99_fu_97/mem_reg[5][35]_srl6_i_18_n_2.  Re-placed instance system_i/spike_accel_0/inst/grp_sa_conv2d_bn_40_71_118_240_333_426_1_fu_666/grp_sa_conv2d_int_43_74_429_1_fu_366/grp_sa_conv2d_int_43_74_429_1_Pipeline_VITIS_LOOP_97_7_VITIS_LOOP_98_8_VITIS_LOOP_99_fu_97/mem_reg[5][35]_srl6_i_18
INFO: [Physopt 32-663] Processed net system_i/spike_accel_0/inst/grp_sa_conv2d_bn_40_71_118_240_333_426_1_fu_666/grp_sa_conv2d_int_43_74_429_1_fu_366/grp_sa_conv2d_int_43_74_429_1_Pipeline_VITIS_LOOP_97_7_VITIS_LOOP_98_8_VITIS_LOOP_99_fu_97/mem_reg[5][35]_srl6_i_33__0_n_2.  Re-placed instance system_i/spike_accel_0/inst/grp_sa_conv2d_bn_40_71_118_240_333_426_1_fu_666/grp_sa_conv2d_int_43_74_429_1_fu_366/grp_sa_conv2d_int_43_74_429_1_Pipeline_VITIS_LOOP_97_7_VITIS_LOOP_98_8_VITIS_LOOP_99_fu_97/mem_reg[5][35]_srl6_i_33__0
INFO: [Physopt 32-662] Processed net system_i/spike_accel_0/inst/grp_sa_ms_all_conv_block_185_1_fu_481/grp_sa_ms_standard_conv_inplace_1_fu_570/grp_sa_conv2d_bn_40_71_118_240_333_426_535_1_fu_197/grp_sa_conv2d_int_43_74_429_536_1_fu_1003/in[35].  Did not re-place instance system_i/spike_accel_0/inst/grp_sa_ms_all_conv_block_185_1_fu_481/grp_sa_ms_standard_conv_inplace_1_fu_570/grp_sa_conv2d_bn_40_71_118_240_333_426_535_1_fu_197/grp_sa_conv2d_int_43_74_429_536_1_fu_1003/mem_reg[5][35]_srl6_i_1__0
INFO: [Physopt 32-662] Processed net system_i/spike_accel_0/inst/grp_sa_ms_all_conv_block_185_1_fu_481/grp_sa_ms_standard_conv_inplace_1_fu_570/grp_sa_conv2d_bn_40_71_118_240_333_426_535_1_fu_197/grp_sa_conv2d_int_43_74_429_536_1_fu_1003/mem_reg[5][35]_srl6_i_2__0_n_2.  Did not re-place instance system_i/spike_accel_0/inst/grp_sa_ms_all_conv_block_185_1_fu_481/grp_sa_ms_standard_conv_inplace_1_fu_570/grp_sa_conv2d_bn_40_71_118_240_333_426_535_1_fu_197/grp_sa_conv2d_int_43_74_429_536_1_fu_1003/mem_reg[5][35]_srl6_i_2__0
INFO: [Physopt 32-662] Processed net system_i/spike_accel_0/inst/gmem2_m_axi_U/load_unit_0/fifo_rreq/U_fifo_srl/mem_reg[5][35]_srl6_n_2.  Did not re-place instance system_i/spike_accel_0/inst/gmem2_m_axi_U/load_unit_0/fifo_rreq/U_fifo_srl/mem_reg[5][35]_srl6
INFO: [Physopt 32-662] Processed net system_i/spike_accel_0/inst/grp_sa_conv2d_bn_40_71_118_240_333_426_1_fu_666/grp_sa_conv2d_int_43_74_429_1_fu_366/grp_sa_conv2d_int_43_74_429_1_Pipeline_VITIS_LOOP_97_7_VITIS_LOOP_98_8_VITIS_LOOP_99_fu_97/icmp_ln97_reg_7467_reg[0]_0.  Did not re-place instance system_i/spike_accel_0/inst/grp_sa_conv2d_bn_40_71_118_240_333_426_1_fu_666/grp_sa_conv2d_int_43_74_429_1_fu_366/grp_sa_conv2d_int_43_74_429_1_Pipeline_VITIS_LOOP_97_7_VITIS_LOOP_98_8_VITIS_LOOP_99_fu_97/icmp_ln97_reg_7467_reg[0]
INFO: [Physopt 32-662] Processed net system_i/spike_accel_0/inst/grp_sa_conv2d_bn_40_71_118_240_333_426_1_fu_666/grp_sa_conv2d_int_43_74_429_1_fu_366/grp_sa_conv2d_int_43_74_429_1_Pipeline_VITIS_LOOP_97_7_VITIS_LOOP_98_8_VITIS_LOOP_99_fu_97/m_axi_gmem2_ARVALID36.  Did not re-place instance system_i/spike_accel_0/inst/grp_sa_conv2d_bn_40_71_118_240_333_426_1_fu_666/grp_sa_conv2d_int_43_74_429_1_fu_366/grp_sa_conv2d_int_43_74_429_1_Pipeline_VITIS_LOOP_97_7_VITIS_LOOP_98_8_VITIS_LOOP_99_fu_97/mem_reg[5][0]_srl6_i_65__0
INFO: [Physopt 32-662] Processed net system_i/spike_accel_0/inst/grp_sa_conv2d_bn_40_71_118_240_333_426_1_fu_666/grp_sa_conv2d_int_43_74_429_1_fu_366/grp_sa_conv2d_int_43_74_429_1_Pipeline_VITIS_LOOP_97_7_VITIS_LOOP_98_8_VITIS_LOOP_99_fu_97/mem_reg[5][0]_srl6_i_51__0_n_2.  Did not re-place instance system_i/spike_accel_0/inst/grp_sa_conv2d_bn_40_71_118_240_333_426_1_fu_666/grp_sa_conv2d_int_43_74_429_1_fu_366/grp_sa_conv2d_int_43_74_429_1_Pipeline_VITIS_LOOP_97_7_VITIS_LOOP_98_8_VITIS_LOOP_99_fu_97/mem_reg[5][0]_srl6_i_51__0
INFO: [Physopt 32-662] Processed net system_i/spike_accel_0/inst/grp_sa_conv2d_bn_40_71_118_240_333_426_1_fu_666/grp_sa_conv2d_int_43_74_429_1_fu_366/grp_sa_conv2d_int_43_74_429_1_Pipeline_VITIS_LOOP_97_7_VITIS_LOOP_98_8_VITIS_LOOP_99_fu_97/p_365_in.  Did not re-place instance system_i/spike_accel_0/inst/grp_sa_conv2d_bn_40_71_118_240_333_426_1_fu_666/grp_sa_conv2d_int_43_74_429_1_fu_366/grp_sa_conv2d_int_43_74_429_1_Pipeline_VITIS_LOOP_97_7_VITIS_LOOP_98_8_VITIS_LOOP_99_fu_97/mem_reg[5][0]_srl6_i_102
INFO: [Physopt 32-663] Processed net system_i/spike_accel_0/inst/grp_sa_ms_all_conv_block_185_1_fu_481/grp_sa_ms_standard_conv_inplace_1_fu_570/grp_sa_conv2d_bn_40_71_118_240_333_426_535_1_fu_197/grp_sa_conv2d_bn_40_71_118_240_333_426_535_1_Pipeline_VITIS_LOOP_95_2_VITIS_LOOP_96_s_fu_1030/gmem4_addr_52_read_reg_849_reg[6]_0[2].  Re-placed instance system_i/spike_accel_0/inst/grp_sa_ms_all_conv_block_185_1_fu_481/grp_sa_ms_standard_conv_inplace_1_fu_570/grp_sa_conv2d_bn_40_71_118_240_333_426_535_1_fu_197/grp_sa_conv2d_bn_40_71_118_240_333_426_535_1_Pipeline_VITIS_LOOP_95_2_VITIS_LOOP_96_s_fu_1030/mem_reg_i_787
INFO: [Physopt 32-662] Processed net system_i/spike_accel_0/inst/grp_sa_conv2d_bn_40_71_118_240_333_426_1_fu_666/grp_sa_conv2d_int_43_74_429_1_fu_366/grp_sa_conv2d_int_43_74_429_1_Pipeline_VITIS_LOOP_97_7_VITIS_LOOP_98_8_VITIS_LOOP_99_fu_97/mul_8s_8s_16_4_1_U370/tmp_49_reg_7672_reg[0].  Did not re-place instance system_i/spike_accel_0/inst/grp_sa_conv2d_bn_40_71_118_240_333_426_1_fu_666/grp_sa_conv2d_int_43_74_429_1_fu_366/grp_sa_conv2d_int_43_74_429_1_Pipeline_VITIS_LOOP_97_7_VITIS_LOOP_98_8_VITIS_LOOP_99_fu_97/mul_8s_8s_16_4_1_U370/gmem2_addr_21_reg_8610[62]_i_3
INFO: [Physopt 32-662] Processed net system_i/spike_accel_0/inst/grp_sa_ms_all_conv_block_185_1_fu_481/grp_sa_ms_standard_conv_inplace_1_fu_570/grp_sa_conv2d_bn_40_71_118_240_333_426_535_1_fu_197/grp_sa_conv2d_bn_40_71_118_240_333_426_535_1_Pipeline_VITIS_LOOP_95_2_VITIS_LOOP_96_s_fu_1030/mem_reg_i_975_n_2.  Did not re-place instance system_i/spike_accel_0/inst/grp_sa_ms_all_conv_block_185_1_fu_481/grp_sa_ms_standard_conv_inplace_1_fu_570/grp_sa_conv2d_bn_40_71_118_240_333_426_535_1_fu_197/grp_sa_conv2d_bn_40_71_118_240_333_426_535_1_Pipeline_VITIS_LOOP_95_2_VITIS_LOOP_96_s_fu_1030/mem_reg_i_975
INFO: [Physopt 32-662] Processed net system_i/spike_accel_0/inst/grp_sa_ms_all_conv_block_185_1_fu_481/grp_sa_ms_standard_conv_inplace_1_fu_570/grp_sa_conv2d_bn_40_71_118_240_333_426_535_1_fu_197/grp_sa_conv2d_bn_40_71_118_240_333_426_535_1_Pipeline_VITIS_LOOP_95_2_VITIS_LOOP_96_s_fu_1030/gmem4_addr_52_read_reg_849_reg[7]_0[2].  Did not re-place instance system_i/spike_accel_0/inst/grp_sa_ms_all_conv_block_185_1_fu_481/grp_sa_ms_standard_conv_inplace_1_fu_570/grp_sa_conv2d_bn_40_71_118_240_333_426_535_1_fu_197/grp_sa_conv2d_bn_40_71_118_240_333_426_535_1_Pipeline_VITIS_LOOP_95_2_VITIS_LOOP_96_s_fu_1030/mem_reg_i_791
INFO: [Physopt 32-663] Processed net system_i/spike_accel_0/inst/grp_sa_ms_all_conv_block_185_1_fu_481/grp_sa_ms_standard_conv_inplace_1_fu_570/grp_sa_conv2d_bn_40_71_118_240_333_426_535_1_fu_197/grp_sa_conv2d_bn_40_71_118_240_333_426_535_1_Pipeline_VITIS_LOOP_95_2_VITIS_LOOP_96_s_fu_1030/gmem4_addr_52_read_reg_849_reg[18]_0[1].  Re-placed instance system_i/spike_accel_0/inst/grp_sa_ms_all_conv_block_185_1_fu_481/grp_sa_ms_standard_conv_inplace_1_fu_570/grp_sa_conv2d_bn_40_71_118_240_333_426_535_1_fu_197/grp_sa_conv2d_bn_40_71_118_240_333_426_535_1_Pipeline_VITIS_LOOP_95_2_VITIS_LOOP_96_s_fu_1030/mem_reg_i_920
INFO: [Physopt 32-663] Processed net system_i/spike_accel_0/inst/grp_sa_ms_all_conv_block_185_1_fu_481/grp_sa_ms_standard_conv_inplace_1_fu_570/grp_sa_conv2d_bn_40_71_118_240_333_426_535_1_fu_197/grp_sa_conv2d_bn_40_71_118_240_333_426_535_1_Pipeline_VITIS_LOOP_95_2_VITIS_LOOP_96_s_fu_1030/mem_reg_i_1032_n_2.  Re-placed instance system_i/spike_accel_0/inst/grp_sa_ms_all_conv_block_185_1_fu_481/grp_sa_ms_standard_conv_inplace_1_fu_570/grp_sa_conv2d_bn_40_71_118_240_333_426_535_1_fu_197/grp_sa_conv2d_bn_40_71_118_240_333_426_535_1_Pipeline_VITIS_LOOP_95_2_VITIS_LOOP_96_s_fu_1030/mem_reg_i_1032
INFO: [Physopt 32-662] Processed net system_i/spike_accel_0/inst/grp_sa_ms_all_conv_block_185_1_fu_481/grp_sa_ms_standard_conv_inplace_1_fu_570/grp_sa_conv2d_bn_40_71_118_240_333_426_535_1_fu_197/grp_sa_conv2d_bn_40_71_118_240_333_426_535_1_Pipeline_VITIS_LOOP_95_2_VITIS_LOOP_96_s_fu_1030/gmem4_addr_52_read_reg_849_reg[19]_0[1].  Did not re-place instance system_i/spike_accel_0/inst/grp_sa_ms_all_conv_block_185_1_fu_481/grp_sa_ms_standard_conv_inplace_1_fu_570/grp_sa_conv2d_bn_40_71_118_240_333_426_535_1_fu_197/grp_sa_conv2d_bn_40_71_118_240_333_426_535_1_Pipeline_VITIS_LOOP_95_2_VITIS_LOOP_96_s_fu_1030/mem_reg_i_924
INFO: [Physopt 32-662] Processed net system_i/spike_accel_0/inst/grp_sa_ms_all_conv_block_185_1_fu_481/grp_sa_ms_standard_conv_inplace_fu_485/grp_sa_conv2d_bn_40_71_118_240_333_426_535_1_fu_221/grp_sa_conv2d_bn_40_71_118_240_333_426_535_1_Pipeline_VITIS_LOOP_95_2_VITIS_LOOP_96_s_fu_1030/gmem4_addr_52_read_reg_849_reg[15]_0[1].  Did not re-place instance system_i/spike_accel_0/inst/grp_sa_ms_all_conv_block_185_1_fu_481/grp_sa_ms_standard_conv_inplace_fu_485/grp_sa_conv2d_bn_40_71_118_240_333_426_535_1_fu_221/grp_sa_conv2d_bn_40_71_118_240_333_426_535_1_Pipeline_VITIS_LOOP_95_2_VITIS_LOOP_96_s_fu_1030/mem_reg_i_725
INFO: [Physopt 32-663] Processed net system_i/spike_accel_0/inst/grp_sa_conv2d_bn_40_71_118_240_333_426_535_1_fu_721/grp_sa_conv2d_bn_40_71_118_240_333_426_535_1_Pipeline_VITIS_LOOP_95_2_VITIS_LOOP_96_s_fu_1030/gmem4_addr_52_read_reg_849_reg[6]_0[3].  Re-placed instance system_i/spike_accel_0/inst/grp_sa_conv2d_bn_40_71_118_240_333_426_535_1_fu_721/grp_sa_conv2d_bn_40_71_118_240_333_426_535_1_Pipeline_VITIS_LOOP_95_2_VITIS_LOOP_96_s_fu_1030/mem_reg_i_373
INFO: [Physopt 32-663] Processed net system_i/spike_accel_0/inst/grp_sa_conv2d_bn_40_71_118_240_333_426_535_1_fu_721/grp_sa_conv2d_bn_40_71_118_240_333_426_535_1_Pipeline_VITIS_LOOP_95_2_VITIS_LOOP_96_s_fu_1030/mem_reg_i_597_n_2.  Re-placed instance system_i/spike_accel_0/inst/grp_sa_conv2d_bn_40_71_118_240_333_426_535_1_fu_721/grp_sa_conv2d_bn_40_71_118_240_333_426_535_1_Pipeline_VITIS_LOOP_95_2_VITIS_LOOP_96_s_fu_1030/mem_reg_i_597
INFO: [Physopt 32-662] Processed net system_i/spike_accel_0/inst/grp_sa_conv2d_bn_40_71_118_240_333_426_535_1_fu_721/grp_sa_conv2d_bn_40_71_118_240_333_426_535_1_Pipeline_VITIS_LOOP_95_2_VITIS_LOOP_96_s_fu_1030/gmem4_addr_52_read_reg_849_reg[7]_0[3].  Did not re-place instance system_i/spike_accel_0/inst/grp_sa_conv2d_bn_40_71_118_240_333_426_535_1_fu_721/grp_sa_conv2d_bn_40_71_118_240_333_426_535_1_Pipeline_VITIS_LOOP_95_2_VITIS_LOOP_96_s_fu_1030/mem_reg_i_377
INFO: [Physopt 32-662] Processed net system_i/spike_accel_0/inst/grp_sa_conv2d_bn_40_71_118_240_333_426_535_1_fu_721/grp_sa_conv2d_int_43_74_429_536_1_fu_1003/grp_sa_conv2d_bn_40_71_118_240_333_426_535_1_fu_721_m_axi_gmem4_WDATA[21].  Did not re-place instance system_i/spike_accel_0/inst/grp_sa_conv2d_bn_40_71_118_240_333_426_535_1_fu_721/grp_sa_conv2d_int_43_74_429_536_1_fu_1003/mem_reg_i_124
INFO: [Physopt 32-662] Processed net system_i/spike_accel_0/inst/grp_sa_conv2d_bn_40_71_118_240_333_426_535_1_fu_721/grp_sa_conv2d_int_43_74_429_536_1_fu_1003/grp_sa_conv2d_bn_40_71_118_240_333_426_535_1_fu_721_m_axi_gmem4_WDATA[29].  Did not re-place instance system_i/spike_accel_0/inst/grp_sa_conv2d_bn_40_71_118_240_333_426_535_1_fu_721/grp_sa_conv2d_int_43_74_429_536_1_fu_1003/mem_reg_i_99
INFO: [Physopt 32-662] Processed net system_i/spike_accel_0/inst/grp_sa_ms_downsampling_199_1_fu_628/grp_sa_conv2d_bn_40_71_118_240_333_426_535_1_fu_199/grp_sa_conv2d_int_43_74_429_536_1_fu_1003/din[18].  Did not re-place instance system_i/spike_accel_0/inst/grp_sa_ms_downsampling_199_1_fu_628/grp_sa_conv2d_bn_40_71_118_240_333_426_535_1_fu_199/grp_sa_conv2d_int_43_74_429_536_1_fu_1003/mem_reg_i_30__0
INFO: [Physopt 32-662] Processed net system_i/spike_accel_0/inst/grp_sa_ms_downsampling_199_1_fu_628/grp_sa_conv2d_bn_40_71_118_240_333_426_535_1_fu_199/grp_sa_conv2d_int_43_74_429_536_1_fu_1003/din[25].  Did not re-place instance system_i/spike_accel_0/inst/grp_sa_ms_downsampling_199_1_fu_628/grp_sa_conv2d_bn_40_71_118_240_333_426_535_1_fu_199/grp_sa_conv2d_int_43_74_429_536_1_fu_1003/mem_reg_i_22__0
INFO: [Physopt 32-662] Processed net system_i/spike_accel_0/inst/grp_sa_ms_all_conv_block_185_1_fu_481/grp_sa_ms_all_conv_block_185_1_Pipeline_VITIS_LOOP_85_11_fu_608/grp_sa_ms_all_conv_block_185_1_fu_481_m_axi_gmem3_WDATA[15].  Did not re-place instance system_i/spike_accel_0/inst/grp_sa_ms_all_conv_block_185_1_fu_481/grp_sa_ms_all_conv_block_185_1_Pipeline_VITIS_LOOP_85_11_fu_608/mem_reg_i_103
INFO: [Physopt 32-662] Processed net system_i/spike_accel_0/inst/grp_sa_ms_all_conv_block_185_1_fu_481/grp_sa_ms_all_conv_block_185_1_Pipeline_VITIS_LOOP_85_1_fu_552/mem_reg_i_241_n_2.  Did not re-place instance system_i/spike_accel_0/inst/grp_sa_ms_all_conv_block_185_1_fu_481/grp_sa_ms_all_conv_block_185_1_Pipeline_VITIS_LOOP_85_1_fu_552/mem_reg_i_241
INFO: [Physopt 32-662] Processed net system_i/spike_accel_0/inst/grp_sa_ms_all_conv_block_185_1_fu_481/grp_sa_ms_standard_conv_inplace_fu_485/grp_sa_conv2d_bn_40_71_118_240_333_426_535_1_fu_221/grp_sa_conv2d_bn_40_71_118_240_333_426_535_1_Pipeline_VITIS_LOOP_116_7_fu_1058/ap_CS_fsm_reg[8]_14.  Did not re-place instance system_i/spike_accel_0/inst/grp_sa_ms_all_conv_block_185_1_fu_481/grp_sa_ms_standard_conv_inplace_fu_485/grp_sa_conv2d_bn_40_71_118_240_333_426_535_1_fu_221/grp_sa_conv2d_bn_40_71_118_240_333_426_535_1_Pipeline_VITIS_LOOP_116_7_fu_1058/mem_reg_i_139
INFO: [Physopt 32-662] Processed net system_i/spike_accel_0/inst/grp_sa_ms_downsampling_199_1_fu_628/grp_sa_conv2d_bn_40_71_118_240_333_426_535_1_fu_199/grp_sa_conv2d_bn_40_71_118_240_333_426_535_1_Pipeline_VITIS_LOOP_116_7_fu_1058/mem_reg_i_37__1_n_2.  Did not re-place instance system_i/spike_accel_0/inst/grp_sa_ms_downsampling_199_1_fu_628/grp_sa_conv2d_bn_40_71_118_240_333_426_535_1_fu_199/grp_sa_conv2d_bn_40_71_118_240_333_426_535_1_Pipeline_VITIS_LOOP_116_7_fu_1058/mem_reg_i_37__1
INFO: [Physopt 32-662] Processed net system_i/spike_accel_0/inst/grp_sa_ms_downsampling_199_1_fu_628/grp_sa_conv2d_bn_40_71_118_240_333_426_535_1_fu_199/grp_sa_conv2d_bn_40_71_118_240_333_426_535_1_Pipeline_VITIS_LOOP_116_7_fu_1058/v_25_reg_447_reg[31]_0[15].  Did not re-place instance system_i/spike_accel_0/inst/grp_sa_ms_downsampling_199_1_fu_628/grp_sa_conv2d_bn_40_71_118_240_333_426_535_1_fu_199/grp_sa_conv2d_bn_40_71_118_240_333_426_535_1_Pipeline_VITIS_LOOP_116_7_fu_1058/mem_reg_i_4__3
INFO: [Physopt 32-662] Processed net system_i/spike_accel_0/inst/grp_sa_ms_all_conv_block_185_1_fu_481/grp_sa_ms_standard_conv_inplace_1_fu_570/grp_sa_conv2d_bn_40_71_118_240_333_426_535_1_fu_197/grp_sa_conv2d_bn_40_71_118_240_333_426_535_1_Pipeline_VITIS_LOOP_95_2_VITIS_LOOP_96_s_fu_1030/gmem4_addr_52_read_reg_849_reg[10]_0[2].  Did not re-place instance system_i/spike_accel_0/inst/grp_sa_ms_all_conv_block_185_1_fu_481/grp_sa_ms_standard_conv_inplace_1_fu_570/grp_sa_conv2d_bn_40_71_118_240_333_426_535_1_fu_197/grp_sa_conv2d_bn_40_71_118_240_333_426_535_1_Pipeline_VITIS_LOOP_95_2_VITIS_LOOP_96_s_fu_1030/mem_reg_i_756
INFO: [Physopt 32-662] Processed net system_i/spike_accel_0/inst/grp_sa_ms_all_conv_block_185_1_fu_481/grp_sa_ms_standard_conv_inplace_1_fu_570/grp_sa_conv2d_bn_40_71_118_240_333_426_535_1_fu_197/grp_sa_conv2d_bn_40_71_118_240_333_426_535_1_Pipeline_VITIS_LOOP_95_2_VITIS_LOOP_96_s_fu_1030/mem_reg_i_963_n_2.  Did not re-place instance system_i/spike_accel_0/inst/grp_sa_ms_all_conv_block_185_1_fu_481/grp_sa_ms_standard_conv_inplace_1_fu_570/grp_sa_conv2d_bn_40_71_118_240_333_426_535_1_fu_197/grp_sa_conv2d_bn_40_71_118_240_333_426_535_1_Pipeline_VITIS_LOOP_95_2_VITIS_LOOP_96_s_fu_1030/mem_reg_i_963
INFO: [Physopt 32-662] Processed net system_i/spike_accel_0/inst/grp_sa_conv2d_bn_40_71_118_240_333_426_1_fu_666/grp_sa_conv2d_int_43_74_429_1_fu_366/grp_sa_conv2d_int_43_74_429_1_Pipeline_VITIS_LOOP_97_7_VITIS_LOOP_98_8_VITIS_LOOP_99_fu_97/mul_8s_8s_16_4_1_U386/ap_block_pp0_stage26_11001.  Did not re-place instance system_i/spike_accel_0/inst/grp_sa_conv2d_bn_40_71_118_240_333_426_1_fu_666/grp_sa_conv2d_int_43_74_429_1_fu_366/grp_sa_conv2d_int_43_74_429_1_Pipeline_VITIS_LOOP_97_7_VITIS_LOOP_98_8_VITIS_LOOP_99_fu_97/mul_8s_8s_16_4_1_U386/gmem2_addr_30_reg_8989[62]_i_3
INFO: [Physopt 32-662] Processed net system_i/spike_accel_0/inst/grp_sa_conv2d_bn_40_71_118_240_333_426_1_fu_666/grp_sa_conv2d_int_43_74_429_1_fu_366/grp_sa_conv2d_int_43_74_429_1_Pipeline_VITIS_LOOP_97_7_VITIS_LOOP_98_8_VITIS_LOOP_99_fu_97/m_axi_gmem2_ARVALID37.  Did not re-place instance system_i/spike_accel_0/inst/grp_sa_conv2d_bn_40_71_118_240_333_426_1_fu_666/grp_sa_conv2d_int_43_74_429_1_fu_366/grp_sa_conv2d_int_43_74_429_1_Pipeline_VITIS_LOOP_97_7_VITIS_LOOP_98_8_VITIS_LOOP_99_fu_97/mem_reg[5][0]_srl6_i_64
INFO: [Physopt 32-662] Processed net system_i/spike_accel_0/inst/grp_sa_conv2d_bn_40_71_118_240_333_426_1_fu_666/grp_sa_conv2d_int_43_74_429_1_fu_366/grp_sa_conv2d_int_43_74_429_1_Pipeline_VITIS_LOOP_97_7_VITIS_LOOP_98_8_VITIS_LOOP_99_fu_97/grp_sa_conv2d_bn_40_71_118_240_333_426_1_fu_666_m_axi_gmem2_ARADDR[28].  Did not re-place instance system_i/spike_accel_0/inst/grp_sa_conv2d_bn_40_71_118_240_333_426_1_fu_666/grp_sa_conv2d_int_43_74_429_1_fu_366/grp_sa_conv2d_int_43_74_429_1_Pipeline_VITIS_LOOP_97_7_VITIS_LOOP_98_8_VITIS_LOOP_99_fu_97/mem_reg[5][28]_srl6_i_7__1
INFO: [Physopt 32-662] Processed net system_i/spike_accel_0/inst/grp_sa_conv2d_bn_40_71_118_240_333_426_1_fu_666/grp_sa_conv2d_int_43_74_429_1_fu_366/grp_sa_conv2d_int_43_74_429_1_Pipeline_VITIS_LOOP_97_7_VITIS_LOOP_98_8_VITIS_LOOP_99_fu_97/grp_sa_conv2d_int_43_74_429_1_fu_366_m_axi_gmem2_ARADDR[28].  Did not re-place instance system_i/spike_accel_0/inst/grp_sa_conv2d_bn_40_71_118_240_333_426_1_fu_666/grp_sa_conv2d_int_43_74_429_1_fu_366/grp_sa_conv2d_int_43_74_429_1_Pipeline_VITIS_LOOP_97_7_VITIS_LOOP_98_8_VITIS_LOOP_99_fu_97/mem_reg[5][28]_srl6_i_10__0
INFO: [Physopt 32-663] Processed net system_i/spike_accel_0/inst/grp_sa_conv2d_bn_40_71_118_240_333_426_1_fu_666/grp_sa_conv2d_int_43_74_429_1_fu_366/grp_sa_conv2d_int_43_74_429_1_Pipeline_VITIS_LOOP_97_7_VITIS_LOOP_98_8_VITIS_LOOP_99_fu_97/mem_reg[5][28]_srl6_i_11__0_n_2.  Re-placed instance system_i/spike_accel_0/inst/grp_sa_conv2d_bn_40_71_118_240_333_426_1_fu_666/grp_sa_conv2d_int_43_74_429_1_fu_366/grp_sa_conv2d_int_43_74_429_1_Pipeline_VITIS_LOOP_97_7_VITIS_LOOP_98_8_VITIS_LOOP_99_fu_97/mem_reg[5][28]_srl6_i_11__0
INFO: [Physopt 32-662] Processed net system_i/spike_accel_0/inst/grp_sa_conv2d_bn_40_71_118_240_333_426_1_fu_666/grp_sa_conv2d_int_43_74_429_1_fu_366/grp_sa_conv2d_int_43_74_429_1_Pipeline_VITIS_LOOP_97_7_VITIS_LOOP_98_8_VITIS_LOOP_99_fu_97/mem_reg[5][28]_srl6_i_17_n_2.  Did not re-place instance system_i/spike_accel_0/inst/grp_sa_conv2d_bn_40_71_118_240_333_426_1_fu_666/grp_sa_conv2d_int_43_74_429_1_fu_366/grp_sa_conv2d_int_43_74_429_1_Pipeline_VITIS_LOOP_97_7_VITIS_LOOP_98_8_VITIS_LOOP_99_fu_97/mem_reg[5][28]_srl6_i_17
INFO: [Physopt 32-663] Processed net system_i/spike_accel_0/inst/grp_sa_conv2d_bn_40_71_118_240_333_426_1_fu_666/grp_sa_conv2d_int_43_74_429_1_fu_366/grp_sa_conv2d_int_43_74_429_1_Pipeline_VITIS_LOOP_97_7_VITIS_LOOP_98_8_VITIS_LOOP_99_fu_97/mem_reg[5][28]_srl6_i_24__0_n_2.  Re-placed instance system_i/spike_accel_0/inst/grp_sa_conv2d_bn_40_71_118_240_333_426_1_fu_666/grp_sa_conv2d_int_43_74_429_1_fu_366/grp_sa_conv2d_int_43_74_429_1_Pipeline_VITIS_LOOP_97_7_VITIS_LOOP_98_8_VITIS_LOOP_99_fu_97/mem_reg[5][28]_srl6_i_24__0
INFO: [Physopt 32-662] Processed net system_i/spike_accel_0/inst/grp_sa_ms_all_conv_block_185_1_fu_481/grp_sa_ms_standard_conv_inplace_1_fu_570/grp_sa_conv2d_bn_40_71_118_240_333_426_535_1_fu_197/grp_sa_conv2d_int_43_74_429_536_1_fu_1003/in[28].  Did not re-place instance system_i/spike_accel_0/inst/grp_sa_ms_all_conv_block_185_1_fu_481/grp_sa_ms_standard_conv_inplace_1_fu_570/grp_sa_conv2d_bn_40_71_118_240_333_426_535_1_fu_197/grp_sa_conv2d_int_43_74_429_536_1_fu_1003/mem_reg[5][28]_srl6_i_1__0
INFO: [Physopt 32-662] Processed net system_i/spike_accel_0/inst/grp_sa_ms_all_conv_block_185_1_fu_481/grp_sa_ms_standard_conv_inplace_1_fu_570/grp_sa_conv2d_bn_40_71_118_240_333_426_535_1_fu_197/grp_sa_conv2d_int_43_74_429_536_1_fu_1003/mem_reg[5][28]_srl6_i_2__0_n_2.  Did not re-place instance system_i/spike_accel_0/inst/grp_sa_ms_all_conv_block_185_1_fu_481/grp_sa_ms_standard_conv_inplace_1_fu_570/grp_sa_conv2d_bn_40_71_118_240_333_426_535_1_fu_197/grp_sa_conv2d_int_43_74_429_536_1_fu_1003/mem_reg[5][28]_srl6_i_2__0
INFO: [Physopt 32-662] Processed net system_i/spike_accel_0/inst/gmem2_m_axi_U/load_unit_0/fifo_rreq/U_fifo_srl/mem_reg[5][28]_srl6_n_2.  Did not re-place instance system_i/spike_accel_0/inst/gmem2_m_axi_U/load_unit_0/fifo_rreq/U_fifo_srl/mem_reg[5][28]_srl6
INFO: [Physopt 32-662] Processed net system_i/spike_accel_0/inst/grp_sa_ms_all_conv_block_185_1_fu_481/grp_sa_ms_all_conv_block_185_1_Pipeline_VITIS_LOOP_85_1_fu_552/mem_reg_i_242_n_2.  Did not re-place instance system_i/spike_accel_0/inst/grp_sa_ms_all_conv_block_185_1_fu_481/grp_sa_ms_all_conv_block_185_1_Pipeline_VITIS_LOOP_85_1_fu_552/mem_reg_i_242
INFO: [Physopt 32-662] Processed net system_i/spike_accel_0/inst/grp_sa_ms_all_conv_block_185_1_fu_481/grp_sa_ms_standard_conv_inplace_1_fu_570/grp_sa_conv2d_bn_40_71_118_240_333_426_535_1_fu_197/grp_sa_conv2d_bn_40_71_118_240_333_426_535_1_Pipeline_VITIS_LOOP_95_2_VITIS_LOOP_96_s_fu_1030/gmem4_addr_52_read_reg_849_reg[18]_0[3].  Did not re-place instance system_i/spike_accel_0/inst/grp_sa_ms_all_conv_block_185_1_fu_481/grp_sa_ms_standard_conv_inplace_1_fu_570/grp_sa_conv2d_bn_40_71_118_240_333_426_535_1_fu_197/grp_sa_conv2d_bn_40_71_118_240_333_426_535_1_Pipeline_VITIS_LOOP_95_2_VITIS_LOOP_96_s_fu_1030/mem_reg_i_918
INFO: [Physopt 32-662] Processed net system_i/spike_accel_0/inst/grp_sa_ms_all_conv_block_185_1_fu_481/grp_sa_ms_standard_conv_inplace_1_fu_570/grp_sa_conv2d_bn_40_71_118_240_333_426_535_1_fu_197/grp_sa_conv2d_bn_40_71_118_240_333_426_535_1_Pipeline_VITIS_LOOP_95_2_VITIS_LOOP_96_s_fu_1030/mem_reg_i_1030_n_2.  Did not re-place instance system_i/spike_accel_0/inst/grp_sa_ms_all_conv_block_185_1_fu_481/grp_sa_ms_standard_conv_inplace_1_fu_570/grp_sa_conv2d_bn_40_71_118_240_333_426_535_1_fu_197/grp_sa_conv2d_bn_40_71_118_240_333_426_535_1_Pipeline_VITIS_LOOP_95_2_VITIS_LOOP_96_s_fu_1030/mem_reg_i_1030
INFO: [Physopt 32-662] Processed net system_i/spike_accel_0/inst/grp_sa_ms_all_conv_block_185_1_fu_481/grp_sa_ms_standard_conv_inplace_1_fu_570/grp_sa_conv2d_bn_40_71_118_240_333_426_535_1_fu_197/grp_sa_conv2d_bn_40_71_118_240_333_426_535_1_Pipeline_VITIS_LOOP_95_2_VITIS_LOOP_96_s_fu_1030/gmem4_addr_52_read_reg_849_reg[19]_0[3].  Did not re-place instance system_i/spike_accel_0/inst/grp_sa_ms_all_conv_block_185_1_fu_481/grp_sa_ms_standard_conv_inplace_1_fu_570/grp_sa_conv2d_bn_40_71_118_240_333_426_535_1_fu_197/grp_sa_conv2d_bn_40_71_118_240_333_426_535_1_Pipeline_VITIS_LOOP_95_2_VITIS_LOOP_96_s_fu_1030/mem_reg_i_922
INFO: [Physopt 32-662] Processed net system_i/spike_accel_0/inst/grp_sa_conv2d_bn_40_71_118_240_333_426_1_fu_666/grp_sa_conv2d_int_43_74_429_1_fu_366/grp_sa_conv2d_int_43_74_429_1_Pipeline_VITIS_LOOP_97_7_VITIS_LOOP_98_8_VITIS_LOOP_99_fu_97/mem_reg[5][5]_srl6_i_14__0_n_2.  Did not re-place instance system_i/spike_accel_0/inst/grp_sa_conv2d_bn_40_71_118_240_333_426_1_fu_666/grp_sa_conv2d_int_43_74_429_1_fu_366/grp_sa_conv2d_int_43_74_429_1_Pipeline_VITIS_LOOP_97_7_VITIS_LOOP_98_8_VITIS_LOOP_99_fu_97/mem_reg[5][5]_srl6_i_14__0
INFO: [Physopt 32-662] Processed net system_i/spike_accel_0/inst/grp_sa_conv2d_bn_40_71_118_240_333_426_1_fu_666/grp_sa_conv2d_int_43_74_429_1_fu_366/grp_sa_conv2d_int_43_74_429_1_Pipeline_VITIS_LOOP_97_7_VITIS_LOOP_98_8_VITIS_LOOP_99_fu_97/grp_sa_conv2d_bn_40_71_118_240_333_426_1_fu_666_m_axi_gmem2_ARADDR[10].  Did not re-place instance system_i/spike_accel_0/inst/grp_sa_conv2d_bn_40_71_118_240_333_426_1_fu_666/grp_sa_conv2d_int_43_74_429_1_fu_366/grp_sa_conv2d_int_43_74_429_1_Pipeline_VITIS_LOOP_97_7_VITIS_LOOP_98_8_VITIS_LOOP_99_fu_97/mem_reg[5][10]_srl6_i_7__1
INFO: [Physopt 32-662] Processed net system_i/spike_accel_0/inst/grp_sa_conv2d_bn_40_71_118_240_333_426_1_fu_666/grp_sa_conv2d_int_43_74_429_1_fu_366/grp_sa_conv2d_int_43_74_429_1_Pipeline_VITIS_LOOP_97_7_VITIS_LOOP_98_8_VITIS_LOOP_99_fu_97/grp_sa_conv2d_int_43_74_429_1_fu_366_m_axi_gmem2_ARADDR[10].  Did not re-place instance system_i/spike_accel_0/inst/grp_sa_conv2d_bn_40_71_118_240_333_426_1_fu_666/grp_sa_conv2d_int_43_74_429_1_fu_366/grp_sa_conv2d_int_43_74_429_1_Pipeline_VITIS_LOOP_97_7_VITIS_LOOP_98_8_VITIS_LOOP_99_fu_97/mem_reg[5][10]_srl6_i_10__0
INFO: [Physopt 32-662] Processed net system_i/spike_accel_0/inst/grp_sa_conv2d_bn_40_71_118_240_333_426_1_fu_666/grp_sa_conv2d_int_43_74_429_1_fu_366/grp_sa_conv2d_int_43_74_429_1_Pipeline_VITIS_LOOP_97_7_VITIS_LOOP_98_8_VITIS_LOOP_99_fu_97/mem_reg[5][10]_srl6_i_11__0_n_2.  Did not re-place instance system_i/spike_accel_0/inst/grp_sa_conv2d_bn_40_71_118_240_333_426_1_fu_666/grp_sa_conv2d_int_43_74_429_1_fu_366/grp_sa_conv2d_int_43_74_429_1_Pipeline_VITIS_LOOP_97_7_VITIS_LOOP_98_8_VITIS_LOOP_99_fu_97/mem_reg[5][10]_srl6_i_11__0
INFO: [Physopt 32-662] Processed net system_i/spike_accel_0/inst/grp_sa_ms_all_conv_block_185_1_fu_481/grp_sa_ms_standard_conv_inplace_1_fu_570/grp_sa_conv2d_bn_40_71_118_240_333_426_535_1_fu_197/grp_sa_conv2d_int_43_74_429_536_1_fu_1003/in[10].  Did not re-place instance system_i/spike_accel_0/inst/grp_sa_ms_all_conv_block_185_1_fu_481/grp_sa_ms_standard_conv_inplace_1_fu_570/grp_sa_conv2d_bn_40_71_118_240_333_426_535_1_fu_197/grp_sa_conv2d_int_43_74_429_536_1_fu_1003/mem_reg[5][10]_srl6_i_1__0
INFO: [Physopt 32-662] Processed net system_i/spike_accel_0/inst/grp_sa_ms_all_conv_block_185_1_fu_481/grp_sa_ms_standard_conv_inplace_1_fu_570/grp_sa_conv2d_bn_40_71_118_240_333_426_535_1_fu_197/grp_sa_conv2d_int_43_74_429_536_1_fu_1003/mem_reg[5][10]_srl6_i_2__0_n_2.  Did not re-place instance system_i/spike_accel_0/inst/grp_sa_ms_all_conv_block_185_1_fu_481/grp_sa_ms_standard_conv_inplace_1_fu_570/grp_sa_conv2d_bn_40_71_118_240_333_426_535_1_fu_197/grp_sa_conv2d_int_43_74_429_536_1_fu_1003/mem_reg[5][10]_srl6_i_2__0
INFO: [Physopt 32-662] Processed net system_i/spike_accel_0/inst/gmem2_m_axi_U/load_unit_0/fifo_rreq/U_fifo_srl/mem_reg[5][10]_srl6_n_2.  Did not re-place instance system_i/spike_accel_0/inst/gmem2_m_axi_U/load_unit_0/fifo_rreq/U_fifo_srl/mem_reg[5][10]_srl6
INFO: [Physopt 32-662] Processed net system_i/spike_accel_0/inst/grp_sa_ms_downsampling_199_1_fu_628/grp_sa_conv2d_bn_40_71_118_240_333_426_535_1_fu_199/grp_sa_conv2d_int_43_74_429_536_1_fu_1003/grp_sa_conv2d_bn_40_71_118_240_333_426_535_1_fu_199_m_axi_gmem4_WDATA[3].  Did not re-place instance system_i/spike_accel_0/inst/grp_sa_ms_downsampling_199_1_fu_628/grp_sa_conv2d_bn_40_71_118_240_333_426_535_1_fu_199/grp_sa_conv2d_int_43_74_429_536_1_fu_1003/mem_reg_i_458
INFO: [Physopt 32-662] Processed net system_i/spike_accel_0/inst/grp_sa_ms_downsampling_199_1_fu_628/grp_sa_ms_downsampling_199_1_Pipeline_VITIS_LOOP_36_1_VITIS_LOOP_37_2_fu_174/grp_sa_ms_downsampling_199_1_fu_628_m_axi_gmem4_WDATA[24].  Did not re-place instance system_i/spike_accel_0/inst/grp_sa_ms_downsampling_199_1_fu_628/grp_sa_ms_downsampling_199_1_Pipeline_VITIS_LOOP_36_1_VITIS_LOOP_37_2_fu_174/mem_reg_i_255
INFO: [Physopt 32-662] Processed net system_i/spike_accel_0/inst/grp_sa_conv2d_bn_40_71_118_240_333_426_1_fu_666/grp_sa_conv2d_int_43_74_429_1_fu_366/grp_sa_conv2d_int_43_74_429_1_Pipeline_VITIS_LOOP_97_7_VITIS_LOOP_98_8_VITIS_LOOP_99_fu_97/p_305_in.  Did not re-place instance system_i/spike_accel_0/inst/grp_sa_conv2d_bn_40_71_118_240_333_426_1_fu_666/grp_sa_conv2d_int_43_74_429_1_fu_366/grp_sa_conv2d_int_43_74_429_1_Pipeline_VITIS_LOOP_97_7_VITIS_LOOP_98_8_VITIS_LOOP_99_fu_97/gmem2_addr_14_reg_8343[62]_i_4
INFO: [Physopt 32-662] Processed net system_i/spike_accel_0/inst/grp_sa_conv2d_bn_40_71_118_240_333_426_1_fu_666/grp_sa_conv2d_int_43_74_429_1_fu_366/grp_sa_conv2d_int_43_74_429_1_Pipeline_VITIS_LOOP_97_7_VITIS_LOOP_98_8_VITIS_LOOP_99_fu_97/mul_8s_8s_16_4_1_U408/ap_enable_reg_pp0_iter0_reg_reg.  Did not re-place instance system_i/spike_accel_0/inst/grp_sa_conv2d_bn_40_71_118_240_333_426_1_fu_666/grp_sa_conv2d_int_43_74_429_1_fu_366/grp_sa_conv2d_int_43_74_429_1_Pipeline_VITIS_LOOP_97_7_VITIS_LOOP_98_8_VITIS_LOOP_99_fu_97/mul_8s_8s_16_4_1_U408/gmem2_addr_13_reg_8312[62]_i_3
INFO: [Physopt 32-662] Processed net system_i/spike_accel_0/inst/grp_sa_conv2d_bn_40_71_118_240_333_426_1_fu_666/grp_sa_conv2d_int_43_74_429_1_fu_366/grp_sa_conv2d_int_43_74_429_1_Pipeline_VITIS_LOOP_97_7_VITIS_LOOP_98_8_VITIS_LOOP_99_fu_97/mul_8s_8s_16_4_1_U408/ce155_out.  Did not re-place instance system_i/spike_accel_0/inst/grp_sa_conv2d_bn_40_71_118_240_333_426_1_fu_666/grp_sa_conv2d_int_43_74_429_1_fu_366/grp_sa_conv2d_int_43_74_429_1_Pipeline_VITIS_LOOP_97_7_VITIS_LOOP_98_8_VITIS_LOOP_99_fu_97/mul_8s_8s_16_4_1_U408/gmem2_addr_13_reg_8312[62]_i_1
INFO: [Physopt 32-662] Processed net system_i/spike_accel_0/inst/grp_sa_conv2d_bn_40_71_118_240_333_426_1_fu_666/grp_sa_conv2d_int_43_74_429_1_fu_366/grp_sa_conv2d_int_43_74_429_1_Pipeline_VITIS_LOOP_97_7_VITIS_LOOP_98_8_VITIS_LOOP_99_fu_97/m_axi_gmem2_ARVALID13304_out.  Did not re-place instance system_i/spike_accel_0/inst/grp_sa_conv2d_bn_40_71_118_240_333_426_1_fu_666/grp_sa_conv2d_int_43_74_429_1_fu_366/grp_sa_conv2d_int_43_74_429_1_Pipeline_VITIS_LOOP_97_7_VITIS_LOOP_98_8_VITIS_LOOP_99_fu_97/mem_reg[5][25]_srl6_i_30
INFO: [Physopt 32-662] Processed net system_i/spike_accel_0/inst/grp_sa_conv2d_bn_40_71_118_240_333_426_1_fu_666/grp_sa_conv2d_int_43_74_429_1_fu_366/grp_sa_conv2d_int_43_74_429_1_Pipeline_VITIS_LOOP_97_7_VITIS_LOOP_98_8_VITIS_LOOP_99_fu_97/mem_reg[5][10]_srl6_i_34_n_2.  Did not re-place instance system_i/spike_accel_0/inst/grp_sa_conv2d_bn_40_71_118_240_333_426_1_fu_666/grp_sa_conv2d_int_43_74_429_1_fu_366/grp_sa_conv2d_int_43_74_429_1_Pipeline_VITIS_LOOP_97_7_VITIS_LOOP_98_8_VITIS_LOOP_99_fu_97/mem_reg[5][10]_srl6_i_34
INFO: [Physopt 32-662] Processed net system_i/spike_accel_0/inst/grp_sa_conv2d_bn_40_71_118_240_333_426_1_fu_666/grp_sa_conv2d_int_43_74_429_1_fu_366/grp_sa_conv2d_int_43_74_429_1_Pipeline_VITIS_LOOP_97_7_VITIS_LOOP_98_8_VITIS_LOOP_99_fu_97/grp_sa_conv2d_bn_40_71_118_240_333_426_1_fu_666_m_axi_gmem2_ARADDR[11].  Did not re-place instance system_i/spike_accel_0/inst/grp_sa_conv2d_bn_40_71_118_240_333_426_1_fu_666/grp_sa_conv2d_int_43_74_429_1_fu_366/grp_sa_conv2d_int_43_74_429_1_Pipeline_VITIS_LOOP_97_7_VITIS_LOOP_98_8_VITIS_LOOP_99_fu_97/mem_reg[5][11]_srl6_i_7__1
INFO: [Physopt 32-662] Processed net system_i/spike_accel_0/inst/grp_sa_conv2d_bn_40_71_118_240_333_426_1_fu_666/grp_sa_conv2d_int_43_74_429_1_fu_366/grp_sa_conv2d_int_43_74_429_1_Pipeline_VITIS_LOOP_97_7_VITIS_LOOP_98_8_VITIS_LOOP_99_fu_97/grp_sa_conv2d_int_43_74_429_1_fu_366_m_axi_gmem2_ARADDR[11].  Did not re-place instance system_i/spike_accel_0/inst/grp_sa_conv2d_bn_40_71_118_240_333_426_1_fu_666/grp_sa_conv2d_int_43_74_429_1_fu_366/grp_sa_conv2d_int_43_74_429_1_Pipeline_VITIS_LOOP_97_7_VITIS_LOOP_98_8_VITIS_LOOP_99_fu_97/mem_reg[5][11]_srl6_i_10__0
INFO: [Physopt 32-662] Processed net system_i/spike_accel_0/inst/grp_sa_conv2d_bn_40_71_118_240_333_426_1_fu_666/grp_sa_conv2d_int_43_74_429_1_fu_366/grp_sa_conv2d_int_43_74_429_1_Pipeline_VITIS_LOOP_97_7_VITIS_LOOP_98_8_VITIS_LOOP_99_fu_97/mem_reg[5][11]_srl6_i_12__0_n_2.  Did not re-place instance system_i/spike_accel_0/inst/grp_sa_conv2d_bn_40_71_118_240_333_426_1_fu_666/grp_sa_conv2d_int_43_74_429_1_fu_366/grp_sa_conv2d_int_43_74_429_1_Pipeline_VITIS_LOOP_97_7_VITIS_LOOP_98_8_VITIS_LOOP_99_fu_97/mem_reg[5][11]_srl6_i_12__0
INFO: [Physopt 32-662] Processed net system_i/spike_accel_0/inst/grp_sa_conv2d_bn_40_71_118_240_333_426_1_fu_666/grp_sa_conv2d_int_43_74_429_1_fu_366/grp_sa_conv2d_int_43_74_429_1_Pipeline_VITIS_LOOP_97_7_VITIS_LOOP_98_8_VITIS_LOOP_99_fu_97/mem_reg[5][11]_srl6_i_19_n_2.  Did not re-place instance system_i/spike_accel_0/inst/grp_sa_conv2d_bn_40_71_118_240_333_426_1_fu_666/grp_sa_conv2d_int_43_74_429_1_fu_366/grp_sa_conv2d_int_43_74_429_1_Pipeline_VITIS_LOOP_97_7_VITIS_LOOP_98_8_VITIS_LOOP_99_fu_97/mem_reg[5][11]_srl6_i_19
INFO: [Physopt 32-662] Processed net system_i/spike_accel_0/inst/grp_sa_ms_all_conv_block_185_1_fu_481/grp_sa_ms_standard_conv_inplace_1_fu_570/grp_sa_conv2d_bn_40_71_118_240_333_426_535_1_fu_197/grp_sa_conv2d_int_43_74_429_536_1_fu_1003/in[11].  Did not re-place instance system_i/spike_accel_0/inst/grp_sa_ms_all_conv_block_185_1_fu_481/grp_sa_ms_standard_conv_inplace_1_fu_570/grp_sa_conv2d_bn_40_71_118_240_333_426_535_1_fu_197/grp_sa_conv2d_int_43_74_429_536_1_fu_1003/mem_reg[5][11]_srl6_i_1__0
INFO: [Physopt 32-662] Processed net system_i/spike_accel_0/inst/grp_sa_ms_all_conv_block_185_1_fu_481/grp_sa_ms_standard_conv_inplace_1_fu_570/grp_sa_conv2d_bn_40_71_118_240_333_426_535_1_fu_197/grp_sa_conv2d_int_43_74_429_536_1_fu_1003/mem_reg[5][11]_srl6_i_2__0_n_2.  Did not re-place instance system_i/spike_accel_0/inst/grp_sa_ms_all_conv_block_185_1_fu_481/grp_sa_ms_standard_conv_inplace_1_fu_570/grp_sa_conv2d_bn_40_71_118_240_333_426_535_1_fu_197/grp_sa_conv2d_int_43_74_429_536_1_fu_1003/mem_reg[5][11]_srl6_i_2__0
INFO: [Physopt 32-662] Processed net system_i/spike_accel_0/inst/gmem2_m_axi_U/load_unit_0/fifo_rreq/U_fifo_srl/mem_reg[5][11]_srl6_n_2.  Did not re-place instance system_i/spike_accel_0/inst/gmem2_m_axi_U/load_unit_0/fifo_rreq/U_fifo_srl/mem_reg[5][11]_srl6
INFO: [Physopt 32-662] Processed net system_i/spike_accel_0/inst/grp_sa_ms_all_conv_block_185_1_fu_481/grp_sa_ms_standard_conv_inplace_fu_485/grp_sa_conv2d_bn_40_71_118_240_333_426_535_1_fu_221/grp_sa_conv2d_int_43_74_429_536_1_fu_1003/gmem4_addr_reg_325_reg[62][49].  Did not re-place instance system_i/spike_accel_0/inst/grp_sa_ms_all_conv_block_185_1_fu_481/grp_sa_ms_standard_conv_inplace_fu_485/grp_sa_conv2d_bn_40_71_118_240_333_426_535_1_fu_221/grp_sa_conv2d_int_43_74_429_536_1_fu_1003/mem_reg[5][49]_srl6_i_1__2
INFO: [Physopt 32-662] Processed net system_i/spike_accel_0/inst/grp_sa_spike_sppf_1_fu_684/grp_sa_maxpool_or_1_fu_296/grp_sa_maxpool_or_1_fu_296_m_axi_gmem4_ARADDR[49].  Did not re-place instance system_i/spike_accel_0/inst/grp_sa_spike_sppf_1_fu_684/grp_sa_maxpool_or_1_fu_296/mem_reg[5][49]_srl6_i_17__1
INFO: [Physopt 32-662] Processed net system_i/spike_accel_0/inst/grp_sa_spike_sppf_1_fu_684/grp_sa_maxpool_or_1_fu_296/mem_reg[5][49]_srl6_i_22__2_n_2.  Did not re-place instance system_i/spike_accel_0/inst/grp_sa_spike_sppf_1_fu_684/grp_sa_maxpool_or_1_fu_296/mem_reg[5][49]_srl6_i_22__2
INFO: [Physopt 32-663] Processed net system_i/spike_accel_0/inst/grp_sa_spike_sppf_1_fu_684/grp_sa_maxpool_or_1_fu_296/mem_reg[5][49]_srl6_i_30__0_n_2.  Re-placed instance system_i/spike_accel_0/inst/grp_sa_spike_sppf_1_fu_684/grp_sa_maxpool_or_1_fu_296/mem_reg[5][49]_srl6_i_30__0
INFO: [Physopt 32-662] Processed net system_i/spike_accel_0/inst/grp_sa_spike_sppf_1_fu_684/grp_sa_spike_sppf_1_Pipeline_VITIS_LOOP_133_3_VITIS_LOOP_134_4_fu_317/gmem4_addr_12_reg_688_reg[49]_0.  Did not re-place instance system_i/spike_accel_0/inst/grp_sa_spike_sppf_1_fu_684/grp_sa_spike_sppf_1_Pipeline_VITIS_LOOP_133_3_VITIS_LOOP_134_4_fu_317/mem_reg[5][49]_srl6_i_11__2
INFO: [Physopt 32-662] Processed net system_i/spike_accel_0/inst/grp_sa_spike_sppf_1_fu_684/grp_sa_spike_sppf_1_Pipeline_VITIS_LOOP_150_6_VITIS_LOOP_151_7_fu_307/gmem4_addr_7_reg_784_reg[49]_0.  Did not re-place instance system_i/spike_accel_0/inst/grp_sa_spike_sppf_1_fu_684/grp_sa_spike_sppf_1_Pipeline_VITIS_LOOP_150_6_VITIS_LOOP_151_7_fu_307/mem_reg[5][49]_srl6_i_3__3
INFO: [Physopt 32-663] Processed net system_i/spike_accel_0/inst/grp_sa_spike_sppf_1_fu_684/grp_sa_spike_sppf_1_Pipeline_VITIS_LOOP_150_6_VITIS_LOOP_151_7_fu_307/mem_reg[5][49]_srl6_i_6__2_n_2.  Re-placed instance system_i/spike_accel_0/inst/grp_sa_spike_sppf_1_fu_684/grp_sa_spike_sppf_1_Pipeline_VITIS_LOOP_150_6_VITIS_LOOP_151_7_fu_307/mem_reg[5][49]_srl6_i_6__2
INFO: [Physopt 32-662] Processed net system_i/spike_accel_0/inst/gmem4_m_axi_U/load_unit_0/fifo_rreq/U_fifo_srl/mem_reg[5][49]_srl6_n_2.  Did not re-place instance system_i/spike_accel_0/inst/gmem4_m_axi_U/load_unit_0/fifo_rreq/U_fifo_srl/mem_reg[5][49]_srl6
INFO: [Physopt 32-662] Processed net system_i/spike_accel_0/inst/grp_sa_ms_all_conv_block_185_1_fu_481/grp_sa_ms_standard_conv_inplace_fu_485/grp_sa_conv2d_bn_40_71_118_240_333_426_535_1_fu_221/grp_sa_conv2d_bn_40_71_118_240_333_426_535_1_Pipeline_VITIS_LOOP_95_2_VITIS_LOOP_96_s_fu_1030/gmem4_addr_52_read_reg_849_reg[14]_0[3].  Did not re-place instance system_i/spike_accel_0/inst/grp_sa_ms_all_conv_block_185_1_fu_481/grp_sa_ms_standard_conv_inplace_fu_485/grp_sa_conv2d_bn_40_71_118_240_333_426_535_1_fu_221/grp_sa_conv2d_bn_40_71_118_240_333_426_535_1_Pipeline_VITIS_LOOP_95_2_VITIS_LOOP_96_s_fu_1030/mem_reg_i_719
INFO: [Physopt 32-662] Processed net system_i/spike_accel_0/inst/grp_sa_ms_all_conv_block_185_1_fu_481/grp_sa_ms_standard_conv_inplace_fu_485/grp_sa_conv2d_bn_40_71_118_240_333_426_535_1_fu_221/grp_sa_conv2d_bn_40_71_118_240_333_426_535_1_Pipeline_VITIS_LOOP_95_2_VITIS_LOOP_96_s_fu_1030/mem_reg_i_943_n_2.  Did not re-place instance system_i/spike_accel_0/inst/grp_sa_ms_all_conv_block_185_1_fu_481/grp_sa_ms_standard_conv_inplace_fu_485/grp_sa_conv2d_bn_40_71_118_240_333_426_535_1_fu_221/grp_sa_conv2d_bn_40_71_118_240_333_426_535_1_Pipeline_VITIS_LOOP_95_2_VITIS_LOOP_96_s_fu_1030/mem_reg_i_943
INFO: [Physopt 32-662] Processed net system_i/spike_accel_0/inst/grp_sa_ms_all_conv_block_185_1_fu_481/grp_sa_ms_standard_conv_inplace_fu_485/grp_sa_conv2d_bn_40_71_118_240_333_426_535_1_fu_221/grp_sa_conv2d_bn_40_71_118_240_333_426_535_1_Pipeline_VITIS_LOOP_95_2_VITIS_LOOP_96_s_fu_1030/gmem4_addr_52_read_reg_849_reg[15]_0[3].  Did not re-place instance system_i/spike_accel_0/inst/grp_sa_ms_all_conv_block_185_1_fu_481/grp_sa_ms_standard_conv_inplace_fu_485/grp_sa_conv2d_bn_40_71_118_240_333_426_535_1_fu_221/grp_sa_conv2d_bn_40_71_118_240_333_426_535_1_Pipeline_VITIS_LOOP_95_2_VITIS_LOOP_96_s_fu_1030/mem_reg_i_723
INFO: [Physopt 32-663] Processed net system_i/spike_accel_0/inst/gmem4_m_axi_U/store_unit/buff_wdata/U_fifo_mem/WEBWE[0].  Re-placed instance system_i/spike_accel_0/inst/gmem4_m_axi_U/store_unit/buff_wdata/U_fifo_mem/mem_reg_i_40__0
INFO: [Physopt 32-663] Processed net system_i/spike_accel_0/inst/grp_sa_conv2d_bn_40_71_118_240_333_426_1_fu_666/grp_sa_conv2d_int_43_74_429_1_fu_366/grp_sa_conv2d_int_43_74_429_1_Pipeline_VITIS_LOOP_97_7_VITIS_LOOP_98_8_VITIS_LOOP_99_fu_97/p_428_in.  Re-placed instance system_i/spike_accel_0/inst/grp_sa_conv2d_bn_40_71_118_240_333_426_1_fu_666/grp_sa_conv2d_int_43_74_429_1_fu_366/grp_sa_conv2d_int_43_74_429_1_Pipeline_VITIS_LOOP_97_7_VITIS_LOOP_98_8_VITIS_LOOP_99_fu_97/gmem2_addr_21_reg_8610[62]_i_6
INFO: [Physopt 32-662] Processed net system_i/spike_accel_0/inst/grp_sa_conv2d_bn_40_71_118_240_333_426_1_fu_666/grp_sa_conv2d_int_43_74_429_1_fu_366/grp_sa_conv2d_int_43_74_429_1_Pipeline_VITIS_LOOP_97_7_VITIS_LOOP_98_8_VITIS_LOOP_99_fu_97/mul_8s_8s_16_4_1_U368/ap_block_pp0_stage21_11001.  Did not re-place instance system_i/spike_accel_0/inst/grp_sa_conv2d_bn_40_71_118_240_333_426_1_fu_666/grp_sa_conv2d_int_43_74_429_1_fu_366/grp_sa_conv2d_int_43_74_429_1_Pipeline_VITIS_LOOP_97_7_VITIS_LOOP_98_8_VITIS_LOOP_99_fu_97/mul_8s_8s_16_4_1_U368/gmem2_addr_20_reg_8569[62]_i_3
INFO: [Physopt 32-662] Processed net system_i/spike_accel_0/inst/grp_sa_conv2d_bn_40_71_118_240_333_426_1_fu_666/grp_sa_conv2d_int_43_74_429_1_fu_366/grp_sa_conv2d_int_43_74_429_1_Pipeline_VITIS_LOOP_97_7_VITIS_LOOP_98_8_VITIS_LOOP_99_fu_97/cmp81_1_reg_7557.  Did not re-place instance system_i/spike_accel_0/inst/grp_sa_conv2d_bn_40_71_118_240_333_426_1_fu_666/grp_sa_conv2d_int_43_74_429_1_fu_366/grp_sa_conv2d_int_43_74_429_1_Pipeline_VITIS_LOOP_97_7_VITIS_LOOP_98_8_VITIS_LOOP_99_fu_97/cmp81_1_reg_7557_reg[0]
INFO: [Physopt 32-662] Processed net system_i/spike_accel_0/inst/grp_sa_ms_downsampling_199_1_fu_628/grp_sa_ms_downsampling_199_1_Pipeline_VITIS_LOOP_36_1_VITIS_LOOP_37_2_fu_174/ap_CS_fsm_reg[29].  Did not re-place instance system_i/spike_accel_0/inst/grp_sa_ms_downsampling_199_1_fu_628/grp_sa_ms_downsampling_199_1_Pipeline_VITIS_LOOP_36_1_VITIS_LOOP_37_2_fu_174/mem_reg_i_155
INFO: [Physopt 32-662] Processed net system_i/spike_accel_0/inst/grp_sa_conv2d_bn_40_71_118_240_333_426_1_fu_666/grp_sa_conv2d_int_43_74_429_1_fu_366/grp_sa_conv2d_int_43_74_429_1_Pipeline_VITIS_LOOP_97_7_VITIS_LOOP_98_8_VITIS_LOOP_99_fu_97/grp_sa_conv2d_bn_40_71_118_240_333_426_1_fu_666_m_axi_gmem4_WVALID.  Did not re-place instance system_i/spike_accel_0/inst/grp_sa_conv2d_bn_40_71_118_240_333_426_1_fu_666/grp_sa_conv2d_int_43_74_429_1_fu_366/grp_sa_conv2d_int_43_74_429_1_Pipeline_VITIS_LOOP_97_7_VITIS_LOOP_98_8_VITIS_LOOP_99_fu_97/mem_reg_i_539
INFO: [Physopt 32-663] Processed net system_i/spike_accel_0/inst/grp_sa_conv2d_bn_40_71_118_240_333_426_1_fu_666/grp_sa_conv2d_int_43_74_429_1_fu_366/grp_sa_conv2d_int_43_74_429_1_Pipeline_VITIS_LOOP_97_7_VITIS_LOOP_98_8_VITIS_LOOP_99_fu_97/grp_sa_conv2d_int_43_74_429_1_Pipeline_VITIS_LOOP_97_7_VITIS_LOOP_98_8_VITIS_LOOP_99_fu_97_m_axi_gmem4_WVALID.  Re-placed instance system_i/spike_accel_0/inst/grp_sa_conv2d_bn_40_71_118_240_333_426_1_fu_666/grp_sa_conv2d_int_43_74_429_1_fu_366/grp_sa_conv2d_int_43_74_429_1_Pipeline_VITIS_LOOP_97_7_VITIS_LOOP_98_8_VITIS_LOOP_99_fu_97/mem_reg_i_938
INFO: [Physopt 32-662] Processed net system_i/spike_accel_0/inst/grp_sa_conv2d_bn_40_71_118_240_333_426_1_fu_666/grp_sa_conv2d_int_43_74_429_1_fu_366/grp_sa_conv2d_int_43_74_429_1_Pipeline_VITIS_LOOP_97_7_VITIS_LOOP_98_8_VITIS_LOOP_99_fu_97/grp_sa_conv2d_int_43_74_429_1_fu_366_m_axi_gmem4_WVALID.  Did not re-place instance system_i/spike_accel_0/inst/grp_sa_conv2d_bn_40_71_118_240_333_426_1_fu_666/grp_sa_conv2d_int_43_74_429_1_fu_366/grp_sa_conv2d_int_43_74_429_1_Pipeline_VITIS_LOOP_97_7_VITIS_LOOP_98_8_VITIS_LOOP_99_fu_97/mem_reg_i_711
INFO: [Physopt 32-663] Processed net system_i/spike_accel_0/inst/grp_sa_ms_downsampling_199_1_fu_628/grp_sa_ms_downsampling_199_1_Pipeline_VITIS_LOOP_36_1_VITIS_LOOP_37_2_fu_174/mem_reg_i_318_n_2.  Re-placed instance system_i/spike_accel_0/inst/grp_sa_ms_downsampling_199_1_fu_628/grp_sa_ms_downsampling_199_1_Pipeline_VITIS_LOOP_36_1_VITIS_LOOP_37_2_fu_174/mem_reg_i_318
INFO: [Physopt 32-663] Processed net system_i/spike_accel_0/inst/grp_sa_ms_downsampling_199_1_fu_628/grp_sa_conv2d_bn_40_71_118_240_333_426_535_1_fu_199/grp_sa_conv2d_bn_40_71_118_240_333_426_535_1_Pipeline_VITIS_LOOP_95_2_VITIS_LOOP_96_s_fu_1030/gmem4_addr_52_read_reg_849_reg[10]_0[2].  Re-placed instance system_i/spike_accel_0/inst/grp_sa_ms_downsampling_199_1_fu_628/grp_sa_conv2d_bn_40_71_118_240_333_426_535_1_fu_199/grp_sa_conv2d_bn_40_71_118_240_333_426_535_1_Pipeline_VITIS_LOOP_95_2_VITIS_LOOP_96_s_fu_1030/mem_reg_i_560
INFO: [Physopt 32-662] Processed net system_i/spike_accel_0/inst/grp_sa_ms_downsampling_199_1_fu_628/grp_sa_conv2d_bn_40_71_118_240_333_426_535_1_fu_199/grp_sa_conv2d_bn_40_71_118_240_333_426_535_1_Pipeline_VITIS_LOOP_95_2_VITIS_LOOP_96_s_fu_1030/mem_reg_i_744_n_2.  Did not re-place instance system_i/spike_accel_0/inst/grp_sa_ms_downsampling_199_1_fu_628/grp_sa_conv2d_bn_40_71_118_240_333_426_535_1_fu_199/grp_sa_conv2d_bn_40_71_118_240_333_426_535_1_Pipeline_VITIS_LOOP_95_2_VITIS_LOOP_96_s_fu_1030/mem_reg_i_744
INFO: [Physopt 32-662] Processed net system_i/spike_accel_0/inst/grp_sa_ms_downsampling_199_1_fu_628/grp_sa_conv2d_bn_40_71_118_240_333_426_535_1_fu_199/grp_sa_conv2d_bn_40_71_118_240_333_426_535_1_Pipeline_VITIS_LOOP_95_2_VITIS_LOOP_96_s_fu_1030/gmem4_addr_52_read_reg_849_reg[11]_0[2].  Did not re-place instance system_i/spike_accel_0/inst/grp_sa_ms_downsampling_199_1_fu_628/grp_sa_conv2d_bn_40_71_118_240_333_426_535_1_fu_199/grp_sa_conv2d_bn_40_71_118_240_333_426_535_1_Pipeline_VITIS_LOOP_95_2_VITIS_LOOP_96_s_fu_1030/mem_reg_i_564
INFO: [Physopt 32-662] Processed net system_i/spike_accel_0/inst/grp_sa_ms_all_conv_block_185_1_fu_481/grp_sa_ms_standard_conv_inplace_fu_485/grp_sa_conv2d_bn_40_71_118_240_333_426_535_1_fu_221/grp_sa_conv2d_bn_40_71_118_240_333_426_535_1_Pipeline_VITIS_LOOP_95_2_VITIS_LOOP_96_s_fu_1030/gmem4_addr_52_read_reg_849_reg[6]_0[1].  Did not re-place instance system_i/spike_accel_0/inst/grp_sa_ms_all_conv_block_185_1_fu_481/grp_sa_ms_standard_conv_inplace_fu_485/grp_sa_conv2d_bn_40_71_118_240_333_426_535_1_fu_221/grp_sa_conv2d_bn_40_71_118_240_333_426_535_1_Pipeline_VITIS_LOOP_95_2_VITIS_LOOP_96_s_fu_1030/mem_reg_i_780
INFO: [Physopt 32-662] Processed net system_i/spike_accel_0/inst/grp_sa_ms_all_conv_block_185_1_fu_481/grp_sa_ms_standard_conv_inplace_fu_485/grp_sa_conv2d_bn_40_71_118_240_333_426_535_1_fu_221/grp_sa_conv2d_bn_40_71_118_240_333_426_535_1_Pipeline_VITIS_LOOP_95_2_VITIS_LOOP_96_s_fu_1030/mem_reg_i_972_n_2.  Did not re-place instance system_i/spike_accel_0/inst/grp_sa_ms_all_conv_block_185_1_fu_481/grp_sa_ms_standard_conv_inplace_fu_485/grp_sa_conv2d_bn_40_71_118_240_333_426_535_1_fu_221/grp_sa_conv2d_bn_40_71_118_240_333_426_535_1_Pipeline_VITIS_LOOP_95_2_VITIS_LOOP_96_s_fu_1030/mem_reg_i_972
INFO: [Physopt 32-662] Processed net system_i/spike_accel_0/inst/grp_sa_ms_all_conv_block_185_1_fu_481/grp_sa_ms_standard_conv_inplace_fu_485/grp_sa_conv2d_bn_40_71_118_240_333_426_535_1_fu_221/grp_sa_conv2d_bn_40_71_118_240_333_426_535_1_Pipeline_VITIS_LOOP_95_2_VITIS_LOOP_96_s_fu_1030/gmem4_addr_52_read_reg_849_reg[7]_0[1].  Did not re-place instance system_i/spike_accel_0/inst/grp_sa_ms_all_conv_block_185_1_fu_481/grp_sa_ms_standard_conv_inplace_fu_485/grp_sa_conv2d_bn_40_71_118_240_333_426_535_1_fu_221/grp_sa_conv2d_bn_40_71_118_240_333_426_535_1_Pipeline_VITIS_LOOP_95_2_VITIS_LOOP_96_s_fu_1030/mem_reg_i_784
INFO: [Physopt 32-662] Processed net system_i/spike_accel_0/inst/grp_sa_ms_all_conv_block_185_1_fu_481/grp_sa_ms_standard_conv_inplace_fu_485/grp_sa_conv2d_bn_40_71_118_240_333_426_535_1_fu_221/grp_sa_conv2d_bn_40_71_118_240_333_426_535_1_Pipeline_VITIS_LOOP_95_2_VITIS_LOOP_96_s_fu_1030/gmem4_addr_52_read_reg_849_reg[2]_0[3].  Did not re-place instance system_i/spike_accel_0/inst/grp_sa_ms_all_conv_block_185_1_fu_481/grp_sa_ms_standard_conv_inplace_fu_485/grp_sa_conv2d_bn_40_71_118_240_333_426_535_1_fu_221/grp_sa_conv2d_bn_40_71_118_240_333_426_535_1_Pipeline_VITIS_LOOP_95_2_VITIS_LOOP_96_s_fu_1030/mem_reg_i_803
INFO: [Physopt 32-662] Processed net system_i/spike_accel_0/inst/grp_sa_ms_all_conv_block_185_1_fu_481/grp_sa_ms_standard_conv_inplace_fu_485/grp_sa_conv2d_bn_40_71_118_240_333_426_535_1_fu_221/grp_sa_conv2d_bn_40_71_118_240_333_426_535_1_Pipeline_VITIS_LOOP_95_2_VITIS_LOOP_96_s_fu_1030/mem_reg_i_982_n_2.  Did not re-place instance system_i/spike_accel_0/inst/grp_sa_ms_all_conv_block_185_1_fu_481/grp_sa_ms_standard_conv_inplace_fu_485/grp_sa_conv2d_bn_40_71_118_240_333_426_535_1_fu_221/grp_sa_conv2d_bn_40_71_118_240_333_426_535_1_Pipeline_VITIS_LOOP_95_2_VITIS_LOOP_96_s_fu_1030/mem_reg_i_982
INFO: [Physopt 32-662] Processed net system_i/spike_accel_0/inst/grp_sa_ms_all_conv_block_185_1_fu_481/grp_sa_ms_standard_conv_inplace_fu_485/grp_sa_conv2d_bn_40_71_118_240_333_426_535_1_fu_221/grp_sa_conv2d_bn_40_71_118_240_333_426_535_1_Pipeline_VITIS_LOOP_95_2_VITIS_LOOP_96_s_fu_1030/gmem4_addr_52_read_reg_849_reg[3]_0[3].  Did not re-place instance system_i/spike_accel_0/inst/grp_sa_ms_all_conv_block_185_1_fu_481/grp_sa_ms_standard_conv_inplace_fu_485/grp_sa_conv2d_bn_40_71_118_240_333_426_535_1_fu_221/grp_sa_conv2d_bn_40_71_118_240_333_426_535_1_Pipeline_VITIS_LOOP_95_2_VITIS_LOOP_96_s_fu_1030/mem_reg_i_806
INFO: [Physopt 32-662] Processed net system_i/spike_accel_0/inst/grp_sa_ms_all_conv_block_185_1_fu_481/grp_sa_ms_standard_conv_inplace_1_fu_570/grp_sa_conv2d_bn_40_71_118_240_333_426_535_1_fu_197/grp_sa_conv2d_bn_40_71_118_240_333_426_535_1_Pipeline_VITIS_LOOP_95_2_VITIS_LOOP_96_s_fu_1030/gmem4_addr_52_read_reg_849_reg[19]_0[0].  Did not re-place instance system_i/spike_accel_0/inst/grp_sa_ms_all_conv_block_185_1_fu_481/grp_sa_ms_standard_conv_inplace_1_fu_570/grp_sa_conv2d_bn_40_71_118_240_333_426_535_1_fu_197/grp_sa_conv2d_bn_40_71_118_240_333_426_535_1_Pipeline_VITIS_LOOP_95_2_VITIS_LOOP_96_s_fu_1030/mem_reg_i_925
INFO: [Physopt 32-662] Processed net system_i/spike_accel_0/inst/grp_sa_spike_sppf_1_fu_684/grp_sa_maxpool_or_1_fu_296/tmp_46_cast_reg_3472[11]_i_2_n_2.  Did not re-place instance system_i/spike_accel_0/inst/grp_sa_spike_sppf_1_fu_684/grp_sa_maxpool_or_1_fu_296/tmp_46_cast_reg_3472[11]_i_2
INFO: [Physopt 32-662] Processed net system_i/spike_accel_0/inst/grp_sa_conv2d_bn_40_71_118_240_333_426_1_fu_666/grp_sa_conv2d_int_43_74_429_1_fu_366/grp_sa_conv2d_int_43_74_429_1_Pipeline_VITIS_LOOP_97_7_VITIS_LOOP_98_8_VITIS_LOOP_99_fu_97/mem_reg[5][0]_srl6_i_36_n_2.  Did not re-place instance system_i/spike_accel_0/inst/grp_sa_conv2d_bn_40_71_118_240_333_426_1_fu_666/grp_sa_conv2d_int_43_74_429_1_fu_366/grp_sa_conv2d_int_43_74_429_1_Pipeline_VITIS_LOOP_97_7_VITIS_LOOP_98_8_VITIS_LOOP_99_fu_97/mem_reg[5][0]_srl6_i_36
INFO: [Physopt 32-662] Processed net system_i/spike_accel_0/inst/grp_sa_conv2d_bn_40_71_118_240_333_426_1_fu_666/grp_sa_conv2d_int_43_74_429_1_fu_366/grp_sa_conv2d_int_43_74_429_1_Pipeline_VITIS_LOOP_97_7_VITIS_LOOP_98_8_VITIS_LOOP_99_fu_97/m_axi_gmem2_ARVALID30.  Did not re-place instance system_i/spike_accel_0/inst/grp_sa_conv2d_bn_40_71_118_240_333_426_1_fu_666/grp_sa_conv2d_int_43_74_429_1_fu_366/grp_sa_conv2d_int_43_74_429_1_Pipeline_VITIS_LOOP_97_7_VITIS_LOOP_98_8_VITIS_LOOP_99_fu_97/mem_reg[5][0]_srl6_i_73__1
INFO: [Physopt 32-662] Processed net system_i/spike_accel_0/inst/grp_sa_conv2d_bn_40_71_118_240_333_426_1_fu_666/grp_sa_conv2d_int_43_74_429_1_fu_366/grp_sa_conv2d_int_43_74_429_1_Pipeline_VITIS_LOOP_97_7_VITIS_LOOP_98_8_VITIS_LOOP_99_fu_97/mem_reg[5][0]_srl6_i_50__1_n_2.  Did not re-place instance system_i/spike_accel_0/inst/grp_sa_conv2d_bn_40_71_118_240_333_426_1_fu_666/grp_sa_conv2d_int_43_74_429_1_fu_366/grp_sa_conv2d_int_43_74_429_1_Pipeline_VITIS_LOOP_97_7_VITIS_LOOP_98_8_VITIS_LOOP_99_fu_97/mem_reg[5][0]_srl6_i_50__1
INFO: [Physopt 32-662] Processed net system_i/spike_accel_0/inst/grp_sa_ms_all_conv_block_185_1_fu_481/grp_sa_ms_standard_conv_inplace_1_fu_570/grp_sa_conv2d_bn_40_71_118_240_333_426_535_1_fu_197/grp_sa_conv2d_bn_40_71_118_240_333_426_535_1_Pipeline_VITIS_LOOP_95_2_VITIS_LOOP_96_s_fu_1030/gmem4_addr_52_read_reg_849_reg[22]_0[1].  Did not re-place instance system_i/spike_accel_0/inst/grp_sa_ms_all_conv_block_185_1_fu_481/grp_sa_ms_standard_conv_inplace_1_fu_570/grp_sa_conv2d_bn_40_71_118_240_333_426_535_1_fu_197/grp_sa_conv2d_bn_40_71_118_240_333_426_535_1_Pipeline_VITIS_LOOP_95_2_VITIS_LOOP_96_s_fu_1030/mem_reg_i_893
INFO: [Physopt 32-662] Processed net system_i/spike_accel_0/inst/grp_sa_ms_all_conv_block_185_1_fu_481/grp_sa_ms_standard_conv_inplace_1_fu_570/grp_sa_conv2d_bn_40_71_118_240_333_426_535_1_fu_197/grp_sa_conv2d_bn_40_71_118_240_333_426_535_1_Pipeline_VITIS_LOOP_95_2_VITIS_LOOP_96_s_fu_1030/mem_reg_i_1021_n_2.  Did not re-place instance system_i/spike_accel_0/inst/grp_sa_ms_all_conv_block_185_1_fu_481/grp_sa_ms_standard_conv_inplace_1_fu_570/grp_sa_conv2d_bn_40_71_118_240_333_426_535_1_fu_197/grp_sa_conv2d_bn_40_71_118_240_333_426_535_1_Pipeline_VITIS_LOOP_95_2_VITIS_LOOP_96_s_fu_1030/mem_reg_i_1021
INFO: [Physopt 32-662] Processed net system_i/spike_accel_0/inst/grp_sa_conv2d_bn_40_71_118_240_333_426_1_fu_666/grp_sa_conv2d_int_43_74_429_1_fu_366/grp_sa_conv2d_int_43_74_429_1_Pipeline_VITIS_LOOP_97_7_VITIS_LOOP_98_8_VITIS_LOOP_99_fu_97/grp_sa_conv2d_bn_40_71_118_240_333_426_1_fu_666_m_axi_gmem2_ARADDR[34].  Did not re-place instance system_i/spike_accel_0/inst/grp_sa_conv2d_bn_40_71_118_240_333_426_1_fu_666/grp_sa_conv2d_int_43_74_429_1_fu_366/grp_sa_conv2d_int_43_74_429_1_Pipeline_VITIS_LOOP_97_7_VITIS_LOOP_98_8_VITIS_LOOP_99_fu_97/mem_reg[5][34]_srl6_i_7__1
INFO: [Physopt 32-662] Processed net system_i/spike_accel_0/inst/grp_sa_conv2d_bn_40_71_118_240_333_426_1_fu_666/grp_sa_conv2d_int_43_74_429_1_fu_366/grp_sa_conv2d_int_43_74_429_1_Pipeline_VITIS_LOOP_97_7_VITIS_LOOP_98_8_VITIS_LOOP_99_fu_97/grp_sa_conv2d_int_43_74_429_1_fu_366_m_axi_gmem2_ARADDR[34].  Did not re-place instance system_i/spike_accel_0/inst/grp_sa_conv2d_bn_40_71_118_240_333_426_1_fu_666/grp_sa_conv2d_int_43_74_429_1_fu_366/grp_sa_conv2d_int_43_74_429_1_Pipeline_VITIS_LOOP_97_7_VITIS_LOOP_98_8_VITIS_LOOP_99_fu_97/mem_reg[5][34]_srl6_i_10__0
INFO: [Physopt 32-662] Processed net system_i/spike_accel_0/inst/grp_sa_ms_all_conv_block_185_1_fu_481/grp_sa_ms_standard_conv_inplace_1_fu_570/grp_sa_conv2d_bn_40_71_118_240_333_426_535_1_fu_197/grp_sa_conv2d_bn_40_71_118_240_333_426_535_1_Pipeline_VITIS_LOOP_95_2_VITIS_LOOP_96_s_fu_1030/gmem4_addr_52_read_reg_849_reg[23]_0[1].  Did not re-place instance system_i/spike_accel_0/inst/grp_sa_ms_all_conv_block_185_1_fu_481/grp_sa_ms_standard_conv_inplace_1_fu_570/grp_sa_conv2d_bn_40_71_118_240_333_426_535_1_fu_197/grp_sa_conv2d_bn_40_71_118_240_333_426_535_1_Pipeline_VITIS_LOOP_95_2_VITIS_LOOP_96_s_fu_1030/mem_reg_i_897
INFO: [Physopt 32-662] Processed net system_i/spike_accel_0/inst/grp_sa_ms_all_conv_block_185_1_fu_481/grp_sa_ms_standard_conv_inplace_1_fu_570/grp_sa_conv2d_bn_40_71_118_240_333_426_535_1_fu_197/grp_sa_conv2d_int_43_74_429_536_1_fu_1003/in[34].  Did not re-place instance system_i/spike_accel_0/inst/grp_sa_ms_all_conv_block_185_1_fu_481/grp_sa_ms_standard_conv_inplace_1_fu_570/grp_sa_conv2d_bn_40_71_118_240_333_426_535_1_fu_197/grp_sa_conv2d_int_43_74_429_536_1_fu_1003/mem_reg[5][34]_srl6_i_1__0
INFO: [Physopt 32-662] Processed net system_i/spike_accel_0/inst/grp_sa_ms_all_conv_block_185_1_fu_481/grp_sa_ms_standard_conv_inplace_1_fu_570/grp_sa_conv2d_bn_40_71_118_240_333_426_535_1_fu_197/grp_sa_conv2d_int_43_74_429_536_1_fu_1003/mem_reg[5][34]_srl6_i_2__0_n_2.  Did not re-place instance system_i/spike_accel_0/inst/grp_sa_ms_all_conv_block_185_1_fu_481/grp_sa_ms_standard_conv_inplace_1_fu_570/grp_sa_conv2d_bn_40_71_118_240_333_426_535_1_fu_197/grp_sa_conv2d_int_43_74_429_536_1_fu_1003/mem_reg[5][34]_srl6_i_2__0
INFO: [Physopt 32-662] Processed net system_i/spike_accel_0/inst/gmem2_m_axi_U/load_unit_0/fifo_rreq/U_fifo_srl/mem_reg[5][34]_srl6_n_2.  Did not re-place instance system_i/spike_accel_0/inst/gmem2_m_axi_U/load_unit_0/fifo_rreq/U_fifo_srl/mem_reg[5][34]_srl6
INFO: [Physopt 32-662] Processed net system_i/spike_accel_0/inst/grp_sa_conv2d_bn_40_71_118_240_333_426_1_fu_666/grp_sa_conv2d_int_43_74_429_1_fu_366/grp_sa_conv2d_int_43_74_429_1_Pipeline_VITIS_LOOP_97_7_VITIS_LOOP_98_8_VITIS_LOOP_99_fu_97/mul_8s_8s_16_4_1_U370/ap_enable_reg_pp0_iter0_reg_reg.  Did not re-place instance system_i/spike_accel_0/inst/grp_sa_conv2d_bn_40_71_118_240_333_426_1_fu_666/grp_sa_conv2d_int_43_74_429_1_fu_366/grp_sa_conv2d_int_43_74_429_1_Pipeline_VITIS_LOOP_97_7_VITIS_LOOP_98_8_VITIS_LOOP_99_fu_97/mul_8s_8s_16_4_1_U370/gmem2_addr_21_reg_8610[62]_i_5
INFO: [Physopt 32-662] Processed net system_i/spike_accel_0/inst/grp_sa_conv2d_bn_40_71_118_240_333_426_1_fu_666/grp_sa_conv2d_int_43_74_429_1_fu_366/grp_sa_conv2d_int_43_74_429_1_Pipeline_VITIS_LOOP_97_7_VITIS_LOOP_98_8_VITIS_LOOP_99_fu_97/grp_sa_conv2d_bn_40_71_118_240_333_426_1_fu_666_m_axi_gmem2_ARADDR[43].  Did not re-place instance system_i/spike_accel_0/inst/grp_sa_conv2d_bn_40_71_118_240_333_426_1_fu_666/grp_sa_conv2d_int_43_74_429_1_fu_366/grp_sa_conv2d_int_43_74_429_1_Pipeline_VITIS_LOOP_97_7_VITIS_LOOP_98_8_VITIS_LOOP_99_fu_97/mem_reg[5][43]_srl6_i_7__1
INFO: [Physopt 32-662] Processed net system_i/spike_accel_0/inst/grp_sa_conv2d_bn_40_71_118_240_333_426_1_fu_666/grp_sa_conv2d_int_43_74_429_1_fu_366/grp_sa_conv2d_int_43_74_429_1_Pipeline_VITIS_LOOP_97_7_VITIS_LOOP_98_8_VITIS_LOOP_99_fu_97/grp_sa_conv2d_int_43_74_429_1_fu_366_m_axi_gmem2_ARADDR[43].  Did not re-place instance system_i/spike_accel_0/inst/grp_sa_conv2d_bn_40_71_118_240_333_426_1_fu_666/grp_sa_conv2d_int_43_74_429_1_fu_366/grp_sa_conv2d_int_43_74_429_1_Pipeline_VITIS_LOOP_97_7_VITIS_LOOP_98_8_VITIS_LOOP_99_fu_97/mem_reg[5][43]_srl6_i_10__0
INFO: [Physopt 32-663] Processed net system_i/spike_accel_0/inst/grp_sa_conv2d_bn_40_71_118_240_333_426_1_fu_666/grp_sa_conv2d_int_43_74_429_1_fu_366/grp_sa_conv2d_int_43_74_429_1_Pipeline_VITIS_LOOP_97_7_VITIS_LOOP_98_8_VITIS_LOOP_99_fu_97/mem_reg[5][43]_srl6_i_13_n_2.  Re-placed instance system_i/spike_accel_0/inst/grp_sa_conv2d_bn_40_71_118_240_333_426_1_fu_666/grp_sa_conv2d_int_43_74_429_1_fu_366/grp_sa_conv2d_int_43_74_429_1_Pipeline_VITIS_LOOP_97_7_VITIS_LOOP_98_8_VITIS_LOOP_99_fu_97/mem_reg[5][43]_srl6_i_13
INFO: [Physopt 32-662] Processed net system_i/spike_accel_0/inst/grp_sa_ms_all_conv_block_185_1_fu_481/grp_sa_ms_standard_conv_inplace_1_fu_570/grp_sa_conv2d_bn_40_71_118_240_333_426_535_1_fu_197/grp_sa_conv2d_int_43_74_429_536_1_fu_1003/in[43].  Did not re-place instance system_i/spike_accel_0/inst/grp_sa_ms_all_conv_block_185_1_fu_481/grp_sa_ms_standard_conv_inplace_1_fu_570/grp_sa_conv2d_bn_40_71_118_240_333_426_535_1_fu_197/grp_sa_conv2d_int_43_74_429_536_1_fu_1003/mem_reg[5][43]_srl6_i_1__0
INFO: [Physopt 32-662] Processed net system_i/spike_accel_0/inst/grp_sa_ms_all_conv_block_185_1_fu_481/grp_sa_ms_standard_conv_inplace_1_fu_570/grp_sa_conv2d_bn_40_71_118_240_333_426_535_1_fu_197/grp_sa_conv2d_int_43_74_429_536_1_fu_1003/mem_reg[5][43]_srl6_i_2__0_n_2.  Did not re-place instance system_i/spike_accel_0/inst/grp_sa_ms_all_conv_block_185_1_fu_481/grp_sa_ms_standard_conv_inplace_1_fu_570/grp_sa_conv2d_bn_40_71_118_240_333_426_535_1_fu_197/grp_sa_conv2d_int_43_74_429_536_1_fu_1003/mem_reg[5][43]_srl6_i_2__0
INFO: [Physopt 32-662] Processed net system_i/spike_accel_0/inst/gmem2_m_axi_U/load_unit_0/fifo_rreq/U_fifo_srl/mem_reg[5][43]_srl6_n_2.  Did not re-place instance system_i/spike_accel_0/inst/gmem2_m_axi_U/load_unit_0/fifo_rreq/U_fifo_srl/mem_reg[5][43]_srl6
INFO: [Physopt 32-662] Processed net system_i/spike_accel_0/inst/grp_sa_spike_sppf_1_fu_684/grp_sa_maxpool_or_1_fu_296/select_ln35_reg_3372[5].  Did not re-place instance system_i/spike_accel_0/inst/grp_sa_spike_sppf_1_fu_684/grp_sa_maxpool_or_1_fu_296/select_ln35_reg_3372_reg[5]
INFO: [Physopt 32-662] Processed net system_i/spike_accel_0/inst/grp_sa_spike_sppf_1_fu_684/grp_sa_maxpool_or_1_fu_296/i___1_n_2.  Did not re-place instance system_i/spike_accel_0/inst/grp_sa_spike_sppf_1_fu_684/grp_sa_maxpool_or_1_fu_296/i___1
INFO: [Physopt 32-662] Processed net system_i/spike_accel_0/inst/grp_sa_spike_sppf_1_fu_684/grp_sa_maxpool_or_1_fu_296/mem_reg[5][14]_srl6_i_40_n_2.  Did not re-place instance system_i/spike_accel_0/inst/grp_sa_spike_sppf_1_fu_684/grp_sa_maxpool_or_1_fu_296/mem_reg[5][14]_srl6_i_40
INFO: [Physopt 32-662] Processed net system_i/spike_accel_0/inst/grp_sa_ms_all_conv_block_185_1_fu_481/grp_sa_ms_standard_conv_inplace_fu_485/grp_sa_conv2d_bn_40_71_118_240_333_426_535_1_fu_221/grp_sa_conv2d_bn_40_71_118_240_333_426_535_1_Pipeline_VITIS_LOOP_95_2_VITIS_LOOP_96_s_fu_1030/gmem4_addr_52_read_reg_849_reg[19]_0[0].  Did not re-place instance system_i/spike_accel_0/inst/grp_sa_ms_all_conv_block_185_1_fu_481/grp_sa_ms_standard_conv_inplace_fu_485/grp_sa_conv2d_bn_40_71_118_240_333_426_535_1_fu_221/grp_sa_conv2d_bn_40_71_118_240_333_426_535_1_Pipeline_VITIS_LOOP_95_2_VITIS_LOOP_96_s_fu_1030/mem_reg_i_917
INFO: [Physopt 32-662] Processed net system_i/spike_accel_0/inst/grp_sa_ms_all_conv_block_185_1_fu_481/grp_sa_ms_standard_conv_inplace_fu_485/grp_sa_conv2d_bn_40_71_118_240_333_426_535_1_fu_221/grp_sa_conv2d_int_43_74_429_536_1_fu_1003/gmem4_addr_reg_325_reg[62][34].  Did not re-place instance system_i/spike_accel_0/inst/grp_sa_ms_all_conv_block_185_1_fu_481/grp_sa_ms_standard_conv_inplace_fu_485/grp_sa_conv2d_bn_40_71_118_240_333_426_535_1_fu_221/grp_sa_conv2d_int_43_74_429_536_1_fu_1003/mem_reg[5][34]_srl6_i_1__2
INFO: [Physopt 32-662] Processed net system_i/spike_accel_0/inst/grp_sa_spike_sppf_1_fu_684/grp_sa_maxpool_or_1_fu_296/grp_sa_maxpool_or_1_fu_296_m_axi_gmem4_ARADDR[34].  Did not re-place instance system_i/spike_accel_0/inst/grp_sa_spike_sppf_1_fu_684/grp_sa_maxpool_or_1_fu_296/mem_reg[5][34]_srl6_i_17__1
INFO: [Physopt 32-662] Processed net system_i/spike_accel_0/inst/grp_sa_spike_sppf_1_fu_684/grp_sa_maxpool_or_1_fu_296/mem_reg[5][34]_srl6_i_22__2_n_2.  Did not re-place instance system_i/spike_accel_0/inst/grp_sa_spike_sppf_1_fu_684/grp_sa_maxpool_or_1_fu_296/mem_reg[5][34]_srl6_i_22__2
INFO: [Physopt 32-663] Processed net system_i/spike_accel_0/inst/grp_sa_spike_sppf_1_fu_684/grp_sa_maxpool_or_1_fu_296/mem_reg[5][34]_srl6_i_30__0_n_2.  Re-placed instance system_i/spike_accel_0/inst/grp_sa_spike_sppf_1_fu_684/grp_sa_maxpool_or_1_fu_296/mem_reg[5][34]_srl6_i_30__0
INFO: [Physopt 32-662] Processed net system_i/spike_accel_0/inst/grp_sa_spike_sppf_1_fu_684/grp_sa_spike_sppf_1_Pipeline_VITIS_LOOP_133_3_VITIS_LOOP_134_4_fu_317/gmem4_addr_10_reg_710_reg[34]_0.  Did not re-place instance system_i/spike_accel_0/inst/grp_sa_spike_sppf_1_fu_684/grp_sa_spike_sppf_1_Pipeline_VITIS_LOOP_133_3_VITIS_LOOP_134_4_fu_317/mem_reg[5][34]_srl6_i_11__2
INFO: [Physopt 32-663] Processed net system_i/spike_accel_0/inst/grp_sa_spike_sppf_1_fu_684/grp_sa_spike_sppf_1_Pipeline_VITIS_LOOP_150_6_VITIS_LOOP_151_7_fu_307/gmem4_addr_7_reg_784_reg[34]_0.  Re-placed instance system_i/spike_accel_0/inst/grp_sa_spike_sppf_1_fu_684/grp_sa_spike_sppf_1_Pipeline_VITIS_LOOP_150_6_VITIS_LOOP_151_7_fu_307/mem_reg[5][34]_srl6_i_3__3
INFO: [Physopt 32-662] Processed net system_i/spike_accel_0/inst/gmem4_m_axi_U/load_unit_0/fifo_rreq/U_fifo_srl/mem_reg[5][34]_srl6_n_2.  Did not re-place instance system_i/spike_accel_0/inst/gmem4_m_axi_U/load_unit_0/fifo_rreq/U_fifo_srl/mem_reg[5][34]_srl6
INFO: [Physopt 32-662] Processed net system_i/spike_accel_0/inst/grp_sa_ms_all_conv_block_185_1_fu_481/grp_sa_ms_standard_conv_inplace_1_fu_570/grp_sa_conv2d_bn_40_71_118_240_333_426_535_1_fu_197/grp_sa_conv2d_int_43_74_429_536_1_fu_1003/grp_sa_conv2d_bn_40_71_118_240_333_426_535_1_fu_197_m_axi_gmem4_WDATA[2].  Did not re-place instance system_i/spike_accel_0/inst/grp_sa_ms_all_conv_block_185_1_fu_481/grp_sa_ms_standard_conv_inplace_1_fu_570/grp_sa_conv2d_bn_40_71_118_240_333_426_535_1_fu_197/grp_sa_conv2d_int_43_74_429_536_1_fu_1003/mem_reg_i_686
INFO: [Physopt 32-662] Processed net system_i/spike_accel_0/inst/grp_sa_ms_all_conv_block_185_1_fu_481/grp_sa_ms_standard_conv_inplace_1_fu_570/grp_sa_ms_standard_conv_inplace_1_Pipeline_VITIS_LOOP_36_1_VITIS_LOOP_37_2_fu_172/grp_sa_ms_standard_conv_inplace_1_fu_570_m_axi_gmem4_WDATA[2].  Did not re-place instance system_i/spike_accel_0/inst/grp_sa_ms_all_conv_block_185_1_fu_481/grp_sa_ms_standard_conv_inplace_1_fu_570/grp_sa_ms_standard_conv_inplace_1_Pipeline_VITIS_LOOP_36_1_VITIS_LOOP_37_2_fu_172/mem_reg_i_514
INFO: [Physopt 32-662] Processed net system_i/spike_accel_0/inst/grp_sa_spike_sppf_1_fu_684/grp_sa_maxpool_or_1_fu_296/mem_reg[5][10]_srl6_i_42_n_2.  Did not re-place instance system_i/spike_accel_0/inst/grp_sa_spike_sppf_1_fu_684/grp_sa_maxpool_or_1_fu_296/mem_reg[5][10]_srl6_i_42
INFO: [Physopt 32-662] Processed net system_i/spike_accel_0/inst/grp_sa_ms_all_conv_block_185_1_fu_481/grp_sa_ms_standard_conv_inplace_fu_485/grp_sa_conv2d_bn_40_71_118_240_333_426_535_1_fu_221/grp_sa_conv2d_bn_40_71_118_240_333_426_535_1_Pipeline_VITIS_LOOP_95_2_VITIS_LOOP_96_s_fu_1030/gmem4_addr_52_read_reg_849_reg[22]_0[2].  Did not re-place instance system_i/spike_accel_0/inst/grp_sa_ms_all_conv_block_185_1_fu_481/grp_sa_ms_standard_conv_inplace_fu_485/grp_sa_conv2d_bn_40_71_118_240_333_426_535_1_fu_221/grp_sa_conv2d_bn_40_71_118_240_333_426_535_1_Pipeline_VITIS_LOOP_95_2_VITIS_LOOP_96_s_fu_1030/mem_reg_i_884
INFO: [Physopt 32-662] Processed net system_i/spike_accel_0/inst/grp_sa_ms_all_conv_block_185_1_fu_481/grp_sa_ms_standard_conv_inplace_fu_485/grp_sa_conv2d_bn_40_71_118_240_333_426_535_1_fu_221/grp_sa_conv2d_bn_40_71_118_240_333_426_535_1_Pipeline_VITIS_LOOP_95_2_VITIS_LOOP_96_s_fu_1030/mem_reg_i_1016_n_2.  Did not re-place instance system_i/spike_accel_0/inst/grp_sa_ms_all_conv_block_185_1_fu_481/grp_sa_ms_standard_conv_inplace_fu_485/grp_sa_conv2d_bn_40_71_118_240_333_426_535_1_fu_221/grp_sa_conv2d_bn_40_71_118_240_333_426_535_1_Pipeline_VITIS_LOOP_95_2_VITIS_LOOP_96_s_fu_1030/mem_reg_i_1016
INFO: [Physopt 32-662] Processed net system_i/spike_accel_0/inst/grp_sa_ms_all_conv_block_185_1_fu_481/grp_sa_ms_standard_conv_inplace_fu_485/grp_sa_conv2d_bn_40_71_118_240_333_426_535_1_fu_221/grp_sa_conv2d_int_43_74_429_536_1_fu_1003/gmem4_addr_reg_325_reg[62][60].  Did not re-place instance system_i/spike_accel_0/inst/grp_sa_ms_all_conv_block_185_1_fu_481/grp_sa_ms_standard_conv_inplace_fu_485/grp_sa_conv2d_bn_40_71_118_240_333_426_535_1_fu_221/grp_sa_conv2d_int_43_74_429_536_1_fu_1003/mem_reg[5][60]_srl6_i_1__2
INFO: [Physopt 32-662] Processed net system_i/spike_accel_0/inst/grp_sa_spike_sppf_1_fu_684/grp_sa_maxpool_or_1_fu_296/grp_sa_maxpool_or_1_fu_296_m_axi_gmem4_ARADDR[60].  Did not re-place instance system_i/spike_accel_0/inst/grp_sa_spike_sppf_1_fu_684/grp_sa_maxpool_or_1_fu_296/mem_reg[5][60]_srl6_i_17__1
INFO: [Physopt 32-662] Processed net system_i/spike_accel_0/inst/grp_sa_spike_sppf_1_fu_684/grp_sa_maxpool_or_1_fu_296/mem_reg[5][60]_srl6_i_22__2_n_2.  Did not re-place instance system_i/spike_accel_0/inst/grp_sa_spike_sppf_1_fu_684/grp_sa_maxpool_or_1_fu_296/mem_reg[5][60]_srl6_i_22__2
INFO: [Physopt 32-663] Processed net system_i/spike_accel_0/inst/grp_sa_spike_sppf_1_fu_684/grp_sa_maxpool_or_1_fu_296/mem_reg[5][60]_srl6_i_29__0_n_2.  Re-placed instance system_i/spike_accel_0/inst/grp_sa_spike_sppf_1_fu_684/grp_sa_maxpool_or_1_fu_296/mem_reg[5][60]_srl6_i_29__0
INFO: [Physopt 32-662] Processed net system_i/spike_accel_0/inst/grp_sa_spike_sppf_1_fu_684/grp_sa_spike_sppf_1_Pipeline_VITIS_LOOP_133_3_VITIS_LOOP_134_4_fu_317/gmem4_addr_12_reg_688_reg[60]_0.  Did not re-place instance system_i/spike_accel_0/inst/grp_sa_spike_sppf_1_fu_684/grp_sa_spike_sppf_1_Pipeline_VITIS_LOOP_133_3_VITIS_LOOP_134_4_fu_317/mem_reg[5][60]_srl6_i_11__2
INFO: [Physopt 32-662] Processed net system_i/spike_accel_0/inst/grp_sa_spike_sppf_1_fu_684/grp_sa_spike_sppf_1_Pipeline_VITIS_LOOP_150_6_VITIS_LOOP_151_7_fu_307/gmem4_addr_7_reg_784_reg[60]_0.  Did not re-place instance system_i/spike_accel_0/inst/grp_sa_spike_sppf_1_fu_684/grp_sa_spike_sppf_1_Pipeline_VITIS_LOOP_150_6_VITIS_LOOP_151_7_fu_307/mem_reg[5][60]_srl6_i_3__3
INFO: [Physopt 32-662] Processed net system_i/spike_accel_0/inst/grp_sa_spike_sppf_1_fu_684/grp_sa_spike_sppf_1_Pipeline_VITIS_LOOP_150_6_VITIS_LOOP_151_7_fu_307/mem_reg[5][60]_srl6_i_6__2_n_2.  Did not re-place instance system_i/spike_accel_0/inst/grp_sa_spike_sppf_1_fu_684/grp_sa_spike_sppf_1_Pipeline_VITIS_LOOP_150_6_VITIS_LOOP_151_7_fu_307/mem_reg[5][60]_srl6_i_6__2
INFO: [Physopt 32-662] Processed net system_i/spike_accel_0/inst/gmem4_m_axi_U/load_unit_0/fifo_rreq/U_fifo_srl/mem_reg[5][60]_srl6_n_2.  Did not re-place instance system_i/spike_accel_0/inst/gmem4_m_axi_U/load_unit_0/fifo_rreq/U_fifo_srl/mem_reg[5][60]_srl6
INFO: [Physopt 32-662] Processed net system_i/spike_accel_0/inst/grp_sa_conv2d_bn_40_71_118_240_333_426_1_fu_666/grp_sa_conv2d_int_43_74_429_1_fu_366/grp_sa_conv2d_int_43_74_429_1_Pipeline_VITIS_LOOP_97_7_VITIS_LOOP_98_8_VITIS_LOOP_99_fu_97/mul_8s_8s_16_4_1_U403/ap_block_pp0_stage8_11001.  Did not re-place instance system_i/spike_accel_0/inst/grp_sa_conv2d_bn_40_71_118_240_333_426_1_fu_666/grp_sa_conv2d_int_43_74_429_1_fu_366/grp_sa_conv2d_int_43_74_429_1_Pipeline_VITIS_LOOP_97_7_VITIS_LOOP_98_8_VITIS_LOOP_99_fu_97/mul_8s_8s_16_4_1_U403/gmem2_addr_5_reg_8139[62]_i_3
INFO: [Physopt 32-662] Processed net system_i/spike_accel_0/inst/grp_sa_conv2d_bn_40_71_118_240_333_426_1_fu_666/grp_sa_conv2d_int_43_74_429_1_fu_366/grp_sa_conv2d_int_43_74_429_1_Pipeline_VITIS_LOOP_97_7_VITIS_LOOP_98_8_VITIS_LOOP_99_fu_97/m_axi_gmem2_ARVALID5254_out.  Did not re-place instance system_i/spike_accel_0/inst/grp_sa_conv2d_bn_40_71_118_240_333_426_1_fu_666/grp_sa_conv2d_int_43_74_429_1_fu_366/grp_sa_conv2d_int_43_74_429_1_Pipeline_VITIS_LOOP_97_7_VITIS_LOOP_98_8_VITIS_LOOP_99_fu_97/mem_reg[5][3]_srl6_i_32
INFO: [Physopt 32-662] Processed net system_i/spike_accel_0/inst/grp_sa_ms_downsampling_199_1_fu_628/grp_sa_conv2d_bn_40_71_118_240_333_426_535_1_fu_199/grp_sa_conv2d_bn_40_71_118_240_333_426_535_1_Pipeline_VITIS_LOOP_95_2_VITIS_LOOP_96_s_fu_1030/gmem4_addr_52_read_reg_849_reg[6]_0[1].  Did not re-place instance system_i/spike_accel_0/inst/grp_sa_ms_downsampling_199_1_fu_628/grp_sa_conv2d_bn_40_71_118_240_333_426_535_1_fu_199/grp_sa_conv2d_bn_40_71_118_240_333_426_535_1_Pipeline_VITIS_LOOP_95_2_VITIS_LOOP_96_s_fu_1030/mem_reg_i_588
INFO: [Physopt 32-662] Processed net system_i/spike_accel_0/inst/grp_sa_ms_downsampling_199_1_fu_628/grp_sa_conv2d_bn_40_71_118_240_333_426_535_1_fu_199/grp_sa_conv2d_bn_40_71_118_240_333_426_535_1_Pipeline_VITIS_LOOP_95_2_VITIS_LOOP_96_s_fu_1030/mem_reg_i_776_n_2.  Did not re-place instance system_i/spike_accel_0/inst/grp_sa_ms_downsampling_199_1_fu_628/grp_sa_conv2d_bn_40_71_118_240_333_426_535_1_fu_199/grp_sa_conv2d_bn_40_71_118_240_333_426_535_1_Pipeline_VITIS_LOOP_95_2_VITIS_LOOP_96_s_fu_1030/mem_reg_i_776
INFO: [Physopt 32-662] Processed net system_i/spike_accel_0/inst/grp_sa_conv2d_bn_40_71_118_240_333_426_1_fu_666/grp_sa_conv2d_int_43_74_429_1_fu_366/grp_sa_conv2d_int_43_74_429_1_Pipeline_VITIS_LOOP_97_7_VITIS_LOOP_98_8_VITIS_LOOP_99_fu_97/grp_sa_conv2d_bn_40_71_118_240_333_426_1_fu_666_m_axi_gmem2_ARADDR[52].  Did not re-place instance system_i/spike_accel_0/inst/grp_sa_conv2d_bn_40_71_118_240_333_426_1_fu_666/grp_sa_conv2d_int_43_74_429_1_fu_366/grp_sa_conv2d_int_43_74_429_1_Pipeline_VITIS_LOOP_97_7_VITIS_LOOP_98_8_VITIS_LOOP_99_fu_97/mem_reg[5][52]_srl6_i_7__1
INFO: [Physopt 32-662] Processed net system_i/spike_accel_0/inst/grp_sa_conv2d_bn_40_71_118_240_333_426_1_fu_666/grp_sa_conv2d_int_43_74_429_1_fu_366/grp_sa_conv2d_int_43_74_429_1_Pipeline_VITIS_LOOP_97_7_VITIS_LOOP_98_8_VITIS_LOOP_99_fu_97/grp_sa_conv2d_int_43_74_429_1_fu_366_m_axi_gmem2_ARADDR[52].  Did not re-place instance system_i/spike_accel_0/inst/grp_sa_conv2d_bn_40_71_118_240_333_426_1_fu_666/grp_sa_conv2d_int_43_74_429_1_fu_366/grp_sa_conv2d_int_43_74_429_1_Pipeline_VITIS_LOOP_97_7_VITIS_LOOP_98_8_VITIS_LOOP_99_fu_97/mem_reg[5][52]_srl6_i_10__0
INFO: [Physopt 32-662] Processed net system_i/spike_accel_0/inst/grp_sa_conv2d_bn_40_71_118_240_333_426_1_fu_666/grp_sa_conv2d_int_43_74_429_1_fu_366/grp_sa_conv2d_int_43_74_429_1_Pipeline_VITIS_LOOP_97_7_VITIS_LOOP_98_8_VITIS_LOOP_99_fu_97/mem_reg[5][52]_srl6_i_11__0_n_2.  Did not re-place instance system_i/spike_accel_0/inst/grp_sa_conv2d_bn_40_71_118_240_333_426_1_fu_666/grp_sa_conv2d_int_43_74_429_1_fu_366/grp_sa_conv2d_int_43_74_429_1_Pipeline_VITIS_LOOP_97_7_VITIS_LOOP_98_8_VITIS_LOOP_99_fu_97/mem_reg[5][52]_srl6_i_11__0
INFO: [Physopt 32-663] Processed net system_i/spike_accel_0/inst/grp_sa_conv2d_bn_40_71_118_240_333_426_1_fu_666/grp_sa_conv2d_int_43_74_429_1_fu_366/grp_sa_conv2d_int_43_74_429_1_Pipeline_VITIS_LOOP_97_7_VITIS_LOOP_98_8_VITIS_LOOP_99_fu_97/mem_reg[5][52]_srl6_i_16__0_n_2.  Re-placed instance system_i/spike_accel_0/inst/grp_sa_conv2d_bn_40_71_118_240_333_426_1_fu_666/grp_sa_conv2d_int_43_74_429_1_fu_366/grp_sa_conv2d_int_43_74_429_1_Pipeline_VITIS_LOOP_97_7_VITIS_LOOP_98_8_VITIS_LOOP_99_fu_97/mem_reg[5][52]_srl6_i_16__0
INFO: [Physopt 32-662] Processed net system_i/spike_accel_0/inst/grp_sa_conv2d_bn_40_71_118_240_333_426_1_fu_666/grp_sa_conv2d_int_43_74_429_1_fu_366/grp_sa_conv2d_int_43_74_429_1_Pipeline_VITIS_LOOP_97_7_VITIS_LOOP_98_8_VITIS_LOOP_99_fu_97/mem_reg[5][52]_srl6_i_30_n_2.  Did not re-place instance system_i/spike_accel_0/inst/grp_sa_conv2d_bn_40_71_118_240_333_426_1_fu_666/grp_sa_conv2d_int_43_74_429_1_fu_366/grp_sa_conv2d_int_43_74_429_1_Pipeline_VITIS_LOOP_97_7_VITIS_LOOP_98_8_VITIS_LOOP_99_fu_97/mem_reg[5][52]_srl6_i_30
INFO: [Physopt 32-662] Processed net system_i/spike_accel_0/inst/grp_sa_ms_all_conv_block_185_1_fu_481/grp_sa_ms_standard_conv_inplace_1_fu_570/grp_sa_conv2d_bn_40_71_118_240_333_426_535_1_fu_197/grp_sa_conv2d_int_43_74_429_536_1_fu_1003/in[52].  Did not re-place instance system_i/spike_accel_0/inst/grp_sa_ms_all_conv_block_185_1_fu_481/grp_sa_ms_standard_conv_inplace_1_fu_570/grp_sa_conv2d_bn_40_71_118_240_333_426_535_1_fu_197/grp_sa_conv2d_int_43_74_429_536_1_fu_1003/mem_reg[5][52]_srl6_i_1__0
INFO: [Physopt 32-662] Processed net system_i/spike_accel_0/inst/grp_sa_ms_all_conv_block_185_1_fu_481/grp_sa_ms_standard_conv_inplace_1_fu_570/grp_sa_conv2d_bn_40_71_118_240_333_426_535_1_fu_197/grp_sa_conv2d_int_43_74_429_536_1_fu_1003/mem_reg[5][52]_srl6_i_2__0_n_2.  Did not re-place instance system_i/spike_accel_0/inst/grp_sa_ms_all_conv_block_185_1_fu_481/grp_sa_ms_standard_conv_inplace_1_fu_570/grp_sa_conv2d_bn_40_71_118_240_333_426_535_1_fu_197/grp_sa_conv2d_int_43_74_429_536_1_fu_1003/mem_reg[5][52]_srl6_i_2__0
INFO: [Physopt 32-662] Processed net system_i/spike_accel_0/inst/grp_sa_ms_downsampling_199_1_fu_628/grp_sa_conv2d_bn_40_71_118_240_333_426_535_1_fu_199/grp_sa_conv2d_bn_40_71_118_240_333_426_535_1_Pipeline_VITIS_LOOP_95_2_VITIS_LOOP_96_s_fu_1030/gmem4_addr_52_read_reg_849_reg[7]_0[1].  Did not re-place instance system_i/spike_accel_0/inst/grp_sa_ms_downsampling_199_1_fu_628/grp_sa_conv2d_bn_40_71_118_240_333_426_535_1_fu_199/grp_sa_conv2d_bn_40_71_118_240_333_426_535_1_Pipeline_VITIS_LOOP_95_2_VITIS_LOOP_96_s_fu_1030/mem_reg_i_592
INFO: [Physopt 32-661] Optimized 34 nets.  Re-placed 34 instances.
INFO: [Physopt 32-775] End 1 Pass. Optimized 34 nets or cells. Created 0 new cell, deleted 0 existing cell and moved 34 existing cells
INFO: [Physopt 32-619] Estimated Timing Summary | WNS=-0.263 | TNS=-0.274 |
Netlist sorting complete. Time (s): cpu = 00:00:00 ; elapsed = 00:00:00.034 . Memory (MB): peak = 3680.375 ; gain = 0.000
Phase 4 Single Cell Placement Optimization | Checksum: 161431ed2

Time (s): cpu = 00:00:21 ; elapsed = 00:00:13 . Memory (MB): peak = 3680.375 ; gain = 7.656

Phase 5 Multi Cell Placement Optimization
INFO: [Physopt 32-660] Identified 100 candidate nets for placement-based optimization.
INFO: [Physopt 32-662] Processed net system_i/spike_accel_0/inst/grp_sa_ms_all_conv_block_185_1_fu_481/grp_sa_ms_standard_conv_inplace_fu_485/grp_sa_conv2d_bn_40_71_118_240_333_426_535_1_fu_221/grp_sa_conv2d_bn_40_71_118_240_333_426_535_1_Pipeline_VITIS_LOOP_95_2_VITIS_LOOP_96_s_fu_1030/gmem4_addr_52_read_reg_849_reg[10]_0[3].  Did not re-place instance system_i/spike_accel_0/inst/grp_sa_ms_all_conv_block_185_1_fu_481/grp_sa_ms_standard_conv_inplace_fu_485/grp_sa_conv2d_bn_40_71_118_240_333_426_535_1_fu_221/grp_sa_conv2d_bn_40_71_118_240_333_426_535_1_Pipeline_VITIS_LOOP_95_2_VITIS_LOOP_96_s_fu_1030/mem_reg_i_747/O
INFO: [Physopt 32-662] Processed net system_i/spike_accel_0/inst/grp_sa_ms_all_conv_block_185_1_fu_481/grp_sa_ms_standard_conv_inplace_fu_485/grp_sa_conv2d_bn_40_71_118_240_333_426_535_1_fu_221/grp_sa_conv2d_bn_40_71_118_240_333_426_535_1_Pipeline_VITIS_LOOP_95_2_VITIS_LOOP_96_s_fu_1030/mem_reg_i_958_n_2.  Did not re-place instance system_i/spike_accel_0/inst/grp_sa_ms_all_conv_block_185_1_fu_481/grp_sa_ms_standard_conv_inplace_fu_485/grp_sa_conv2d_bn_40_71_118_240_333_426_535_1_fu_221/grp_sa_conv2d_bn_40_71_118_240_333_426_535_1_Pipeline_VITIS_LOOP_95_2_VITIS_LOOP_96_s_fu_1030/mem_reg_i_958/O
INFO: [Physopt 32-662] Processed net system_i/spike_accel_0/inst/grp_sa_ms_downsampling_199_1_fu_628/grp_sa_ms_downsampling_199_1_Pipeline_VITIS_LOOP_36_1_VITIS_LOOP_37_2_fu_174/mem_reg_i_112__0_n_2.  Did not re-place instance system_i/spike_accel_0/inst/grp_sa_ms_downsampling_199_1_fu_628/grp_sa_ms_downsampling_199_1_Pipeline_VITIS_LOOP_36_1_VITIS_LOOP_37_2_fu_174/mem_reg_i_112__0/O
INFO: [Physopt 32-662] Processed net system_i/spike_accel_0/inst/grp_sa_ms_all_conv_block_185_1_fu_481/grp_sa_ms_standard_conv_inplace_fu_485/grp_sa_conv2d_bn_40_71_118_240_333_426_535_1_fu_221/grp_sa_conv2d_bn_40_71_118_240_333_426_535_1_Pipeline_VITIS_LOOP_95_2_VITIS_LOOP_96_s_fu_1030/gmem4_addr_52_read_reg_849_reg[6]_0[3].  Did not re-place instance system_i/spike_accel_0/inst/grp_sa_ms_all_conv_block_185_1_fu_481/grp_sa_ms_standard_conv_inplace_fu_485/grp_sa_conv2d_bn_40_71_118_240_333_426_535_1_fu_221/grp_sa_conv2d_bn_40_71_118_240_333_426_535_1_Pipeline_VITIS_LOOP_95_2_VITIS_LOOP_96_s_fu_1030/mem_reg_i_778/O
INFO: [Physopt 32-662] Processed net system_i/spike_accel_0/inst/grp_sa_ms_all_conv_block_185_1_fu_481/grp_sa_ms_standard_conv_inplace_fu_485/grp_sa_conv2d_bn_40_71_118_240_333_426_535_1_fu_221/grp_sa_conv2d_bn_40_71_118_240_333_426_535_1_Pipeline_VITIS_LOOP_95_2_VITIS_LOOP_96_s_fu_1030/mem_reg_i_970_n_2.  Did not re-place instance system_i/spike_accel_0/inst/grp_sa_ms_all_conv_block_185_1_fu_481/grp_sa_ms_standard_conv_inplace_fu_485/grp_sa_conv2d_bn_40_71_118_240_333_426_535_1_fu_221/grp_sa_conv2d_bn_40_71_118_240_333_426_535_1_Pipeline_VITIS_LOOP_95_2_VITIS_LOOP_96_s_fu_1030/mem_reg_i_970/O
INFO: [Physopt 32-662] Processed net system_i/spike_accel_0/inst/grp_sa_ms_all_conv_block_185_1_fu_481/grp_sa_ms_standard_conv_inplace_fu_485/grp_sa_conv2d_bn_40_71_118_240_333_426_535_1_fu_221/grp_sa_conv2d_bn_40_71_118_240_333_426_535_1_Pipeline_VITIS_LOOP_95_2_VITIS_LOOP_96_s_fu_1030/gmem4_addr_52_read_reg_849_reg[18]_0[1].  Did not re-place instance system_i/spike_accel_0/inst/grp_sa_ms_all_conv_block_185_1_fu_481/grp_sa_ms_standard_conv_inplace_fu_485/grp_sa_conv2d_bn_40_71_118_240_333_426_535_1_fu_221/grp_sa_conv2d_bn_40_71_118_240_333_426_535_1_Pipeline_VITIS_LOOP_95_2_VITIS_LOOP_96_s_fu_1030/mem_reg_i_912/O
INFO: [Physopt 32-662] Processed net system_i/spike_accel_0/inst/grp_sa_ms_all_conv_block_185_1_fu_481/grp_sa_ms_standard_conv_inplace_fu_485/grp_sa_conv2d_bn_40_71_118_240_333_426_535_1_fu_221/grp_sa_conv2d_bn_40_71_118_240_333_426_535_1_Pipeline_VITIS_LOOP_95_2_VITIS_LOOP_96_s_fu_1030/mem_reg_i_1029_n_2.  Did not re-place instance system_i/spike_accel_0/inst/grp_sa_ms_all_conv_block_185_1_fu_481/grp_sa_ms_standard_conv_inplace_fu_485/grp_sa_conv2d_bn_40_71_118_240_333_426_535_1_fu_221/grp_sa_conv2d_bn_40_71_118_240_333_426_535_1_Pipeline_VITIS_LOOP_95_2_VITIS_LOOP_96_s_fu_1030/mem_reg_i_1029/O
INFO: [Physopt 32-662] Processed net system_i/spike_accel_0/inst/grp_sa_ms_all_conv_block_185_1_fu_481/grp_sa_ms_standard_conv_inplace_fu_485/grp_sa_conv2d_bn_40_71_118_240_333_426_535_1_fu_221/grp_sa_conv2d_bn_40_71_118_240_333_426_535_1_Pipeline_VITIS_LOOP_95_2_VITIS_LOOP_96_s_fu_1030/gmem4_addr_52_read_reg_849_reg[10]_0[2].  Did not re-place instance system_i/spike_accel_0/inst/grp_sa_ms_all_conv_block_185_1_fu_481/grp_sa_ms_standard_conv_inplace_fu_485/grp_sa_conv2d_bn_40_71_118_240_333_426_535_1_fu_221/grp_sa_conv2d_bn_40_71_118_240_333_426_535_1_Pipeline_VITIS_LOOP_95_2_VITIS_LOOP_96_s_fu_1030/mem_reg_i_748/O
INFO: [Physopt 32-662] Processed net system_i/spike_accel_0/inst/grp_sa_ms_all_conv_block_185_1_fu_481/grp_sa_ms_standard_conv_inplace_fu_485/grp_sa_conv2d_bn_40_71_118_240_333_426_535_1_fu_221/grp_sa_conv2d_bn_40_71_118_240_333_426_535_1_Pipeline_VITIS_LOOP_95_2_VITIS_LOOP_96_s_fu_1030/mem_reg_i_959_n_2.  Did not re-place instance system_i/spike_accel_0/inst/grp_sa_ms_all_conv_block_185_1_fu_481/grp_sa_ms_standard_conv_inplace_fu_485/grp_sa_conv2d_bn_40_71_118_240_333_426_535_1_fu_221/grp_sa_conv2d_bn_40_71_118_240_333_426_535_1_Pipeline_VITIS_LOOP_95_2_VITIS_LOOP_96_s_fu_1030/mem_reg_i_959/O
INFO: [Physopt 32-662] Processed net system_i/spike_accel_0/inst/grp_sa_ms_all_conv_block_185_1_fu_481/grp_sa_ms_standard_conv_inplace_fu_485/grp_sa_conv2d_bn_40_71_118_240_333_426_535_1_fu_221/grp_sa_conv2d_bn_40_71_118_240_333_426_535_1_Pipeline_VITIS_LOOP_95_2_VITIS_LOOP_96_s_fu_1030/gmem4_addr_52_read_reg_849_reg[10]_0[1].  Did not re-place instance system_i/spike_accel_0/inst/grp_sa_ms_all_conv_block_185_1_fu_481/grp_sa_ms_standard_conv_inplace_fu_485/grp_sa_conv2d_bn_40_71_118_240_333_426_535_1_fu_221/grp_sa_conv2d_bn_40_71_118_240_333_426_535_1_Pipeline_VITIS_LOOP_95_2_VITIS_LOOP_96_s_fu_1030/mem_reg_i_749/O
INFO: [Physopt 32-662] Processed net system_i/spike_accel_0/inst/grp_sa_ms_all_conv_block_185_1_fu_481/grp_sa_ms_standard_conv_inplace_fu_485/grp_sa_conv2d_bn_40_71_118_240_333_426_535_1_fu_221/grp_sa_conv2d_bn_40_71_118_240_333_426_535_1_Pipeline_VITIS_LOOP_95_2_VITIS_LOOP_96_s_fu_1030/mem_reg_i_960_n_2.  Did not re-place instance system_i/spike_accel_0/inst/grp_sa_ms_all_conv_block_185_1_fu_481/grp_sa_ms_standard_conv_inplace_fu_485/grp_sa_conv2d_bn_40_71_118_240_333_426_535_1_fu_221/grp_sa_conv2d_bn_40_71_118_240_333_426_535_1_Pipeline_VITIS_LOOP_95_2_VITIS_LOOP_96_s_fu_1030/mem_reg_i_960/O
INFO: [Physopt 32-662] Processed net system_i/spike_accel_0/inst/grp_sa_ms_all_conv_block_185_1_fu_481/grp_sa_ms_standard_conv_inplace_fu_485/grp_sa_conv2d_bn_40_71_118_240_333_426_535_1_fu_221/grp_sa_conv2d_bn_40_71_118_240_333_426_535_1_Pipeline_VITIS_LOOP_95_2_VITIS_LOOP_96_s_fu_1030/gmem4_addr_52_read_reg_849_reg[22]_0[1].  Did not re-place instance system_i/spike_accel_0/inst/grp_sa_ms_all_conv_block_185_1_fu_481/grp_sa_ms_standard_conv_inplace_fu_485/grp_sa_conv2d_bn_40_71_118_240_333_426_535_1_fu_221/grp_sa_conv2d_bn_40_71_118_240_333_426_535_1_Pipeline_VITIS_LOOP_95_2_VITIS_LOOP_96_s_fu_1030/mem_reg_i_885/O
INFO: [Physopt 32-662] Processed net system_i/spike_accel_0/inst/grp_sa_ms_all_conv_block_185_1_fu_481/grp_sa_ms_standard_conv_inplace_fu_485/grp_sa_conv2d_bn_40_71_118_240_333_426_535_1_fu_221/grp_sa_conv2d_bn_40_71_118_240_333_426_535_1_Pipeline_VITIS_LOOP_95_2_VITIS_LOOP_96_s_fu_1030/mem_reg_i_1017_n_2.  Did not re-place instance system_i/spike_accel_0/inst/grp_sa_ms_all_conv_block_185_1_fu_481/grp_sa_ms_standard_conv_inplace_fu_485/grp_sa_conv2d_bn_40_71_118_240_333_426_535_1_fu_221/grp_sa_conv2d_bn_40_71_118_240_333_426_535_1_Pipeline_VITIS_LOOP_95_2_VITIS_LOOP_96_s_fu_1030/mem_reg_i_1017/O
INFO: [Physopt 32-662] Processed net system_i/spike_accel_0/inst/grp_sa_ms_all_conv_block_185_1_fu_481/grp_sa_ms_standard_conv_inplace_fu_485/grp_sa_conv2d_bn_40_71_118_240_333_426_535_1_fu_221/grp_sa_conv2d_bn_40_71_118_240_333_426_535_1_Pipeline_VITIS_LOOP_95_2_VITIS_LOOP_96_s_fu_1030/gmem4_addr_52_read_reg_849_reg[18]_0[3].  Did not re-place instance system_i/spike_accel_0/inst/grp_sa_ms_all_conv_block_185_1_fu_481/grp_sa_ms_standard_conv_inplace_fu_485/grp_sa_conv2d_bn_40_71_118_240_333_426_535_1_fu_221/grp_sa_conv2d_bn_40_71_118_240_333_426_535_1_Pipeline_VITIS_LOOP_95_2_VITIS_LOOP_96_s_fu_1030/mem_reg_i_910/O
INFO: [Physopt 32-662] Processed net system_i/spike_accel_0/inst/grp_sa_ms_all_conv_block_185_1_fu_481/grp_sa_ms_standard_conv_inplace_fu_485/grp_sa_conv2d_bn_40_71_118_240_333_426_535_1_fu_221/grp_sa_conv2d_bn_40_71_118_240_333_426_535_1_Pipeline_VITIS_LOOP_95_2_VITIS_LOOP_96_s_fu_1030/mem_reg_i_1027_n_2.  Did not re-place instance system_i/spike_accel_0/inst/grp_sa_ms_all_conv_block_185_1_fu_481/grp_sa_ms_standard_conv_inplace_fu_485/grp_sa_conv2d_bn_40_71_118_240_333_426_535_1_fu_221/grp_sa_conv2d_bn_40_71_118_240_333_426_535_1_Pipeline_VITIS_LOOP_95_2_VITIS_LOOP_96_s_fu_1030/mem_reg_i_1027/O
INFO: [Physopt 32-662] Processed net system_i/spike_accel_0/inst/grp_sa_ms_all_conv_block_185_1_fu_481/grp_sa_ms_standard_conv_inplace_fu_485/grp_sa_conv2d_bn_40_71_118_240_333_426_535_1_fu_221/grp_sa_conv2d_bn_40_71_118_240_333_426_535_1_Pipeline_VITIS_LOOP_95_2_VITIS_LOOP_96_s_fu_1030/gmem4_addr_52_read_reg_849_reg[22]_0[0].  Did not re-place instance system_i/spike_accel_0/inst/grp_sa_ms_all_conv_block_185_1_fu_481/grp_sa_ms_standard_conv_inplace_fu_485/grp_sa_conv2d_bn_40_71_118_240_333_426_535_1_fu_221/grp_sa_conv2d_bn_40_71_118_240_333_426_535_1_Pipeline_VITIS_LOOP_95_2_VITIS_LOOP_96_s_fu_1030/mem_reg_i_886/O
INFO: [Physopt 32-662] Processed net system_i/spike_accel_0/inst/grp_sa_ms_all_conv_block_185_1_fu_481/grp_sa_ms_standard_conv_inplace_fu_485/grp_sa_conv2d_bn_40_71_118_240_333_426_535_1_fu_221/grp_sa_conv2d_bn_40_71_118_240_333_426_535_1_Pipeline_VITIS_LOOP_95_2_VITIS_LOOP_96_s_fu_1030/mem_reg_i_1018_n_2.  Did not re-place instance system_i/spike_accel_0/inst/grp_sa_ms_all_conv_block_185_1_fu_481/grp_sa_ms_standard_conv_inplace_fu_485/grp_sa_conv2d_bn_40_71_118_240_333_426_535_1_fu_221/grp_sa_conv2d_bn_40_71_118_240_333_426_535_1_Pipeline_VITIS_LOOP_95_2_VITIS_LOOP_96_s_fu_1030/mem_reg_i_1018/O
INFO: [Physopt 32-662] Processed net system_i/spike_accel_0/inst/grp_sa_ms_all_conv_block_185_1_fu_481/grp_sa_ms_standard_conv_inplace_fu_485/grp_sa_conv2d_bn_40_71_118_240_333_426_535_1_fu_221/grp_sa_conv2d_bn_40_71_118_240_333_426_535_1_Pipeline_VITIS_LOOP_95_2_VITIS_LOOP_96_s_fu_1030/gmem4_addr_52_read_reg_849_reg[22]_0[3].  Did not re-place instance system_i/spike_accel_0/inst/grp_sa_ms_all_conv_block_185_1_fu_481/grp_sa_ms_standard_conv_inplace_fu_485/grp_sa_conv2d_bn_40_71_118_240_333_426_535_1_fu_221/grp_sa_conv2d_bn_40_71_118_240_333_426_535_1_Pipeline_VITIS_LOOP_95_2_VITIS_LOOP_96_s_fu_1030/mem_reg_i_883/O
INFO: [Physopt 32-662] Processed net system_i/spike_accel_0/inst/grp_sa_ms_all_conv_block_185_1_fu_481/grp_sa_ms_standard_conv_inplace_fu_485/grp_sa_conv2d_bn_40_71_118_240_333_426_535_1_fu_221/grp_sa_conv2d_bn_40_71_118_240_333_426_535_1_Pipeline_VITIS_LOOP_95_2_VITIS_LOOP_96_s_fu_1030/mem_reg_i_1015_n_2.  Did not re-place instance system_i/spike_accel_0/inst/grp_sa_ms_all_conv_block_185_1_fu_481/grp_sa_ms_standard_conv_inplace_fu_485/grp_sa_conv2d_bn_40_71_118_240_333_426_535_1_fu_221/grp_sa_conv2d_bn_40_71_118_240_333_426_535_1_Pipeline_VITIS_LOOP_95_2_VITIS_LOOP_96_s_fu_1030/mem_reg_i_1015/O
INFO: [Physopt 32-662] Processed net system_i/spike_accel_0/inst/grp_sa_ms_all_conv_block_185_1_fu_481/grp_sa_ms_standard_conv_inplace_1_fu_570/grp_sa_conv2d_bn_40_71_118_240_333_426_535_1_fu_197/grp_sa_conv2d_bn_40_71_118_240_333_426_535_1_Pipeline_VITIS_LOOP_95_2_VITIS_LOOP_96_s_fu_1030/gmem4_addr_52_read_reg_849_reg[14]_0[0].  Did not re-place instance system_i/spike_accel_0/inst/grp_sa_ms_all_conv_block_185_1_fu_481/grp_sa_ms_standard_conv_inplace_1_fu_570/grp_sa_conv2d_bn_40_71_118_240_333_426_535_1_fu_197/grp_sa_conv2d_bn_40_71_118_240_333_426_535_1_Pipeline_VITIS_LOOP_95_2_VITIS_LOOP_96_s_fu_1030/mem_reg_i_730/O
INFO: [Physopt 32-662] Processed net system_i/spike_accel_0/inst/grp_sa_ms_all_conv_block_185_1_fu_481/grp_sa_ms_standard_conv_inplace_1_fu_570/grp_sa_conv2d_bn_40_71_118_240_333_426_535_1_fu_197/grp_sa_conv2d_bn_40_71_118_240_333_426_535_1_Pipeline_VITIS_LOOP_95_2_VITIS_LOOP_96_s_fu_1030/mem_reg_i_951_n_2.  Did not re-place instance system_i/spike_accel_0/inst/grp_sa_ms_all_conv_block_185_1_fu_481/grp_sa_ms_standard_conv_inplace_1_fu_570/grp_sa_conv2d_bn_40_71_118_240_333_426_535_1_fu_197/grp_sa_conv2d_bn_40_71_118_240_333_426_535_1_Pipeline_VITIS_LOOP_95_2_VITIS_LOOP_96_s_fu_1030/mem_reg_i_951/O
INFO: [Physopt 32-662] Processed net system_i/spike_accel_0/inst/grp_sa_ms_all_conv_block_185_1_fu_481/grp_sa_ms_standard_conv_inplace_1_fu_570/grp_sa_conv2d_bn_40_71_118_240_333_426_535_1_fu_197/grp_sa_conv2d_int_43_74_429_536_1_fu_1003/ap_CS_fsm_reg[13]_0[27].  Did not re-place instance system_i/spike_accel_0/inst/grp_sa_ms_all_conv_block_185_1_fu_481/grp_sa_ms_standard_conv_inplace_1_fu_570/grp_sa_conv2d_bn_40_71_118_240_333_426_535_1_fu_197/grp_sa_conv2d_int_43_74_429_536_1_fu_1003/mem_reg_i_415/O
INFO: [Physopt 32-662] Processed net system_i/spike_accel_0/inst/grp_sa_ms_all_conv_block_185_1_fu_481/grp_sa_ms_standard_conv_inplace_fu_485/grp_sa_conv2d_bn_40_71_118_240_333_426_535_1_fu_221/grp_sa_conv2d_int_43_74_429_536_1_fu_1003/ap_CS_fsm_reg[5]_28.  Did not re-place instance system_i/spike_accel_0/inst/grp_sa_ms_all_conv_block_185_1_fu_481/grp_sa_ms_standard_conv_inplace_fu_485/grp_sa_conv2d_bn_40_71_118_240_333_426_535_1_fu_221/grp_sa_conv2d_int_43_74_429_536_1_fu_1003/mem_reg_i_232/O
INFO: [Physopt 32-662] Processed net system_i/spike_accel_0/inst/grp_sa_ms_downsampling_199_1_fu_628/grp_sa_conv2d_bn_40_71_118_240_333_426_535_1_fu_199/grp_sa_conv2d_int_43_74_429_536_1_fu_1003/mem_reg_i_91_n_2.  Did not re-place instance system_i/spike_accel_0/inst/grp_sa_ms_downsampling_199_1_fu_628/grp_sa_conv2d_bn_40_71_118_240_333_426_535_1_fu_199/grp_sa_conv2d_int_43_74_429_536_1_fu_1003/mem_reg_i_91/O
INFO: [Physopt 32-661] Optimized 0 net.  Re-placed 0 instance.
INFO: [Physopt 32-775] End 1 Pass. Optimized 0 net or cell. Created 0 new cell, deleted 0 existing cell and moved 0 existing cell
Netlist sorting complete. Time (s): cpu = 00:00:00 ; elapsed = 00:00:00.034 . Memory (MB): peak = 3680.375 ; gain = 0.000
Phase 5 Multi Cell Placement Optimization | Checksum: 1450c1ea4

Time (s): cpu = 00:00:22 ; elapsed = 00:00:14 . Memory (MB): peak = 3680.375 ; gain = 7.656

Phase 6 Rewire
INFO: [Physopt 32-246] Starting Signal Push optimization...
INFO: [Physopt 32-77] Pass 1. Identified 9 candidate nets for rewire optimization.
INFO: [Physopt 32-134] Processed net system_i/spike_accel_0/inst/grp_sa_ms_all_conv_block_185_1_fu_481/grp_sa_ms_standard_conv_inplace_fu_485/grp_sa_conv2d_bn_40_71_118_240_333_426_535_1_fu_221/grp_sa_conv2d_bn_40_71_118_240_333_426_535_1_Pipeline_VITIS_LOOP_95_2_VITIS_LOOP_96_s_fu_1030/mem_reg_i_958_n_2. Rewiring did not optimize the net.
INFO: [Physopt 32-134] Processed net system_i/spike_accel_0/inst/grp_sa_ms_all_conv_block_185_1_fu_481/grp_sa_ms_standard_conv_inplace_fu_485/grp_sa_conv2d_bn_40_71_118_240_333_426_535_1_fu_221/grp_sa_conv2d_bn_40_71_118_240_333_426_535_1_Pipeline_VITIS_LOOP_95_2_VITIS_LOOP_96_s_fu_1030/mem_reg_i_970_n_2. Rewiring did not optimize the net.
INFO: [Physopt 32-134] Processed net system_i/spike_accel_0/inst/grp_sa_ms_all_conv_block_185_1_fu_481/grp_sa_ms_standard_conv_inplace_fu_485/grp_sa_conv2d_bn_40_71_118_240_333_426_535_1_fu_221/grp_sa_conv2d_bn_40_71_118_240_333_426_535_1_Pipeline_VITIS_LOOP_95_2_VITIS_LOOP_96_s_fu_1030/mem_reg_i_1029_n_2. Rewiring did not optimize the net.
INFO: [Physopt 32-134] Processed net system_i/spike_accel_0/inst/grp_sa_ms_all_conv_block_185_1_fu_481/grp_sa_ms_standard_conv_inplace_fu_485/grp_sa_conv2d_bn_40_71_118_240_333_426_535_1_fu_221/grp_sa_conv2d_bn_40_71_118_240_333_426_535_1_Pipeline_VITIS_LOOP_95_2_VITIS_LOOP_96_s_fu_1030/mem_reg_i_959_n_2. Rewiring did not optimize the net.
INFO: [Physopt 32-134] Processed net system_i/spike_accel_0/inst/grp_sa_ms_all_conv_block_185_1_fu_481/grp_sa_ms_standard_conv_inplace_fu_485/grp_sa_conv2d_bn_40_71_118_240_333_426_535_1_fu_221/grp_sa_conv2d_bn_40_71_118_240_333_426_535_1_Pipeline_VITIS_LOOP_95_2_VITIS_LOOP_96_s_fu_1030/mem_reg_i_960_n_2. Rewiring did not optimize the net.
INFO: [Physopt 32-134] Processed net system_i/spike_accel_0/inst/grp_sa_ms_all_conv_block_185_1_fu_481/grp_sa_ms_standard_conv_inplace_fu_485/grp_sa_conv2d_bn_40_71_118_240_333_426_535_1_fu_221/grp_sa_conv2d_bn_40_71_118_240_333_426_535_1_Pipeline_VITIS_LOOP_95_2_VITIS_LOOP_96_s_fu_1030/mem_reg_i_1017_n_2. Rewiring did not optimize the net.
INFO: [Physopt 32-134] Processed net system_i/spike_accel_0/inst/grp_sa_ms_all_conv_block_185_1_fu_481/grp_sa_ms_standard_conv_inplace_fu_485/grp_sa_conv2d_bn_40_71_118_240_333_426_535_1_fu_221/grp_sa_conv2d_bn_40_71_118_240_333_426_535_1_Pipeline_VITIS_LOOP_95_2_VITIS_LOOP_96_s_fu_1030/mem_reg_i_1027_n_2. Rewiring did not optimize the net.
INFO: [Physopt 32-134] Processed net system_i/spike_accel_0/inst/grp_sa_ms_all_conv_block_185_1_fu_481/grp_sa_ms_standard_conv_inplace_fu_485/grp_sa_conv2d_bn_40_71_118_240_333_426_535_1_fu_221/grp_sa_conv2d_bn_40_71_118_240_333_426_535_1_Pipeline_VITIS_LOOP_95_2_VITIS_LOOP_96_s_fu_1030/mem_reg_i_1018_n_2. Rewiring did not optimize the net.
INFO: [Physopt 32-134] Processed net system_i/spike_accel_0/inst/grp_sa_ms_all_conv_block_185_1_fu_481/grp_sa_ms_standard_conv_inplace_fu_485/grp_sa_conv2d_bn_40_71_118_240_333_426_535_1_fu_221/grp_sa_conv2d_bn_40_71_118_240_333_426_535_1_Pipeline_VITIS_LOOP_95_2_VITIS_LOOP_96_s_fu_1030/mem_reg_i_1015_n_2. Rewiring did not optimize the net.
INFO: [Physopt 32-232] Optimized 0 net. Created 0 new instance.
INFO: [Physopt 32-775] End 1 Pass. Optimized 0 net or cell. Created 0 new cell, deleted 0 existing cell and moved 0 existing cell
Netlist sorting complete. Time (s): cpu = 00:00:00 ; elapsed = 00:00:00.035 . Memory (MB): peak = 3680.375 ; gain = 0.000
Netlist sorting complete. Time (s): cpu = 00:00:00 ; elapsed = 00:00:00.033 . Memory (MB): peak = 3680.375 ; gain = 0.000
Phase 6 Rewire | Checksum: 13c454b42

Time (s): cpu = 00:00:29 ; elapsed = 00:00:19 . Memory (MB): peak = 3680.375 ; gain = 7.656

Phase 7 Critical Cell Optimization
INFO: [Physopt 32-46] Identified 30 candidate nets for critical-cell optimization.
INFO: [Physopt 32-572] Net system_i/spike_accel_0/inst/grp_sa_ms_all_conv_block_185_1_fu_481/grp_sa_ms_standard_conv_inplace_fu_485/grp_sa_conv2d_bn_40_71_118_240_333_426_535_1_fu_221/grp_sa_conv2d_bn_40_71_118_240_333_426_535_1_Pipeline_VITIS_LOOP_95_2_VITIS_LOOP_96_s_fu_1030/gmem4_addr_52_read_reg_849_reg[10]_0[3] was not replicated.
Resolution: phys_opt_design can be forced to replicate a net driver using the option -force_replication_on_nets <list of net objects>.
INFO: [Physopt 32-572] Net system_i/spike_accel_0/inst/grp_sa_ms_all_conv_block_185_1_fu_481/grp_sa_ms_standard_conv_inplace_fu_485/grp_sa_conv2d_bn_40_71_118_240_333_426_535_1_fu_221/grp_sa_conv2d_bn_40_71_118_240_333_426_535_1_Pipeline_VITIS_LOOP_95_2_VITIS_LOOP_96_s_fu_1030/mem_reg_i_958_n_2 was not replicated.
Resolution: phys_opt_design can be forced to replicate a net driver using the option -force_replication_on_nets <list of net objects>.
INFO: [Physopt 32-572] Net system_i/spike_accel_0/inst/grp_sa_ms_all_conv_block_185_1_fu_481/grp_sa_ms_standard_conv_inplace_fu_485/grp_sa_conv2d_bn_40_71_118_240_333_426_535_1_fu_221/grp_sa_conv2d_bn_40_71_118_240_333_426_535_1_Pipeline_VITIS_LOOP_95_2_VITIS_LOOP_96_s_fu_1030/gmem4_addr_52_read_reg_849_reg[6]_0[3] was not replicated.
Resolution: phys_opt_design can be forced to replicate a net driver using the option -force_replication_on_nets <list of net objects>.
INFO: [Physopt 32-572] Net system_i/spike_accel_0/inst/grp_sa_ms_all_conv_block_185_1_fu_481/grp_sa_ms_standard_conv_inplace_fu_485/grp_sa_conv2d_bn_40_71_118_240_333_426_535_1_fu_221/grp_sa_conv2d_bn_40_71_118_240_333_426_535_1_Pipeline_VITIS_LOOP_95_2_VITIS_LOOP_96_s_fu_1030/mem_reg_i_970_n_2 was not replicated.
Resolution: phys_opt_design can be forced to replicate a net driver using the option -force_replication_on_nets <list of net objects>.
INFO: [Physopt 32-601] Processed net system_i/spike_accel_0/inst/grp_sa_ms_all_conv_block_185_1_fu_481/grp_sa_ms_standard_conv_inplace_fu_485/grp_sa_conv2d_bn_40_71_118_240_333_426_535_1_fu_221/grp_sa_conv2d_bn_40_71_118_240_333_426_535_1_Pipeline_VITIS_LOOP_95_2_VITIS_LOOP_96_s_fu_1030/gmem4_addr_52_read_reg_849_reg[18]_0[1]. Net driver system_i/spike_accel_0/inst/grp_sa_ms_all_conv_block_185_1_fu_481/grp_sa_ms_standard_conv_inplace_fu_485/grp_sa_conv2d_bn_40_71_118_240_333_426_535_1_fu_221/grp_sa_conv2d_bn_40_71_118_240_333_426_535_1_Pipeline_VITIS_LOOP_95_2_VITIS_LOOP_96_s_fu_1030/mem_reg_i_912 was replaced.
INFO: [Physopt 32-571] Net system_i/spike_accel_0/inst/grp_sa_ms_all_conv_block_185_1_fu_481/grp_sa_ms_standard_conv_inplace_fu_485/grp_sa_conv2d_bn_40_71_118_240_333_426_535_1_fu_221/grp_sa_conv2d_bn_40_71_118_240_333_426_535_1_Pipeline_VITIS_LOOP_95_2_VITIS_LOOP_96_s_fu_1030/mem_reg_i_1029_n_2 was not replicated.
INFO: [Physopt 32-572] Net system_i/spike_accel_0/inst/grp_sa_ms_all_conv_block_185_1_fu_481/grp_sa_ms_standard_conv_inplace_fu_485/grp_sa_conv2d_bn_40_71_118_240_333_426_535_1_fu_221/grp_sa_conv2d_bn_40_71_118_240_333_426_535_1_Pipeline_VITIS_LOOP_95_2_VITIS_LOOP_96_s_fu_1030/gmem4_addr_52_read_reg_849_reg[10]_0[2] was not replicated.
Resolution: phys_opt_design can be forced to replicate a net driver using the option -force_replication_on_nets <list of net objects>.
INFO: [Physopt 32-572] Net system_i/spike_accel_0/inst/grp_sa_ms_all_conv_block_185_1_fu_481/grp_sa_ms_standard_conv_inplace_fu_485/grp_sa_conv2d_bn_40_71_118_240_333_426_535_1_fu_221/grp_sa_conv2d_bn_40_71_118_240_333_426_535_1_Pipeline_VITIS_LOOP_95_2_VITIS_LOOP_96_s_fu_1030/mem_reg_i_959_n_2 was not replicated.
Resolution: phys_opt_design can be forced to replicate a net driver using the option -force_replication_on_nets <list of net objects>.
INFO: [Physopt 32-572] Net system_i/spike_accel_0/inst/grp_sa_ms_all_conv_block_185_1_fu_481/grp_sa_ms_standard_conv_inplace_fu_485/grp_sa_conv2d_bn_40_71_118_240_333_426_535_1_fu_221/grp_sa_conv2d_bn_40_71_118_240_333_426_535_1_Pipeline_VITIS_LOOP_95_2_VITIS_LOOP_96_s_fu_1030/gmem4_addr_52_read_reg_849_reg[10]_0[1] was not replicated.
Resolution: phys_opt_design can be forced to replicate a net driver using the option -force_replication_on_nets <list of net objects>.
INFO: [Physopt 32-572] Net system_i/spike_accel_0/inst/grp_sa_ms_all_conv_block_185_1_fu_481/grp_sa_ms_standard_conv_inplace_fu_485/grp_sa_conv2d_bn_40_71_118_240_333_426_535_1_fu_221/grp_sa_conv2d_bn_40_71_118_240_333_426_535_1_Pipeline_VITIS_LOOP_95_2_VITIS_LOOP_96_s_fu_1030/mem_reg_i_960_n_2 was not replicated.
Resolution: phys_opt_design can be forced to replicate a net driver using the option -force_replication_on_nets <list of net objects>.
INFO: [Physopt 32-572] Net system_i/spike_accel_0/inst/grp_sa_ms_all_conv_block_185_1_fu_481/grp_sa_ms_standard_conv_inplace_fu_485/grp_sa_conv2d_bn_40_71_118_240_333_426_535_1_fu_221/grp_sa_conv2d_bn_40_71_118_240_333_426_535_1_Pipeline_VITIS_LOOP_95_2_VITIS_LOOP_96_s_fu_1030/gmem4_addr_52_read_reg_849_reg[22]_0[1] was not replicated.
Resolution: phys_opt_design can be forced to replicate a net driver using the option -force_replication_on_nets <list of net objects>.
INFO: [Physopt 32-572] Net system_i/spike_accel_0/inst/grp_sa_ms_all_conv_block_185_1_fu_481/grp_sa_ms_standard_conv_inplace_fu_485/grp_sa_conv2d_bn_40_71_118_240_333_426_535_1_fu_221/grp_sa_conv2d_bn_40_71_118_240_333_426_535_1_Pipeline_VITIS_LOOP_95_2_VITIS_LOOP_96_s_fu_1030/mem_reg_i_1017_n_2 was not replicated.
Resolution: phys_opt_design can be forced to replicate a net driver using the option -force_replication_on_nets <list of net objects>.
INFO: [Physopt 32-572] Net system_i/spike_accel_0/inst/grp_sa_ms_all_conv_block_185_1_fu_481/grp_sa_ms_standard_conv_inplace_fu_485/grp_sa_conv2d_bn_40_71_118_240_333_426_535_1_fu_221/grp_sa_conv2d_bn_40_71_118_240_333_426_535_1_Pipeline_VITIS_LOOP_95_2_VITIS_LOOP_96_s_fu_1030/gmem4_addr_52_read_reg_849_reg[18]_0[3] was not replicated.
Resolution: phys_opt_design can be forced to replicate a net driver using the option -force_replication_on_nets <list of net objects>.
INFO: [Physopt 32-572] Net system_i/spike_accel_0/inst/grp_sa_ms_all_conv_block_185_1_fu_481/grp_sa_ms_standard_conv_inplace_fu_485/grp_sa_conv2d_bn_40_71_118_240_333_426_535_1_fu_221/grp_sa_conv2d_bn_40_71_118_240_333_426_535_1_Pipeline_VITIS_LOOP_95_2_VITIS_LOOP_96_s_fu_1030/mem_reg_i_1027_n_2 was not replicated.
Resolution: phys_opt_design can be forced to replicate a net driver using the option -force_replication_on_nets <list of net objects>.
INFO: [Physopt 32-572] Net system_i/spike_accel_0/inst/grp_sa_ms_all_conv_block_185_1_fu_481/grp_sa_ms_standard_conv_inplace_fu_485/grp_sa_conv2d_bn_40_71_118_240_333_426_535_1_fu_221/grp_sa_conv2d_bn_40_71_118_240_333_426_535_1_Pipeline_VITIS_LOOP_95_2_VITIS_LOOP_96_s_fu_1030/gmem4_addr_52_read_reg_849_reg[22]_0[0] was not replicated.
Resolution: phys_opt_design can be forced to replicate a net driver using the option -force_replication_on_nets <list of net objects>.
INFO: [Physopt 32-572] Net system_i/spike_accel_0/inst/grp_sa_ms_all_conv_block_185_1_fu_481/grp_sa_ms_standard_conv_inplace_fu_485/grp_sa_conv2d_bn_40_71_118_240_333_426_535_1_fu_221/grp_sa_conv2d_bn_40_71_118_240_333_426_535_1_Pipeline_VITIS_LOOP_95_2_VITIS_LOOP_96_s_fu_1030/mem_reg_i_1018_n_2 was not replicated.
Resolution: phys_opt_design can be forced to replicate a net driver using the option -force_replication_on_nets <list of net objects>.
INFO: [Physopt 32-572] Net system_i/spike_accel_0/inst/grp_sa_ms_all_conv_block_185_1_fu_481/grp_sa_ms_standard_conv_inplace_fu_485/grp_sa_conv2d_bn_40_71_118_240_333_426_535_1_fu_221/grp_sa_conv2d_bn_40_71_118_240_333_426_535_1_Pipeline_VITIS_LOOP_95_2_VITIS_LOOP_96_s_fu_1030/gmem4_addr_52_read_reg_849_reg[22]_0[3] was not replicated.
Resolution: phys_opt_design can be forced to replicate a net driver using the option -force_replication_on_nets <list of net objects>.
INFO: [Physopt 32-572] Net system_i/spike_accel_0/inst/grp_sa_ms_all_conv_block_185_1_fu_481/grp_sa_ms_standard_conv_inplace_fu_485/grp_sa_conv2d_bn_40_71_118_240_333_426_535_1_fu_221/grp_sa_conv2d_bn_40_71_118_240_333_426_535_1_Pipeline_VITIS_LOOP_95_2_VITIS_LOOP_96_s_fu_1030/mem_reg_i_1015_n_2 was not replicated.
Resolution: phys_opt_design can be forced to replicate a net driver using the option -force_replication_on_nets <list of net objects>.
INFO: [Physopt 32-572] Net system_i/spike_accel_0/inst/grp_sa_ms_all_conv_block_185_1_fu_481/grp_sa_ms_standard_conv_inplace_1_fu_570/grp_sa_conv2d_bn_40_71_118_240_333_426_535_1_fu_197/grp_sa_conv2d_bn_40_71_118_240_333_426_535_1_Pipeline_VITIS_LOOP_95_2_VITIS_LOOP_96_s_fu_1030/gmem4_addr_52_read_reg_849_reg[14]_0[0] was not replicated.
Resolution: phys_opt_design can be forced to replicate a net driver using the option -force_replication_on_nets <list of net objects>.
INFO: [Physopt 32-572] Net system_i/spike_accel_0/inst/grp_sa_ms_all_conv_block_185_1_fu_481/grp_sa_ms_standard_conv_inplace_1_fu_570/grp_sa_conv2d_bn_40_71_118_240_333_426_535_1_fu_197/grp_sa_conv2d_bn_40_71_118_240_333_426_535_1_Pipeline_VITIS_LOOP_95_2_VITIS_LOOP_96_s_fu_1030/mem_reg_i_951_n_2 was not replicated.
Resolution: phys_opt_design can be forced to replicate a net driver using the option -force_replication_on_nets <list of net objects>.
INFO: [Physopt 32-571] Net system_i/spike_accel_0/inst/grp_sa_ms_all_conv_block_185_1_fu_481/grp_sa_ms_standard_conv_inplace_fu_485/grp_sa_conv2d_bn_40_71_118_240_333_426_535_1_fu_221/grp_sa_conv2d_bn_40_71_118_240_333_426_535_1_Pipeline_VITIS_LOOP_95_2_VITIS_LOOP_96_s_fu_1030/gmem4_addr_52_read_reg_849_reg[18]_0[0] was not replicated.
INFO: [Physopt 32-571] Net system_i/spike_accel_0/inst/grp_sa_ms_all_conv_block_185_1_fu_481/grp_sa_ms_standard_conv_inplace_fu_485/grp_sa_conv2d_bn_40_71_118_240_333_426_535_1_fu_221/grp_sa_conv2d_bn_40_71_118_240_333_426_535_1_Pipeline_VITIS_LOOP_95_2_VITIS_LOOP_96_s_fu_1030/mem_reg_i_947_n_2 was not replicated.
INFO: [Physopt 32-571] Net system_i/spike_accel_0/inst/grp_sa_ms_all_conv_block_185_1_fu_481/grp_sa_ms_standard_conv_inplace_1_fu_570/grp_sa_conv2d_bn_40_71_118_240_333_426_535_1_fu_197/grp_sa_conv2d_bn_40_71_118_240_333_426_535_1_Pipeline_VITIS_LOOP_95_2_VITIS_LOOP_96_s_fu_1030/gmem4_addr_52_read_reg_849_reg[6]_0[1] was not replicated.
INFO: [Physopt 32-571] Net system_i/spike_accel_0/inst/grp_sa_ms_all_conv_block_185_1_fu_481/grp_sa_ms_standard_conv_inplace_1_fu_570/grp_sa_conv2d_bn_40_71_118_240_333_426_535_1_fu_197/grp_sa_conv2d_bn_40_71_118_240_333_426_535_1_Pipeline_VITIS_LOOP_95_2_VITIS_LOOP_96_s_fu_1030/gmem4_addr_52_read_reg_849_reg[18]_0[0] was not replicated.
INFO: [Physopt 32-571] Net system_i/spike_accel_0/inst/grp_sa_ms_all_conv_block_185_1_fu_481/grp_sa_ms_standard_conv_inplace_1_fu_570/grp_sa_conv2d_bn_40_71_118_240_333_426_535_1_fu_197/grp_sa_conv2d_bn_40_71_118_240_333_426_535_1_Pipeline_VITIS_LOOP_95_2_VITIS_LOOP_96_s_fu_1030/mem_reg_i_952_n_2 was not replicated.
INFO: [Physopt 32-571] Net system_i/spike_accel_0/inst/grp_sa_ms_all_conv_block_185_1_fu_481/grp_sa_ms_standard_conv_inplace_1_fu_570/grp_sa_conv2d_bn_40_71_118_240_333_426_535_1_fu_197/grp_sa_conv2d_bn_40_71_118_240_333_426_535_1_Pipeline_VITIS_LOOP_95_2_VITIS_LOOP_96_s_fu_1030/mem_reg_i_976_n_2 was not replicated.
INFO: [Physopt 32-571] Net system_i/spike_accel_0/inst/grp_sa_ms_all_conv_block_185_1_fu_481/grp_sa_ms_standard_conv_inplace_1_fu_570/grp_sa_conv2d_bn_40_71_118_240_333_426_535_1_fu_197/grp_sa_conv2d_bn_40_71_118_240_333_426_535_1_Pipeline_VITIS_LOOP_95_2_VITIS_LOOP_96_s_fu_1030/gmem4_addr_52_read_reg_849_reg[10]_0[2] was not replicated.
INFO: [Physopt 32-571] Net system_i/spike_accel_0/inst/grp_sa_ms_all_conv_block_185_1_fu_481/grp_sa_ms_standard_conv_inplace_1_fu_570/grp_sa_conv2d_bn_40_71_118_240_333_426_535_1_fu_197/grp_sa_conv2d_bn_40_71_118_240_333_426_535_1_Pipeline_VITIS_LOOP_95_2_VITIS_LOOP_96_s_fu_1030/mem_reg_i_963_n_2 was not replicated.
INFO: [Physopt 32-571] Net system_i/spike_accel_0/inst/grp_sa_ms_downsampling_199_1_fu_628/grp_sa_conv2d_bn_40_71_118_240_333_426_535_1_fu_199/grp_sa_conv2d_bn_40_71_118_240_333_426_535_1_Pipeline_VITIS_LOOP_95_2_VITIS_LOOP_96_s_fu_1030/gmem4_addr_52_read_reg_849_reg[10]_0[1] was not replicated.
INFO: [Physopt 32-571] Net system_i/spike_accel_0/inst/grp_sa_ms_downsampling_199_1_fu_628/grp_sa_conv2d_bn_40_71_118_240_333_426_535_1_fu_199/grp_sa_conv2d_bn_40_71_118_240_333_426_535_1_Pipeline_VITIS_LOOP_95_2_VITIS_LOOP_96_s_fu_1030/mem_reg_i_745_n_2 was not replicated.
INFO: [Physopt 32-232] Optimized 1 net. Created 0 new instance.
INFO: [Physopt 32-775] End 1 Pass. Optimized 1 net or cell. Created 0 new cell, deleted 0 existing cell and moved 0 existing cell
INFO: [Physopt 32-619] Estimated Timing Summary | WNS=-0.263 | TNS=-0.274 |
Netlist sorting complete. Time (s): cpu = 00:00:01 ; elapsed = 00:00:00.037 . Memory (MB): peak = 3680.375 ; gain = 0.000
Phase 7 Critical Cell Optimization | Checksum: 1b651b5c3

Time (s): cpu = 00:00:35 ; elapsed = 00:00:23 . Memory (MB): peak = 3680.375 ; gain = 7.656

Phase 8 Fanout Optimization
INFO: [Physopt 32-64] No nets found for fanout-optimization.
INFO: [Physopt 32-232] Optimized 0 net. Created 0 new instance.
INFO: [Physopt 32-775] End 1 Pass. Optimized 0 net or cell. Created 0 new cell, deleted 0 existing cell and moved 0 existing cell
Phase 8 Fanout Optimization | Checksum: 1b651b5c3

Time (s): cpu = 00:00:35 ; elapsed = 00:00:24 . Memory (MB): peak = 3680.375 ; gain = 7.656

Phase 9 Single Cell Placement Optimization
INFO: [Physopt 32-660] Identified 250 candidate nets for placement-based optimization.
INFO: [Physopt 32-662] Processed net system_i/spike_accel_0/inst/grp_sa_ms_all_conv_block_185_1_fu_481/grp_sa_ms_standard_conv_inplace_fu_485/grp_sa_conv2d_bn_40_71_118_240_333_426_535_1_fu_221/grp_sa_conv2d_bn_40_71_118_240_333_426_535_1_Pipeline_VITIS_LOOP_95_2_VITIS_LOOP_96_s_fu_1030/gmem4_addr_52_read_reg_849_reg[10]_0[3].  Did not re-place instance system_i/spike_accel_0/inst/grp_sa_ms_all_conv_block_185_1_fu_481/grp_sa_ms_standard_conv_inplace_fu_485/grp_sa_conv2d_bn_40_71_118_240_333_426_535_1_fu_221/grp_sa_conv2d_bn_40_71_118_240_333_426_535_1_Pipeline_VITIS_LOOP_95_2_VITIS_LOOP_96_s_fu_1030/mem_reg_i_747
INFO: [Physopt 32-662] Processed net system_i/spike_accel_0/inst/grp_sa_ms_all_conv_block_185_1_fu_481/grp_sa_ms_standard_conv_inplace_fu_485/grp_sa_conv2d_bn_40_71_118_240_333_426_535_1_fu_221/grp_sa_conv2d_bn_40_71_118_240_333_426_535_1_Pipeline_VITIS_LOOP_95_2_VITIS_LOOP_96_s_fu_1030/mem_reg_i_958_n_2.  Did not re-place instance system_i/spike_accel_0/inst/grp_sa_ms_all_conv_block_185_1_fu_481/grp_sa_ms_standard_conv_inplace_fu_485/grp_sa_conv2d_bn_40_71_118_240_333_426_535_1_fu_221/grp_sa_conv2d_bn_40_71_118_240_333_426_535_1_Pipeline_VITIS_LOOP_95_2_VITIS_LOOP_96_s_fu_1030/mem_reg_i_958
INFO: [Physopt 32-662] Processed net system_i/spike_accel_0/inst/grp_sa_ms_all_conv_block_185_1_fu_481/grp_sa_ms_standard_conv_inplace_fu_485/grp_sa_conv2d_bn_40_71_118_240_333_426_535_1_fu_221/grp_sa_conv2d_bn_40_71_118_240_333_426_535_1_Pipeline_VITIS_LOOP_95_2_VITIS_LOOP_96_s_fu_1030/gmem4_addr_52_read_reg_849_reg[11]_0[3].  Did not re-place instance system_i/spike_accel_0/inst/grp_sa_ms_all_conv_block_185_1_fu_481/grp_sa_ms_standard_conv_inplace_fu_485/grp_sa_conv2d_bn_40_71_118_240_333_426_535_1_fu_221/grp_sa_conv2d_bn_40_71_118_240_333_426_535_1_Pipeline_VITIS_LOOP_95_2_VITIS_LOOP_96_s_fu_1030/mem_reg_i_751
INFO: [Physopt 32-662] Processed net system_i/spike_accel_0/inst/grp_sa_ms_all_conv_block_185_1_fu_481/grp_sa_ms_standard_conv_inplace_fu_485/grp_sa_conv2d_bn_40_71_118_240_333_426_535_1_fu_221/grp_sa_conv2d_int_43_74_429_536_1_fu_1003/ap_CS_fsm_reg[13]_0[3].  Did not re-place instance system_i/spike_accel_0/inst/grp_sa_ms_all_conv_block_185_1_fu_481/grp_sa_ms_standard_conv_inplace_fu_485/grp_sa_conv2d_bn_40_71_118_240_333_426_535_1_fu_221/grp_sa_conv2d_int_43_74_429_536_1_fu_1003/mem_reg_i_649
INFO: [Physopt 32-662] Processed net system_i/spike_accel_0/inst/grp_sa_ms_all_conv_block_185_1_fu_481/grp_sa_ms_standard_conv_inplace_fu_485/grp_sa_ms_standard_conv_inplace_Pipeline_VITIS_LOOP_36_1_VITIS_LOOP_37_2_fu_196/grp_sa_ms_standard_conv_inplace_fu_485_m_axi_gmem4_WDATA[24].  Did not re-place instance system_i/spike_accel_0/inst/grp_sa_ms_all_conv_block_185_1_fu_481/grp_sa_ms_standard_conv_inplace_fu_485/grp_sa_ms_standard_conv_inplace_Pipeline_VITIS_LOOP_36_1_VITIS_LOOP_37_2_fu_196/mem_reg_i_460
INFO: [Physopt 32-662] Processed net system_i/spike_accel_0/inst/grp_sa_ms_downsampling_199_1_fu_628/grp_sa_ms_downsampling_199_1_Pipeline_VITIS_LOOP_36_1_VITIS_LOOP_37_2_fu_174/din[3].  Did not re-place instance system_i/spike_accel_0/inst/grp_sa_ms_downsampling_199_1_fu_628/grp_sa_ms_downsampling_199_1_Pipeline_VITIS_LOOP_36_1_VITIS_LOOP_37_2_fu_174/mem_reg_i_27__0
INFO: [Physopt 32-662] Processed net system_i/spike_accel_0/inst/grp_sa_ms_downsampling_199_1_fu_628/grp_sa_ms_downsampling_199_1_Pipeline_VITIS_LOOP_36_1_VITIS_LOOP_37_2_fu_174/mem_reg_i_112__0_n_2.  Did not re-place instance system_i/spike_accel_0/inst/grp_sa_ms_downsampling_199_1_fu_628/grp_sa_ms_downsampling_199_1_Pipeline_VITIS_LOOP_36_1_VITIS_LOOP_37_2_fu_174/mem_reg_i_112__0
INFO: [Physopt 32-662] Processed net system_i/spike_accel_0/inst/grp_sa_ms_all_conv_block_185_1_fu_481/grp_sa_ms_standard_conv_inplace_fu_485/grp_sa_conv2d_bn_40_71_118_240_333_426_535_1_fu_221/grp_sa_conv2d_bn_40_71_118_240_333_426_535_1_Pipeline_VITIS_LOOP_95_2_VITIS_LOOP_96_s_fu_1030/gmem4_addr_52_read_reg_849_reg[6]_0[3].  Did not re-place instance system_i/spike_accel_0/inst/grp_sa_ms_all_conv_block_185_1_fu_481/grp_sa_ms_standard_conv_inplace_fu_485/grp_sa_conv2d_bn_40_71_118_240_333_426_535_1_fu_221/grp_sa_conv2d_bn_40_71_118_240_333_426_535_1_Pipeline_VITIS_LOOP_95_2_VITIS_LOOP_96_s_fu_1030/mem_reg_i_778
INFO: [Physopt 32-662] Processed net system_i/spike_accel_0/inst/grp_sa_ms_all_conv_block_185_1_fu_481/grp_sa_ms_standard_conv_inplace_fu_485/grp_sa_conv2d_bn_40_71_118_240_333_426_535_1_fu_221/grp_sa_conv2d_bn_40_71_118_240_333_426_535_1_Pipeline_VITIS_LOOP_95_2_VITIS_LOOP_96_s_fu_1030/mem_reg_i_970_n_2.  Did not re-place instance system_i/spike_accel_0/inst/grp_sa_ms_all_conv_block_185_1_fu_481/grp_sa_ms_standard_conv_inplace_fu_485/grp_sa_conv2d_bn_40_71_118_240_333_426_535_1_fu_221/grp_sa_conv2d_bn_40_71_118_240_333_426_535_1_Pipeline_VITIS_LOOP_95_2_VITIS_LOOP_96_s_fu_1030/mem_reg_i_970
INFO: [Physopt 32-662] Processed net system_i/spike_accel_0/inst/grp_sa_ms_all_conv_block_185_1_fu_481/grp_sa_ms_standard_conv_inplace_fu_485/grp_sa_conv2d_bn_40_71_118_240_333_426_535_1_fu_221/grp_sa_conv2d_bn_40_71_118_240_333_426_535_1_Pipeline_VITIS_LOOP_95_2_VITIS_LOOP_96_s_fu_1030/gmem4_addr_52_read_reg_849_reg[7]_0[3].  Did not re-place instance system_i/spike_accel_0/inst/grp_sa_ms_all_conv_block_185_1_fu_481/grp_sa_ms_standard_conv_inplace_fu_485/grp_sa_conv2d_bn_40_71_118_240_333_426_535_1_fu_221/grp_sa_conv2d_bn_40_71_118_240_333_426_535_1_Pipeline_VITIS_LOOP_95_2_VITIS_LOOP_96_s_fu_1030/mem_reg_i_782
INFO: [Physopt 32-662] Processed net system_i/spike_accel_0/inst/grp_sa_ms_all_conv_block_185_1_fu_481/grp_sa_ms_standard_conv_inplace_fu_485/grp_sa_conv2d_bn_40_71_118_240_333_426_535_1_fu_221/grp_sa_conv2d_bn_40_71_118_240_333_426_535_1_Pipeline_VITIS_LOOP_95_2_VITIS_LOOP_96_s_fu_1030/gmem4_addr_52_read_reg_849_reg[10]_0[2].  Did not re-place instance system_i/spike_accel_0/inst/grp_sa_ms_all_conv_block_185_1_fu_481/grp_sa_ms_standard_conv_inplace_fu_485/grp_sa_conv2d_bn_40_71_118_240_333_426_535_1_fu_221/grp_sa_conv2d_bn_40_71_118_240_333_426_535_1_Pipeline_VITIS_LOOP_95_2_VITIS_LOOP_96_s_fu_1030/mem_reg_i_748
INFO: [Physopt 32-662] Processed net system_i/spike_accel_0/inst/grp_sa_ms_all_conv_block_185_1_fu_481/grp_sa_ms_standard_conv_inplace_fu_485/grp_sa_conv2d_bn_40_71_118_240_333_426_535_1_fu_221/grp_sa_conv2d_bn_40_71_118_240_333_426_535_1_Pipeline_VITIS_LOOP_95_2_VITIS_LOOP_96_s_fu_1030/mem_reg_i_959_n_2.  Did not re-place instance system_i/spike_accel_0/inst/grp_sa_ms_all_conv_block_185_1_fu_481/grp_sa_ms_standard_conv_inplace_fu_485/grp_sa_conv2d_bn_40_71_118_240_333_426_535_1_fu_221/grp_sa_conv2d_bn_40_71_118_240_333_426_535_1_Pipeline_VITIS_LOOP_95_2_VITIS_LOOP_96_s_fu_1030/mem_reg_i_959
INFO: [Physopt 32-662] Processed net system_i/spike_accel_0/inst/grp_sa_ms_all_conv_block_185_1_fu_481/grp_sa_ms_standard_conv_inplace_fu_485/grp_sa_conv2d_bn_40_71_118_240_333_426_535_1_fu_221/grp_sa_conv2d_bn_40_71_118_240_333_426_535_1_Pipeline_VITIS_LOOP_95_2_VITIS_LOOP_96_s_fu_1030/gmem4_addr_52_read_reg_849_reg[11]_0[2].  Did not re-place instance system_i/spike_accel_0/inst/grp_sa_ms_all_conv_block_185_1_fu_481/grp_sa_ms_standard_conv_inplace_fu_485/grp_sa_conv2d_bn_40_71_118_240_333_426_535_1_fu_221/grp_sa_conv2d_bn_40_71_118_240_333_426_535_1_Pipeline_VITIS_LOOP_95_2_VITIS_LOOP_96_s_fu_1030/mem_reg_i_752
INFO: [Physopt 32-662] Processed net system_i/spike_accel_0/inst/grp_sa_ms_all_conv_block_185_1_fu_481/grp_sa_ms_standard_conv_inplace_fu_485/grp_sa_conv2d_bn_40_71_118_240_333_426_535_1_fu_221/grp_sa_conv2d_bn_40_71_118_240_333_426_535_1_Pipeline_VITIS_LOOP_95_2_VITIS_LOOP_96_s_fu_1030/gmem4_addr_52_read_reg_849_reg[10]_0[1].  Did not re-place instance system_i/spike_accel_0/inst/grp_sa_ms_all_conv_block_185_1_fu_481/grp_sa_ms_standard_conv_inplace_fu_485/grp_sa_conv2d_bn_40_71_118_240_333_426_535_1_fu_221/grp_sa_conv2d_bn_40_71_118_240_333_426_535_1_Pipeline_VITIS_LOOP_95_2_VITIS_LOOP_96_s_fu_1030/mem_reg_i_749
INFO: [Physopt 32-662] Processed net system_i/spike_accel_0/inst/grp_sa_ms_all_conv_block_185_1_fu_481/grp_sa_ms_standard_conv_inplace_fu_485/grp_sa_conv2d_bn_40_71_118_240_333_426_535_1_fu_221/grp_sa_conv2d_bn_40_71_118_240_333_426_535_1_Pipeline_VITIS_LOOP_95_2_VITIS_LOOP_96_s_fu_1030/mem_reg_i_960_n_2.  Did not re-place instance system_i/spike_accel_0/inst/grp_sa_ms_all_conv_block_185_1_fu_481/grp_sa_ms_standard_conv_inplace_fu_485/grp_sa_conv2d_bn_40_71_118_240_333_426_535_1_fu_221/grp_sa_conv2d_bn_40_71_118_240_333_426_535_1_Pipeline_VITIS_LOOP_95_2_VITIS_LOOP_96_s_fu_1030/mem_reg_i_960
INFO: [Physopt 32-662] Processed net system_i/spike_accel_0/inst/grp_sa_ms_all_conv_block_185_1_fu_481/grp_sa_ms_standard_conv_inplace_fu_485/grp_sa_conv2d_bn_40_71_118_240_333_426_535_1_fu_221/grp_sa_conv2d_bn_40_71_118_240_333_426_535_1_Pipeline_VITIS_LOOP_95_2_VITIS_LOOP_96_s_fu_1030/gmem4_addr_52_read_reg_849_reg[11]_0[1].  Did not re-place instance system_i/spike_accel_0/inst/grp_sa_ms_all_conv_block_185_1_fu_481/grp_sa_ms_standard_conv_inplace_fu_485/grp_sa_conv2d_bn_40_71_118_240_333_426_535_1_fu_221/grp_sa_conv2d_bn_40_71_118_240_333_426_535_1_Pipeline_VITIS_LOOP_95_2_VITIS_LOOP_96_s_fu_1030/mem_reg_i_753
INFO: [Physopt 32-662] Processed net system_i/spike_accel_0/inst/grp_sa_ms_all_conv_block_185_1_fu_481/grp_sa_ms_standard_conv_inplace_fu_485/grp_sa_conv2d_bn_40_71_118_240_333_426_535_1_fu_221/grp_sa_conv2d_bn_40_71_118_240_333_426_535_1_Pipeline_VITIS_LOOP_95_2_VITIS_LOOP_96_s_fu_1030/gmem4_addr_52_read_reg_849_reg[22]_0[1].  Did not re-place instance system_i/spike_accel_0/inst/grp_sa_ms_all_conv_block_185_1_fu_481/grp_sa_ms_standard_conv_inplace_fu_485/grp_sa_conv2d_bn_40_71_118_240_333_426_535_1_fu_221/grp_sa_conv2d_bn_40_71_118_240_333_426_535_1_Pipeline_VITIS_LOOP_95_2_VITIS_LOOP_96_s_fu_1030/mem_reg_i_885
INFO: [Physopt 32-662] Processed net system_i/spike_accel_0/inst/grp_sa_ms_all_conv_block_185_1_fu_481/grp_sa_ms_standard_conv_inplace_fu_485/grp_sa_conv2d_bn_40_71_118_240_333_426_535_1_fu_221/grp_sa_conv2d_bn_40_71_118_240_333_426_535_1_Pipeline_VITIS_LOOP_95_2_VITIS_LOOP_96_s_fu_1030/mem_reg_i_1017_n_2.  Did not re-place instance system_i/spike_accel_0/inst/grp_sa_ms_all_conv_block_185_1_fu_481/grp_sa_ms_standard_conv_inplace_fu_485/grp_sa_conv2d_bn_40_71_118_240_333_426_535_1_fu_221/grp_sa_conv2d_bn_40_71_118_240_333_426_535_1_Pipeline_VITIS_LOOP_95_2_VITIS_LOOP_96_s_fu_1030/mem_reg_i_1017
INFO: [Physopt 32-662] Processed net system_i/spike_accel_0/inst/grp_sa_ms_all_conv_block_185_1_fu_481/grp_sa_ms_standard_conv_inplace_fu_485/grp_sa_conv2d_bn_40_71_118_240_333_426_535_1_fu_221/grp_sa_conv2d_bn_40_71_118_240_333_426_535_1_Pipeline_VITIS_LOOP_95_2_VITIS_LOOP_96_s_fu_1030/gmem4_addr_52_read_reg_849_reg[23]_0[1].  Did not re-place instance system_i/spike_accel_0/inst/grp_sa_ms_all_conv_block_185_1_fu_481/grp_sa_ms_standard_conv_inplace_fu_485/grp_sa_conv2d_bn_40_71_118_240_333_426_535_1_fu_221/grp_sa_conv2d_bn_40_71_118_240_333_426_535_1_Pipeline_VITIS_LOOP_95_2_VITIS_LOOP_96_s_fu_1030/mem_reg_i_889
INFO: [Physopt 32-662] Processed net system_i/spike_accel_0/inst/grp_sa_ms_all_conv_block_185_1_fu_481/grp_sa_ms_standard_conv_inplace_fu_485/grp_sa_conv2d_bn_40_71_118_240_333_426_535_1_fu_221/grp_sa_conv2d_bn_40_71_118_240_333_426_535_1_Pipeline_VITIS_LOOP_95_2_VITIS_LOOP_96_s_fu_1030/gmem4_addr_52_read_reg_849_reg[18]_0[3].  Did not re-place instance system_i/spike_accel_0/inst/grp_sa_ms_all_conv_block_185_1_fu_481/grp_sa_ms_standard_conv_inplace_fu_485/grp_sa_conv2d_bn_40_71_118_240_333_426_535_1_fu_221/grp_sa_conv2d_bn_40_71_118_240_333_426_535_1_Pipeline_VITIS_LOOP_95_2_VITIS_LOOP_96_s_fu_1030/mem_reg_i_910
INFO: [Physopt 32-662] Processed net system_i/spike_accel_0/inst/grp_sa_ms_all_conv_block_185_1_fu_481/grp_sa_ms_standard_conv_inplace_fu_485/grp_sa_conv2d_bn_40_71_118_240_333_426_535_1_fu_221/grp_sa_conv2d_bn_40_71_118_240_333_426_535_1_Pipeline_VITIS_LOOP_95_2_VITIS_LOOP_96_s_fu_1030/mem_reg_i_1027_n_2.  Did not re-place instance system_i/spike_accel_0/inst/grp_sa_ms_all_conv_block_185_1_fu_481/grp_sa_ms_standard_conv_inplace_fu_485/grp_sa_conv2d_bn_40_71_118_240_333_426_535_1_fu_221/grp_sa_conv2d_bn_40_71_118_240_333_426_535_1_Pipeline_VITIS_LOOP_95_2_VITIS_LOOP_96_s_fu_1030/mem_reg_i_1027
INFO: [Physopt 32-662] Processed net system_i/spike_accel_0/inst/grp_sa_ms_all_conv_block_185_1_fu_481/grp_sa_ms_standard_conv_inplace_fu_485/grp_sa_conv2d_bn_40_71_118_240_333_426_535_1_fu_221/grp_sa_conv2d_bn_40_71_118_240_333_426_535_1_Pipeline_VITIS_LOOP_95_2_VITIS_LOOP_96_s_fu_1030/gmem4_addr_52_read_reg_849_reg[19]_0[3].  Did not re-place instance system_i/spike_accel_0/inst/grp_sa_ms_all_conv_block_185_1_fu_481/grp_sa_ms_standard_conv_inplace_fu_485/grp_sa_conv2d_bn_40_71_118_240_333_426_535_1_fu_221/grp_sa_conv2d_bn_40_71_118_240_333_426_535_1_Pipeline_VITIS_LOOP_95_2_VITIS_LOOP_96_s_fu_1030/mem_reg_i_914
INFO: [Physopt 32-662] Processed net system_i/spike_accel_0/inst/grp_sa_ms_all_conv_block_185_1_fu_481/grp_sa_ms_standard_conv_inplace_fu_485/grp_sa_conv2d_bn_40_71_118_240_333_426_535_1_fu_221/grp_sa_conv2d_bn_40_71_118_240_333_426_535_1_Pipeline_VITIS_LOOP_95_2_VITIS_LOOP_96_s_fu_1030/gmem4_addr_52_read_reg_849_reg[22]_0[0].  Did not re-place instance system_i/spike_accel_0/inst/grp_sa_ms_all_conv_block_185_1_fu_481/grp_sa_ms_standard_conv_inplace_fu_485/grp_sa_conv2d_bn_40_71_118_240_333_426_535_1_fu_221/grp_sa_conv2d_bn_40_71_118_240_333_426_535_1_Pipeline_VITIS_LOOP_95_2_VITIS_LOOP_96_s_fu_1030/mem_reg_i_886
INFO: [Physopt 32-662] Processed net system_i/spike_accel_0/inst/grp_sa_ms_all_conv_block_185_1_fu_481/grp_sa_ms_standard_conv_inplace_fu_485/grp_sa_conv2d_bn_40_71_118_240_333_426_535_1_fu_221/grp_sa_conv2d_bn_40_71_118_240_333_426_535_1_Pipeline_VITIS_LOOP_95_2_VITIS_LOOP_96_s_fu_1030/mem_reg_i_1018_n_2.  Did not re-place instance system_i/spike_accel_0/inst/grp_sa_ms_all_conv_block_185_1_fu_481/grp_sa_ms_standard_conv_inplace_fu_485/grp_sa_conv2d_bn_40_71_118_240_333_426_535_1_fu_221/grp_sa_conv2d_bn_40_71_118_240_333_426_535_1_Pipeline_VITIS_LOOP_95_2_VITIS_LOOP_96_s_fu_1030/mem_reg_i_1018
INFO: [Physopt 32-662] Processed net system_i/spike_accel_0/inst/grp_sa_ms_all_conv_block_185_1_fu_481/grp_sa_ms_standard_conv_inplace_fu_485/grp_sa_conv2d_bn_40_71_118_240_333_426_535_1_fu_221/grp_sa_conv2d_bn_40_71_118_240_333_426_535_1_Pipeline_VITIS_LOOP_95_2_VITIS_LOOP_96_s_fu_1030/gmem4_addr_52_read_reg_849_reg[23]_0[0].  Did not re-place instance system_i/spike_accel_0/inst/grp_sa_ms_all_conv_block_185_1_fu_481/grp_sa_ms_standard_conv_inplace_fu_485/grp_sa_conv2d_bn_40_71_118_240_333_426_535_1_fu_221/grp_sa_conv2d_bn_40_71_118_240_333_426_535_1_Pipeline_VITIS_LOOP_95_2_VITIS_LOOP_96_s_fu_1030/mem_reg_i_890
INFO: [Physopt 32-662] Processed net system_i/spike_accel_0/inst/grp_sa_ms_all_conv_block_185_1_fu_481/grp_sa_ms_standard_conv_inplace_fu_485/grp_sa_conv2d_bn_40_71_118_240_333_426_535_1_fu_221/grp_sa_conv2d_bn_40_71_118_240_333_426_535_1_Pipeline_VITIS_LOOP_95_2_VITIS_LOOP_96_s_fu_1030/gmem4_addr_52_read_reg_849_reg[22]_0[3].  Did not re-place instance system_i/spike_accel_0/inst/grp_sa_ms_all_conv_block_185_1_fu_481/grp_sa_ms_standard_conv_inplace_fu_485/grp_sa_conv2d_bn_40_71_118_240_333_426_535_1_fu_221/grp_sa_conv2d_bn_40_71_118_240_333_426_535_1_Pipeline_VITIS_LOOP_95_2_VITIS_LOOP_96_s_fu_1030/mem_reg_i_883
INFO: [Physopt 32-662] Processed net system_i/spike_accel_0/inst/grp_sa_ms_all_conv_block_185_1_fu_481/grp_sa_ms_standard_conv_inplace_fu_485/grp_sa_conv2d_bn_40_71_118_240_333_426_535_1_fu_221/grp_sa_conv2d_bn_40_71_118_240_333_426_535_1_Pipeline_VITIS_LOOP_95_2_VITIS_LOOP_96_s_fu_1030/mem_reg_i_1015_n_2.  Did not re-place instance system_i/spike_accel_0/inst/grp_sa_ms_all_conv_block_185_1_fu_481/grp_sa_ms_standard_conv_inplace_fu_485/grp_sa_conv2d_bn_40_71_118_240_333_426_535_1_fu_221/grp_sa_conv2d_bn_40_71_118_240_333_426_535_1_Pipeline_VITIS_LOOP_95_2_VITIS_LOOP_96_s_fu_1030/mem_reg_i_1015
INFO: [Physopt 32-662] Processed net system_i/spike_accel_0/inst/grp_sa_ms_all_conv_block_185_1_fu_481/grp_sa_ms_standard_conv_inplace_fu_485/grp_sa_conv2d_bn_40_71_118_240_333_426_535_1_fu_221/grp_sa_conv2d_bn_40_71_118_240_333_426_535_1_Pipeline_VITIS_LOOP_95_2_VITIS_LOOP_96_s_fu_1030/gmem4_addr_52_read_reg_849_reg[23]_0[3].  Did not re-place instance system_i/spike_accel_0/inst/grp_sa_ms_all_conv_block_185_1_fu_481/grp_sa_ms_standard_conv_inplace_fu_485/grp_sa_conv2d_bn_40_71_118_240_333_426_535_1_fu_221/grp_sa_conv2d_bn_40_71_118_240_333_426_535_1_Pipeline_VITIS_LOOP_95_2_VITIS_LOOP_96_s_fu_1030/mem_reg_i_887
INFO: [Physopt 32-662] Processed net system_i/spike_accel_0/inst/grp_sa_ms_all_conv_block_185_1_fu_481/grp_sa_ms_standard_conv_inplace_1_fu_570/grp_sa_conv2d_bn_40_71_118_240_333_426_535_1_fu_197/grp_sa_conv2d_bn_40_71_118_240_333_426_535_1_Pipeline_VITIS_LOOP_95_2_VITIS_LOOP_96_s_fu_1030/gmem4_addr_52_read_reg_849_reg[14]_0[0].  Did not re-place instance system_i/spike_accel_0/inst/grp_sa_ms_all_conv_block_185_1_fu_481/grp_sa_ms_standard_conv_inplace_1_fu_570/grp_sa_conv2d_bn_40_71_118_240_333_426_535_1_fu_197/grp_sa_conv2d_bn_40_71_118_240_333_426_535_1_Pipeline_VITIS_LOOP_95_2_VITIS_LOOP_96_s_fu_1030/mem_reg_i_730
INFO: [Physopt 32-662] Processed net system_i/spike_accel_0/inst/grp_sa_ms_all_conv_block_185_1_fu_481/grp_sa_ms_standard_conv_inplace_1_fu_570/grp_sa_conv2d_bn_40_71_118_240_333_426_535_1_fu_197/grp_sa_conv2d_bn_40_71_118_240_333_426_535_1_Pipeline_VITIS_LOOP_95_2_VITIS_LOOP_96_s_fu_1030/mem_reg_i_951_n_2.  Did not re-place instance system_i/spike_accel_0/inst/grp_sa_ms_all_conv_block_185_1_fu_481/grp_sa_ms_standard_conv_inplace_1_fu_570/grp_sa_conv2d_bn_40_71_118_240_333_426_535_1_fu_197/grp_sa_conv2d_bn_40_71_118_240_333_426_535_1_Pipeline_VITIS_LOOP_95_2_VITIS_LOOP_96_s_fu_1030/mem_reg_i_951
INFO: [Physopt 32-662] Processed net system_i/spike_accel_0/inst/grp_sa_ms_all_conv_block_185_1_fu_481/grp_sa_ms_standard_conv_inplace_1_fu_570/grp_sa_conv2d_bn_40_71_118_240_333_426_535_1_fu_197/grp_sa_conv2d_bn_40_71_118_240_333_426_535_1_Pipeline_VITIS_LOOP_95_2_VITIS_LOOP_96_s_fu_1030/gmem4_addr_52_read_reg_849_reg[15]_0[0].  Did not re-place instance system_i/spike_accel_0/inst/grp_sa_ms_all_conv_block_185_1_fu_481/grp_sa_ms_standard_conv_inplace_1_fu_570/grp_sa_conv2d_bn_40_71_118_240_333_426_535_1_fu_197/grp_sa_conv2d_bn_40_71_118_240_333_426_535_1_Pipeline_VITIS_LOOP_95_2_VITIS_LOOP_96_s_fu_1030/mem_reg_i_734
INFO: [Physopt 32-662] Processed net system_i/spike_accel_0/inst/grp_sa_ms_all_conv_block_185_1_fu_481/grp_sa_ms_standard_conv_inplace_1_fu_570/grp_sa_conv2d_bn_40_71_118_240_333_426_535_1_fu_197/grp_sa_conv2d_int_43_74_429_536_1_fu_1003/ap_CS_fsm_reg[13]_0[27].  Did not re-place instance system_i/spike_accel_0/inst/grp_sa_ms_all_conv_block_185_1_fu_481/grp_sa_ms_standard_conv_inplace_1_fu_570/grp_sa_conv2d_bn_40_71_118_240_333_426_535_1_fu_197/grp_sa_conv2d_int_43_74_429_536_1_fu_1003/mem_reg_i_415
INFO: [Physopt 32-662] Processed net system_i/spike_accel_0/inst/grp_sa_ms_all_conv_block_185_1_fu_481/grp_sa_ms_standard_conv_inplace_fu_485/grp_sa_conv2d_bn_40_71_118_240_333_426_535_1_fu_221/grp_sa_conv2d_int_43_74_429_536_1_fu_1003/ap_CS_fsm_reg[5]_28.  Did not re-place instance system_i/spike_accel_0/inst/grp_sa_ms_all_conv_block_185_1_fu_481/grp_sa_ms_standard_conv_inplace_fu_485/grp_sa_conv2d_bn_40_71_118_240_333_426_535_1_fu_221/grp_sa_conv2d_int_43_74_429_536_1_fu_1003/mem_reg_i_232
INFO: [Physopt 32-662] Processed net system_i/spike_accel_0/inst/grp_sa_ms_downsampling_199_1_fu_628/grp_sa_conv2d_bn_40_71_118_240_333_426_535_1_fu_199/grp_sa_conv2d_int_43_74_429_536_1_fu_1003/din[27].  Did not re-place instance system_i/spike_accel_0/inst/grp_sa_ms_downsampling_199_1_fu_628/grp_sa_conv2d_bn_40_71_118_240_333_426_535_1_fu_199/grp_sa_conv2d_int_43_74_429_536_1_fu_1003/mem_reg_i_20__0
INFO: [Physopt 32-662] Processed net system_i/spike_accel_0/inst/grp_sa_ms_downsampling_199_1_fu_628/grp_sa_conv2d_bn_40_71_118_240_333_426_535_1_fu_199/grp_sa_conv2d_int_43_74_429_536_1_fu_1003/mem_reg_i_91_n_2.  Did not re-place instance system_i/spike_accel_0/inst/grp_sa_ms_downsampling_199_1_fu_628/grp_sa_conv2d_bn_40_71_118_240_333_426_535_1_fu_199/grp_sa_conv2d_int_43_74_429_536_1_fu_1003/mem_reg_i_91
INFO: [Physopt 32-662] Processed net system_i/spike_accel_0/inst/grp_sa_ms_all_conv_block_185_1_fu_481/grp_sa_ms_standard_conv_inplace_fu_485/grp_sa_conv2d_bn_40_71_118_240_333_426_535_1_fu_221/grp_sa_conv2d_bn_40_71_118_240_333_426_535_1_Pipeline_VITIS_LOOP_95_2_VITIS_LOOP_96_s_fu_1030/gmem4_addr_52_read_reg_849_reg[18]_0[0].  Did not re-place instance system_i/spike_accel_0/inst/grp_sa_ms_all_conv_block_185_1_fu_481/grp_sa_ms_standard_conv_inplace_fu_485/grp_sa_conv2d_bn_40_71_118_240_333_426_535_1_fu_221/grp_sa_conv2d_bn_40_71_118_240_333_426_535_1_Pipeline_VITIS_LOOP_95_2_VITIS_LOOP_96_s_fu_1030/mem_reg_i_913
INFO: [Physopt 32-662] Processed net system_i/spike_accel_0/inst/grp_sa_ms_all_conv_block_185_1_fu_481/grp_sa_ms_standard_conv_inplace_fu_485/grp_sa_conv2d_bn_40_71_118_240_333_426_535_1_fu_221/grp_sa_conv2d_bn_40_71_118_240_333_426_535_1_Pipeline_VITIS_LOOP_95_2_VITIS_LOOP_96_s_fu_1030/mem_reg_i_947_n_2.  Did not re-place instance system_i/spike_accel_0/inst/grp_sa_ms_all_conv_block_185_1_fu_481/grp_sa_ms_standard_conv_inplace_fu_485/grp_sa_conv2d_bn_40_71_118_240_333_426_535_1_fu_221/grp_sa_conv2d_bn_40_71_118_240_333_426_535_1_Pipeline_VITIS_LOOP_95_2_VITIS_LOOP_96_s_fu_1030/mem_reg_i_947
INFO: [Physopt 32-662] Processed net system_i/spike_accel_0/inst/grp_sa_ms_all_conv_block_185_1_fu_481/grp_sa_ms_standard_conv_inplace_fu_485/grp_sa_conv2d_bn_40_71_118_240_333_426_535_1_fu_221/grp_sa_conv2d_bn_40_71_118_240_333_426_535_1_Pipeline_VITIS_LOOP_95_2_VITIS_LOOP_96_s_fu_1030/gmem4_addr_52_read_reg_849_reg[18]_0[1].  Did not re-place instance system_i/spike_accel_0/inst/grp_sa_ms_all_conv_block_185_1_fu_481/grp_sa_ms_standard_conv_inplace_fu_485/grp_sa_conv2d_bn_40_71_118_240_333_426_535_1_fu_221/grp_sa_conv2d_bn_40_71_118_240_333_426_535_1_Pipeline_VITIS_LOOP_95_2_VITIS_LOOP_96_s_fu_1030/mem_reg_i_912
INFO: [Physopt 32-662] Processed net system_i/spike_accel_0/inst/grp_sa_ms_all_conv_block_185_1_fu_481/grp_sa_ms_standard_conv_inplace_fu_485/grp_sa_conv2d_bn_40_71_118_240_333_426_535_1_fu_221/grp_sa_conv2d_bn_40_71_118_240_333_426_535_1_Pipeline_VITIS_LOOP_95_2_VITIS_LOOP_96_s_fu_1030/mem_reg_i_1029_n_2.  Did not re-place instance system_i/spike_accel_0/inst/grp_sa_ms_all_conv_block_185_1_fu_481/grp_sa_ms_standard_conv_inplace_fu_485/grp_sa_conv2d_bn_40_71_118_240_333_426_535_1_fu_221/grp_sa_conv2d_bn_40_71_118_240_333_426_535_1_Pipeline_VITIS_LOOP_95_2_VITIS_LOOP_96_s_fu_1030/mem_reg_i_1029
INFO: [Physopt 32-662] Processed net system_i/spike_accel_0/inst/grp_sa_ms_all_conv_block_185_1_fu_481/grp_sa_ms_standard_conv_inplace_fu_485/grp_sa_conv2d_bn_40_71_118_240_333_426_535_1_fu_221/grp_sa_conv2d_bn_40_71_118_240_333_426_535_1_Pipeline_VITIS_LOOP_95_2_VITIS_LOOP_96_s_fu_1030/gmem4_addr_52_read_reg_849_reg[19]_0[1].  Did not re-place instance system_i/spike_accel_0/inst/grp_sa_ms_all_conv_block_185_1_fu_481/grp_sa_ms_standard_conv_inplace_fu_485/grp_sa_conv2d_bn_40_71_118_240_333_426_535_1_fu_221/grp_sa_conv2d_bn_40_71_118_240_333_426_535_1_Pipeline_VITIS_LOOP_95_2_VITIS_LOOP_96_s_fu_1030/mem_reg_i_916
INFO: [Physopt 32-662] Processed net system_i/spike_accel_0/inst/grp_sa_ms_all_conv_block_185_1_fu_481/grp_sa_ms_standard_conv_inplace_1_fu_570/grp_sa_conv2d_bn_40_71_118_240_333_426_535_1_fu_197/grp_sa_conv2d_bn_40_71_118_240_333_426_535_1_Pipeline_VITIS_LOOP_95_2_VITIS_LOOP_96_s_fu_1030/gmem4_addr_52_read_reg_849_reg[6]_0[1].  Did not re-place instance system_i/spike_accel_0/inst/grp_sa_ms_all_conv_block_185_1_fu_481/grp_sa_ms_standard_conv_inplace_1_fu_570/grp_sa_conv2d_bn_40_71_118_240_333_426_535_1_fu_197/grp_sa_conv2d_bn_40_71_118_240_333_426_535_1_Pipeline_VITIS_LOOP_95_2_VITIS_LOOP_96_s_fu_1030/mem_reg_i_788
INFO: [Physopt 32-662] Processed net system_i/spike_accel_0/inst/grp_sa_ms_all_conv_block_185_1_fu_481/grp_sa_ms_standard_conv_inplace_1_fu_570/grp_sa_conv2d_bn_40_71_118_240_333_426_535_1_fu_197/grp_sa_conv2d_bn_40_71_118_240_333_426_535_1_Pipeline_VITIS_LOOP_95_2_VITIS_LOOP_96_s_fu_1030/gmem4_addr_52_read_reg_849_reg[18]_0[0].  Did not re-place instance system_i/spike_accel_0/inst/grp_sa_ms_all_conv_block_185_1_fu_481/grp_sa_ms_standard_conv_inplace_1_fu_570/grp_sa_conv2d_bn_40_71_118_240_333_426_535_1_fu_197/grp_sa_conv2d_bn_40_71_118_240_333_426_535_1_Pipeline_VITIS_LOOP_95_2_VITIS_LOOP_96_s_fu_1030/mem_reg_i_921
INFO: [Physopt 32-663] Processed net system_i/spike_accel_0/inst/grp_sa_ms_all_conv_block_185_1_fu_481/grp_sa_ms_standard_conv_inplace_1_fu_570/grp_sa_conv2d_bn_40_71_118_240_333_426_535_1_fu_197/grp_sa_conv2d_bn_40_71_118_240_333_426_535_1_Pipeline_VITIS_LOOP_95_2_VITIS_LOOP_96_s_fu_1030/mem_reg_i_952_n_2.  Re-placed instance system_i/spike_accel_0/inst/grp_sa_ms_all_conv_block_185_1_fu_481/grp_sa_ms_standard_conv_inplace_1_fu_570/grp_sa_conv2d_bn_40_71_118_240_333_426_535_1_fu_197/grp_sa_conv2d_bn_40_71_118_240_333_426_535_1_Pipeline_VITIS_LOOP_95_2_VITIS_LOOP_96_s_fu_1030/mem_reg_i_952
INFO: [Physopt 32-663] Processed net system_i/spike_accel_0/inst/grp_sa_ms_all_conv_block_185_1_fu_481/grp_sa_ms_standard_conv_inplace_1_fu_570/grp_sa_conv2d_bn_40_71_118_240_333_426_535_1_fu_197/grp_sa_conv2d_bn_40_71_118_240_333_426_535_1_Pipeline_VITIS_LOOP_95_2_VITIS_LOOP_96_s_fu_1030/mem_reg_i_976_n_2.  Re-placed instance system_i/spike_accel_0/inst/grp_sa_ms_all_conv_block_185_1_fu_481/grp_sa_ms_standard_conv_inplace_1_fu_570/grp_sa_conv2d_bn_40_71_118_240_333_426_535_1_fu_197/grp_sa_conv2d_bn_40_71_118_240_333_426_535_1_Pipeline_VITIS_LOOP_95_2_VITIS_LOOP_96_s_fu_1030/mem_reg_i_976
INFO: [Physopt 32-662] Processed net system_i/spike_accel_0/inst/grp_sa_ms_all_conv_block_185_1_fu_481/grp_sa_ms_all_conv_block_185_1_Pipeline_VITIS_LOOP_85_11_fu_608/grp_sa_ms_all_conv_block_185_1_fu_481_m_axi_gmem3_WDATA[15].  Did not re-place instance system_i/spike_accel_0/inst/grp_sa_ms_all_conv_block_185_1_fu_481/grp_sa_ms_all_conv_block_185_1_Pipeline_VITIS_LOOP_85_11_fu_608/mem_reg_i_103
INFO: [Physopt 32-662] Processed net system_i/spike_accel_0/inst/grp_sa_ms_all_conv_block_185_1_fu_481/grp_sa_ms_all_conv_block_185_1_Pipeline_VITIS_LOOP_85_1_fu_552/mem_reg_i_241_n_2.  Did not re-place instance system_i/spike_accel_0/inst/grp_sa_ms_all_conv_block_185_1_fu_481/grp_sa_ms_all_conv_block_185_1_Pipeline_VITIS_LOOP_85_1_fu_552/mem_reg_i_241
INFO: [Physopt 32-662] Processed net system_i/spike_accel_0/inst/grp_sa_ms_all_conv_block_185_1_fu_481/grp_sa_ms_standard_conv_inplace_1_fu_570/grp_sa_conv2d_bn_40_71_118_240_333_426_535_1_fu_197/grp_sa_conv2d_bn_40_71_118_240_333_426_535_1_Pipeline_VITIS_LOOP_95_2_VITIS_LOOP_96_s_fu_1030/gmem4_addr_52_read_reg_849_reg[19]_0[0].  Did not re-place instance system_i/spike_accel_0/inst/grp_sa_ms_all_conv_block_185_1_fu_481/grp_sa_ms_standard_conv_inplace_1_fu_570/grp_sa_conv2d_bn_40_71_118_240_333_426_535_1_fu_197/grp_sa_conv2d_bn_40_71_118_240_333_426_535_1_Pipeline_VITIS_LOOP_95_2_VITIS_LOOP_96_s_fu_1030/mem_reg_i_925
INFO: [Physopt 32-662] Processed net system_i/spike_accel_0/inst/grp_sa_ms_all_conv_block_185_1_fu_481/grp_sa_ms_standard_conv_inplace_1_fu_570/grp_sa_conv2d_bn_40_71_118_240_333_426_535_1_fu_197/grp_sa_conv2d_bn_40_71_118_240_333_426_535_1_Pipeline_VITIS_LOOP_95_2_VITIS_LOOP_96_s_fu_1030/gmem4_addr_52_read_reg_849_reg[7]_0[1].  Did not re-place instance system_i/spike_accel_0/inst/grp_sa_ms_all_conv_block_185_1_fu_481/grp_sa_ms_standard_conv_inplace_1_fu_570/grp_sa_conv2d_bn_40_71_118_240_333_426_535_1_fu_197/grp_sa_conv2d_bn_40_71_118_240_333_426_535_1_Pipeline_VITIS_LOOP_95_2_VITIS_LOOP_96_s_fu_1030/mem_reg_i_792
INFO: [Physopt 32-662] Processed net system_i/spike_accel_0/inst/grp_sa_ms_all_conv_block_185_1_fu_481/grp_sa_ms_standard_conv_inplace_fu_485/grp_sa_conv2d_bn_40_71_118_240_333_426_535_1_fu_221/grp_sa_conv2d_bn_40_71_118_240_333_426_535_1_Pipeline_VITIS_LOOP_116_7_fu_1058/ap_CS_fsm_reg[8]_14.  Did not re-place instance system_i/spike_accel_0/inst/grp_sa_ms_all_conv_block_185_1_fu_481/grp_sa_ms_standard_conv_inplace_fu_485/grp_sa_conv2d_bn_40_71_118_240_333_426_535_1_fu_221/grp_sa_conv2d_bn_40_71_118_240_333_426_535_1_Pipeline_VITIS_LOOP_116_7_fu_1058/mem_reg_i_139
INFO: [Physopt 32-662] Processed net system_i/spike_accel_0/inst/grp_sa_ms_downsampling_199_1_fu_628/grp_sa_conv2d_bn_40_71_118_240_333_426_535_1_fu_199/grp_sa_conv2d_bn_40_71_118_240_333_426_535_1_Pipeline_VITIS_LOOP_116_7_fu_1058/mem_reg_i_37__1_n_2.  Did not re-place instance system_i/spike_accel_0/inst/grp_sa_ms_downsampling_199_1_fu_628/grp_sa_conv2d_bn_40_71_118_240_333_426_535_1_fu_199/grp_sa_conv2d_bn_40_71_118_240_333_426_535_1_Pipeline_VITIS_LOOP_116_7_fu_1058/mem_reg_i_37__1
INFO: [Physopt 32-662] Processed net system_i/spike_accel_0/inst/grp_sa_ms_downsampling_199_1_fu_628/grp_sa_conv2d_bn_40_71_118_240_333_426_535_1_fu_199/grp_sa_conv2d_bn_40_71_118_240_333_426_535_1_Pipeline_VITIS_LOOP_116_7_fu_1058/v_25_reg_447_reg[31]_0[15].  Did not re-place instance system_i/spike_accel_0/inst/grp_sa_ms_downsampling_199_1_fu_628/grp_sa_conv2d_bn_40_71_118_240_333_426_535_1_fu_199/grp_sa_conv2d_bn_40_71_118_240_333_426_535_1_Pipeline_VITIS_LOOP_116_7_fu_1058/mem_reg_i_4__3
INFO: [Physopt 32-662] Processed net system_i/spike_accel_0/inst/grp_sa_ms_all_conv_block_185_1_fu_481/grp_sa_ms_standard_conv_inplace_1_fu_570/grp_sa_conv2d_bn_40_71_118_240_333_426_535_1_fu_197/grp_sa_conv2d_bn_40_71_118_240_333_426_535_1_Pipeline_VITIS_LOOP_95_2_VITIS_LOOP_96_s_fu_1030/gmem4_addr_52_read_reg_849_reg[10]_0[2].  Did not re-place instance system_i/spike_accel_0/inst/grp_sa_ms_all_conv_block_185_1_fu_481/grp_sa_ms_standard_conv_inplace_1_fu_570/grp_sa_conv2d_bn_40_71_118_240_333_426_535_1_fu_197/grp_sa_conv2d_bn_40_71_118_240_333_426_535_1_Pipeline_VITIS_LOOP_95_2_VITIS_LOOP_96_s_fu_1030/mem_reg_i_756
INFO: [Physopt 32-662] Processed net system_i/spike_accel_0/inst/grp_sa_ms_all_conv_block_185_1_fu_481/grp_sa_ms_standard_conv_inplace_1_fu_570/grp_sa_conv2d_bn_40_71_118_240_333_426_535_1_fu_197/grp_sa_conv2d_bn_40_71_118_240_333_426_535_1_Pipeline_VITIS_LOOP_95_2_VITIS_LOOP_96_s_fu_1030/mem_reg_i_963_n_2.  Did not re-place instance system_i/spike_accel_0/inst/grp_sa_ms_all_conv_block_185_1_fu_481/grp_sa_ms_standard_conv_inplace_1_fu_570/grp_sa_conv2d_bn_40_71_118_240_333_426_535_1_fu_197/grp_sa_conv2d_bn_40_71_118_240_333_426_535_1_Pipeline_VITIS_LOOP_95_2_VITIS_LOOP_96_s_fu_1030/mem_reg_i_963
INFO: [Physopt 32-662] Processed net system_i/spike_accel_0/inst/grp_sa_ms_downsampling_199_1_fu_628/grp_sa_conv2d_bn_40_71_118_240_333_426_535_1_fu_199/grp_sa_conv2d_bn_40_71_118_240_333_426_535_1_Pipeline_VITIS_LOOP_95_2_VITIS_LOOP_96_s_fu_1030/gmem4_addr_52_read_reg_849_reg[10]_0[1].  Did not re-place instance system_i/spike_accel_0/inst/grp_sa_ms_downsampling_199_1_fu_628/grp_sa_conv2d_bn_40_71_118_240_333_426_535_1_fu_199/grp_sa_conv2d_bn_40_71_118_240_333_426_535_1_Pipeline_VITIS_LOOP_95_2_VITIS_LOOP_96_s_fu_1030/mem_reg_i_561
INFO: [Physopt 32-662] Processed net system_i/spike_accel_0/inst/grp_sa_ms_downsampling_199_1_fu_628/grp_sa_conv2d_bn_40_71_118_240_333_426_535_1_fu_199/grp_sa_conv2d_bn_40_71_118_240_333_426_535_1_Pipeline_VITIS_LOOP_95_2_VITIS_LOOP_96_s_fu_1030/mem_reg_i_745_n_2.  Did not re-place instance system_i/spike_accel_0/inst/grp_sa_ms_downsampling_199_1_fu_628/grp_sa_conv2d_bn_40_71_118_240_333_426_535_1_fu_199/grp_sa_conv2d_bn_40_71_118_240_333_426_535_1_Pipeline_VITIS_LOOP_95_2_VITIS_LOOP_96_s_fu_1030/mem_reg_i_745
INFO: [Physopt 32-662] Processed net system_i/spike_accel_0/inst/grp_sa_ms_downsampling_199_1_fu_628/grp_sa_conv2d_bn_40_71_118_240_333_426_535_1_fu_199/grp_sa_conv2d_bn_40_71_118_240_333_426_535_1_Pipeline_VITIS_LOOP_95_2_VITIS_LOOP_96_s_fu_1030/gmem4_addr_52_read_reg_849_reg[11]_0[1].  Did not re-place instance system_i/spike_accel_0/inst/grp_sa_ms_downsampling_199_1_fu_628/grp_sa_conv2d_bn_40_71_118_240_333_426_535_1_fu_199/grp_sa_conv2d_bn_40_71_118_240_333_426_535_1_Pipeline_VITIS_LOOP_95_2_VITIS_LOOP_96_s_fu_1030/mem_reg_i_565
INFO: [Physopt 32-662] Processed net system_i/spike_accel_0/inst/grp_sa_ms_downsampling_199_1_fu_628/grp_sa_conv2d_bn_40_71_118_240_333_426_535_1_fu_199/grp_sa_conv2d_int_43_74_429_536_1_fu_1003/grp_sa_conv2d_bn_40_71_118_240_333_426_535_1_fu_199_m_axi_gmem4_WDATA[2].  Did not re-place instance system_i/spike_accel_0/inst/grp_sa_ms_downsampling_199_1_fu_628/grp_sa_conv2d_bn_40_71_118_240_333_426_535_1_fu_199/grp_sa_conv2d_int_43_74_429_536_1_fu_1003/mem_reg_i_511
INFO: [Physopt 32-662] Processed net system_i/spike_accel_0/inst/grp_sa_ms_downsampling_199_1_fu_628/grp_sa_ms_downsampling_199_1_Pipeline_VITIS_LOOP_36_1_VITIS_LOOP_37_2_fu_174/din[2].  Did not re-place instance system_i/spike_accel_0/inst/grp_sa_ms_downsampling_199_1_fu_628/grp_sa_ms_downsampling_199_1_Pipeline_VITIS_LOOP_36_1_VITIS_LOOP_37_2_fu_174/mem_reg_i_35__0
INFO: [Physopt 32-662] Processed net system_i/spike_accel_0/inst/grp_sa_ms_downsampling_199_1_fu_628/grp_sa_ms_downsampling_199_1_Pipeline_VITIS_LOOP_36_1_VITIS_LOOP_37_2_fu_174/grp_sa_ms_downsampling_199_1_fu_628_m_axi_gmem4_WDATA[16].  Did not re-place instance system_i/spike_accel_0/inst/grp_sa_ms_downsampling_199_1_fu_628/grp_sa_ms_downsampling_199_1_Pipeline_VITIS_LOOP_36_1_VITIS_LOOP_37_2_fu_174/mem_reg_i_289
INFO: [Physopt 32-662] Processed net system_i/spike_accel_0/inst/grp_sa_ms_downsampling_199_1_fu_628/grp_sa_ms_downsampling_199_1_Pipeline_VITIS_LOOP_36_1_VITIS_LOOP_37_2_fu_174/mem_reg_i_137__0_n_2.  Did not re-place instance system_i/spike_accel_0/inst/grp_sa_ms_downsampling_199_1_fu_628/grp_sa_ms_downsampling_199_1_Pipeline_VITIS_LOOP_36_1_VITIS_LOOP_37_2_fu_174/mem_reg_i_137__0
INFO: [Physopt 32-662] Processed net system_i/spike_accel_0/inst/grp_sa_ms_all_conv_block_185_1_fu_481/grp_sa_ms_all_conv_block_185_1_Pipeline_VITIS_LOOP_85_1_fu_552/mem_reg_i_242_n_2.  Did not re-place instance system_i/spike_accel_0/inst/grp_sa_ms_all_conv_block_185_1_fu_481/grp_sa_ms_all_conv_block_185_1_Pipeline_VITIS_LOOP_85_1_fu_552/mem_reg_i_242
INFO: [Physopt 32-662] Processed net system_i/spike_accel_0/inst/grp_sa_ms_all_conv_block_185_1_fu_481/grp_sa_ms_standard_conv_inplace_fu_485/grp_sa_conv2d_bn_40_71_118_240_333_426_535_1_fu_221/grp_sa_conv2d_bn_40_71_118_240_333_426_535_1_Pipeline_VITIS_LOOP_95_2_VITIS_LOOP_96_s_fu_1030/gmem4_addr_52_read_reg_849_reg[14]_0[1].  Did not re-place instance system_i/spike_accel_0/inst/grp_sa_ms_all_conv_block_185_1_fu_481/grp_sa_ms_standard_conv_inplace_fu_485/grp_sa_conv2d_bn_40_71_118_240_333_426_535_1_fu_221/grp_sa_conv2d_bn_40_71_118_240_333_426_535_1_Pipeline_VITIS_LOOP_95_2_VITIS_LOOP_96_s_fu_1030/mem_reg_i_721
INFO: [Physopt 32-663] Processed net system_i/spike_accel_0/inst/grp_sa_ms_all_conv_block_185_1_fu_481/grp_sa_ms_standard_conv_inplace_fu_485/grp_sa_conv2d_bn_40_71_118_240_333_426_535_1_fu_221/grp_sa_conv2d_bn_40_71_118_240_333_426_535_1_Pipeline_VITIS_LOOP_95_2_VITIS_LOOP_96_s_fu_1030/mem_reg_i_945_n_2.  Re-placed instance system_i/spike_accel_0/inst/grp_sa_ms_all_conv_block_185_1_fu_481/grp_sa_ms_standard_conv_inplace_fu_485/grp_sa_conv2d_bn_40_71_118_240_333_426_535_1_fu_221/grp_sa_conv2d_bn_40_71_118_240_333_426_535_1_Pipeline_VITIS_LOOP_95_2_VITIS_LOOP_96_s_fu_1030/mem_reg_i_945
INFO: [Physopt 32-662] Processed net system_i/spike_accel_0/inst/grp_sa_ms_all_conv_block_185_1_fu_481/grp_sa_ms_standard_conv_inplace_1_fu_570/grp_sa_conv2d_bn_40_71_118_240_333_426_535_1_fu_197/grp_sa_conv2d_bn_40_71_118_240_333_426_535_1_Pipeline_VITIS_LOOP_95_2_VITIS_LOOP_96_s_fu_1030/gmem4_addr_52_read_reg_849_reg[18]_0[3].  Did not re-place instance system_i/spike_accel_0/inst/grp_sa_ms_all_conv_block_185_1_fu_481/grp_sa_ms_standard_conv_inplace_1_fu_570/grp_sa_conv2d_bn_40_71_118_240_333_426_535_1_fu_197/grp_sa_conv2d_bn_40_71_118_240_333_426_535_1_Pipeline_VITIS_LOOP_95_2_VITIS_LOOP_96_s_fu_1030/mem_reg_i_918
INFO: [Physopt 32-662] Processed net system_i/spike_accel_0/inst/grp_sa_ms_all_conv_block_185_1_fu_481/grp_sa_ms_standard_conv_inplace_1_fu_570/grp_sa_conv2d_bn_40_71_118_240_333_426_535_1_fu_197/grp_sa_conv2d_bn_40_71_118_240_333_426_535_1_Pipeline_VITIS_LOOP_95_2_VITIS_LOOP_96_s_fu_1030/mem_reg_i_1030_n_2.  Did not re-place instance system_i/spike_accel_0/inst/grp_sa_ms_all_conv_block_185_1_fu_481/grp_sa_ms_standard_conv_inplace_1_fu_570/grp_sa_conv2d_bn_40_71_118_240_333_426_535_1_fu_197/grp_sa_conv2d_bn_40_71_118_240_333_426_535_1_Pipeline_VITIS_LOOP_95_2_VITIS_LOOP_96_s_fu_1030/mem_reg_i_1030
INFO: [Physopt 32-662] Processed net system_i/spike_accel_0/inst/grp_sa_ms_all_conv_block_185_1_fu_481/grp_sa_ms_standard_conv_inplace_1_fu_570/grp_sa_conv2d_bn_40_71_118_240_333_426_535_1_fu_197/grp_sa_conv2d_bn_40_71_118_240_333_426_535_1_Pipeline_VITIS_LOOP_95_2_VITIS_LOOP_96_s_fu_1030/gmem4_addr_52_read_reg_849_reg[19]_0[3].  Did not re-place instance system_i/spike_accel_0/inst/grp_sa_ms_all_conv_block_185_1_fu_481/grp_sa_ms_standard_conv_inplace_1_fu_570/grp_sa_conv2d_bn_40_71_118_240_333_426_535_1_fu_197/grp_sa_conv2d_bn_40_71_118_240_333_426_535_1_Pipeline_VITIS_LOOP_95_2_VITIS_LOOP_96_s_fu_1030/mem_reg_i_922
INFO: [Physopt 32-662] Processed net system_i/spike_accel_0/inst/grp_sa_conv2d_bn_40_71_118_240_333_426_1_fu_666/grp_sa_conv2d_int_43_74_429_1_fu_366/grp_sa_conv2d_int_43_74_429_1_Pipeline_VITIS_LOOP_97_7_VITIS_LOOP_98_8_VITIS_LOOP_99_fu_97/icmp_ln97_reg_7467_reg[0]_0.  Did not re-place instance system_i/spike_accel_0/inst/grp_sa_conv2d_bn_40_71_118_240_333_426_1_fu_666/grp_sa_conv2d_int_43_74_429_1_fu_366/grp_sa_conv2d_int_43_74_429_1_Pipeline_VITIS_LOOP_97_7_VITIS_LOOP_98_8_VITIS_LOOP_99_fu_97/icmp_ln97_reg_7467_reg[0]
INFO: [Physopt 32-662] Processed net system_i/spike_accel_0/inst/grp_sa_conv2d_bn_40_71_118_240_333_426_1_fu_666/grp_sa_conv2d_int_43_74_429_1_fu_366/grp_sa_conv2d_int_43_74_429_1_Pipeline_VITIS_LOOP_97_7_VITIS_LOOP_98_8_VITIS_LOOP_99_fu_97/p_305_in.  Did not re-place instance system_i/spike_accel_0/inst/grp_sa_conv2d_bn_40_71_118_240_333_426_1_fu_666/grp_sa_conv2d_int_43_74_429_1_fu_366/grp_sa_conv2d_int_43_74_429_1_Pipeline_VITIS_LOOP_97_7_VITIS_LOOP_98_8_VITIS_LOOP_99_fu_97/gmem2_addr_14_reg_8343[62]_i_4
INFO: [Physopt 32-662] Processed net system_i/spike_accel_0/inst/grp_sa_conv2d_bn_40_71_118_240_333_426_1_fu_666/grp_sa_conv2d_int_43_74_429_1_fu_366/grp_sa_conv2d_int_43_74_429_1_Pipeline_VITIS_LOOP_97_7_VITIS_LOOP_98_8_VITIS_LOOP_99_fu_97/mul_8s_8s_16_4_1_U408/ce155_out.  Did not re-place instance system_i/spike_accel_0/inst/grp_sa_conv2d_bn_40_71_118_240_333_426_1_fu_666/grp_sa_conv2d_int_43_74_429_1_fu_366/grp_sa_conv2d_int_43_74_429_1_Pipeline_VITIS_LOOP_97_7_VITIS_LOOP_98_8_VITIS_LOOP_99_fu_97/mul_8s_8s_16_4_1_U408/gmem2_addr_13_reg_8312[62]_i_1
INFO: [Physopt 32-662] Processed net system_i/spike_accel_0/inst/grp_sa_conv2d_bn_40_71_118_240_333_426_1_fu_666/grp_sa_conv2d_int_43_74_429_1_fu_366/grp_sa_conv2d_int_43_74_429_1_Pipeline_VITIS_LOOP_97_7_VITIS_LOOP_98_8_VITIS_LOOP_99_fu_97/m_axi_gmem2_ARVALID13304_out.  Did not re-place instance system_i/spike_accel_0/inst/grp_sa_conv2d_bn_40_71_118_240_333_426_1_fu_666/grp_sa_conv2d_int_43_74_429_1_fu_366/grp_sa_conv2d_int_43_74_429_1_Pipeline_VITIS_LOOP_97_7_VITIS_LOOP_98_8_VITIS_LOOP_99_fu_97/mem_reg[5][25]_srl6_i_30
INFO: [Physopt 32-662] Processed net system_i/spike_accel_0/inst/grp_sa_conv2d_bn_40_71_118_240_333_426_1_fu_666/grp_sa_conv2d_int_43_74_429_1_fu_366/grp_sa_conv2d_int_43_74_429_1_Pipeline_VITIS_LOOP_97_7_VITIS_LOOP_98_8_VITIS_LOOP_99_fu_97/mem_reg[5][10]_srl6_i_34_n_2.  Did not re-place instance system_i/spike_accel_0/inst/grp_sa_conv2d_bn_40_71_118_240_333_426_1_fu_666/grp_sa_conv2d_int_43_74_429_1_fu_366/grp_sa_conv2d_int_43_74_429_1_Pipeline_VITIS_LOOP_97_7_VITIS_LOOP_98_8_VITIS_LOOP_99_fu_97/mem_reg[5][10]_srl6_i_34
INFO: [Physopt 32-662] Processed net system_i/spike_accel_0/inst/grp_sa_conv2d_bn_40_71_118_240_333_426_1_fu_666/grp_sa_conv2d_int_43_74_429_1_fu_366/grp_sa_conv2d_int_43_74_429_1_Pipeline_VITIS_LOOP_97_7_VITIS_LOOP_98_8_VITIS_LOOP_99_fu_97/mul_8s_8s_16_4_1_U408/ap_enable_reg_pp0_iter0_reg_reg.  Did not re-place instance system_i/spike_accel_0/inst/grp_sa_conv2d_bn_40_71_118_240_333_426_1_fu_666/grp_sa_conv2d_int_43_74_429_1_fu_366/grp_sa_conv2d_int_43_74_429_1_Pipeline_VITIS_LOOP_97_7_VITIS_LOOP_98_8_VITIS_LOOP_99_fu_97/mul_8s_8s_16_4_1_U408/gmem2_addr_13_reg_8312[62]_i_3
INFO: [Physopt 32-662] Processed net system_i/spike_accel_0/inst/grp_sa_conv2d_bn_40_71_118_240_333_426_1_fu_666/grp_sa_conv2d_int_43_74_429_1_fu_366/grp_sa_conv2d_int_43_74_429_1_Pipeline_VITIS_LOOP_97_7_VITIS_LOOP_98_8_VITIS_LOOP_99_fu_97/grp_sa_conv2d_bn_40_71_118_240_333_426_1_fu_666_m_axi_gmem2_ARADDR[11].  Did not re-place instance system_i/spike_accel_0/inst/grp_sa_conv2d_bn_40_71_118_240_333_426_1_fu_666/grp_sa_conv2d_int_43_74_429_1_fu_366/grp_sa_conv2d_int_43_74_429_1_Pipeline_VITIS_LOOP_97_7_VITIS_LOOP_98_8_VITIS_LOOP_99_fu_97/mem_reg[5][11]_srl6_i_7__1
INFO: [Physopt 32-662] Processed net system_i/spike_accel_0/inst/grp_sa_conv2d_bn_40_71_118_240_333_426_1_fu_666/grp_sa_conv2d_int_43_74_429_1_fu_366/grp_sa_conv2d_int_43_74_429_1_Pipeline_VITIS_LOOP_97_7_VITIS_LOOP_98_8_VITIS_LOOP_99_fu_97/grp_sa_conv2d_int_43_74_429_1_fu_366_m_axi_gmem2_ARADDR[11].  Did not re-place instance system_i/spike_accel_0/inst/grp_sa_conv2d_bn_40_71_118_240_333_426_1_fu_666/grp_sa_conv2d_int_43_74_429_1_fu_366/grp_sa_conv2d_int_43_74_429_1_Pipeline_VITIS_LOOP_97_7_VITIS_LOOP_98_8_VITIS_LOOP_99_fu_97/mem_reg[5][11]_srl6_i_10__0
INFO: [Physopt 32-662] Processed net system_i/spike_accel_0/inst/grp_sa_conv2d_bn_40_71_118_240_333_426_1_fu_666/grp_sa_conv2d_int_43_74_429_1_fu_366/grp_sa_conv2d_int_43_74_429_1_Pipeline_VITIS_LOOP_97_7_VITIS_LOOP_98_8_VITIS_LOOP_99_fu_97/mem_reg[5][11]_srl6_i_12__0_n_2.  Did not re-place instance system_i/spike_accel_0/inst/grp_sa_conv2d_bn_40_71_118_240_333_426_1_fu_666/grp_sa_conv2d_int_43_74_429_1_fu_366/grp_sa_conv2d_int_43_74_429_1_Pipeline_VITIS_LOOP_97_7_VITIS_LOOP_98_8_VITIS_LOOP_99_fu_97/mem_reg[5][11]_srl6_i_12__0
INFO: [Physopt 32-662] Processed net system_i/spike_accel_0/inst/grp_sa_conv2d_bn_40_71_118_240_333_426_1_fu_666/grp_sa_conv2d_int_43_74_429_1_fu_366/grp_sa_conv2d_int_43_74_429_1_Pipeline_VITIS_LOOP_97_7_VITIS_LOOP_98_8_VITIS_LOOP_99_fu_97/mem_reg[5][11]_srl6_i_19_n_2.  Did not re-place instance system_i/spike_accel_0/inst/grp_sa_conv2d_bn_40_71_118_240_333_426_1_fu_666/grp_sa_conv2d_int_43_74_429_1_fu_366/grp_sa_conv2d_int_43_74_429_1_Pipeline_VITIS_LOOP_97_7_VITIS_LOOP_98_8_VITIS_LOOP_99_fu_97/mem_reg[5][11]_srl6_i_19
INFO: [Physopt 32-662] Processed net system_i/spike_accel_0/inst/grp_sa_ms_all_conv_block_185_1_fu_481/grp_sa_ms_standard_conv_inplace_1_fu_570/grp_sa_conv2d_bn_40_71_118_240_333_426_535_1_fu_197/grp_sa_conv2d_int_43_74_429_536_1_fu_1003/in[11].  Did not re-place instance system_i/spike_accel_0/inst/grp_sa_ms_all_conv_block_185_1_fu_481/grp_sa_ms_standard_conv_inplace_1_fu_570/grp_sa_conv2d_bn_40_71_118_240_333_426_535_1_fu_197/grp_sa_conv2d_int_43_74_429_536_1_fu_1003/mem_reg[5][11]_srl6_i_1__0
INFO: [Physopt 32-662] Processed net system_i/spike_accel_0/inst/grp_sa_ms_all_conv_block_185_1_fu_481/grp_sa_ms_standard_conv_inplace_1_fu_570/grp_sa_conv2d_bn_40_71_118_240_333_426_535_1_fu_197/grp_sa_conv2d_int_43_74_429_536_1_fu_1003/mem_reg[5][11]_srl6_i_2__0_n_2.  Did not re-place instance system_i/spike_accel_0/inst/grp_sa_ms_all_conv_block_185_1_fu_481/grp_sa_ms_standard_conv_inplace_1_fu_570/grp_sa_conv2d_bn_40_71_118_240_333_426_535_1_fu_197/grp_sa_conv2d_int_43_74_429_536_1_fu_1003/mem_reg[5][11]_srl6_i_2__0
INFO: [Physopt 32-662] Processed net system_i/spike_accel_0/inst/gmem2_m_axi_U/load_unit_0/fifo_rreq/U_fifo_srl/mem_reg[5][11]_srl6_n_2.  Did not re-place instance system_i/spike_accel_0/inst/gmem2_m_axi_U/load_unit_0/fifo_rreq/U_fifo_srl/mem_reg[5][11]_srl6
INFO: [Physopt 32-662] Processed net system_i/spike_accel_0/inst/grp_sa_ms_downsampling_199_1_fu_628/grp_sa_conv2d_bn_40_71_118_240_333_426_535_1_fu_199/grp_sa_conv2d_int_43_74_429_536_1_fu_1003/grp_sa_conv2d_bn_40_71_118_240_333_426_535_1_fu_199_m_axi_gmem4_WDATA[3].  Did not re-place instance system_i/spike_accel_0/inst/grp_sa_ms_downsampling_199_1_fu_628/grp_sa_conv2d_bn_40_71_118_240_333_426_535_1_fu_199/grp_sa_conv2d_int_43_74_429_536_1_fu_1003/mem_reg_i_458
INFO: [Physopt 32-662] Processed net system_i/spike_accel_0/inst/grp_sa_ms_downsampling_199_1_fu_628/grp_sa_ms_downsampling_199_1_Pipeline_VITIS_LOOP_36_1_VITIS_LOOP_37_2_fu_174/grp_sa_ms_downsampling_199_1_fu_628_m_axi_gmem4_WDATA[24].  Did not re-place instance system_i/spike_accel_0/inst/grp_sa_ms_downsampling_199_1_fu_628/grp_sa_ms_downsampling_199_1_Pipeline_VITIS_LOOP_36_1_VITIS_LOOP_37_2_fu_174/mem_reg_i_255
INFO: [Physopt 32-662] Processed net system_i/spike_accel_0/inst/grp_sa_ms_all_conv_block_185_1_fu_481/grp_sa_ms_standard_conv_inplace_1_fu_570/grp_sa_conv2d_bn_40_71_118_240_333_426_535_1_fu_197/grp_sa_conv2d_bn_40_71_118_240_333_426_535_1_Pipeline_VITIS_LOOP_95_2_VITIS_LOOP_96_s_fu_1030/gmem4_addr_52_read_reg_849_reg[18]_0[1].  Did not re-place instance system_i/spike_accel_0/inst/grp_sa_ms_all_conv_block_185_1_fu_481/grp_sa_ms_standard_conv_inplace_1_fu_570/grp_sa_conv2d_bn_40_71_118_240_333_426_535_1_fu_197/grp_sa_conv2d_bn_40_71_118_240_333_426_535_1_Pipeline_VITIS_LOOP_95_2_VITIS_LOOP_96_s_fu_1030/mem_reg_i_920
INFO: [Physopt 32-662] Processed net system_i/spike_accel_0/inst/grp_sa_ms_all_conv_block_185_1_fu_481/grp_sa_ms_standard_conv_inplace_1_fu_570/grp_sa_conv2d_bn_40_71_118_240_333_426_535_1_fu_197/grp_sa_conv2d_bn_40_71_118_240_333_426_535_1_Pipeline_VITIS_LOOP_95_2_VITIS_LOOP_96_s_fu_1030/gmem4_addr_52_read_reg_849_reg[22]_0[1].  Did not re-place instance system_i/spike_accel_0/inst/grp_sa_ms_all_conv_block_185_1_fu_481/grp_sa_ms_standard_conv_inplace_1_fu_570/grp_sa_conv2d_bn_40_71_118_240_333_426_535_1_fu_197/grp_sa_conv2d_bn_40_71_118_240_333_426_535_1_Pipeline_VITIS_LOOP_95_2_VITIS_LOOP_96_s_fu_1030/mem_reg_i_893
INFO: [Physopt 32-662] Processed net system_i/spike_accel_0/inst/grp_sa_ms_all_conv_block_185_1_fu_481/grp_sa_ms_standard_conv_inplace_1_fu_570/grp_sa_conv2d_bn_40_71_118_240_333_426_535_1_fu_197/grp_sa_conv2d_bn_40_71_118_240_333_426_535_1_Pipeline_VITIS_LOOP_95_2_VITIS_LOOP_96_s_fu_1030/mem_reg_i_1021_n_2.  Did not re-place instance system_i/spike_accel_0/inst/grp_sa_ms_all_conv_block_185_1_fu_481/grp_sa_ms_standard_conv_inplace_1_fu_570/grp_sa_conv2d_bn_40_71_118_240_333_426_535_1_fu_197/grp_sa_conv2d_bn_40_71_118_240_333_426_535_1_Pipeline_VITIS_LOOP_95_2_VITIS_LOOP_96_s_fu_1030/mem_reg_i_1021
INFO: [Physopt 32-662] Processed net system_i/spike_accel_0/inst/grp_sa_ms_all_conv_block_185_1_fu_481/grp_sa_ms_standard_conv_inplace_1_fu_570/grp_sa_conv2d_bn_40_71_118_240_333_426_535_1_fu_197/grp_sa_conv2d_bn_40_71_118_240_333_426_535_1_Pipeline_VITIS_LOOP_95_2_VITIS_LOOP_96_s_fu_1030/mem_reg_i_1032_n_2.  Did not re-place instance system_i/spike_accel_0/inst/grp_sa_ms_all_conv_block_185_1_fu_481/grp_sa_ms_standard_conv_inplace_1_fu_570/grp_sa_conv2d_bn_40_71_118_240_333_426_535_1_fu_197/grp_sa_conv2d_bn_40_71_118_240_333_426_535_1_Pipeline_VITIS_LOOP_95_2_VITIS_LOOP_96_s_fu_1030/mem_reg_i_1032
INFO: [Physopt 32-662] Processed net system_i/spike_accel_0/inst/grp_sa_ms_all_conv_block_185_1_fu_481/grp_sa_ms_standard_conv_inplace_1_fu_570/grp_sa_conv2d_bn_40_71_118_240_333_426_535_1_fu_197/grp_sa_conv2d_bn_40_71_118_240_333_426_535_1_Pipeline_VITIS_LOOP_95_2_VITIS_LOOP_96_s_fu_1030/gmem4_addr_52_read_reg_849_reg[19]_0[1].  Did not re-place instance system_i/spike_accel_0/inst/grp_sa_ms_all_conv_block_185_1_fu_481/grp_sa_ms_standard_conv_inplace_1_fu_570/grp_sa_conv2d_bn_40_71_118_240_333_426_535_1_fu_197/grp_sa_conv2d_bn_40_71_118_240_333_426_535_1_Pipeline_VITIS_LOOP_95_2_VITIS_LOOP_96_s_fu_1030/mem_reg_i_924
INFO: [Physopt 32-662] Processed net system_i/spike_accel_0/inst/grp_sa_ms_all_conv_block_185_1_fu_481/grp_sa_ms_standard_conv_inplace_1_fu_570/grp_sa_conv2d_bn_40_71_118_240_333_426_535_1_fu_197/grp_sa_conv2d_bn_40_71_118_240_333_426_535_1_Pipeline_VITIS_LOOP_95_2_VITIS_LOOP_96_s_fu_1030/gmem4_addr_52_read_reg_849_reg[23]_0[1].  Did not re-place instance system_i/spike_accel_0/inst/grp_sa_ms_all_conv_block_185_1_fu_481/grp_sa_ms_standard_conv_inplace_1_fu_570/grp_sa_conv2d_bn_40_71_118_240_333_426_535_1_fu_197/grp_sa_conv2d_bn_40_71_118_240_333_426_535_1_Pipeline_VITIS_LOOP_95_2_VITIS_LOOP_96_s_fu_1030/mem_reg_i_897
INFO: [Physopt 32-662] Processed net system_i/spike_accel_0/inst/grp_sa_ms_all_conv_block_185_1_fu_481/grp_sa_ms_standard_conv_inplace_fu_485/grp_sa_conv2d_bn_40_71_118_240_333_426_535_1_fu_221/grp_sa_conv2d_bn_40_71_118_240_333_426_535_1_Pipeline_VITIS_LOOP_95_2_VITIS_LOOP_96_s_fu_1030/gmem4_addr_52_read_reg_849_reg[14]_0[3].  Did not re-place instance system_i/spike_accel_0/inst/grp_sa_ms_all_conv_block_185_1_fu_481/grp_sa_ms_standard_conv_inplace_fu_485/grp_sa_conv2d_bn_40_71_118_240_333_426_535_1_fu_221/grp_sa_conv2d_bn_40_71_118_240_333_426_535_1_Pipeline_VITIS_LOOP_95_2_VITIS_LOOP_96_s_fu_1030/mem_reg_i_719
INFO: [Physopt 32-662] Processed net system_i/spike_accel_0/inst/grp_sa_ms_all_conv_block_185_1_fu_481/grp_sa_ms_standard_conv_inplace_fu_485/grp_sa_conv2d_bn_40_71_118_240_333_426_535_1_fu_221/grp_sa_conv2d_bn_40_71_118_240_333_426_535_1_Pipeline_VITIS_LOOP_95_2_VITIS_LOOP_96_s_fu_1030/mem_reg_i_943_n_2.  Did not re-place instance system_i/spike_accel_0/inst/grp_sa_ms_all_conv_block_185_1_fu_481/grp_sa_ms_standard_conv_inplace_fu_485/grp_sa_conv2d_bn_40_71_118_240_333_426_535_1_fu_221/grp_sa_conv2d_bn_40_71_118_240_333_426_535_1_Pipeline_VITIS_LOOP_95_2_VITIS_LOOP_96_s_fu_1030/mem_reg_i_943
INFO: [Physopt 32-662] Processed net system_i/spike_accel_0/inst/grp_sa_ms_all_conv_block_185_1_fu_481/grp_sa_ms_standard_conv_inplace_fu_485/grp_sa_conv2d_bn_40_71_118_240_333_426_535_1_fu_221/grp_sa_conv2d_bn_40_71_118_240_333_426_535_1_Pipeline_VITIS_LOOP_95_2_VITIS_LOOP_96_s_fu_1030/gmem4_addr_52_read_reg_849_reg[15]_0[3].  Did not re-place instance system_i/spike_accel_0/inst/grp_sa_ms_all_conv_block_185_1_fu_481/grp_sa_ms_standard_conv_inplace_fu_485/grp_sa_conv2d_bn_40_71_118_240_333_426_535_1_fu_221/grp_sa_conv2d_bn_40_71_118_240_333_426_535_1_Pipeline_VITIS_LOOP_95_2_VITIS_LOOP_96_s_fu_1030/mem_reg_i_723
INFO: [Physopt 32-662] Processed net system_i/spike_accel_0/inst/grp_sa_ms_all_conv_block_185_1_fu_481/grp_sa_ms_standard_conv_inplace_fu_485/grp_sa_conv2d_bn_40_71_118_240_333_426_535_1_fu_221/grp_sa_conv2d_bn_40_71_118_240_333_426_535_1_Pipeline_VITIS_LOOP_95_2_VITIS_LOOP_96_s_fu_1030/gmem4_addr_52_read_reg_849_reg[6]_0[1].  Did not re-place instance system_i/spike_accel_0/inst/grp_sa_ms_all_conv_block_185_1_fu_481/grp_sa_ms_standard_conv_inplace_fu_485/grp_sa_conv2d_bn_40_71_118_240_333_426_535_1_fu_221/grp_sa_conv2d_bn_40_71_118_240_333_426_535_1_Pipeline_VITIS_LOOP_95_2_VITIS_LOOP_96_s_fu_1030/mem_reg_i_780
INFO: [Physopt 32-662] Processed net system_i/spike_accel_0/inst/grp_sa_ms_all_conv_block_185_1_fu_481/grp_sa_ms_standard_conv_inplace_fu_485/grp_sa_conv2d_bn_40_71_118_240_333_426_535_1_fu_221/grp_sa_conv2d_bn_40_71_118_240_333_426_535_1_Pipeline_VITIS_LOOP_95_2_VITIS_LOOP_96_s_fu_1030/mem_reg_i_972_n_2.  Did not re-place instance system_i/spike_accel_0/inst/grp_sa_ms_all_conv_block_185_1_fu_481/grp_sa_ms_standard_conv_inplace_fu_485/grp_sa_conv2d_bn_40_71_118_240_333_426_535_1_fu_221/grp_sa_conv2d_bn_40_71_118_240_333_426_535_1_Pipeline_VITIS_LOOP_95_2_VITIS_LOOP_96_s_fu_1030/mem_reg_i_972
INFO: [Physopt 32-662] Processed net system_i/spike_accel_0/inst/grp_sa_ms_all_conv_block_185_1_fu_481/grp_sa_ms_standard_conv_inplace_fu_485/grp_sa_conv2d_bn_40_71_118_240_333_426_535_1_fu_221/grp_sa_conv2d_bn_40_71_118_240_333_426_535_1_Pipeline_VITIS_LOOP_95_2_VITIS_LOOP_96_s_fu_1030/gmem4_addr_52_read_reg_849_reg[7]_0[1].  Did not re-place instance system_i/spike_accel_0/inst/grp_sa_ms_all_conv_block_185_1_fu_481/grp_sa_ms_standard_conv_inplace_fu_485/grp_sa_conv2d_bn_40_71_118_240_333_426_535_1_fu_221/grp_sa_conv2d_bn_40_71_118_240_333_426_535_1_Pipeline_VITIS_LOOP_95_2_VITIS_LOOP_96_s_fu_1030/mem_reg_i_784
INFO: [Physopt 32-662] Processed net system_i/spike_accel_0/inst/grp_sa_ms_all_conv_block_185_1_fu_481/grp_sa_ms_standard_conv_inplace_fu_485/grp_sa_conv2d_bn_40_71_118_240_333_426_535_1_fu_221/grp_sa_conv2d_bn_40_71_118_240_333_426_535_1_Pipeline_VITIS_LOOP_95_2_VITIS_LOOP_96_s_fu_1030/gmem4_addr_52_read_reg_849_reg[2]_0[3].  Did not re-place instance system_i/spike_accel_0/inst/grp_sa_ms_all_conv_block_185_1_fu_481/grp_sa_ms_standard_conv_inplace_fu_485/grp_sa_conv2d_bn_40_71_118_240_333_426_535_1_fu_221/grp_sa_conv2d_bn_40_71_118_240_333_426_535_1_Pipeline_VITIS_LOOP_95_2_VITIS_LOOP_96_s_fu_1030/mem_reg_i_803
INFO: [Physopt 32-662] Processed net system_i/spike_accel_0/inst/grp_sa_ms_all_conv_block_185_1_fu_481/grp_sa_ms_standard_conv_inplace_fu_485/grp_sa_conv2d_bn_40_71_118_240_333_426_535_1_fu_221/grp_sa_conv2d_bn_40_71_118_240_333_426_535_1_Pipeline_VITIS_LOOP_95_2_VITIS_LOOP_96_s_fu_1030/mem_reg_i_982_n_2.  Did not re-place instance system_i/spike_accel_0/inst/grp_sa_ms_all_conv_block_185_1_fu_481/grp_sa_ms_standard_conv_inplace_fu_485/grp_sa_conv2d_bn_40_71_118_240_333_426_535_1_fu_221/grp_sa_conv2d_bn_40_71_118_240_333_426_535_1_Pipeline_VITIS_LOOP_95_2_VITIS_LOOP_96_s_fu_1030/mem_reg_i_982
INFO: [Physopt 32-662] Processed net system_i/spike_accel_0/inst/grp_sa_ms_all_conv_block_185_1_fu_481/grp_sa_ms_standard_conv_inplace_fu_485/grp_sa_conv2d_bn_40_71_118_240_333_426_535_1_fu_221/grp_sa_conv2d_bn_40_71_118_240_333_426_535_1_Pipeline_VITIS_LOOP_95_2_VITIS_LOOP_96_s_fu_1030/gmem4_addr_52_read_reg_849_reg[3]_0[3].  Did not re-place instance system_i/spike_accel_0/inst/grp_sa_ms_all_conv_block_185_1_fu_481/grp_sa_ms_standard_conv_inplace_fu_485/grp_sa_conv2d_bn_40_71_118_240_333_426_535_1_fu_221/grp_sa_conv2d_bn_40_71_118_240_333_426_535_1_Pipeline_VITIS_LOOP_95_2_VITIS_LOOP_96_s_fu_1030/mem_reg_i_806
INFO: [Physopt 32-662] Processed net system_i/spike_accel_0/inst/grp_sa_ms_downsampling_199_1_fu_628/grp_sa_conv2d_bn_40_71_118_240_333_426_535_1_fu_199/grp_sa_conv2d_bn_40_71_118_240_333_426_535_1_Pipeline_VITIS_LOOP_95_2_VITIS_LOOP_96_s_fu_1030/gmem4_addr_52_read_reg_849_reg[6]_0[1].  Did not re-place instance system_i/spike_accel_0/inst/grp_sa_ms_downsampling_199_1_fu_628/grp_sa_conv2d_bn_40_71_118_240_333_426_535_1_fu_199/grp_sa_conv2d_bn_40_71_118_240_333_426_535_1_Pipeline_VITIS_LOOP_95_2_VITIS_LOOP_96_s_fu_1030/mem_reg_i_588
INFO: [Physopt 32-662] Processed net system_i/spike_accel_0/inst/grp_sa_ms_downsampling_199_1_fu_628/grp_sa_conv2d_bn_40_71_118_240_333_426_535_1_fu_199/grp_sa_conv2d_bn_40_71_118_240_333_426_535_1_Pipeline_VITIS_LOOP_95_2_VITIS_LOOP_96_s_fu_1030/mem_reg_i_776_n_2.  Did not re-place instance system_i/spike_accel_0/inst/grp_sa_ms_downsampling_199_1_fu_628/grp_sa_conv2d_bn_40_71_118_240_333_426_535_1_fu_199/grp_sa_conv2d_bn_40_71_118_240_333_426_535_1_Pipeline_VITIS_LOOP_95_2_VITIS_LOOP_96_s_fu_1030/mem_reg_i_776
INFO: [Physopt 32-662] Processed net system_i/spike_accel_0/inst/grp_sa_ms_downsampling_199_1_fu_628/grp_sa_conv2d_bn_40_71_118_240_333_426_535_1_fu_199/grp_sa_conv2d_bn_40_71_118_240_333_426_535_1_Pipeline_VITIS_LOOP_95_2_VITIS_LOOP_96_s_fu_1030/gmem4_addr_52_read_reg_849_reg[7]_0[1].  Did not re-place instance system_i/spike_accel_0/inst/grp_sa_ms_downsampling_199_1_fu_628/grp_sa_conv2d_bn_40_71_118_240_333_426_535_1_fu_199/grp_sa_conv2d_bn_40_71_118_240_333_426_535_1_Pipeline_VITIS_LOOP_95_2_VITIS_LOOP_96_s_fu_1030/mem_reg_i_592
INFO: [Physopt 32-662] Processed net system_i/spike_accel_0/inst/grp_sa_ms_all_conv_block_185_1_fu_481/grp_sa_ms_standard_conv_inplace_1_fu_570/grp_sa_conv2d_bn_40_71_118_240_333_426_535_1_fu_197/grp_sa_conv2d_bn_40_71_118_240_333_426_535_1_Pipeline_VITIS_LOOP_95_2_VITIS_LOOP_96_s_fu_1030/gmem4_addr_52_read_reg_849_reg[6]_0[0].  Did not re-place instance system_i/spike_accel_0/inst/grp_sa_ms_all_conv_block_185_1_fu_481/grp_sa_ms_standard_conv_inplace_1_fu_570/grp_sa_conv2d_bn_40_71_118_240_333_426_535_1_fu_197/grp_sa_conv2d_bn_40_71_118_240_333_426_535_1_Pipeline_VITIS_LOOP_95_2_VITIS_LOOP_96_s_fu_1030/mem_reg_i_789
INFO: [Physopt 32-662] Processed net system_i/spike_accel_0/inst/grp_sa_ms_all_conv_block_185_1_fu_481/grp_sa_ms_standard_conv_inplace_1_fu_570/grp_sa_conv2d_bn_40_71_118_240_333_426_535_1_fu_197/grp_sa_conv2d_bn_40_71_118_240_333_426_535_1_Pipeline_VITIS_LOOP_95_2_VITIS_LOOP_96_s_fu_1030/mem_reg_i_977_n_2.  Did not re-place instance system_i/spike_accel_0/inst/grp_sa_ms_all_conv_block_185_1_fu_481/grp_sa_ms_standard_conv_inplace_1_fu_570/grp_sa_conv2d_bn_40_71_118_240_333_426_535_1_fu_197/grp_sa_conv2d_bn_40_71_118_240_333_426_535_1_Pipeline_VITIS_LOOP_95_2_VITIS_LOOP_96_s_fu_1030/mem_reg_i_977
INFO: [Physopt 32-662] Processed net system_i/spike_accel_0/inst/gmem3_m_axi_U/load_unit_0/buff_rdata/U_fifo_mem/raddr_reg[7]_i_3__2_n_2.  Did not re-place instance system_i/spike_accel_0/inst/gmem3_m_axi_U/load_unit_0/buff_rdata/U_fifo_mem/raddr_reg[7]_i_3__2
INFO: [Physopt 32-662] Processed net system_i/spike_accel_0/inst/grp_sa_ms_downsampling_199_1_fu_628/grp_sa_ms_downsampling_199_1_Pipeline_VITIS_LOOP_36_1_VITIS_LOOP_37_2_fu_174/ama_addmuladd_14ns_12ns_7ns_7ns_20_4_1_U315/sa_tiny_fpga_top_ama_addmuladd_14ns_12ns_7ns_7ns_20_4_1_DSP48_0_U/indvar_flatten_fu_14610_out.  Did not re-place instance system_i/spike_accel_0/inst/grp_sa_ms_downsampling_199_1_fu_628/grp_sa_ms_downsampling_199_1_Pipeline_VITIS_LOOP_36_1_VITIS_LOOP_37_2_fu_174/ama_addmuladd_14ns_12ns_7ns_7ns_20_4_1_U315/sa_tiny_fpga_top_ama_addmuladd_14ns_12ns_7ns_7ns_20_4_1_DSP48_0_U/zext_ln43_18_cast_reg_969[6]_i_2
INFO: [Physopt 32-662] Processed net system_i/spike_accel_0/inst/grp_sa_tiny_fpga_top_Pipeline_VITIS_LOOP_36_1_VITIS_LOOP_37_2_fu_711/ap_enable_reg_pp0_iter2_reg_0.  Did not re-place instance system_i/spike_accel_0/inst/grp_sa_tiny_fpga_top_Pipeline_VITIS_LOOP_36_1_VITIS_LOOP_37_2_fu_711/mem_reg_i_4
INFO: [Physopt 32-662] Processed net system_i/spike_accel_0/inst/gmem3_m_axi_U/load_unit_0/buff_rdata/U_fifo_mem/rnext[5].  Did not re-place instance system_i/spike_accel_0/inst/gmem3_m_axi_U/load_unit_0/buff_rdata/U_fifo_mem/raddr_reg[5]_i_1__3
INFO: [Physopt 32-663] Processed net system_i/spike_accel_0/inst/gmem3_m_axi_U/load_unit_0/buff_rdata/dout_vld_reg_0.  Re-placed instance system_i/spike_accel_0/inst/gmem3_m_axi_U/load_unit_0/buff_rdata/dout_vld_reg
INFO: [Physopt 32-663] Processed net system_i/spike_accel_0/inst/gmem3_m_axi_U/load_unit_0/buff_rdata/U_fifo_mem/pop.  Re-placed instance system_i/spike_accel_0/inst/gmem3_m_axi_U/load_unit_0/buff_rdata/U_fifo_mem/raddr_reg[7]_i_2__2
INFO: [Physopt 32-663] Processed net system_i/spike_accel_0/inst/grp_sa_ms_downsampling_199_1_fu_628/grp_sa_ms_downsampling_199_1_Pipeline_VITIS_LOOP_36_1_VITIS_LOOP_37_2_fu_174/ama_addmuladd_14ns_12ns_7ns_7ns_20_4_1_U315/sa_tiny_fpga_top_ama_addmuladd_14ns_12ns_7ns_7ns_20_4_1_DSP48_0_U/ap_enable_reg_pp0_iter7_reg.  Re-placed instance system_i/spike_accel_0/inst/grp_sa_ms_downsampling_199_1_fu_628/grp_sa_ms_downsampling_199_1_Pipeline_VITIS_LOOP_36_1_VITIS_LOOP_37_2_fu_174/ama_addmuladd_14ns_12ns_7ns_7ns_20_4_1_U315/sa_tiny_fpga_top_ama_addmuladd_14ns_12ns_7ns_7ns_20_4_1_DSP48_0_U/dividend0[11]_i_6
INFO: [Physopt 32-662] Processed net system_i/spike_accel_0/inst/grp_sa_ms_downsampling_199_1_fu_628/grp_sa_ms_downsampling_199_1_Pipeline_VITIS_LOOP_36_1_VITIS_LOOP_37_2_fu_174/ap_CS_fsm_reg[6].  Did not re-place instance system_i/spike_accel_0/inst/grp_sa_ms_downsampling_199_1_fu_628/grp_sa_ms_downsampling_199_1_Pipeline_VITIS_LOOP_36_1_VITIS_LOOP_37_2_fu_174/mem_reg_i_5__0
INFO: [Physopt 32-662] Processed net system_i/spike_accel_0/inst/grp_sa_ms_downsampling_199_1_fu_628/grp_sa_ms_downsampling_199_1_Pipeline_VITIS_LOOP_36_1_VITIS_LOOP_37_2_fu_174/grp_sa_ms_downsampling_199_1_fu_628_m_axi_gmem3_RREADY.  Did not re-place instance system_i/spike_accel_0/inst/grp_sa_ms_downsampling_199_1_fu_628/grp_sa_ms_downsampling_199_1_Pipeline_VITIS_LOOP_36_1_VITIS_LOOP_37_2_fu_174/mem_reg_i_7
INFO: [Physopt 32-662] Processed net system_i/spike_accel_0/inst/gmem3_m_axi_U/load_unit_0/buff_rdata/raddr_reg_n_2_[5].  Did not re-place instance system_i/spike_accel_0/inst/gmem3_m_axi_U/load_unit_0/buff_rdata/raddr_reg[5]
INFO: [Physopt 32-662] Processed net system_i/spike_accel_0/inst/grp_sa_ms_all_conv_block_185_1_fu_481/grp_sa_ms_standard_conv_inplace_fu_485/grp_sa_conv2d_bn_40_71_118_240_333_426_535_1_fu_221/grp_sa_conv2d_bn_40_71_118_240_333_426_535_1_Pipeline_VITIS_LOOP_95_2_VITIS_LOOP_96_s_fu_1030/gmem4_addr_52_read_reg_849_reg[19]_0[0].  Did not re-place instance system_i/spike_accel_0/inst/grp_sa_ms_all_conv_block_185_1_fu_481/grp_sa_ms_standard_conv_inplace_fu_485/grp_sa_conv2d_bn_40_71_118_240_333_426_535_1_fu_221/grp_sa_conv2d_bn_40_71_118_240_333_426_535_1_Pipeline_VITIS_LOOP_95_2_VITIS_LOOP_96_s_fu_1030/mem_reg_i_917
INFO: [Physopt 32-662] Processed net system_i/spike_accel_0/inst/grp_sa_ms_all_conv_block_185_1_fu_481/grp_sa_ms_standard_conv_inplace_fu_485/grp_sa_conv2d_bn_40_71_118_240_333_426_535_1_fu_221/grp_sa_conv2d_bn_40_71_118_240_333_426_535_1_Pipeline_VITIS_LOOP_95_2_VITIS_LOOP_96_s_fu_1030/gmem4_addr_52_read_reg_849_reg[15]_0[1].  Did not re-place instance system_i/spike_accel_0/inst/grp_sa_ms_all_conv_block_185_1_fu_481/grp_sa_ms_standard_conv_inplace_fu_485/grp_sa_conv2d_bn_40_71_118_240_333_426_535_1_fu_221/grp_sa_conv2d_bn_40_71_118_240_333_426_535_1_Pipeline_VITIS_LOOP_95_2_VITIS_LOOP_96_s_fu_1030/mem_reg_i_725
INFO: [Physopt 32-662] Processed net system_i/spike_accel_0/inst/grp_sa_spike_sppf_1_fu_684/grp_sa_maxpool_or_1_fu_296/tmp_27_reg_3412.  Did not re-place instance system_i/spike_accel_0/inst/grp_sa_spike_sppf_1_fu_684/grp_sa_maxpool_or_1_fu_296/tmp_27_reg_3412_reg[0]
INFO: [Physopt 32-662] Processed net system_i/spike_accel_0/inst/grp_sa_ms_all_conv_block_185_1_fu_481/grp_sa_ms_standard_conv_inplace_fu_485/grp_sa_conv2d_bn_40_71_118_240_333_426_535_1_fu_221/grp_sa_conv2d_int_43_74_429_536_1_fu_1003/gmem4_addr_reg_325_reg[62][36].  Did not re-place instance system_i/spike_accel_0/inst/grp_sa_ms_all_conv_block_185_1_fu_481/grp_sa_ms_standard_conv_inplace_fu_485/grp_sa_conv2d_bn_40_71_118_240_333_426_535_1_fu_221/grp_sa_conv2d_int_43_74_429_536_1_fu_1003/mem_reg[5][36]_srl6_i_1__2
INFO: [Physopt 32-662] Processed net system_i/spike_accel_0/inst/grp_sa_spike_sppf_1_fu_684/grp_sa_maxpool_or_1_fu_296/grp_sa_maxpool_or_1_fu_296_m_axi_gmem4_ARADDR[36].  Did not re-place instance system_i/spike_accel_0/inst/grp_sa_spike_sppf_1_fu_684/grp_sa_maxpool_or_1_fu_296/mem_reg[5][36]_srl6_i_18__1
INFO: [Physopt 32-662] Processed net system_i/spike_accel_0/inst/grp_sa_spike_sppf_1_fu_684/grp_sa_maxpool_or_1_fu_296/i___75_n_2.  Did not re-place instance system_i/spike_accel_0/inst/grp_sa_spike_sppf_1_fu_684/grp_sa_maxpool_or_1_fu_296/i___75
INFO: [Physopt 32-662] Processed net system_i/spike_accel_0/inst/grp_sa_spike_sppf_1_fu_684/grp_sa_maxpool_or_1_fu_296/mem_reg[5][10]_srl6_i_44_n_2.  Did not re-place instance system_i/spike_accel_0/inst/grp_sa_spike_sppf_1_fu_684/grp_sa_maxpool_or_1_fu_296/mem_reg[5][10]_srl6_i_44
INFO: [Physopt 32-662] Processed net system_i/spike_accel_0/inst/grp_sa_spike_sppf_1_fu_684/grp_sa_maxpool_or_1_fu_296/mem_reg[5][36]_srl6_i_23__2_n_2.  Did not re-place instance system_i/spike_accel_0/inst/grp_sa_spike_sppf_1_fu_684/grp_sa_maxpool_or_1_fu_296/mem_reg[5][36]_srl6_i_23__2
INFO: [Physopt 32-663] Processed net system_i/spike_accel_0/inst/grp_sa_spike_sppf_1_fu_684/grp_sa_maxpool_or_1_fu_296/mem_reg[5][36]_srl6_i_31__0_n_2.  Re-placed instance system_i/spike_accel_0/inst/grp_sa_spike_sppf_1_fu_684/grp_sa_maxpool_or_1_fu_296/mem_reg[5][36]_srl6_i_31__0
INFO: [Physopt 32-662] Processed net system_i/spike_accel_0/inst/grp_sa_spike_sppf_1_fu_684/grp_sa_spike_sppf_1_Pipeline_VITIS_LOOP_133_3_VITIS_LOOP_134_4_fu_317/gmem4_addr_11_reg_699_reg[36]_0.  Did not re-place instance system_i/spike_accel_0/inst/grp_sa_spike_sppf_1_fu_684/grp_sa_spike_sppf_1_Pipeline_VITIS_LOOP_133_3_VITIS_LOOP_134_4_fu_317/mem_reg[5][36]_srl6_i_11__2
INFO: [Physopt 32-663] Processed net system_i/spike_accel_0/inst/grp_sa_spike_sppf_1_fu_684/grp_sa_spike_sppf_1_Pipeline_VITIS_LOOP_150_6_VITIS_LOOP_151_7_fu_307/gmem4_addr_7_reg_784_reg[36]_0.  Re-placed instance system_i/spike_accel_0/inst/grp_sa_spike_sppf_1_fu_684/grp_sa_spike_sppf_1_Pipeline_VITIS_LOOP_150_6_VITIS_LOOP_151_7_fu_307/mem_reg[5][36]_srl6_i_3__3
INFO: [Physopt 32-663] Processed net system_i/spike_accel_0/inst/grp_sa_spike_sppf_1_fu_684/grp_sa_spike_sppf_1_Pipeline_VITIS_LOOP_150_6_VITIS_LOOP_151_7_fu_307/mem_reg[5][36]_srl6_i_6__2_n_2.  Re-placed instance system_i/spike_accel_0/inst/grp_sa_spike_sppf_1_fu_684/grp_sa_spike_sppf_1_Pipeline_VITIS_LOOP_150_6_VITIS_LOOP_151_7_fu_307/mem_reg[5][36]_srl6_i_6__2
INFO: [Physopt 32-662] Processed net system_i/spike_accel_0/inst/gmem4_m_axi_U/load_unit_0/fifo_rreq/U_fifo_srl/mem_reg[5][36]_srl6_n_2.  Did not re-place instance system_i/spike_accel_0/inst/gmem4_m_axi_U/load_unit_0/fifo_rreq/U_fifo_srl/mem_reg[5][36]_srl6
INFO: [Physopt 32-662] Processed net system_i/spike_accel_0/inst/grp_sa_ms_all_conv_block_185_1_fu_481/grp_sa_ms_standard_conv_inplace_fu_485/grp_sa_conv2d_bn_40_71_118_240_333_426_535_1_fu_221/grp_sa_conv2d_int_43_74_429_536_1_fu_1003/gmem4_addr_reg_325_reg[62][33].  Did not re-place instance system_i/spike_accel_0/inst/grp_sa_ms_all_conv_block_185_1_fu_481/grp_sa_ms_standard_conv_inplace_fu_485/grp_sa_conv2d_bn_40_71_118_240_333_426_535_1_fu_221/grp_sa_conv2d_int_43_74_429_536_1_fu_1003/mem_reg[5][33]_srl6_i_1__2
INFO: [Physopt 32-662] Processed net system_i/spike_accel_0/inst/grp_sa_spike_sppf_1_fu_684/grp_sa_maxpool_or_1_fu_296/grp_sa_maxpool_or_1_fu_296_m_axi_gmem4_ARADDR[33].  Did not re-place instance system_i/spike_accel_0/inst/grp_sa_spike_sppf_1_fu_684/grp_sa_maxpool_or_1_fu_296/mem_reg[5][33]_srl6_i_18__1
INFO: [Physopt 32-662] Processed net system_i/spike_accel_0/inst/grp_sa_spike_sppf_1_fu_684/grp_sa_maxpool_or_1_fu_296/mem_reg[5][33]_srl6_i_23__2_n_2.  Did not re-place instance system_i/spike_accel_0/inst/grp_sa_spike_sppf_1_fu_684/grp_sa_maxpool_or_1_fu_296/mem_reg[5][33]_srl6_i_23__2
INFO: [Physopt 32-662] Processed net system_i/spike_accel_0/inst/grp_sa_spike_sppf_1_fu_684/grp_sa_maxpool_or_1_fu_296/mem_reg[5][33]_srl6_i_31__0_n_2.  Did not re-place instance system_i/spike_accel_0/inst/grp_sa_spike_sppf_1_fu_684/grp_sa_maxpool_or_1_fu_296/mem_reg[5][33]_srl6_i_31__0
INFO: [Physopt 32-662] Processed net system_i/spike_accel_0/inst/grp_sa_spike_sppf_1_fu_684/grp_sa_spike_sppf_1_Pipeline_VITIS_LOOP_133_3_VITIS_LOOP_134_4_fu_317/gmem4_addr_10_reg_710_reg[33]_0.  Did not re-place instance system_i/spike_accel_0/inst/grp_sa_spike_sppf_1_fu_684/grp_sa_spike_sppf_1_Pipeline_VITIS_LOOP_133_3_VITIS_LOOP_134_4_fu_317/mem_reg[5][33]_srl6_i_11__2
INFO: [Physopt 32-662] Processed net system_i/spike_accel_0/inst/grp_sa_spike_sppf_1_fu_684/grp_sa_spike_sppf_1_Pipeline_VITIS_LOOP_150_6_VITIS_LOOP_151_7_fu_307/gmem4_addr_7_reg_784_reg[33]_0.  Did not re-place instance system_i/spike_accel_0/inst/grp_sa_spike_sppf_1_fu_684/grp_sa_spike_sppf_1_Pipeline_VITIS_LOOP_150_6_VITIS_LOOP_151_7_fu_307/mem_reg[5][33]_srl6_i_3__3
INFO: [Physopt 32-663] Processed net system_i/spike_accel_0/inst/grp_sa_spike_sppf_1_fu_684/grp_sa_spike_sppf_1_Pipeline_VITIS_LOOP_150_6_VITIS_LOOP_151_7_fu_307/mem_reg[5][33]_srl6_i_6__2_n_2.  Re-placed instance system_i/spike_accel_0/inst/grp_sa_spike_sppf_1_fu_684/grp_sa_spike_sppf_1_Pipeline_VITIS_LOOP_150_6_VITIS_LOOP_151_7_fu_307/mem_reg[5][33]_srl6_i_6__2
INFO: [Physopt 32-662] Processed net system_i/spike_accel_0/inst/gmem4_m_axi_U/load_unit_0/fifo_rreq/U_fifo_srl/mem_reg[5][33]_srl6_n_2.  Did not re-place instance system_i/spike_accel_0/inst/gmem4_m_axi_U/load_unit_0/fifo_rreq/U_fifo_srl/mem_reg[5][33]_srl6
INFO: [Physopt 32-662] Processed net system_i/spike_accel_0/inst/grp_sa_conv2d_bn_40_71_118_240_333_426_1_fu_666/grp_sa_conv2d_int_43_74_429_1_fu_366/grp_sa_conv2d_int_43_74_429_1_Pipeline_VITIS_LOOP_97_7_VITIS_LOOP_98_8_VITIS_LOOP_99_fu_97/m_axi_gmem2_ARVALID48424_out.  Did not re-place instance system_i/spike_accel_0/inst/grp_sa_conv2d_bn_40_71_118_240_333_426_1_fu_666/grp_sa_conv2d_int_43_74_429_1_fu_366/grp_sa_conv2d_int_43_74_429_1_Pipeline_VITIS_LOOP_97_7_VITIS_LOOP_98_8_VITIS_LOOP_99_fu_97/mem_reg[5][0]_srl6_i_49__1
INFO: [Physopt 32-663] Processed net system_i/spike_accel_0/inst/grp_sa_conv2d_bn_40_71_118_240_333_426_1_fu_666/grp_sa_conv2d_int_43_74_429_1_fu_366/grp_sa_conv2d_int_43_74_429_1_Pipeline_VITIS_LOOP_97_7_VITIS_LOOP_98_8_VITIS_LOOP_99_fu_97/mul_8s_8s_16_4_1_U403/icmp_ln97_reg_7467_pp0_iter1_reg_reg[0].  Re-placed instance system_i/spike_accel_0/inst/grp_sa_conv2d_bn_40_71_118_240_333_426_1_fu_666/grp_sa_conv2d_int_43_74_429_1_fu_366/grp_sa_conv2d_int_43_74_429_1_Pipeline_VITIS_LOOP_97_7_VITIS_LOOP_98_8_VITIS_LOOP_99_fu_97/mul_8s_8s_16_4_1_U403/gmem2_addr_7_reg_8161[62]_i_5
INFO: [Physopt 32-662] Processed net system_i/spike_accel_0/inst/grp_sa_conv2d_bn_40_71_118_240_333_426_1_fu_666/grp_sa_conv2d_int_43_74_429_1_fu_366/grp_sa_conv2d_int_43_74_429_1_Pipeline_VITIS_LOOP_97_7_VITIS_LOOP_98_8_VITIS_LOOP_99_fu_97/mul_8s_8s_16_4_1_U397/ce365_out.  Did not re-place instance system_i/spike_accel_0/inst/grp_sa_conv2d_bn_40_71_118_240_333_426_1_fu_666/grp_sa_conv2d_int_43_74_429_1_fu_366/grp_sa_conv2d_int_43_74_429_1_Pipeline_VITIS_LOOP_97_7_VITIS_LOOP_98_8_VITIS_LOOP_99_fu_97/mul_8s_8s_16_4_1_U397/empty_196_reg_7522_reg_i_2
INFO: [Physopt 32-662] Processed net system_i/spike_accel_0/inst/grp_sa_conv2d_bn_40_71_118_240_333_426_1_fu_666/grp_sa_conv2d_int_43_74_429_1_fu_366/grp_sa_conv2d_int_43_74_429_1_Pipeline_VITIS_LOOP_97_7_VITIS_LOOP_98_8_VITIS_LOOP_99_fu_97/icmp_ln97_reg_7467_pp0_iter1_reg_reg_n_2_[0].  Did not re-place instance system_i/spike_accel_0/inst/grp_sa_conv2d_bn_40_71_118_240_333_426_1_fu_666/grp_sa_conv2d_int_43_74_429_1_fu_366/grp_sa_conv2d_int_43_74_429_1_Pipeline_VITIS_LOOP_97_7_VITIS_LOOP_98_8_VITIS_LOOP_99_fu_97/icmp_ln97_reg_7467_pp0_iter1_reg_reg[0]
INFO: [Physopt 32-662] Processed net system_i/spike_accel_0/inst/grp_sa_conv2d_bn_40_71_118_240_333_426_1_fu_666/grp_sa_conv2d_int_43_74_429_1_fu_366/grp_sa_conv2d_int_43_74_429_1_Pipeline_VITIS_LOOP_97_7_VITIS_LOOP_98_8_VITIS_LOOP_99_fu_97/grp_sa_conv2d_bn_40_71_118_240_333_426_1_fu_666_m_axi_gmem2_ARADDR[7].  Did not re-place instance system_i/spike_accel_0/inst/grp_sa_conv2d_bn_40_71_118_240_333_426_1_fu_666/grp_sa_conv2d_int_43_74_429_1_fu_366/grp_sa_conv2d_int_43_74_429_1_Pipeline_VITIS_LOOP_97_7_VITIS_LOOP_98_8_VITIS_LOOP_99_fu_97/mem_reg[5][7]_srl6_i_7__1
INFO: [Physopt 32-662] Processed net system_i/spike_accel_0/inst/grp_sa_conv2d_bn_40_71_118_240_333_426_1_fu_666/grp_sa_conv2d_int_43_74_429_1_fu_366/grp_sa_conv2d_int_43_74_429_1_Pipeline_VITIS_LOOP_97_7_VITIS_LOOP_98_8_VITIS_LOOP_99_fu_97/grp_sa_conv2d_int_43_74_429_1_fu_366_m_axi_gmem2_ARADDR[7].  Did not re-place instance system_i/spike_accel_0/inst/grp_sa_conv2d_bn_40_71_118_240_333_426_1_fu_666/grp_sa_conv2d_int_43_74_429_1_fu_366/grp_sa_conv2d_int_43_74_429_1_Pipeline_VITIS_LOOP_97_7_VITIS_LOOP_98_8_VITIS_LOOP_99_fu_97/mem_reg[5][7]_srl6_i_10__0
INFO: [Physopt 32-662] Processed net system_i/spike_accel_0/inst/grp_sa_conv2d_bn_40_71_118_240_333_426_1_fu_666/grp_sa_conv2d_int_43_74_429_1_fu_366/grp_sa_conv2d_int_43_74_429_1_Pipeline_VITIS_LOOP_97_7_VITIS_LOOP_98_8_VITIS_LOOP_99_fu_97/mem_reg[5][7]_srl6_i_14_n_2.  Did not re-place instance system_i/spike_accel_0/inst/grp_sa_conv2d_bn_40_71_118_240_333_426_1_fu_666/grp_sa_conv2d_int_43_74_429_1_fu_366/grp_sa_conv2d_int_43_74_429_1_Pipeline_VITIS_LOOP_97_7_VITIS_LOOP_98_8_VITIS_LOOP_99_fu_97/mem_reg[5][7]_srl6_i_14
INFO: [Physopt 32-663] Processed net system_i/spike_accel_0/inst/grp_sa_conv2d_bn_40_71_118_240_333_426_1_fu_666/grp_sa_conv2d_int_43_74_429_1_fu_366/grp_sa_conv2d_int_43_74_429_1_Pipeline_VITIS_LOOP_97_7_VITIS_LOOP_98_8_VITIS_LOOP_99_fu_97/mem_reg[5][7]_srl6_i_21_n_2.  Re-placed instance system_i/spike_accel_0/inst/grp_sa_conv2d_bn_40_71_118_240_333_426_1_fu_666/grp_sa_conv2d_int_43_74_429_1_fu_366/grp_sa_conv2d_int_43_74_429_1_Pipeline_VITIS_LOOP_97_7_VITIS_LOOP_98_8_VITIS_LOOP_99_fu_97/mem_reg[5][7]_srl6_i_21
INFO: [Physopt 32-663] Processed net system_i/spike_accel_0/inst/grp_sa_conv2d_bn_40_71_118_240_333_426_1_fu_666/grp_sa_conv2d_int_43_74_429_1_fu_366/grp_sa_conv2d_int_43_74_429_1_Pipeline_VITIS_LOOP_97_7_VITIS_LOOP_98_8_VITIS_LOOP_99_fu_97/mem_reg[5][7]_srl6_i_28__0_n_2.  Re-placed instance system_i/spike_accel_0/inst/grp_sa_conv2d_bn_40_71_118_240_333_426_1_fu_666/grp_sa_conv2d_int_43_74_429_1_fu_366/grp_sa_conv2d_int_43_74_429_1_Pipeline_VITIS_LOOP_97_7_VITIS_LOOP_98_8_VITIS_LOOP_99_fu_97/mem_reg[5][7]_srl6_i_28__0
INFO: [Physopt 32-662] Processed net system_i/spike_accel_0/inst/grp_sa_ms_all_conv_block_185_1_fu_481/grp_sa_ms_standard_conv_inplace_1_fu_570/grp_sa_conv2d_bn_40_71_118_240_333_426_535_1_fu_197/grp_sa_conv2d_int_43_74_429_536_1_fu_1003/in[7].  Did not re-place instance system_i/spike_accel_0/inst/grp_sa_ms_all_conv_block_185_1_fu_481/grp_sa_ms_standard_conv_inplace_1_fu_570/grp_sa_conv2d_bn_40_71_118_240_333_426_535_1_fu_197/grp_sa_conv2d_int_43_74_429_536_1_fu_1003/mem_reg[5][7]_srl6_i_1__0
INFO: [Physopt 32-663] Processed net system_i/spike_accel_0/inst/grp_sa_ms_all_conv_block_185_1_fu_481/grp_sa_ms_standard_conv_inplace_1_fu_570/grp_sa_conv2d_bn_40_71_118_240_333_426_535_1_fu_197/grp_sa_conv2d_int_43_74_429_536_1_fu_1003/mem_reg[5][7]_srl6_i_2__0_n_2.  Re-placed instance system_i/spike_accel_0/inst/grp_sa_ms_all_conv_block_185_1_fu_481/grp_sa_ms_standard_conv_inplace_1_fu_570/grp_sa_conv2d_bn_40_71_118_240_333_426_535_1_fu_197/grp_sa_conv2d_int_43_74_429_536_1_fu_1003/mem_reg[5][7]_srl6_i_2__0
INFO: [Physopt 32-662] Processed net system_i/spike_accel_0/inst/grp_sa_ms_downsampling_199_1_fu_628/grp_sa_conv2d_bn_40_71_118_240_333_426_535_1_fu_199/grp_sa_conv2d_int_43_74_429_536_1_fu_1003/grp_sa_conv2d_bn_40_71_118_240_333_426_535_1_fu_199_m_axi_gmem4_WDATA[1].  Did not re-place instance system_i/spike_accel_0/inst/grp_sa_ms_downsampling_199_1_fu_628/grp_sa_conv2d_bn_40_71_118_240_333_426_535_1_fu_199/grp_sa_conv2d_int_43_74_429_536_1_fu_1003/mem_reg_i_360
INFO: [Physopt 32-662] Processed net system_i/spike_accel_0/inst/grp_sa_ms_downsampling_199_1_fu_628/grp_sa_ms_downsampling_199_1_Pipeline_VITIS_LOOP_36_1_VITIS_LOOP_37_2_fu_174/din[1].  Did not re-place instance system_i/spike_accel_0/inst/grp_sa_ms_downsampling_199_1_fu_628/grp_sa_ms_downsampling_199_1_Pipeline_VITIS_LOOP_36_1_VITIS_LOOP_37_2_fu_174/mem_reg_i_11__1
INFO: [Physopt 32-662] Processed net system_i/spike_accel_0/inst/grp_sa_ms_downsampling_199_1_fu_628/grp_sa_ms_downsampling_199_1_Pipeline_VITIS_LOOP_36_1_VITIS_LOOP_37_2_fu_174/grp_sa_ms_downsampling_199_1_fu_628_m_axi_gmem4_WDATA[8].  Did not re-place instance system_i/spike_accel_0/inst/grp_sa_ms_downsampling_199_1_fu_628/grp_sa_ms_downsampling_199_1_Pipeline_VITIS_LOOP_36_1_VITIS_LOOP_37_2_fu_174/mem_reg_i_187
INFO: [Physopt 32-662] Processed net system_i/spike_accel_0/inst/grp_sa_ms_downsampling_199_1_fu_628/grp_sa_ms_downsampling_199_1_Pipeline_VITIS_LOOP_36_1_VITIS_LOOP_37_2_fu_174/mem_reg_i_62_n_2.  Did not re-place instance system_i/spike_accel_0/inst/grp_sa_ms_downsampling_199_1_fu_628/grp_sa_ms_downsampling_199_1_Pipeline_VITIS_LOOP_36_1_VITIS_LOOP_37_2_fu_174/mem_reg_i_62
INFO: [Physopt 32-662] Processed net system_i/spike_accel_0/inst/gmem2_m_axi_U/load_unit_0/fifo_rreq/U_fifo_srl/mem_reg[5][7]_srl6_n_2.  Did not re-place instance system_i/spike_accel_0/inst/gmem2_m_axi_U/load_unit_0/fifo_rreq/U_fifo_srl/mem_reg[5][7]_srl6
INFO: [Physopt 32-662] Processed net system_i/spike_accel_0/inst/grp_sa_ms_all_conv_block_185_1_fu_481/grp_sa_ms_standard_conv_inplace_1_fu_570/grp_sa_conv2d_bn_40_71_118_240_333_426_535_1_fu_197/grp_sa_conv2d_bn_40_71_118_240_333_426_535_1_Pipeline_VITIS_LOOP_95_2_VITIS_LOOP_96_s_fu_1030/gmem4_addr_52_read_reg_849_reg[10]_0[1].  Did not re-place instance system_i/spike_accel_0/inst/grp_sa_ms_all_conv_block_185_1_fu_481/grp_sa_ms_standard_conv_inplace_1_fu_570/grp_sa_conv2d_bn_40_71_118_240_333_426_535_1_fu_197/grp_sa_conv2d_bn_40_71_118_240_333_426_535_1_Pipeline_VITIS_LOOP_95_2_VITIS_LOOP_96_s_fu_1030/mem_reg_i_757
INFO: [Physopt 32-662] Processed net system_i/spike_accel_0/inst/grp_sa_ms_all_conv_block_185_1_fu_481/grp_sa_ms_standard_conv_inplace_1_fu_570/grp_sa_conv2d_bn_40_71_118_240_333_426_535_1_fu_197/grp_sa_conv2d_bn_40_71_118_240_333_426_535_1_Pipeline_VITIS_LOOP_95_2_VITIS_LOOP_96_s_fu_1030/mem_reg_i_964_n_2.  Did not re-place instance system_i/spike_accel_0/inst/grp_sa_ms_all_conv_block_185_1_fu_481/grp_sa_ms_standard_conv_inplace_1_fu_570/grp_sa_conv2d_bn_40_71_118_240_333_426_535_1_fu_197/grp_sa_conv2d_bn_40_71_118_240_333_426_535_1_Pipeline_VITIS_LOOP_95_2_VITIS_LOOP_96_s_fu_1030/mem_reg_i_964
INFO: [Physopt 32-662] Processed net system_i/spike_accel_0/inst/grp_sa_ms_all_conv_block_185_1_fu_481/grp_sa_ms_standard_conv_inplace_1_fu_570/grp_sa_conv2d_bn_40_71_118_240_333_426_535_1_fu_197/grp_sa_conv2d_bn_40_71_118_240_333_426_535_1_Pipeline_VITIS_LOOP_95_2_VITIS_LOOP_96_s_fu_1030/gmem4_addr_52_read_reg_849_reg[11]_0[1].  Did not re-place instance system_i/spike_accel_0/inst/grp_sa_ms_all_conv_block_185_1_fu_481/grp_sa_ms_standard_conv_inplace_1_fu_570/grp_sa_conv2d_bn_40_71_118_240_333_426_535_1_fu_197/grp_sa_conv2d_bn_40_71_118_240_333_426_535_1_Pipeline_VITIS_LOOP_95_2_VITIS_LOOP_96_s_fu_1030/mem_reg_i_761
INFO: [Physopt 32-662] Processed net system_i/spike_accel_0/inst/grp_sa_conv2d_bn_40_71_118_240_333_426_1_fu_666/grp_sa_conv2d_int_43_74_429_1_fu_366/grp_sa_conv2d_int_43_74_429_1_Pipeline_VITIS_LOOP_97_7_VITIS_LOOP_98_8_VITIS_LOOP_99_fu_97/m_axi_gmem2_ARVALID43391_out.  Did not re-place instance system_i/spike_accel_0/inst/grp_sa_conv2d_bn_40_71_118_240_333_426_1_fu_666/grp_sa_conv2d_int_43_74_429_1_fu_366/grp_sa_conv2d_int_43_74_429_1_Pipeline_VITIS_LOOP_97_7_VITIS_LOOP_98_8_VITIS_LOOP_99_fu_97/mem_reg[5][0]_srl6_i_69__1
INFO: [Physopt 32-662] Processed net system_i/spike_accel_0/inst/gmem2_m_axi_U/load_unit_0/fifo_rreq/full_n_reg_0.  Did not re-place instance system_i/spike_accel_0/inst/gmem2_m_axi_U/load_unit_0/fifo_rreq/full_n_reg
INFO: [Physopt 32-662] Processed net system_i/spike_accel_0/inst/grp_sa_conv2d_bn_40_71_118_240_333_426_1_fu_666/grp_sa_conv2d_int_43_74_429_1_fu_366/grp_sa_conv2d_int_43_74_429_1_Pipeline_VITIS_LOOP_97_7_VITIS_LOOP_98_8_VITIS_LOOP_99_fu_97/trunc_ln124_134_reg_9543[1]_i_3_n_2.  Did not re-place instance system_i/spike_accel_0/inst/grp_sa_conv2d_bn_40_71_118_240_333_426_1_fu_666/grp_sa_conv2d_int_43_74_429_1_fu_366/grp_sa_conv2d_int_43_74_429_1_Pipeline_VITIS_LOOP_97_7_VITIS_LOOP_98_8_VITIS_LOOP_99_fu_97/trunc_ln124_134_reg_9543[1]_i_3
INFO: [Physopt 32-662] Processed net system_i/spike_accel_0/inst/grp_sa_conv2d_bn_40_71_118_240_333_426_1_fu_666/grp_sa_conv2d_int_43_74_429_1_fu_366/grp_sa_conv2d_int_43_74_429_1_Pipeline_VITIS_LOOP_97_7_VITIS_LOOP_98_8_VITIS_LOOP_99_fu_97/trunc_ln124_134_reg_9543[1]_i_8_n_2.  Did not re-place instance system_i/spike_accel_0/inst/grp_sa_conv2d_bn_40_71_118_240_333_426_1_fu_666/grp_sa_conv2d_int_43_74_429_1_fu_366/grp_sa_conv2d_int_43_74_429_1_Pipeline_VITIS_LOOP_97_7_VITIS_LOOP_98_8_VITIS_LOOP_99_fu_97/trunc_ln124_134_reg_9543[1]_i_8
INFO: [Physopt 32-662] Processed net system_i/spike_accel_0/inst/grp_sa_conv2d_bn_40_71_118_240_333_426_1_fu_666/grp_sa_conv2d_int_43_74_429_1_fu_366/grp_sa_conv2d_int_43_74_429_1_Pipeline_VITIS_LOOP_97_7_VITIS_LOOP_98_8_VITIS_LOOP_99_fu_97/grp_sa_conv2d_bn_40_71_118_240_333_426_1_fu_666_m_axi_gmem2_ARADDR[56].  Did not re-place instance system_i/spike_accel_0/inst/grp_sa_conv2d_bn_40_71_118_240_333_426_1_fu_666/grp_sa_conv2d_int_43_74_429_1_fu_366/grp_sa_conv2d_int_43_74_429_1_Pipeline_VITIS_LOOP_97_7_VITIS_LOOP_98_8_VITIS_LOOP_99_fu_97/mem_reg[5][56]_srl6_i_7__1
INFO: [Physopt 32-663] Processed net system_i/spike_accel_0/inst/grp_sa_conv2d_bn_40_71_118_240_333_426_1_fu_666/grp_sa_conv2d_int_43_74_429_1_fu_366/grp_sa_conv2d_int_43_74_429_1_Pipeline_VITIS_LOOP_97_7_VITIS_LOOP_98_8_VITIS_LOOP_99_fu_97/grp_sa_conv2d_int_43_74_429_1_fu_366_m_axi_gmem2_ARADDR[56].  Re-placed instance system_i/spike_accel_0/inst/grp_sa_conv2d_bn_40_71_118_240_333_426_1_fu_666/grp_sa_conv2d_int_43_74_429_1_fu_366/grp_sa_conv2d_int_43_74_429_1_Pipeline_VITIS_LOOP_97_7_VITIS_LOOP_98_8_VITIS_LOOP_99_fu_97/mem_reg[5][56]_srl6_i_10__0
INFO: [Physopt 32-663] Processed net system_i/spike_accel_0/inst/grp_sa_conv2d_bn_40_71_118_240_333_426_1_fu_666/grp_sa_conv2d_int_43_74_429_1_fu_366/grp_sa_conv2d_int_43_74_429_1_Pipeline_VITIS_LOOP_97_7_VITIS_LOOP_98_8_VITIS_LOOP_99_fu_97/mem_reg[5][56]_srl6_i_12__0_n_2.  Re-placed instance system_i/spike_accel_0/inst/grp_sa_conv2d_bn_40_71_118_240_333_426_1_fu_666/grp_sa_conv2d_int_43_74_429_1_fu_366/grp_sa_conv2d_int_43_74_429_1_Pipeline_VITIS_LOOP_97_7_VITIS_LOOP_98_8_VITIS_LOOP_99_fu_97/mem_reg[5][56]_srl6_i_12__0
INFO: [Physopt 32-663] Processed net system_i/spike_accel_0/inst/grp_sa_conv2d_bn_40_71_118_240_333_426_1_fu_666/grp_sa_conv2d_int_43_74_429_1_fu_366/grp_sa_conv2d_int_43_74_429_1_Pipeline_VITIS_LOOP_97_7_VITIS_LOOP_98_8_VITIS_LOOP_99_fu_97/mem_reg[5][56]_srl6_i_21__0_n_2.  Re-placed instance system_i/spike_accel_0/inst/grp_sa_conv2d_bn_40_71_118_240_333_426_1_fu_666/grp_sa_conv2d_int_43_74_429_1_fu_366/grp_sa_conv2d_int_43_74_429_1_Pipeline_VITIS_LOOP_97_7_VITIS_LOOP_98_8_VITIS_LOOP_99_fu_97/mem_reg[5][56]_srl6_i_21__0
INFO: [Physopt 32-662] Processed net system_i/spike_accel_0/inst/grp_sa_ms_all_conv_block_185_1_fu_481/grp_sa_ms_standard_conv_inplace_1_fu_570/grp_sa_conv2d_bn_40_71_118_240_333_426_535_1_fu_197/grp_sa_conv2d_int_43_74_429_536_1_fu_1003/in[56].  Did not re-place instance system_i/spike_accel_0/inst/grp_sa_ms_all_conv_block_185_1_fu_481/grp_sa_ms_standard_conv_inplace_1_fu_570/grp_sa_conv2d_bn_40_71_118_240_333_426_535_1_fu_197/grp_sa_conv2d_int_43_74_429_536_1_fu_1003/mem_reg[5][56]_srl6_i_1__0
INFO: [Physopt 32-662] Processed net system_i/spike_accel_0/inst/grp_sa_ms_all_conv_block_185_1_fu_481/grp_sa_ms_standard_conv_inplace_1_fu_570/grp_sa_conv2d_bn_40_71_118_240_333_426_535_1_fu_197/grp_sa_conv2d_int_43_74_429_536_1_fu_1003/mem_reg[5][56]_srl6_i_2__0_n_2.  Did not re-place instance system_i/spike_accel_0/inst/grp_sa_ms_all_conv_block_185_1_fu_481/grp_sa_ms_standard_conv_inplace_1_fu_570/grp_sa_conv2d_bn_40_71_118_240_333_426_535_1_fu_197/grp_sa_conv2d_int_43_74_429_536_1_fu_1003/mem_reg[5][56]_srl6_i_2__0
INFO: [Physopt 32-662] Processed net system_i/spike_accel_0/inst/gmem2_m_axi_U/load_unit_0/fifo_rreq/U_fifo_srl/mem_reg[5][56]_srl6_n_2.  Did not re-place instance system_i/spike_accel_0/inst/gmem2_m_axi_U/load_unit_0/fifo_rreq/U_fifo_srl/mem_reg[5][56]_srl6
INFO: [Physopt 32-662] Processed net system_i/spike_accel_0/inst/grp_sa_ms_all_conv_block_185_1_fu_481/grp_sa_ms_standard_conv_inplace_fu_485/grp_sa_conv2d_bn_40_71_118_240_333_426_535_1_fu_221/grp_sa_conv2d_bn_40_71_118_240_333_426_535_1_Pipeline_VITIS_LOOP_95_2_VITIS_LOOP_96_s_fu_1030/gmem4_addr_52_read_reg_849_reg[22]_0[2].  Did not re-place instance system_i/spike_accel_0/inst/grp_sa_ms_all_conv_block_185_1_fu_481/grp_sa_ms_standard_conv_inplace_fu_485/grp_sa_conv2d_bn_40_71_118_240_333_426_535_1_fu_221/grp_sa_conv2d_bn_40_71_118_240_333_426_535_1_Pipeline_VITIS_LOOP_95_2_VITIS_LOOP_96_s_fu_1030/mem_reg_i_884
INFO: [Physopt 32-662] Processed net system_i/spike_accel_0/inst/grp_sa_ms_all_conv_block_185_1_fu_481/grp_sa_ms_standard_conv_inplace_fu_485/grp_sa_conv2d_bn_40_71_118_240_333_426_535_1_fu_221/grp_sa_conv2d_bn_40_71_118_240_333_426_535_1_Pipeline_VITIS_LOOP_95_2_VITIS_LOOP_96_s_fu_1030/mem_reg_i_1016_n_2.  Did not re-place instance system_i/spike_accel_0/inst/grp_sa_ms_all_conv_block_185_1_fu_481/grp_sa_ms_standard_conv_inplace_fu_485/grp_sa_conv2d_bn_40_71_118_240_333_426_535_1_fu_221/grp_sa_conv2d_bn_40_71_118_240_333_426_535_1_Pipeline_VITIS_LOOP_95_2_VITIS_LOOP_96_s_fu_1030/mem_reg_i_1016
INFO: [Physopt 32-663] Processed net system_i/spike_accel_0/inst/grp_sa_conv2d_bn_40_71_118_240_333_426_1_fu_666/grp_sa_conv2d_int_43_74_429_1_fu_366/grp_sa_conv2d_int_43_74_429_1_Pipeline_VITIS_LOOP_97_7_VITIS_LOOP_98_8_VITIS_LOOP_99_fu_97/empty_199_reg_7545_reg_n_2_[8].  Re-placed instance system_i/spike_accel_0/inst/grp_sa_conv2d_bn_40_71_118_240_333_426_1_fu_666/grp_sa_conv2d_int_43_74_429_1_fu_366/grp_sa_conv2d_int_43_74_429_1_Pipeline_VITIS_LOOP_97_7_VITIS_LOOP_98_8_VITIS_LOOP_99_fu_97/empty_199_reg_7545_reg[8]
INFO: [Physopt 32-662] Processed net system_i/spike_accel_0/inst/grp_sa_conv2d_bn_40_71_118_240_333_426_1_fu_666/grp_sa_conv2d_int_43_74_429_1_fu_366/grp_sa_conv2d_int_43_74_429_1_Pipeline_VITIS_LOOP_97_7_VITIS_LOOP_98_8_VITIS_LOOP_99_fu_97/grp_sa_conv2d_bn_40_71_118_240_333_426_1_fu_666_m_axi_gmem2_ARADDR[44].  Did not re-place instance system_i/spike_accel_0/inst/grp_sa_conv2d_bn_40_71_118_240_333_426_1_fu_666/grp_sa_conv2d_int_43_74_429_1_fu_366/grp_sa_conv2d_int_43_74_429_1_Pipeline_VITIS_LOOP_97_7_VITIS_LOOP_98_8_VITIS_LOOP_99_fu_97/mem_reg[5][44]_srl6_i_7__1
INFO: [Physopt 32-662] Processed net system_i/spike_accel_0/inst/grp_sa_conv2d_bn_40_71_118_240_333_426_1_fu_666/grp_sa_conv2d_int_43_74_429_1_fu_366/grp_sa_conv2d_int_43_74_429_1_Pipeline_VITIS_LOOP_97_7_VITIS_LOOP_98_8_VITIS_LOOP_99_fu_97/grp_sa_conv2d_int_43_74_429_1_fu_366_m_axi_gmem2_ARADDR[44].  Did not re-place instance system_i/spike_accel_0/inst/grp_sa_conv2d_bn_40_71_118_240_333_426_1_fu_666/grp_sa_conv2d_int_43_74_429_1_fu_366/grp_sa_conv2d_int_43_74_429_1_Pipeline_VITIS_LOOP_97_7_VITIS_LOOP_98_8_VITIS_LOOP_99_fu_97/mem_reg[5][44]_srl6_i_10__0
INFO: [Physopt 32-663] Processed net system_i/spike_accel_0/inst/grp_sa_conv2d_bn_40_71_118_240_333_426_1_fu_666/grp_sa_conv2d_int_43_74_429_1_fu_366/grp_sa_conv2d_int_43_74_429_1_Pipeline_VITIS_LOOP_97_7_VITIS_LOOP_98_8_VITIS_LOOP_99_fu_97/mem_reg[5][44]_srl6_i_12__0_n_2.  Re-placed instance system_i/spike_accel_0/inst/grp_sa_conv2d_bn_40_71_118_240_333_426_1_fu_666/grp_sa_conv2d_int_43_74_429_1_fu_366/grp_sa_conv2d_int_43_74_429_1_Pipeline_VITIS_LOOP_97_7_VITIS_LOOP_98_8_VITIS_LOOP_99_fu_97/mem_reg[5][44]_srl6_i_12__0
INFO: [Physopt 32-663] Processed net system_i/spike_accel_0/inst/grp_sa_conv2d_bn_40_71_118_240_333_426_1_fu_666/grp_sa_conv2d_int_43_74_429_1_fu_366/grp_sa_conv2d_int_43_74_429_1_Pipeline_VITIS_LOOP_97_7_VITIS_LOOP_98_8_VITIS_LOOP_99_fu_97/mem_reg[5][44]_srl6_i_22__0_n_2.  Re-placed instance system_i/spike_accel_0/inst/grp_sa_conv2d_bn_40_71_118_240_333_426_1_fu_666/grp_sa_conv2d_int_43_74_429_1_fu_366/grp_sa_conv2d_int_43_74_429_1_Pipeline_VITIS_LOOP_97_7_VITIS_LOOP_98_8_VITIS_LOOP_99_fu_97/mem_reg[5][44]_srl6_i_22__0
INFO: [Physopt 32-662] Processed net system_i/spike_accel_0/inst/grp_sa_ms_all_conv_block_185_1_fu_481/grp_sa_ms_standard_conv_inplace_1_fu_570/grp_sa_conv2d_bn_40_71_118_240_333_426_535_1_fu_197/grp_sa_conv2d_int_43_74_429_536_1_fu_1003/grp_sa_conv2d_bn_40_71_118_240_333_426_535_1_fu_197_m_axi_gmem4_WDATA[2].  Did not re-place instance system_i/spike_accel_0/inst/grp_sa_ms_all_conv_block_185_1_fu_481/grp_sa_ms_standard_conv_inplace_1_fu_570/grp_sa_conv2d_bn_40_71_118_240_333_426_535_1_fu_197/grp_sa_conv2d_int_43_74_429_536_1_fu_1003/mem_reg_i_686
INFO: [Physopt 32-662] Processed net system_i/spike_accel_0/inst/grp_sa_ms_all_conv_block_185_1_fu_481/grp_sa_ms_standard_conv_inplace_1_fu_570/grp_sa_conv2d_bn_40_71_118_240_333_426_535_1_fu_197/grp_sa_conv2d_int_43_74_429_536_1_fu_1003/in[44].  Did not re-place instance system_i/spike_accel_0/inst/grp_sa_ms_all_conv_block_185_1_fu_481/grp_sa_ms_standard_conv_inplace_1_fu_570/grp_sa_conv2d_bn_40_71_118_240_333_426_535_1_fu_197/grp_sa_conv2d_int_43_74_429_536_1_fu_1003/mem_reg[5][44]_srl6_i_1__0
INFO: [Physopt 32-663] Processed net system_i/spike_accel_0/inst/grp_sa_ms_all_conv_block_185_1_fu_481/grp_sa_ms_standard_conv_inplace_1_fu_570/grp_sa_conv2d_bn_40_71_118_240_333_426_535_1_fu_197/grp_sa_conv2d_int_43_74_429_536_1_fu_1003/mem_reg[5][44]_srl6_i_2__0_n_2.  Re-placed instance system_i/spike_accel_0/inst/grp_sa_ms_all_conv_block_185_1_fu_481/grp_sa_ms_standard_conv_inplace_1_fu_570/grp_sa_conv2d_bn_40_71_118_240_333_426_535_1_fu_197/grp_sa_conv2d_int_43_74_429_536_1_fu_1003/mem_reg[5][44]_srl6_i_2__0
INFO: [Physopt 32-662] Processed net system_i/spike_accel_0/inst/grp_sa_ms_all_conv_block_185_1_fu_481/grp_sa_ms_standard_conv_inplace_1_fu_570/grp_sa_ms_standard_conv_inplace_1_Pipeline_VITIS_LOOP_36_1_VITIS_LOOP_37_2_fu_172/grp_sa_ms_standard_conv_inplace_1_fu_570_m_axi_gmem4_WDATA[2].  Did not re-place instance system_i/spike_accel_0/inst/grp_sa_ms_all_conv_block_185_1_fu_481/grp_sa_ms_standard_conv_inplace_1_fu_570/grp_sa_ms_standard_conv_inplace_1_Pipeline_VITIS_LOOP_36_1_VITIS_LOOP_37_2_fu_172/mem_reg_i_514
INFO: [Physopt 32-662] Processed net system_i/spike_accel_0/inst/gmem2_m_axi_U/load_unit_0/fifo_rreq/U_fifo_srl/mem_reg[5][44]_srl6_n_2.  Did not re-place instance system_i/spike_accel_0/inst/gmem2_m_axi_U/load_unit_0/fifo_rreq/U_fifo_srl/mem_reg[5][44]_srl6
INFO: [Physopt 32-662] Processed net system_i/spike_accel_0/inst/grp_sa_ms_all_conv_block_185_1_fu_481/grp_sa_ms_standard_conv_inplace_fu_485/grp_sa_conv2d_bn_40_71_118_240_333_426_535_1_fu_221/grp_sa_conv2d_int_43_74_429_536_1_fu_1003/gmem4_addr_reg_325_reg[62][40].  Did not re-place instance system_i/spike_accel_0/inst/grp_sa_ms_all_conv_block_185_1_fu_481/grp_sa_ms_standard_conv_inplace_fu_485/grp_sa_conv2d_bn_40_71_118_240_333_426_535_1_fu_221/grp_sa_conv2d_int_43_74_429_536_1_fu_1003/mem_reg[5][40]_srl6_i_1__2
INFO: [Physopt 32-662] Processed net system_i/spike_accel_0/inst/grp_sa_spike_sppf_1_fu_684/grp_sa_maxpool_or_1_fu_296/grp_sa_maxpool_or_1_fu_296_m_axi_gmem4_ARADDR[40].  Did not re-place instance system_i/spike_accel_0/inst/grp_sa_spike_sppf_1_fu_684/grp_sa_maxpool_or_1_fu_296/mem_reg[5][40]_srl6_i_18__1
INFO: [Physopt 32-662] Processed net system_i/spike_accel_0/inst/grp_sa_spike_sppf_1_fu_684/grp_sa_maxpool_or_1_fu_296/mem_reg[5][40]_srl6_i_23__2_n_2.  Did not re-place instance system_i/spike_accel_0/inst/grp_sa_spike_sppf_1_fu_684/grp_sa_maxpool_or_1_fu_296/mem_reg[5][40]_srl6_i_23__2
INFO: [Physopt 32-662] Processed net system_i/spike_accel_0/inst/grp_sa_spike_sppf_1_fu_684/grp_sa_maxpool_or_1_fu_296/mem_reg[5][40]_srl6_i_31__0_n_2.  Did not re-place instance system_i/spike_accel_0/inst/grp_sa_spike_sppf_1_fu_684/grp_sa_maxpool_or_1_fu_296/mem_reg[5][40]_srl6_i_31__0
INFO: [Physopt 32-662] Processed net system_i/spike_accel_0/inst/grp_sa_spike_sppf_1_fu_684/grp_sa_spike_sppf_1_Pipeline_VITIS_LOOP_133_3_VITIS_LOOP_134_4_fu_317/gmem4_addr_reg_721_reg[40]_0.  Did not re-place instance system_i/spike_accel_0/inst/grp_sa_spike_sppf_1_fu_684/grp_sa_spike_sppf_1_Pipeline_VITIS_LOOP_133_3_VITIS_LOOP_134_4_fu_317/mem_reg[5][40]_srl6_i_11__2
INFO: [Physopt 32-663] Processed net system_i/spike_accel_0/inst/grp_sa_spike_sppf_1_fu_684/grp_sa_spike_sppf_1_Pipeline_VITIS_LOOP_150_6_VITIS_LOOP_151_7_fu_307/gmem4_addr_7_reg_784_reg[40]_0.  Re-placed instance system_i/spike_accel_0/inst/grp_sa_spike_sppf_1_fu_684/grp_sa_spike_sppf_1_Pipeline_VITIS_LOOP_150_6_VITIS_LOOP_151_7_fu_307/mem_reg[5][40]_srl6_i_3__3
INFO: [Physopt 32-662] Processed net system_i/spike_accel_0/inst/grp_sa_spike_sppf_1_fu_684/grp_sa_spike_sppf_1_Pipeline_VITIS_LOOP_150_6_VITIS_LOOP_151_7_fu_307/mem_reg[5][40]_srl6_i_6__2_n_2.  Did not re-place instance system_i/spike_accel_0/inst/grp_sa_spike_sppf_1_fu_684/grp_sa_spike_sppf_1_Pipeline_VITIS_LOOP_150_6_VITIS_LOOP_151_7_fu_307/mem_reg[5][40]_srl6_i_6__2
INFO: [Physopt 32-662] Processed net system_i/spike_accel_0/inst/gmem4_m_axi_U/load_unit_0/fifo_rreq/U_fifo_srl/mem_reg[5][40]_srl6_n_2.  Did not re-place instance system_i/spike_accel_0/inst/gmem4_m_axi_U/load_unit_0/fifo_rreq/U_fifo_srl/mem_reg[5][40]_srl6
INFO: [Physopt 32-662] Processed net system_i/spike_accel_0/inst/grp_sa_ms_all_conv_block_185_1_fu_481/grp_sa_ms_standard_conv_inplace_fu_485/grp_sa_conv2d_bn_40_71_118_240_333_426_535_1_fu_221/grp_sa_conv2d_int_43_74_429_536_1_fu_1003/gmem4_addr_reg_325_reg[62][43].  Did not re-place instance system_i/spike_accel_0/inst/grp_sa_ms_all_conv_block_185_1_fu_481/grp_sa_ms_standard_conv_inplace_fu_485/grp_sa_conv2d_bn_40_71_118_240_333_426_535_1_fu_221/grp_sa_conv2d_int_43_74_429_536_1_fu_1003/mem_reg[5][43]_srl6_i_1__2
INFO: [Physopt 32-662] Processed net system_i/spike_accel_0/inst/grp_sa_spike_sppf_1_fu_684/grp_sa_maxpool_or_1_fu_296/grp_sa_maxpool_or_1_fu_296_m_axi_gmem4_ARADDR[43].  Did not re-place instance system_i/spike_accel_0/inst/grp_sa_spike_sppf_1_fu_684/grp_sa_maxpool_or_1_fu_296/mem_reg[5][43]_srl6_i_18__1
INFO: [Physopt 32-662] Processed net system_i/spike_accel_0/inst/grp_sa_spike_sppf_1_fu_684/grp_sa_maxpool_or_1_fu_296/mem_reg[5][43]_srl6_i_28__0_n_2.  Did not re-place instance system_i/spike_accel_0/inst/grp_sa_spike_sppf_1_fu_684/grp_sa_maxpool_or_1_fu_296/mem_reg[5][43]_srl6_i_28__0
INFO: [Physopt 32-663] Processed net system_i/spike_accel_0/inst/grp_sa_spike_sppf_1_fu_684/grp_sa_maxpool_or_1_fu_296/mem_reg[5][43]_srl6_i_42_n_2.  Re-placed instance system_i/spike_accel_0/inst/grp_sa_spike_sppf_1_fu_684/grp_sa_maxpool_or_1_fu_296/mem_reg[5][43]_srl6_i_42
INFO: [Physopt 32-662] Processed net system_i/spike_accel_0/inst/grp_sa_spike_sppf_1_fu_684/grp_sa_spike_sppf_1_Pipeline_VITIS_LOOP_133_3_VITIS_LOOP_134_4_fu_317/gmem4_addr_10_reg_710_reg[43]_0.  Did not re-place instance system_i/spike_accel_0/inst/grp_sa_spike_sppf_1_fu_684/grp_sa_spike_sppf_1_Pipeline_VITIS_LOOP_133_3_VITIS_LOOP_134_4_fu_317/mem_reg[5][43]_srl6_i_11__2
INFO: [Physopt 32-662] Processed net system_i/spike_accel_0/inst/grp_sa_spike_sppf_1_fu_684/grp_sa_spike_sppf_1_Pipeline_VITIS_LOOP_150_6_VITIS_LOOP_151_7_fu_307/gmem4_addr_7_reg_784_reg[43]_0.  Did not re-place instance system_i/spike_accel_0/inst/grp_sa_spike_sppf_1_fu_684/grp_sa_spike_sppf_1_Pipeline_VITIS_LOOP_150_6_VITIS_LOOP_151_7_fu_307/mem_reg[5][43]_srl6_i_3__3
INFO: [Physopt 32-662] Processed net system_i/spike_accel_0/inst/grp_sa_spike_sppf_1_fu_684/grp_sa_spike_sppf_1_Pipeline_VITIS_LOOP_150_6_VITIS_LOOP_151_7_fu_307/mem_reg[5][43]_srl6_i_6__2_n_2.  Did not re-place instance system_i/spike_accel_0/inst/grp_sa_spike_sppf_1_fu_684/grp_sa_spike_sppf_1_Pipeline_VITIS_LOOP_150_6_VITIS_LOOP_151_7_fu_307/mem_reg[5][43]_srl6_i_6__2
INFO: [Physopt 32-662] Processed net system_i/spike_accel_0/inst/gmem4_m_axi_U/load_unit_0/fifo_rreq/U_fifo_srl/mem_reg[5][43]_srl6_n_2.  Did not re-place instance system_i/spike_accel_0/inst/gmem4_m_axi_U/load_unit_0/fifo_rreq/U_fifo_srl/mem_reg[5][43]_srl6
INFO: [Physopt 32-662] Processed net system_i/spike_accel_0/inst/grp_sa_ms_all_conv_block_185_1_fu_481/grp_sa_ms_standard_conv_inplace_fu_485/grp_sa_conv2d_bn_40_71_118_240_333_426_535_1_fu_221/grp_sa_conv2d_int_43_74_429_536_1_fu_1003/ap_CS_fsm_reg[5]_19.  Did not re-place instance system_i/spike_accel_0/inst/grp_sa_ms_all_conv_block_185_1_fu_481/grp_sa_ms_standard_conv_inplace_fu_485/grp_sa_conv2d_bn_40_71_118_240_333_426_535_1_fu_221/grp_sa_conv2d_int_43_74_429_536_1_fu_1003/mem_reg_i_269
INFO: [Physopt 32-662] Processed net system_i/spike_accel_0/inst/grp_sa_ms_all_conv_block_185_1_fu_481/grp_sa_ms_standard_conv_inplace_fu_485/grp_sa_conv2d_bn_40_71_118_240_333_426_535_1_fu_221/grp_sa_conv2d_int_43_74_429_536_1_fu_1003/gmem4_addr_reg_325_reg[62][48].  Did not re-place instance system_i/spike_accel_0/inst/grp_sa_ms_all_conv_block_185_1_fu_481/grp_sa_ms_standard_conv_inplace_fu_485/grp_sa_conv2d_bn_40_71_118_240_333_426_535_1_fu_221/grp_sa_conv2d_int_43_74_429_536_1_fu_1003/mem_reg[5][48]_srl6_i_1__2
INFO: [Physopt 32-662] Processed net system_i/spike_accel_0/inst/grp_sa_ms_all_conv_block_185_1_fu_481/grp_sa_ms_standard_conv_inplace_fu_485/grp_sa_conv2d_bn_40_71_118_240_333_426_535_1_fu_221/grp_sa_conv2d_int_43_74_429_536_1_fu_1003/grp_sa_conv2d_bn_40_71_118_240_333_426_535_1_fu_221_m_axi_gmem4_WDATA[21].  Did not re-place instance system_i/spike_accel_0/inst/grp_sa_ms_all_conv_block_185_1_fu_481/grp_sa_ms_standard_conv_inplace_fu_485/grp_sa_conv2d_bn_40_71_118_240_333_426_535_1_fu_221/grp_sa_conv2d_int_43_74_429_536_1_fu_1003/mem_reg_i_482
INFO: [Physopt 32-662] Processed net system_i/spike_accel_0/inst/grp_sa_ms_downsampling_199_1_fu_628/grp_sa_conv2d_bn_40_71_118_240_333_426_535_1_fu_199/grp_sa_conv2d_int_43_74_429_536_1_fu_1003/din[18].  Did not re-place instance system_i/spike_accel_0/inst/grp_sa_ms_downsampling_199_1_fu_628/grp_sa_conv2d_bn_40_71_118_240_333_426_535_1_fu_199/grp_sa_conv2d_int_43_74_429_536_1_fu_1003/mem_reg_i_30__0
INFO: [Physopt 32-662] Processed net system_i/spike_accel_0/inst/grp_sa_ms_downsampling_199_1_fu_628/grp_sa_conv2d_bn_40_71_118_240_333_426_535_1_fu_199/grp_sa_conv2d_int_43_74_429_536_1_fu_1003/mem_reg_i_122__0_n_2.  Did not re-place instance system_i/spike_accel_0/inst/grp_sa_ms_downsampling_199_1_fu_628/grp_sa_conv2d_bn_40_71_118_240_333_426_535_1_fu_199/grp_sa_conv2d_int_43_74_429_536_1_fu_1003/mem_reg_i_122__0
INFO: [Physopt 32-662] Processed net system_i/spike_accel_0/inst/grp_sa_spike_sppf_1_fu_684/grp_sa_maxpool_or_1_fu_296/grp_sa_maxpool_or_1_fu_296_m_axi_gmem4_ARADDR[48].  Did not re-place instance system_i/spike_accel_0/inst/grp_sa_spike_sppf_1_fu_684/grp_sa_maxpool_or_1_fu_296/mem_reg[5][48]_srl6_i_17__1
INFO: [Physopt 32-662] Processed net system_i/spike_accel_0/inst/grp_sa_spike_sppf_1_fu_684/grp_sa_maxpool_or_1_fu_296/mem_reg[5][48]_srl6_i_22__2_n_2.  Did not re-place instance system_i/spike_accel_0/inst/grp_sa_spike_sppf_1_fu_684/grp_sa_maxpool_or_1_fu_296/mem_reg[5][48]_srl6_i_22__2
INFO: [Physopt 32-663] Processed net system_i/spike_accel_0/inst/grp_sa_spike_sppf_1_fu_684/grp_sa_maxpool_or_1_fu_296/mem_reg[5][48]_srl6_i_30__0_n_2.  Re-placed instance system_i/spike_accel_0/inst/grp_sa_spike_sppf_1_fu_684/grp_sa_maxpool_or_1_fu_296/mem_reg[5][48]_srl6_i_30__0
INFO: [Physopt 32-662] Processed net system_i/spike_accel_0/inst/grp_sa_spike_sppf_1_fu_684/grp_sa_spike_sppf_1_Pipeline_VITIS_LOOP_133_3_VITIS_LOOP_134_4_fu_317/gmem4_addr_11_reg_699_reg[48]_0.  Did not re-place instance system_i/spike_accel_0/inst/grp_sa_spike_sppf_1_fu_684/grp_sa_spike_sppf_1_Pipeline_VITIS_LOOP_133_3_VITIS_LOOP_134_4_fu_317/mem_reg[5][48]_srl6_i_11__2
INFO: [Physopt 32-662] Processed net system_i/spike_accel_0/inst/grp_sa_spike_sppf_1_fu_684/grp_sa_spike_sppf_1_Pipeline_VITIS_LOOP_150_6_VITIS_LOOP_151_7_fu_307/gmem4_addr_7_reg_784_reg[48]_0.  Did not re-place instance system_i/spike_accel_0/inst/grp_sa_spike_sppf_1_fu_684/grp_sa_spike_sppf_1_Pipeline_VITIS_LOOP_150_6_VITIS_LOOP_151_7_fu_307/mem_reg[5][48]_srl6_i_3__3
INFO: [Physopt 32-662] Processed net system_i/spike_accel_0/inst/grp_sa_spike_sppf_1_fu_684/grp_sa_spike_sppf_1_Pipeline_VITIS_LOOP_150_6_VITIS_LOOP_151_7_fu_307/mem_reg[5][48]_srl6_i_6__2_n_2.  Did not re-place instance system_i/spike_accel_0/inst/grp_sa_spike_sppf_1_fu_684/grp_sa_spike_sppf_1_Pipeline_VITIS_LOOP_150_6_VITIS_LOOP_151_7_fu_307/mem_reg[5][48]_srl6_i_6__2
INFO: [Physopt 32-662] Processed net system_i/spike_accel_0/inst/gmem4_m_axi_U/load_unit_0/fifo_rreq/U_fifo_srl/mem_reg[5][48]_srl6_n_2.  Did not re-place instance system_i/spike_accel_0/inst/gmem4_m_axi_U/load_unit_0/fifo_rreq/U_fifo_srl/mem_reg[5][48]_srl6
INFO: [Physopt 32-662] Processed net system_i/spike_accel_0/inst/grp_sa_ms_all_conv_block_185_1_fu_481/grp_sa_ms_standard_conv_inplace_fu_485/grp_sa_conv2d_bn_40_71_118_240_333_426_535_1_fu_221/grp_sa_conv2d_int_43_74_429_536_1_fu_1003/gmem4_addr_reg_325_reg[62][58].  Did not re-place instance system_i/spike_accel_0/inst/grp_sa_ms_all_conv_block_185_1_fu_481/grp_sa_ms_standard_conv_inplace_fu_485/grp_sa_conv2d_bn_40_71_118_240_333_426_535_1_fu_221/grp_sa_conv2d_int_43_74_429_536_1_fu_1003/mem_reg[5][58]_srl6_i_1__2
INFO: [Physopt 32-662] Processed net system_i/spike_accel_0/inst/grp_sa_spike_sppf_1_fu_684/grp_sa_maxpool_or_1_fu_296/grp_sa_maxpool_or_1_fu_296_m_axi_gmem4_ARADDR[58].  Did not re-place instance system_i/spike_accel_0/inst/grp_sa_spike_sppf_1_fu_684/grp_sa_maxpool_or_1_fu_296/mem_reg[5][58]_srl6_i_18__1
INFO: [Physopt 32-662] Processed net system_i/spike_accel_0/inst/grp_sa_spike_sppf_1_fu_684/grp_sa_maxpool_or_1_fu_296/mem_reg[5][58]_srl6_i_23__2_n_2.  Did not re-place instance system_i/spike_accel_0/inst/grp_sa_spike_sppf_1_fu_684/grp_sa_maxpool_or_1_fu_296/mem_reg[5][58]_srl6_i_23__2
INFO: [Physopt 32-663] Processed net system_i/spike_accel_0/inst/grp_sa_spike_sppf_1_fu_684/grp_sa_maxpool_or_1_fu_296/mem_reg[5][58]_srl6_i_31__0_n_2.  Re-placed instance system_i/spike_accel_0/inst/grp_sa_spike_sppf_1_fu_684/grp_sa_maxpool_or_1_fu_296/mem_reg[5][58]_srl6_i_31__0
INFO: [Physopt 32-663] Processed net system_i/spike_accel_0/inst/grp_sa_spike_sppf_1_fu_684/grp_sa_spike_sppf_1_Pipeline_VITIS_LOOP_133_3_VITIS_LOOP_134_4_fu_317/gmem4_addr_12_reg_688_reg[58]_0.  Re-placed instance system_i/spike_accel_0/inst/grp_sa_spike_sppf_1_fu_684/grp_sa_spike_sppf_1_Pipeline_VITIS_LOOP_133_3_VITIS_LOOP_134_4_fu_317/mem_reg[5][58]_srl6_i_11__2
INFO: [Physopt 32-662] Processed net system_i/spike_accel_0/inst/grp_sa_spike_sppf_1_fu_684/grp_sa_spike_sppf_1_Pipeline_VITIS_LOOP_150_6_VITIS_LOOP_151_7_fu_307/gmem4_addr_7_reg_784_reg[58]_0.  Did not re-place instance system_i/spike_accel_0/inst/grp_sa_spike_sppf_1_fu_684/grp_sa_spike_sppf_1_Pipeline_VITIS_LOOP_150_6_VITIS_LOOP_151_7_fu_307/mem_reg[5][58]_srl6_i_3__3
INFO: [Physopt 32-662] Processed net system_i/spike_accel_0/inst/gmem4_m_axi_U/load_unit_0/fifo_rreq/U_fifo_srl/mem_reg[5][58]_srl6_n_2.  Did not re-place instance system_i/spike_accel_0/inst/gmem4_m_axi_U/load_unit_0/fifo_rreq/U_fifo_srl/mem_reg[5][58]_srl6
INFO: [Physopt 32-662] Processed net system_i/spike_accel_0/inst/grp_sa_conv2d_bn_40_71_118_240_333_426_1_fu_666/grp_sa_conv2d_int_43_74_429_1_fu_366/grp_sa_conv2d_int_43_74_429_1_Pipeline_VITIS_LOOP_97_7_VITIS_LOOP_98_8_VITIS_LOOP_99_fu_97/mem_reg[5][0]_srl6_i_53_n_2.  Did not re-place instance system_i/spike_accel_0/inst/grp_sa_conv2d_bn_40_71_118_240_333_426_1_fu_666/grp_sa_conv2d_int_43_74_429_1_fu_366/grp_sa_conv2d_int_43_74_429_1_Pipeline_VITIS_LOOP_97_7_VITIS_LOOP_98_8_VITIS_LOOP_99_fu_97/mem_reg[5][0]_srl6_i_53
INFO: [Physopt 32-662] Processed net system_i/spike_accel_0/inst/grp_sa_ms_all_conv_block_185_1_fu_481/grp_sa_ms_standard_conv_inplace_1_fu_570/grp_sa_conv2d_bn_40_71_118_240_333_426_535_1_fu_197/grp_sa_conv2d_bn_40_71_118_240_333_426_535_1_Pipeline_VITIS_LOOP_95_2_VITIS_LOOP_96_s_fu_1030/gmem4_addr_52_read_reg_849_reg[14]_0[1].  Did not re-place instance system_i/spike_accel_0/inst/grp_sa_ms_all_conv_block_185_1_fu_481/grp_sa_ms_standard_conv_inplace_1_fu_570/grp_sa_conv2d_bn_40_71_118_240_333_426_535_1_fu_197/grp_sa_conv2d_bn_40_71_118_240_333_426_535_1_Pipeline_VITIS_LOOP_95_2_VITIS_LOOP_96_s_fu_1030/mem_reg_i_729
INFO: [Physopt 32-662] Processed net system_i/spike_accel_0/inst/grp_sa_ms_all_conv_block_185_1_fu_481/grp_sa_ms_standard_conv_inplace_1_fu_570/grp_sa_conv2d_bn_40_71_118_240_333_426_535_1_fu_197/grp_sa_conv2d_bn_40_71_118_240_333_426_535_1_Pipeline_VITIS_LOOP_95_2_VITIS_LOOP_96_s_fu_1030/mem_reg_i_950_n_2.  Did not re-place instance system_i/spike_accel_0/inst/grp_sa_ms_all_conv_block_185_1_fu_481/grp_sa_ms_standard_conv_inplace_1_fu_570/grp_sa_conv2d_bn_40_71_118_240_333_426_535_1_fu_197/grp_sa_conv2d_bn_40_71_118_240_333_426_535_1_Pipeline_VITIS_LOOP_95_2_VITIS_LOOP_96_s_fu_1030/mem_reg_i_950
INFO: [Physopt 32-662] Processed net system_i/spike_accel_0/inst/grp_sa_conv2d_bn_40_71_118_240_333_426_1_fu_666/grp_sa_conv2d_int_43_74_429_1_fu_366/grp_sa_conv2d_int_43_74_429_1_Pipeline_VITIS_LOOP_97_7_VITIS_LOOP_98_8_VITIS_LOOP_99_fu_97/grp_sa_conv2d_bn_40_71_118_240_333_426_1_fu_666_m_axi_gmem2_ARADDR[24].  Did not re-place instance system_i/spike_accel_0/inst/grp_sa_conv2d_bn_40_71_118_240_333_426_1_fu_666/grp_sa_conv2d_int_43_74_429_1_fu_366/grp_sa_conv2d_int_43_74_429_1_Pipeline_VITIS_LOOP_97_7_VITIS_LOOP_98_8_VITIS_LOOP_99_fu_97/mem_reg[5][24]_srl6_i_7__1
INFO: [Physopt 32-663] Processed net system_i/spike_accel_0/inst/grp_sa_conv2d_bn_40_71_118_240_333_426_1_fu_666/grp_sa_conv2d_int_43_74_429_1_fu_366/grp_sa_conv2d_int_43_74_429_1_Pipeline_VITIS_LOOP_97_7_VITIS_LOOP_98_8_VITIS_LOOP_99_fu_97/grp_sa_conv2d_int_43_74_429_1_fu_366_m_axi_gmem2_ARADDR[24].  Re-placed instance system_i/spike_accel_0/inst/grp_sa_conv2d_bn_40_71_118_240_333_426_1_fu_666/grp_sa_conv2d_int_43_74_429_1_fu_366/grp_sa_conv2d_int_43_74_429_1_Pipeline_VITIS_LOOP_97_7_VITIS_LOOP_98_8_VITIS_LOOP_99_fu_97/mem_reg[5][24]_srl6_i_10__0
INFO: [Physopt 32-663] Processed net system_i/spike_accel_0/inst/grp_sa_conv2d_bn_40_71_118_240_333_426_1_fu_666/grp_sa_conv2d_int_43_74_429_1_fu_366/grp_sa_conv2d_int_43_74_429_1_Pipeline_VITIS_LOOP_97_7_VITIS_LOOP_98_8_VITIS_LOOP_99_fu_97/mem_reg[5][24]_srl6_i_12__0_n_2.  Re-placed instance system_i/spike_accel_0/inst/grp_sa_conv2d_bn_40_71_118_240_333_426_1_fu_666/grp_sa_conv2d_int_43_74_429_1_fu_366/grp_sa_conv2d_int_43_74_429_1_Pipeline_VITIS_LOOP_97_7_VITIS_LOOP_98_8_VITIS_LOOP_99_fu_97/mem_reg[5][24]_srl6_i_12__0
INFO: [Physopt 32-663] Processed net system_i/spike_accel_0/inst/grp_sa_conv2d_bn_40_71_118_240_333_426_1_fu_666/grp_sa_conv2d_int_43_74_429_1_fu_366/grp_sa_conv2d_int_43_74_429_1_Pipeline_VITIS_LOOP_97_7_VITIS_LOOP_98_8_VITIS_LOOP_99_fu_97/mem_reg[5][24]_srl6_i_17_n_2.  Re-placed instance system_i/spike_accel_0/inst/grp_sa_conv2d_bn_40_71_118_240_333_426_1_fu_666/grp_sa_conv2d_int_43_74_429_1_fu_366/grp_sa_conv2d_int_43_74_429_1_Pipeline_VITIS_LOOP_97_7_VITIS_LOOP_98_8_VITIS_LOOP_99_fu_97/mem_reg[5][24]_srl6_i_17
INFO: [Physopt 32-662] Processed net system_i/spike_accel_0/inst/grp_sa_ms_all_conv_block_185_1_fu_481/grp_sa_ms_standard_conv_inplace_1_fu_570/grp_sa_conv2d_bn_40_71_118_240_333_426_535_1_fu_197/grp_sa_conv2d_bn_40_71_118_240_333_426_535_1_Pipeline_VITIS_LOOP_95_2_VITIS_LOOP_96_s_fu_1030/gmem4_addr_52_read_reg_849_reg[15]_0[1].  Did not re-place instance system_i/spike_accel_0/inst/grp_sa_ms_all_conv_block_185_1_fu_481/grp_sa_ms_standard_conv_inplace_1_fu_570/grp_sa_conv2d_bn_40_71_118_240_333_426_535_1_fu_197/grp_sa_conv2d_bn_40_71_118_240_333_426_535_1_Pipeline_VITIS_LOOP_95_2_VITIS_LOOP_96_s_fu_1030/mem_reg_i_733
INFO: [Physopt 32-662] Processed net system_i/spike_accel_0/inst/grp_sa_ms_all_conv_block_185_1_fu_481/grp_sa_ms_standard_conv_inplace_1_fu_570/grp_sa_conv2d_bn_40_71_118_240_333_426_535_1_fu_197/grp_sa_conv2d_int_43_74_429_536_1_fu_1003/in[24].  Did not re-place instance system_i/spike_accel_0/inst/grp_sa_ms_all_conv_block_185_1_fu_481/grp_sa_ms_standard_conv_inplace_1_fu_570/grp_sa_conv2d_bn_40_71_118_240_333_426_535_1_fu_197/grp_sa_conv2d_int_43_74_429_536_1_fu_1003/mem_reg[5][24]_srl6_i_1__0
INFO: [Physopt 32-662] Processed net system_i/spike_accel_0/inst/grp_sa_ms_all_conv_block_185_1_fu_481/grp_sa_ms_standard_conv_inplace_1_fu_570/grp_sa_conv2d_bn_40_71_118_240_333_426_535_1_fu_197/grp_sa_conv2d_int_43_74_429_536_1_fu_1003/mem_reg[5][24]_srl6_i_2__0_n_2.  Did not re-place instance system_i/spike_accel_0/inst/grp_sa_ms_all_conv_block_185_1_fu_481/grp_sa_ms_standard_conv_inplace_1_fu_570/grp_sa_conv2d_bn_40_71_118_240_333_426_535_1_fu_197/grp_sa_conv2d_int_43_74_429_536_1_fu_1003/mem_reg[5][24]_srl6_i_2__0
INFO: [Physopt 32-662] Processed net system_i/spike_accel_0/inst/grp_sa_ms_all_conv_block_185_1_fu_481/grp_sa_ms_standard_conv_inplace_fu_485/grp_sa_conv2d_bn_40_71_118_240_333_426_535_1_fu_221/grp_sa_conv2d_int_43_74_429_536_1_fu_1003/gmem4_addr_reg_325_reg[62][59].  Did not re-place instance system_i/spike_accel_0/inst/grp_sa_ms_all_conv_block_185_1_fu_481/grp_sa_ms_standard_conv_inplace_fu_485/grp_sa_conv2d_bn_40_71_118_240_333_426_535_1_fu_221/grp_sa_conv2d_int_43_74_429_536_1_fu_1003/mem_reg[5][59]_srl6_i_1__2
INFO: [Physopt 32-662] Processed net system_i/spike_accel_0/inst/grp_sa_spike_sppf_1_fu_684/grp_sa_maxpool_or_1_fu_296/grp_sa_maxpool_or_1_fu_296_m_axi_gmem4_ARADDR[59].  Did not re-place instance system_i/spike_accel_0/inst/grp_sa_spike_sppf_1_fu_684/grp_sa_maxpool_or_1_fu_296/mem_reg[5][59]_srl6_i_18__1
INFO: [Physopt 32-662] Processed net system_i/spike_accel_0/inst/grp_sa_spike_sppf_1_fu_684/grp_sa_maxpool_or_1_fu_296/mem_reg[5][59]_srl6_i_28__0_n_2.  Did not re-place instance system_i/spike_accel_0/inst/grp_sa_spike_sppf_1_fu_684/grp_sa_maxpool_or_1_fu_296/mem_reg[5][59]_srl6_i_28__0
INFO: [Physopt 32-663] Processed net system_i/spike_accel_0/inst/grp_sa_spike_sppf_1_fu_684/grp_sa_maxpool_or_1_fu_296/mem_reg[5][59]_srl6_i_42_n_2.  Re-placed instance system_i/spike_accel_0/inst/grp_sa_spike_sppf_1_fu_684/grp_sa_maxpool_or_1_fu_296/mem_reg[5][59]_srl6_i_42
INFO: [Physopt 32-662] Processed net system_i/spike_accel_0/inst/grp_sa_spike_sppf_1_fu_684/grp_sa_spike_sppf_1_Pipeline_VITIS_LOOP_133_3_VITIS_LOOP_134_4_fu_317/gmem4_addr_12_reg_688_reg[59]_0.  Did not re-place instance system_i/spike_accel_0/inst/grp_sa_spike_sppf_1_fu_684/grp_sa_spike_sppf_1_Pipeline_VITIS_LOOP_133_3_VITIS_LOOP_134_4_fu_317/mem_reg[5][59]_srl6_i_11__2
INFO: [Physopt 32-662] Processed net system_i/spike_accel_0/inst/grp_sa_spike_sppf_1_fu_684/grp_sa_spike_sppf_1_Pipeline_VITIS_LOOP_150_6_VITIS_LOOP_151_7_fu_307/gmem4_addr_7_reg_784_reg[59]_0.  Did not re-place instance system_i/spike_accel_0/inst/grp_sa_spike_sppf_1_fu_684/grp_sa_spike_sppf_1_Pipeline_VITIS_LOOP_150_6_VITIS_LOOP_151_7_fu_307/mem_reg[5][59]_srl6_i_3__3
INFO: [Physopt 32-662] Processed net system_i/spike_accel_0/inst/grp_sa_spike_sppf_1_fu_684/grp_sa_spike_sppf_1_Pipeline_VITIS_LOOP_150_6_VITIS_LOOP_151_7_fu_307/mem_reg[5][59]_srl6_i_6__2_n_2.  Did not re-place instance system_i/spike_accel_0/inst/grp_sa_spike_sppf_1_fu_684/grp_sa_spike_sppf_1_Pipeline_VITIS_LOOP_150_6_VITIS_LOOP_151_7_fu_307/mem_reg[5][59]_srl6_i_6__2
INFO: [Physopt 32-662] Processed net system_i/spike_accel_0/inst/gmem2_m_axi_U/load_unit_0/fifo_rreq/U_fifo_srl/mem_reg[5][24]_srl6_n_2.  Did not re-place instance system_i/spike_accel_0/inst/gmem2_m_axi_U/load_unit_0/fifo_rreq/U_fifo_srl/mem_reg[5][24]_srl6
INFO: [Physopt 32-662] Processed net system_i/spike_accel_0/inst/gmem4_m_axi_U/load_unit_0/fifo_rreq/U_fifo_srl/mem_reg[5][59]_srl6_n_2.  Did not re-place instance system_i/spike_accel_0/inst/gmem4_m_axi_U/load_unit_0/fifo_rreq/U_fifo_srl/mem_reg[5][59]_srl6
INFO: [Physopt 32-662] Processed net system_i/spike_accel_0/inst/grp_sa_conv2d_bn_40_71_118_240_333_426_1_fu_666/grp_sa_conv2d_int_43_74_429_1_fu_366/grp_sa_conv2d_int_43_74_429_1_Pipeline_VITIS_LOOP_97_7_VITIS_LOOP_98_8_VITIS_LOOP_99_fu_97/m_axi_gmem2_ARVALID3.  Did not re-place instance system_i/spike_accel_0/inst/grp_sa_conv2d_bn_40_71_118_240_333_426_1_fu_666/grp_sa_conv2d_int_43_74_429_1_fu_366/grp_sa_conv2d_int_43_74_429_1_Pipeline_VITIS_LOOP_97_7_VITIS_LOOP_98_8_VITIS_LOOP_99_fu_97/mem_reg[5][0]_srl6_i_90__1
INFO: [Physopt 32-662] Processed net system_i/spike_accel_0/inst/grp_sa_conv2d_bn_40_71_118_240_333_426_1_fu_666/grp_sa_conv2d_int_43_74_429_1_fu_366/grp_sa_conv2d_int_43_74_429_1_Pipeline_VITIS_LOOP_97_7_VITIS_LOOP_98_8_VITIS_LOOP_99_fu_97/mul_8s_8s_16_4_1_U401/grp_sa_conv2d_int_43_74_429_1_Pipeline_VITIS_LOOP_97_7_VITIS_LOOP_98_8_VITIS_LOOP_99_fu_97_ap_start_reg_reg.  Did not re-place instance system_i/spike_accel_0/inst/grp_sa_conv2d_bn_40_71_118_240_333_426_1_fu_666/grp_sa_conv2d_int_43_74_429_1_fu_366/grp_sa_conv2d_int_43_74_429_1_Pipeline_VITIS_LOOP_97_7_VITIS_LOOP_98_8_VITIS_LOOP_99_fu_97/mul_8s_8s_16_4_1_U401/gmem2_addr_6_reg_8150[62]_i_3
INFO: [Physopt 32-662] Processed net system_i/spike_accel_0/inst/grp_sa_conv2d_bn_40_71_118_240_333_426_1_fu_666/grp_sa_conv2d_int_43_74_429_1_fu_366/grp_sa_conv2d_int_43_74_429_1_Pipeline_VITIS_LOOP_97_7_VITIS_LOOP_98_8_VITIS_LOOP_99_fu_97/mul_8s_8s_16_4_1_U401/add_ln131_33_reg_98780.  Did not re-place instance system_i/spike_accel_0/inst/grp_sa_conv2d_bn_40_71_118_240_333_426_1_fu_666/grp_sa_conv2d_int_43_74_429_1_fu_366/grp_sa_conv2d_int_43_74_429_1_Pipeline_VITIS_LOOP_97_7_VITIS_LOOP_98_8_VITIS_LOOP_99_fu_97/mul_8s_8s_16_4_1_U401/gmem2_addr_3_reg_8117[62]_i_1
INFO: [Physopt 32-662] Processed net system_i/spike_accel_0/inst/grp_sa_conv2d_bn_40_71_118_240_333_426_1_fu_666/grp_sa_conv2d_int_43_74_429_1_fu_366/grp_sa_conv2d_int_43_74_429_1_Pipeline_VITIS_LOOP_97_7_VITIS_LOOP_98_8_VITIS_LOOP_99_fu_97/grp_sa_conv2d_bn_40_71_118_240_333_426_1_fu_666_m_axi_gmem2_ARADDR[40].  Did not re-place instance system_i/spike_accel_0/inst/grp_sa_conv2d_bn_40_71_118_240_333_426_1_fu_666/grp_sa_conv2d_int_43_74_429_1_fu_366/grp_sa_conv2d_int_43_74_429_1_Pipeline_VITIS_LOOP_97_7_VITIS_LOOP_98_8_VITIS_LOOP_99_fu_97/mem_reg[5][40]_srl6_i_7__1
INFO: [Physopt 32-662] Processed net system_i/spike_accel_0/inst/grp_sa_conv2d_bn_40_71_118_240_333_426_1_fu_666/grp_sa_conv2d_int_43_74_429_1_fu_366/grp_sa_conv2d_int_43_74_429_1_Pipeline_VITIS_LOOP_97_7_VITIS_LOOP_98_8_VITIS_LOOP_99_fu_97/grp_sa_conv2d_int_43_74_429_1_fu_366_m_axi_gmem2_ARADDR[40].  Did not re-place instance system_i/spike_accel_0/inst/grp_sa_conv2d_bn_40_71_118_240_333_426_1_fu_666/grp_sa_conv2d_int_43_74_429_1_fu_366/grp_sa_conv2d_int_43_74_429_1_Pipeline_VITIS_LOOP_97_7_VITIS_LOOP_98_8_VITIS_LOOP_99_fu_97/mem_reg[5][40]_srl6_i_10__0
INFO: [Physopt 32-662] Processed net system_i/spike_accel_0/inst/grp_sa_conv2d_bn_40_71_118_240_333_426_1_fu_666/grp_sa_conv2d_int_43_74_429_1_fu_366/grp_sa_conv2d_int_43_74_429_1_Pipeline_VITIS_LOOP_97_7_VITIS_LOOP_98_8_VITIS_LOOP_99_fu_97/mem_reg[5][40]_srl6_i_13_n_2.  Did not re-place instance system_i/spike_accel_0/inst/grp_sa_conv2d_bn_40_71_118_240_333_426_1_fu_666/grp_sa_conv2d_int_43_74_429_1_fu_366/grp_sa_conv2d_int_43_74_429_1_Pipeline_VITIS_LOOP_97_7_VITIS_LOOP_98_8_VITIS_LOOP_99_fu_97/mem_reg[5][40]_srl6_i_13
INFO: [Physopt 32-662] Processed net system_i/spike_accel_0/inst/grp_sa_conv2d_bn_40_71_118_240_333_426_1_fu_666/grp_sa_conv2d_int_43_74_429_1_fu_366/grp_sa_conv2d_int_43_74_429_1_Pipeline_VITIS_LOOP_97_7_VITIS_LOOP_98_8_VITIS_LOOP_99_fu_97/mem_reg[5][40]_srl6_i_20__0_n_2.  Did not re-place instance system_i/spike_accel_0/inst/grp_sa_conv2d_bn_40_71_118_240_333_426_1_fu_666/grp_sa_conv2d_int_43_74_429_1_fu_366/grp_sa_conv2d_int_43_74_429_1_Pipeline_VITIS_LOOP_97_7_VITIS_LOOP_98_8_VITIS_LOOP_99_fu_97/mem_reg[5][40]_srl6_i_20__0
INFO: [Physopt 32-663] Processed net system_i/spike_accel_0/inst/grp_sa_conv2d_bn_40_71_118_240_333_426_1_fu_666/grp_sa_conv2d_int_43_74_429_1_fu_366/grp_sa_conv2d_int_43_74_429_1_Pipeline_VITIS_LOOP_97_7_VITIS_LOOP_98_8_VITIS_LOOP_99_fu_97/mem_reg[5][40]_srl6_i_29_n_2.  Re-placed instance system_i/spike_accel_0/inst/grp_sa_conv2d_bn_40_71_118_240_333_426_1_fu_666/grp_sa_conv2d_int_43_74_429_1_fu_366/grp_sa_conv2d_int_43_74_429_1_Pipeline_VITIS_LOOP_97_7_VITIS_LOOP_98_8_VITIS_LOOP_99_fu_97/mem_reg[5][40]_srl6_i_29
INFO: [Physopt 32-662] Processed net system_i/spike_accel_0/inst/grp_sa_ms_all_conv_block_185_1_fu_481/grp_sa_ms_standard_conv_inplace_1_fu_570/grp_sa_conv2d_bn_40_71_118_240_333_426_535_1_fu_197/grp_sa_conv2d_int_43_74_429_536_1_fu_1003/in[40].  Did not re-place instance system_i/spike_accel_0/inst/grp_sa_ms_all_conv_block_185_1_fu_481/grp_sa_ms_standard_conv_inplace_1_fu_570/grp_sa_conv2d_bn_40_71_118_240_333_426_535_1_fu_197/grp_sa_conv2d_int_43_74_429_536_1_fu_1003/mem_reg[5][40]_srl6_i_1__0
INFO: [Physopt 32-662] Processed net system_i/spike_accel_0/inst/grp_sa_ms_all_conv_block_185_1_fu_481/grp_sa_ms_standard_conv_inplace_1_fu_570/grp_sa_conv2d_bn_40_71_118_240_333_426_535_1_fu_197/grp_sa_conv2d_int_43_74_429_536_1_fu_1003/mem_reg[5][40]_srl6_i_2__0_n_2.  Did not re-place instance system_i/spike_accel_0/inst/grp_sa_ms_all_conv_block_185_1_fu_481/grp_sa_ms_standard_conv_inplace_1_fu_570/grp_sa_conv2d_bn_40_71_118_240_333_426_535_1_fu_197/grp_sa_conv2d_int_43_74_429_536_1_fu_1003/mem_reg[5][40]_srl6_i_2__0
INFO: [Physopt 32-662] Processed net system_i/spike_accel_0/inst/gmem2_m_axi_U/load_unit_0/fifo_rreq/U_fifo_srl/mem_reg[5][40]_srl6_n_2.  Did not re-place instance system_i/spike_accel_0/inst/gmem2_m_axi_U/load_unit_0/fifo_rreq/U_fifo_srl/mem_reg[5][40]_srl6
INFO: [Physopt 32-662] Processed net system_i/spike_accel_0/inst/gmem2_m_axi_U/load_unit_0/buff_rdata/U_fifo_mem/pop.  Did not re-place instance system_i/spike_accel_0/inst/gmem2_m_axi_U/load_unit_0/buff_rdata/U_fifo_mem/mem_reg_i_4__1
INFO: [Physopt 32-662] Processed net system_i/spike_accel_0/inst/grp_sa_conv2d_bn_40_71_118_240_333_426_1_fu_666/grp_sa_conv2d_int_43_74_429_1_fu_366/grp_sa_conv2d_int_43_74_429_1_Pipeline_VITIS_LOOP_97_7_VITIS_LOOP_98_8_VITIS_LOOP_99_fu_97/mul_8s_8s_16_4_1_U403/ce363_out.  Did not re-place instance system_i/spike_accel_0/inst/grp_sa_conv2d_bn_40_71_118_240_333_426_1_fu_666/grp_sa_conv2d_int_43_74_429_1_fu_366/grp_sa_conv2d_int_43_74_429_1_Pipeline_VITIS_LOOP_97_7_VITIS_LOOP_98_8_VITIS_LOOP_99_fu_97/mul_8s_8s_16_4_1_U403/gmem2_addr_2_reg_7820[62]_i_1
INFO: [Physopt 32-663] Processed net system_i/spike_accel_0/inst/grp_sa_conv2d_bn_40_71_118_240_333_426_1_fu_666/grp_sa_conv2d_int_43_74_429_1_fu_366/grp_sa_conv2d_int_43_74_429_1_Pipeline_VITIS_LOOP_97_7_VITIS_LOOP_98_8_VITIS_LOOP_99_fu_97/p_287_in.  Re-placed instance system_i/spike_accel_0/inst/grp_sa_conv2d_bn_40_71_118_240_333_426_1_fu_666/grp_sa_conv2d_int_43_74_429_1_fu_366/grp_sa_conv2d_int_43_74_429_1_Pipeline_VITIS_LOOP_97_7_VITIS_LOOP_98_8_VITIS_LOOP_99_fu_97/gmem2_addr_2_reg_7820[62]_i_5
INFO: [Physopt 32-662] Processed net system_i/spike_accel_0/inst/gmem2_m_axi_U/load_unit_0/buff_rdata/U_fifo_mem/rnext[6].  Did not re-place instance system_i/spike_accel_0/inst/gmem2_m_axi_U/load_unit_0/buff_rdata/U_fifo_mem/raddr_reg[6]_i_1
INFO: [Physopt 32-662] Processed net system_i/spike_accel_0/inst/grp_sa_conv2d_bn_40_71_118_240_333_426_1_fu_666/grp_sa_conv2d_int_43_74_429_1_fu_366/grp_sa_conv2d_int_43_74_429_1_Pipeline_VITIS_LOOP_97_7_VITIS_LOOP_98_8_VITIS_LOOP_99_fu_97/ap_CS_fsm_reg[31]_0.  Did not re-place instance system_i/spike_accel_0/inst/grp_sa_conv2d_bn_40_71_118_240_333_426_1_fu_666/grp_sa_conv2d_int_43_74_429_1_fu_366/grp_sa_conv2d_int_43_74_429_1_Pipeline_VITIS_LOOP_97_7_VITIS_LOOP_98_8_VITIS_LOOP_99_fu_97/mem_reg_i_5__1
INFO: [Physopt 32-662] Processed net system_i/spike_accel_0/inst/grp_sa_conv2d_bn_40_71_118_240_333_426_1_fu_666/grp_sa_conv2d_int_43_74_429_1_fu_366/grp_sa_conv2d_int_43_74_429_1_Pipeline_VITIS_LOOP_97_7_VITIS_LOOP_98_8_VITIS_LOOP_99_fu_97/mem_reg[5][0]_srl6_i_60_n_2.  Did not re-place instance system_i/spike_accel_0/inst/grp_sa_conv2d_bn_40_71_118_240_333_426_1_fu_666/grp_sa_conv2d_int_43_74_429_1_fu_366/grp_sa_conv2d_int_43_74_429_1_Pipeline_VITIS_LOOP_97_7_VITIS_LOOP_98_8_VITIS_LOOP_99_fu_97/mem_reg[5][0]_srl6_i_60
INFO: [Physopt 32-662] Processed net system_i/spike_accel_0/inst/grp_sa_conv2d_bn_40_71_118_240_333_426_1_fu_666/grp_sa_conv2d_int_43_74_429_1_fu_366/grp_sa_conv2d_int_43_74_429_1_Pipeline_VITIS_LOOP_97_7_VITIS_LOOP_98_8_VITIS_LOOP_99_fu_97/mul_8s_8s_16_4_1_U403/full_n_reg.  Did not re-place instance system_i/spike_accel_0/inst/grp_sa_conv2d_bn_40_71_118_240_333_426_1_fu_666/grp_sa_conv2d_int_43_74_429_1_fu_366/grp_sa_conv2d_int_43_74_429_1_Pipeline_VITIS_LOOP_97_7_VITIS_LOOP_98_8_VITIS_LOOP_99_fu_97/mul_8s_8s_16_4_1_U403/gmem2_addr_2_reg_7820[62]_i_4
INFO: [Physopt 32-662] Processed net system_i/spike_accel_0/inst/grp_sa_conv2d_bn_40_71_118_240_333_426_1_fu_666/grp_sa_conv2d_int_43_74_429_1_fu_366/grp_sa_conv2d_int_43_74_429_1_Pipeline_VITIS_LOOP_97_7_VITIS_LOOP_98_8_VITIS_LOOP_99_fu_97/grp_sa_conv2d_bn_40_71_118_240_333_426_1_fu_666_m_axi_gmem2_RREADY.  Did not re-place instance system_i/spike_accel_0/inst/grp_sa_conv2d_bn_40_71_118_240_333_426_1_fu_666/grp_sa_conv2d_int_43_74_429_1_fu_366/grp_sa_conv2d_int_43_74_429_1_Pipeline_VITIS_LOOP_97_7_VITIS_LOOP_98_8_VITIS_LOOP_99_fu_97/mem_reg_i_8__0
INFO: [Physopt 32-662] Processed net system_i/spike_accel_0/inst/grp_sa_conv2d_bn_40_71_118_240_333_426_1_fu_666/grp_sa_conv2d_int_43_74_429_1_fu_366/grp_sa_conv2d_int_43_74_429_1_Pipeline_VITIS_LOOP_97_7_VITIS_LOOP_98_8_VITIS_LOOP_99_fu_97/grp_sa_conv2d_int_43_74_429_1_Pipeline_VITIS_LOOP_97_7_VITIS_LOOP_98_8_VITIS_LOOP_99_fu_97_m_axi_gmem2_RREADY.  Did not re-place instance system_i/spike_accel_0/inst/grp_sa_conv2d_bn_40_71_118_240_333_426_1_fu_666/grp_sa_conv2d_int_43_74_429_1_fu_366/grp_sa_conv2d_int_43_74_429_1_Pipeline_VITIS_LOOP_97_7_VITIS_LOOP_98_8_VITIS_LOOP_99_fu_97/mem_reg_i_13
INFO: [Physopt 32-663] Processed net system_i/spike_accel_0/inst/grp_sa_conv2d_bn_40_71_118_240_333_426_1_fu_666/grp_sa_conv2d_int_43_74_429_1_fu_366/grp_sa_conv2d_int_43_74_429_1_Pipeline_VITIS_LOOP_97_7_VITIS_LOOP_98_8_VITIS_LOOP_99_fu_97/grp_sa_conv2d_int_43_74_429_1_fu_366_m_axi_gmem2_RREADY.  Re-placed instance system_i/spike_accel_0/inst/grp_sa_conv2d_bn_40_71_118_240_333_426_1_fu_666/grp_sa_conv2d_int_43_74_429_1_fu_366/grp_sa_conv2d_int_43_74_429_1_Pipeline_VITIS_LOOP_97_7_VITIS_LOOP_98_8_VITIS_LOOP_99_fu_97/mem_reg_i_11
INFO: [Physopt 32-662] Processed net system_i/spike_accel_0/inst/grp_sa_conv2d_bn_40_71_118_240_333_426_1_fu_666/grp_sa_conv2d_int_43_74_429_1_fu_366/grp_sa_conv2d_int_43_74_429_1_Pipeline_VITIS_LOOP_97_7_VITIS_LOOP_98_8_VITIS_LOOP_99_fu_97/mem_reg_i_14_n_2.  Did not re-place instance system_i/spike_accel_0/inst/grp_sa_conv2d_bn_40_71_118_240_333_426_1_fu_666/grp_sa_conv2d_int_43_74_429_1_fu_366/grp_sa_conv2d_int_43_74_429_1_Pipeline_VITIS_LOOP_97_7_VITIS_LOOP_98_8_VITIS_LOOP_99_fu_97/mem_reg_i_14
INFO: [Physopt 32-661] Optimized 33 nets.  Re-placed 33 instances.
INFO: [Physopt 32-775] End 1 Pass. Optimized 33 nets or cells. Created 0 new cell, deleted 0 existing cell and moved 33 existing cells
INFO: [Physopt 32-619] Estimated Timing Summary | WNS=-0.263 | TNS=-0.274 |
Netlist sorting complete. Time (s): cpu = 00:00:00 ; elapsed = 00:00:00.035 . Memory (MB): peak = 3680.375 ; gain = 0.000
Phase 9 Single Cell Placement Optimization | Checksum: 161522f59

Time (s): cpu = 00:00:43 ; elapsed = 00:00:29 . Memory (MB): peak = 3680.375 ; gain = 7.656

Phase 10 Multi Cell Placement Optimization
INFO: [Physopt 32-660] Identified 100 candidate nets for placement-based optimization.
INFO: [Physopt 32-662] Processed net system_i/spike_accel_0/inst/grp_sa_ms_all_conv_block_185_1_fu_481/grp_sa_ms_standard_conv_inplace_fu_485/grp_sa_conv2d_bn_40_71_118_240_333_426_535_1_fu_221/grp_sa_conv2d_bn_40_71_118_240_333_426_535_1_Pipeline_VITIS_LOOP_95_2_VITIS_LOOP_96_s_fu_1030/gmem4_addr_52_read_reg_849_reg[10]_0[3].  Did not re-place instance system_i/spike_accel_0/inst/grp_sa_ms_all_conv_block_185_1_fu_481/grp_sa_ms_standard_conv_inplace_fu_485/grp_sa_conv2d_bn_40_71_118_240_333_426_535_1_fu_221/grp_sa_conv2d_bn_40_71_118_240_333_426_535_1_Pipeline_VITIS_LOOP_95_2_VITIS_LOOP_96_s_fu_1030/mem_reg_i_747/O
INFO: [Physopt 32-662] Processed net system_i/spike_accel_0/inst/grp_sa_ms_all_conv_block_185_1_fu_481/grp_sa_ms_standard_conv_inplace_fu_485/grp_sa_conv2d_bn_40_71_118_240_333_426_535_1_fu_221/grp_sa_conv2d_bn_40_71_118_240_333_426_535_1_Pipeline_VITIS_LOOP_95_2_VITIS_LOOP_96_s_fu_1030/mem_reg_i_958_n_2.  Did not re-place instance system_i/spike_accel_0/inst/grp_sa_ms_all_conv_block_185_1_fu_481/grp_sa_ms_standard_conv_inplace_fu_485/grp_sa_conv2d_bn_40_71_118_240_333_426_535_1_fu_221/grp_sa_conv2d_bn_40_71_118_240_333_426_535_1_Pipeline_VITIS_LOOP_95_2_VITIS_LOOP_96_s_fu_1030/mem_reg_i_958/O
INFO: [Physopt 32-662] Processed net system_i/spike_accel_0/inst/grp_sa_ms_downsampling_199_1_fu_628/grp_sa_ms_downsampling_199_1_Pipeline_VITIS_LOOP_36_1_VITIS_LOOP_37_2_fu_174/mem_reg_i_112__0_n_2.  Did not re-place instance system_i/spike_accel_0/inst/grp_sa_ms_downsampling_199_1_fu_628/grp_sa_ms_downsampling_199_1_Pipeline_VITIS_LOOP_36_1_VITIS_LOOP_37_2_fu_174/mem_reg_i_112__0/O
INFO: [Physopt 32-662] Processed net system_i/spike_accel_0/inst/grp_sa_ms_all_conv_block_185_1_fu_481/grp_sa_ms_standard_conv_inplace_fu_485/grp_sa_conv2d_bn_40_71_118_240_333_426_535_1_fu_221/grp_sa_conv2d_bn_40_71_118_240_333_426_535_1_Pipeline_VITIS_LOOP_95_2_VITIS_LOOP_96_s_fu_1030/gmem4_addr_52_read_reg_849_reg[6]_0[3].  Did not re-place instance system_i/spike_accel_0/inst/grp_sa_ms_all_conv_block_185_1_fu_481/grp_sa_ms_standard_conv_inplace_fu_485/grp_sa_conv2d_bn_40_71_118_240_333_426_535_1_fu_221/grp_sa_conv2d_bn_40_71_118_240_333_426_535_1_Pipeline_VITIS_LOOP_95_2_VITIS_LOOP_96_s_fu_1030/mem_reg_i_778/O
INFO: [Physopt 32-662] Processed net system_i/spike_accel_0/inst/grp_sa_ms_all_conv_block_185_1_fu_481/grp_sa_ms_standard_conv_inplace_fu_485/grp_sa_conv2d_bn_40_71_118_240_333_426_535_1_fu_221/grp_sa_conv2d_bn_40_71_118_240_333_426_535_1_Pipeline_VITIS_LOOP_95_2_VITIS_LOOP_96_s_fu_1030/mem_reg_i_970_n_2.  Did not re-place instance system_i/spike_accel_0/inst/grp_sa_ms_all_conv_block_185_1_fu_481/grp_sa_ms_standard_conv_inplace_fu_485/grp_sa_conv2d_bn_40_71_118_240_333_426_535_1_fu_221/grp_sa_conv2d_bn_40_71_118_240_333_426_535_1_Pipeline_VITIS_LOOP_95_2_VITIS_LOOP_96_s_fu_1030/mem_reg_i_970/O
INFO: [Physopt 32-662] Processed net system_i/spike_accel_0/inst/grp_sa_ms_all_conv_block_185_1_fu_481/grp_sa_ms_standard_conv_inplace_fu_485/grp_sa_conv2d_bn_40_71_118_240_333_426_535_1_fu_221/grp_sa_conv2d_bn_40_71_118_240_333_426_535_1_Pipeline_VITIS_LOOP_95_2_VITIS_LOOP_96_s_fu_1030/gmem4_addr_52_read_reg_849_reg[10]_0[2].  Did not re-place instance system_i/spike_accel_0/inst/grp_sa_ms_all_conv_block_185_1_fu_481/grp_sa_ms_standard_conv_inplace_fu_485/grp_sa_conv2d_bn_40_71_118_240_333_426_535_1_fu_221/grp_sa_conv2d_bn_40_71_118_240_333_426_535_1_Pipeline_VITIS_LOOP_95_2_VITIS_LOOP_96_s_fu_1030/mem_reg_i_748/O
INFO: [Physopt 32-662] Processed net system_i/spike_accel_0/inst/grp_sa_ms_all_conv_block_185_1_fu_481/grp_sa_ms_standard_conv_inplace_fu_485/grp_sa_conv2d_bn_40_71_118_240_333_426_535_1_fu_221/grp_sa_conv2d_bn_40_71_118_240_333_426_535_1_Pipeline_VITIS_LOOP_95_2_VITIS_LOOP_96_s_fu_1030/mem_reg_i_959_n_2.  Did not re-place instance system_i/spike_accel_0/inst/grp_sa_ms_all_conv_block_185_1_fu_481/grp_sa_ms_standard_conv_inplace_fu_485/grp_sa_conv2d_bn_40_71_118_240_333_426_535_1_fu_221/grp_sa_conv2d_bn_40_71_118_240_333_426_535_1_Pipeline_VITIS_LOOP_95_2_VITIS_LOOP_96_s_fu_1030/mem_reg_i_959/O
INFO: [Physopt 32-662] Processed net system_i/spike_accel_0/inst/grp_sa_ms_all_conv_block_185_1_fu_481/grp_sa_ms_standard_conv_inplace_fu_485/grp_sa_conv2d_bn_40_71_118_240_333_426_535_1_fu_221/grp_sa_conv2d_bn_40_71_118_240_333_426_535_1_Pipeline_VITIS_LOOP_95_2_VITIS_LOOP_96_s_fu_1030/gmem4_addr_52_read_reg_849_reg[10]_0[1].  Did not re-place instance system_i/spike_accel_0/inst/grp_sa_ms_all_conv_block_185_1_fu_481/grp_sa_ms_standard_conv_inplace_fu_485/grp_sa_conv2d_bn_40_71_118_240_333_426_535_1_fu_221/grp_sa_conv2d_bn_40_71_118_240_333_426_535_1_Pipeline_VITIS_LOOP_95_2_VITIS_LOOP_96_s_fu_1030/mem_reg_i_749/O
INFO: [Physopt 32-662] Processed net system_i/spike_accel_0/inst/grp_sa_ms_all_conv_block_185_1_fu_481/grp_sa_ms_standard_conv_inplace_fu_485/grp_sa_conv2d_bn_40_71_118_240_333_426_535_1_fu_221/grp_sa_conv2d_bn_40_71_118_240_333_426_535_1_Pipeline_VITIS_LOOP_95_2_VITIS_LOOP_96_s_fu_1030/mem_reg_i_960_n_2.  Did not re-place instance system_i/spike_accel_0/inst/grp_sa_ms_all_conv_block_185_1_fu_481/grp_sa_ms_standard_conv_inplace_fu_485/grp_sa_conv2d_bn_40_71_118_240_333_426_535_1_fu_221/grp_sa_conv2d_bn_40_71_118_240_333_426_535_1_Pipeline_VITIS_LOOP_95_2_VITIS_LOOP_96_s_fu_1030/mem_reg_i_960/O
INFO: [Physopt 32-662] Processed net system_i/spike_accel_0/inst/grp_sa_ms_all_conv_block_185_1_fu_481/grp_sa_ms_standard_conv_inplace_fu_485/grp_sa_conv2d_bn_40_71_118_240_333_426_535_1_fu_221/grp_sa_conv2d_bn_40_71_118_240_333_426_535_1_Pipeline_VITIS_LOOP_95_2_VITIS_LOOP_96_s_fu_1030/gmem4_addr_52_read_reg_849_reg[22]_0[1].  Did not re-place instance system_i/spike_accel_0/inst/grp_sa_ms_all_conv_block_185_1_fu_481/grp_sa_ms_standard_conv_inplace_fu_485/grp_sa_conv2d_bn_40_71_118_240_333_426_535_1_fu_221/grp_sa_conv2d_bn_40_71_118_240_333_426_535_1_Pipeline_VITIS_LOOP_95_2_VITIS_LOOP_96_s_fu_1030/mem_reg_i_885/O
INFO: [Physopt 32-662] Processed net system_i/spike_accel_0/inst/grp_sa_ms_all_conv_block_185_1_fu_481/grp_sa_ms_standard_conv_inplace_fu_485/grp_sa_conv2d_bn_40_71_118_240_333_426_535_1_fu_221/grp_sa_conv2d_bn_40_71_118_240_333_426_535_1_Pipeline_VITIS_LOOP_95_2_VITIS_LOOP_96_s_fu_1030/mem_reg_i_1017_n_2.  Did not re-place instance system_i/spike_accel_0/inst/grp_sa_ms_all_conv_block_185_1_fu_481/grp_sa_ms_standard_conv_inplace_fu_485/grp_sa_conv2d_bn_40_71_118_240_333_426_535_1_fu_221/grp_sa_conv2d_bn_40_71_118_240_333_426_535_1_Pipeline_VITIS_LOOP_95_2_VITIS_LOOP_96_s_fu_1030/mem_reg_i_1017/O
INFO: [Physopt 32-662] Processed net system_i/spike_accel_0/inst/grp_sa_ms_all_conv_block_185_1_fu_481/grp_sa_ms_standard_conv_inplace_fu_485/grp_sa_conv2d_bn_40_71_118_240_333_426_535_1_fu_221/grp_sa_conv2d_bn_40_71_118_240_333_426_535_1_Pipeline_VITIS_LOOP_95_2_VITIS_LOOP_96_s_fu_1030/gmem4_addr_52_read_reg_849_reg[18]_0[3].  Did not re-place instance system_i/spike_accel_0/inst/grp_sa_ms_all_conv_block_185_1_fu_481/grp_sa_ms_standard_conv_inplace_fu_485/grp_sa_conv2d_bn_40_71_118_240_333_426_535_1_fu_221/grp_sa_conv2d_bn_40_71_118_240_333_426_535_1_Pipeline_VITIS_LOOP_95_2_VITIS_LOOP_96_s_fu_1030/mem_reg_i_910/O
INFO: [Physopt 32-662] Processed net system_i/spike_accel_0/inst/grp_sa_ms_all_conv_block_185_1_fu_481/grp_sa_ms_standard_conv_inplace_fu_485/grp_sa_conv2d_bn_40_71_118_240_333_426_535_1_fu_221/grp_sa_conv2d_bn_40_71_118_240_333_426_535_1_Pipeline_VITIS_LOOP_95_2_VITIS_LOOP_96_s_fu_1030/mem_reg_i_1027_n_2.  Did not re-place instance system_i/spike_accel_0/inst/grp_sa_ms_all_conv_block_185_1_fu_481/grp_sa_ms_standard_conv_inplace_fu_485/grp_sa_conv2d_bn_40_71_118_240_333_426_535_1_fu_221/grp_sa_conv2d_bn_40_71_118_240_333_426_535_1_Pipeline_VITIS_LOOP_95_2_VITIS_LOOP_96_s_fu_1030/mem_reg_i_1027/O
INFO: [Physopt 32-662] Processed net system_i/spike_accel_0/inst/grp_sa_ms_all_conv_block_185_1_fu_481/grp_sa_ms_standard_conv_inplace_fu_485/grp_sa_conv2d_bn_40_71_118_240_333_426_535_1_fu_221/grp_sa_conv2d_bn_40_71_118_240_333_426_535_1_Pipeline_VITIS_LOOP_95_2_VITIS_LOOP_96_s_fu_1030/gmem4_addr_52_read_reg_849_reg[22]_0[0].  Did not re-place instance system_i/spike_accel_0/inst/grp_sa_ms_all_conv_block_185_1_fu_481/grp_sa_ms_standard_conv_inplace_fu_485/grp_sa_conv2d_bn_40_71_118_240_333_426_535_1_fu_221/grp_sa_conv2d_bn_40_71_118_240_333_426_535_1_Pipeline_VITIS_LOOP_95_2_VITIS_LOOP_96_s_fu_1030/mem_reg_i_886/O
INFO: [Physopt 32-662] Processed net system_i/spike_accel_0/inst/grp_sa_ms_all_conv_block_185_1_fu_481/grp_sa_ms_standard_conv_inplace_fu_485/grp_sa_conv2d_bn_40_71_118_240_333_426_535_1_fu_221/grp_sa_conv2d_bn_40_71_118_240_333_426_535_1_Pipeline_VITIS_LOOP_95_2_VITIS_LOOP_96_s_fu_1030/mem_reg_i_1018_n_2.  Did not re-place instance system_i/spike_accel_0/inst/grp_sa_ms_all_conv_block_185_1_fu_481/grp_sa_ms_standard_conv_inplace_fu_485/grp_sa_conv2d_bn_40_71_118_240_333_426_535_1_fu_221/grp_sa_conv2d_bn_40_71_118_240_333_426_535_1_Pipeline_VITIS_LOOP_95_2_VITIS_LOOP_96_s_fu_1030/mem_reg_i_1018/O
INFO: [Physopt 32-662] Processed net system_i/spike_accel_0/inst/grp_sa_ms_all_conv_block_185_1_fu_481/grp_sa_ms_standard_conv_inplace_fu_485/grp_sa_conv2d_bn_40_71_118_240_333_426_535_1_fu_221/grp_sa_conv2d_bn_40_71_118_240_333_426_535_1_Pipeline_VITIS_LOOP_95_2_VITIS_LOOP_96_s_fu_1030/gmem4_addr_52_read_reg_849_reg[22]_0[3].  Did not re-place instance system_i/spike_accel_0/inst/grp_sa_ms_all_conv_block_185_1_fu_481/grp_sa_ms_standard_conv_inplace_fu_485/grp_sa_conv2d_bn_40_71_118_240_333_426_535_1_fu_221/grp_sa_conv2d_bn_40_71_118_240_333_426_535_1_Pipeline_VITIS_LOOP_95_2_VITIS_LOOP_96_s_fu_1030/mem_reg_i_883/O
INFO: [Physopt 32-662] Processed net system_i/spike_accel_0/inst/grp_sa_ms_all_conv_block_185_1_fu_481/grp_sa_ms_standard_conv_inplace_fu_485/grp_sa_conv2d_bn_40_71_118_240_333_426_535_1_fu_221/grp_sa_conv2d_bn_40_71_118_240_333_426_535_1_Pipeline_VITIS_LOOP_95_2_VITIS_LOOP_96_s_fu_1030/mem_reg_i_1015_n_2.  Did not re-place instance system_i/spike_accel_0/inst/grp_sa_ms_all_conv_block_185_1_fu_481/grp_sa_ms_standard_conv_inplace_fu_485/grp_sa_conv2d_bn_40_71_118_240_333_426_535_1_fu_221/grp_sa_conv2d_bn_40_71_118_240_333_426_535_1_Pipeline_VITIS_LOOP_95_2_VITIS_LOOP_96_s_fu_1030/mem_reg_i_1015/O
INFO: [Physopt 32-662] Processed net system_i/spike_accel_0/inst/grp_sa_ms_all_conv_block_185_1_fu_481/grp_sa_ms_standard_conv_inplace_1_fu_570/grp_sa_conv2d_bn_40_71_118_240_333_426_535_1_fu_197/grp_sa_conv2d_bn_40_71_118_240_333_426_535_1_Pipeline_VITIS_LOOP_95_2_VITIS_LOOP_96_s_fu_1030/gmem4_addr_52_read_reg_849_reg[14]_0[0].  Did not re-place instance system_i/spike_accel_0/inst/grp_sa_ms_all_conv_block_185_1_fu_481/grp_sa_ms_standard_conv_inplace_1_fu_570/grp_sa_conv2d_bn_40_71_118_240_333_426_535_1_fu_197/grp_sa_conv2d_bn_40_71_118_240_333_426_535_1_Pipeline_VITIS_LOOP_95_2_VITIS_LOOP_96_s_fu_1030/mem_reg_i_730/O
INFO: [Physopt 32-662] Processed net system_i/spike_accel_0/inst/grp_sa_ms_all_conv_block_185_1_fu_481/grp_sa_ms_standard_conv_inplace_1_fu_570/grp_sa_conv2d_bn_40_71_118_240_333_426_535_1_fu_197/grp_sa_conv2d_bn_40_71_118_240_333_426_535_1_Pipeline_VITIS_LOOP_95_2_VITIS_LOOP_96_s_fu_1030/mem_reg_i_951_n_2.  Did not re-place instance system_i/spike_accel_0/inst/grp_sa_ms_all_conv_block_185_1_fu_481/grp_sa_ms_standard_conv_inplace_1_fu_570/grp_sa_conv2d_bn_40_71_118_240_333_426_535_1_fu_197/grp_sa_conv2d_bn_40_71_118_240_333_426_535_1_Pipeline_VITIS_LOOP_95_2_VITIS_LOOP_96_s_fu_1030/mem_reg_i_951/O
INFO: [Physopt 32-662] Processed net system_i/spike_accel_0/inst/grp_sa_ms_all_conv_block_185_1_fu_481/grp_sa_ms_standard_conv_inplace_1_fu_570/grp_sa_conv2d_bn_40_71_118_240_333_426_535_1_fu_197/grp_sa_conv2d_int_43_74_429_536_1_fu_1003/ap_CS_fsm_reg[13]_0[27].  Did not re-place instance system_i/spike_accel_0/inst/grp_sa_ms_all_conv_block_185_1_fu_481/grp_sa_ms_standard_conv_inplace_1_fu_570/grp_sa_conv2d_bn_40_71_118_240_333_426_535_1_fu_197/grp_sa_conv2d_int_43_74_429_536_1_fu_1003/mem_reg_i_415/O
INFO: [Physopt 32-662] Processed net system_i/spike_accel_0/inst/grp_sa_ms_all_conv_block_185_1_fu_481/grp_sa_ms_standard_conv_inplace_fu_485/grp_sa_conv2d_bn_40_71_118_240_333_426_535_1_fu_221/grp_sa_conv2d_int_43_74_429_536_1_fu_1003/ap_CS_fsm_reg[5]_28.  Did not re-place instance system_i/spike_accel_0/inst/grp_sa_ms_all_conv_block_185_1_fu_481/grp_sa_ms_standard_conv_inplace_fu_485/grp_sa_conv2d_bn_40_71_118_240_333_426_535_1_fu_221/grp_sa_conv2d_int_43_74_429_536_1_fu_1003/mem_reg_i_232/O
INFO: [Physopt 32-662] Processed net system_i/spike_accel_0/inst/grp_sa_ms_downsampling_199_1_fu_628/grp_sa_conv2d_bn_40_71_118_240_333_426_535_1_fu_199/grp_sa_conv2d_int_43_74_429_536_1_fu_1003/mem_reg_i_91_n_2.  Did not re-place instance system_i/spike_accel_0/inst/grp_sa_ms_downsampling_199_1_fu_628/grp_sa_conv2d_bn_40_71_118_240_333_426_535_1_fu_199/grp_sa_conv2d_int_43_74_429_536_1_fu_1003/mem_reg_i_91/O
INFO: [Physopt 32-661] Optimized 0 net.  Re-placed 0 instance.
INFO: [Physopt 32-775] End 1 Pass. Optimized 0 net or cell. Created 0 new cell, deleted 0 existing cell and moved 0 existing cell
Netlist sorting complete. Time (s): cpu = 00:00:00 ; elapsed = 00:00:00.035 . Memory (MB): peak = 3680.375 ; gain = 0.000
Phase 10 Multi Cell Placement Optimization | Checksum: 1ea5e0319

Time (s): cpu = 00:00:45 ; elapsed = 00:00:30 . Memory (MB): peak = 3680.375 ; gain = 7.656

Phase 11 Rewire
INFO: [Physopt 32-246] Starting Signal Push optimization...
INFO: [Physopt 32-241] No nets found for rewiring () optimization.
INFO: [Physopt 32-232] Optimized 0 net. Created 0 new instance.
INFO: [Physopt 32-775] End 1 Pass. Optimized 0 net or cell. Created 0 new cell, deleted 0 existing cell and moved 0 existing cell
Netlist sorting complete. Time (s): cpu = 00:00:00 ; elapsed = 00:00:00.034 . Memory (MB): peak = 3680.375 ; gain = 0.000
Phase 11 Rewire | Checksum: 1ea5e0319

Time (s): cpu = 00:00:45 ; elapsed = 00:00:31 . Memory (MB): peak = 3680.375 ; gain = 7.656

Phase 12 Critical Cell Optimization
INFO: [Physopt 32-46] Identified 30 candidate nets for critical-cell optimization.
INFO: [Physopt 32-571] Net system_i/spike_accel_0/inst/grp_sa_ms_all_conv_block_185_1_fu_481/grp_sa_ms_standard_conv_inplace_1_fu_570/grp_sa_conv2d_bn_40_71_118_240_333_426_535_1_fu_197/grp_sa_conv2d_bn_40_71_118_240_333_426_535_1_Pipeline_VITIS_LOOP_95_2_VITIS_LOOP_96_s_fu_1030/gmem4_addr_52_read_reg_849_reg[18]_0[3] was not replicated.
INFO: [Physopt 32-571] Net system_i/spike_accel_0/inst/grp_sa_conv2d_bn_40_71_118_240_333_426_1_fu_666/grp_sa_conv2d_int_43_74_429_1_fu_366/grp_sa_conv2d_int_43_74_429_1_Pipeline_VITIS_LOOP_97_7_VITIS_LOOP_98_8_VITIS_LOOP_99_fu_97/icmp_ln97_reg_7467_reg[0]_0 was not replicated.
INFO: [Physopt 32-571] Net system_i/spike_accel_0/inst/grp_sa_conv2d_bn_40_71_118_240_333_426_1_fu_666/grp_sa_conv2d_int_43_74_429_1_fu_366/grp_sa_conv2d_int_43_74_429_1_Pipeline_VITIS_LOOP_97_7_VITIS_LOOP_98_8_VITIS_LOOP_99_fu_97/p_305_in was not replicated.
INFO: [Physopt 32-571] Net system_i/spike_accel_0/inst/grp_sa_conv2d_bn_40_71_118_240_333_426_1_fu_666/grp_sa_conv2d_int_43_74_429_1_fu_366/grp_sa_conv2d_int_43_74_429_1_Pipeline_VITIS_LOOP_97_7_VITIS_LOOP_98_8_VITIS_LOOP_99_fu_97/mul_8s_8s_16_4_1_U408/ce155_out was not replicated.
INFO: [Physopt 32-571] Net system_i/spike_accel_0/inst/grp_sa_conv2d_bn_40_71_118_240_333_426_1_fu_666/grp_sa_conv2d_int_43_74_429_1_fu_366/grp_sa_conv2d_int_43_74_429_1_Pipeline_VITIS_LOOP_97_7_VITIS_LOOP_98_8_VITIS_LOOP_99_fu_97/m_axi_gmem2_ARVALID13304_out was not replicated.
INFO: [Physopt 32-571] Net system_i/spike_accel_0/inst/grp_sa_conv2d_bn_40_71_118_240_333_426_1_fu_666/grp_sa_conv2d_int_43_74_429_1_fu_366/grp_sa_conv2d_int_43_74_429_1_Pipeline_VITIS_LOOP_97_7_VITIS_LOOP_98_8_VITIS_LOOP_99_fu_97/mem_reg[5][10]_srl6_i_34_n_2 was not replicated.
INFO: [Physopt 32-571] Net system_i/spike_accel_0/inst/grp_sa_conv2d_bn_40_71_118_240_333_426_1_fu_666/grp_sa_conv2d_int_43_74_429_1_fu_366/grp_sa_conv2d_int_43_74_429_1_Pipeline_VITIS_LOOP_97_7_VITIS_LOOP_98_8_VITIS_LOOP_99_fu_97/mul_8s_8s_16_4_1_U408/ap_enable_reg_pp0_iter0_reg_reg was not replicated.
INFO: [Physopt 32-571] Net system_i/spike_accel_0/inst/grp_sa_ms_all_conv_block_185_1_fu_481/grp_sa_ms_standard_conv_inplace_fu_485/grp_sa_conv2d_bn_40_71_118_240_333_426_535_1_fu_221/grp_sa_conv2d_bn_40_71_118_240_333_426_535_1_Pipeline_VITIS_LOOP_95_2_VITIS_LOOP_96_s_fu_1030/gmem4_addr_52_read_reg_849_reg[14]_0[1] was not replicated.
INFO: [Physopt 32-571] Net system_i/spike_accel_0/inst/grp_sa_ms_all_conv_block_185_1_fu_481/grp_sa_ms_standard_conv_inplace_fu_485/grp_sa_conv2d_bn_40_71_118_240_333_426_535_1_fu_221/grp_sa_conv2d_bn_40_71_118_240_333_426_535_1_Pipeline_VITIS_LOOP_95_2_VITIS_LOOP_96_s_fu_1030/mem_reg_i_945_n_2 was not replicated.
INFO: [Physopt 32-571] Net system_i/spike_accel_0/inst/grp_sa_ms_all_conv_block_185_1_fu_481/grp_sa_ms_standard_conv_inplace_1_fu_570/grp_sa_conv2d_bn_40_71_118_240_333_426_535_1_fu_197/grp_sa_conv2d_bn_40_71_118_240_333_426_535_1_Pipeline_VITIS_LOOP_95_2_VITIS_LOOP_96_s_fu_1030/gmem4_addr_52_read_reg_849_reg[18]_0[1] was not replicated.
INFO: [Physopt 32-571] Net system_i/spike_accel_0/inst/grp_sa_ms_all_conv_block_185_1_fu_481/grp_sa_ms_standard_conv_inplace_1_fu_570/grp_sa_conv2d_bn_40_71_118_240_333_426_535_1_fu_197/grp_sa_conv2d_bn_40_71_118_240_333_426_535_1_Pipeline_VITIS_LOOP_95_2_VITIS_LOOP_96_s_fu_1030/gmem4_addr_52_read_reg_849_reg[22]_0[1] was not replicated.
INFO: [Physopt 32-571] Net system_i/spike_accel_0/inst/grp_sa_ms_all_conv_block_185_1_fu_481/grp_sa_ms_standard_conv_inplace_1_fu_570/grp_sa_conv2d_bn_40_71_118_240_333_426_535_1_fu_197/grp_sa_conv2d_bn_40_71_118_240_333_426_535_1_Pipeline_VITIS_LOOP_95_2_VITIS_LOOP_96_s_fu_1030/mem_reg_i_1021_n_2 was not replicated.
INFO: [Physopt 32-571] Net system_i/spike_accel_0/inst/grp_sa_ms_all_conv_block_185_1_fu_481/grp_sa_ms_standard_conv_inplace_1_fu_570/grp_sa_conv2d_bn_40_71_118_240_333_426_535_1_fu_197/grp_sa_conv2d_bn_40_71_118_240_333_426_535_1_Pipeline_VITIS_LOOP_95_2_VITIS_LOOP_96_s_fu_1030/mem_reg_i_1032_n_2 was not replicated.
INFO: [Physopt 32-571] Net system_i/spike_accel_0/inst/grp_sa_ms_all_conv_block_185_1_fu_481/grp_sa_ms_standard_conv_inplace_fu_485/grp_sa_conv2d_bn_40_71_118_240_333_426_535_1_fu_221/grp_sa_conv2d_bn_40_71_118_240_333_426_535_1_Pipeline_VITIS_LOOP_95_2_VITIS_LOOP_96_s_fu_1030/gmem4_addr_52_read_reg_849_reg[14]_0[3] was not replicated.
INFO: [Physopt 32-571] Net system_i/spike_accel_0/inst/grp_sa_ms_all_conv_block_185_1_fu_481/grp_sa_ms_standard_conv_inplace_fu_485/grp_sa_conv2d_bn_40_71_118_240_333_426_535_1_fu_221/grp_sa_conv2d_bn_40_71_118_240_333_426_535_1_Pipeline_VITIS_LOOP_95_2_VITIS_LOOP_96_s_fu_1030/gmem4_addr_52_read_reg_849_reg[6]_0[1] was not replicated.
INFO: [Physopt 32-571] Net system_i/spike_accel_0/inst/grp_sa_ms_all_conv_block_185_1_fu_481/grp_sa_ms_standard_conv_inplace_fu_485/grp_sa_conv2d_bn_40_71_118_240_333_426_535_1_fu_221/grp_sa_conv2d_bn_40_71_118_240_333_426_535_1_Pipeline_VITIS_LOOP_95_2_VITIS_LOOP_96_s_fu_1030/mem_reg_i_972_n_2 was not replicated.
INFO: [Physopt 32-571] Net system_i/spike_accel_0/inst/grp_sa_ms_all_conv_block_185_1_fu_481/grp_sa_ms_standard_conv_inplace_fu_485/grp_sa_conv2d_bn_40_71_118_240_333_426_535_1_fu_221/grp_sa_conv2d_bn_40_71_118_240_333_426_535_1_Pipeline_VITIS_LOOP_95_2_VITIS_LOOP_96_s_fu_1030/gmem4_addr_52_read_reg_849_reg[2]_0[3] was not replicated.
INFO: [Physopt 32-571] Net system_i/spike_accel_0/inst/grp_sa_ms_all_conv_block_185_1_fu_481/grp_sa_ms_standard_conv_inplace_fu_485/grp_sa_conv2d_bn_40_71_118_240_333_426_535_1_fu_221/grp_sa_conv2d_bn_40_71_118_240_333_426_535_1_Pipeline_VITIS_LOOP_95_2_VITIS_LOOP_96_s_fu_1030/mem_reg_i_982_n_2 was not replicated.
INFO: [Physopt 32-571] Net system_i/spike_accel_0/inst/grp_sa_ms_downsampling_199_1_fu_628/grp_sa_conv2d_bn_40_71_118_240_333_426_535_1_fu_199/grp_sa_conv2d_bn_40_71_118_240_333_426_535_1_Pipeline_VITIS_LOOP_95_2_VITIS_LOOP_96_s_fu_1030/gmem4_addr_52_read_reg_849_reg[6]_0[1] was not replicated.
INFO: [Physopt 32-571] Net system_i/spike_accel_0/inst/grp_sa_ms_downsampling_199_1_fu_628/grp_sa_conv2d_bn_40_71_118_240_333_426_535_1_fu_199/grp_sa_conv2d_bn_40_71_118_240_333_426_535_1_Pipeline_VITIS_LOOP_95_2_VITIS_LOOP_96_s_fu_1030/mem_reg_i_776_n_2 was not replicated.
INFO: [Physopt 32-571] Net system_i/spike_accel_0/inst/grp_sa_ms_all_conv_block_185_1_fu_481/grp_sa_ms_standard_conv_inplace_1_fu_570/grp_sa_conv2d_bn_40_71_118_240_333_426_535_1_fu_197/grp_sa_conv2d_bn_40_71_118_240_333_426_535_1_Pipeline_VITIS_LOOP_95_2_VITIS_LOOP_96_s_fu_1030/gmem4_addr_52_read_reg_849_reg[6]_0[0] was not replicated.
INFO: [Physopt 32-571] Net system_i/spike_accel_0/inst/grp_sa_ms_all_conv_block_185_1_fu_481/grp_sa_ms_standard_conv_inplace_1_fu_570/grp_sa_conv2d_bn_40_71_118_240_333_426_535_1_fu_197/grp_sa_conv2d_bn_40_71_118_240_333_426_535_1_Pipeline_VITIS_LOOP_95_2_VITIS_LOOP_96_s_fu_1030/mem_reg_i_977_n_2 was not replicated.
INFO: [Physopt 32-571] Net system_i/spike_accel_0/inst/grp_sa_ms_all_conv_block_185_1_fu_481/grp_sa_ms_standard_conv_inplace_1_fu_570/grp_sa_conv2d_bn_40_71_118_240_333_426_535_1_fu_197/grp_sa_conv2d_bn_40_71_118_240_333_426_535_1_Pipeline_VITIS_LOOP_95_2_VITIS_LOOP_96_s_fu_1030/gmem4_addr_52_read_reg_849_reg[10]_0[1] was not replicated.
INFO: [Physopt 32-571] Net system_i/spike_accel_0/inst/grp_sa_ms_all_conv_block_185_1_fu_481/grp_sa_ms_standard_conv_inplace_1_fu_570/grp_sa_conv2d_bn_40_71_118_240_333_426_535_1_fu_197/grp_sa_conv2d_bn_40_71_118_240_333_426_535_1_Pipeline_VITIS_LOOP_95_2_VITIS_LOOP_96_s_fu_1030/mem_reg_i_964_n_2 was not replicated.
INFO: [Physopt 32-571] Net system_i/spike_accel_0/inst/grp_sa_ms_all_conv_block_185_1_fu_481/grp_sa_ms_standard_conv_inplace_fu_485/grp_sa_conv2d_bn_40_71_118_240_333_426_535_1_fu_221/grp_sa_conv2d_bn_40_71_118_240_333_426_535_1_Pipeline_VITIS_LOOP_95_2_VITIS_LOOP_96_s_fu_1030/gmem4_addr_52_read_reg_849_reg[22]_0[2] was not replicated.
INFO: [Physopt 32-571] Net system_i/spike_accel_0/inst/grp_sa_ms_all_conv_block_185_1_fu_481/grp_sa_ms_standard_conv_inplace_fu_485/grp_sa_conv2d_bn_40_71_118_240_333_426_535_1_fu_221/grp_sa_conv2d_bn_40_71_118_240_333_426_535_1_Pipeline_VITIS_LOOP_95_2_VITIS_LOOP_96_s_fu_1030/mem_reg_i_1016_n_2 was not replicated.
INFO: [Physopt 32-571] Net system_i/spike_accel_0/inst/grp_sa_ms_all_conv_block_185_1_fu_481/grp_sa_ms_standard_conv_inplace_1_fu_570/grp_sa_conv2d_bn_40_71_118_240_333_426_535_1_fu_197/grp_sa_conv2d_bn_40_71_118_240_333_426_535_1_Pipeline_VITIS_LOOP_95_2_VITIS_LOOP_96_s_fu_1030/gmem4_addr_52_read_reg_849_reg[14]_0[1] was not replicated.
INFO: [Physopt 32-571] Net system_i/spike_accel_0/inst/grp_sa_ms_all_conv_block_185_1_fu_481/grp_sa_ms_standard_conv_inplace_1_fu_570/grp_sa_conv2d_bn_40_71_118_240_333_426_535_1_fu_197/grp_sa_conv2d_bn_40_71_118_240_333_426_535_1_Pipeline_VITIS_LOOP_95_2_VITIS_LOOP_96_s_fu_1030/mem_reg_i_950_n_2 was not replicated.
INFO: [Physopt 32-232] Optimized 0 net. Created 0 new instance.
INFO: [Physopt 32-775] End 1 Pass. Optimized 0 net or cell. Created 0 new cell, deleted 0 existing cell and moved 0 existing cell
Phase 12 Critical Cell Optimization | Checksum: 1ea5e0319

Time (s): cpu = 00:00:45 ; elapsed = 00:00:31 . Memory (MB): peak = 3680.375 ; gain = 7.656

Phase 13 SLR Crossing Optimization
Phase 13 SLR Crossing Optimization | Checksum: 1ea5e0319

Time (s): cpu = 00:00:45 ; elapsed = 00:00:31 . Memory (MB): peak = 3680.375 ; gain = 7.656

Phase 14 Fanout Optimization
INFO: [Physopt 32-64] No nets found for fanout-optimization.
INFO: [Physopt 32-232] Optimized 0 net. Created 0 new instance.
INFO: [Physopt 32-775] End 1 Pass. Optimized 0 net or cell. Created 0 new cell, deleted 0 existing cell and moved 0 existing cell
Phase 14 Fanout Optimization | Checksum: 1ea5e0319

Time (s): cpu = 00:00:45 ; elapsed = 00:00:31 . Memory (MB): peak = 3680.375 ; gain = 7.656

Phase 15 Single Cell Placement Optimization
INFO: [Physopt 32-660] Identified 250 candidate nets for placement-based optimization.
INFO: [Physopt 32-662] Processed net system_i/spike_accel_0/inst/grp_sa_ms_all_conv_block_185_1_fu_481/grp_sa_ms_standard_conv_inplace_fu_485/grp_sa_conv2d_bn_40_71_118_240_333_426_535_1_fu_221/grp_sa_conv2d_bn_40_71_118_240_333_426_535_1_Pipeline_VITIS_LOOP_95_2_VITIS_LOOP_96_s_fu_1030/gmem4_addr_52_read_reg_849_reg[10]_0[3].  Did not re-place instance system_i/spike_accel_0/inst/grp_sa_ms_all_conv_block_185_1_fu_481/grp_sa_ms_standard_conv_inplace_fu_485/grp_sa_conv2d_bn_40_71_118_240_333_426_535_1_fu_221/grp_sa_conv2d_bn_40_71_118_240_333_426_535_1_Pipeline_VITIS_LOOP_95_2_VITIS_LOOP_96_s_fu_1030/mem_reg_i_747
INFO: [Physopt 32-662] Processed net system_i/spike_accel_0/inst/grp_sa_ms_all_conv_block_185_1_fu_481/grp_sa_ms_standard_conv_inplace_fu_485/grp_sa_conv2d_bn_40_71_118_240_333_426_535_1_fu_221/grp_sa_conv2d_bn_40_71_118_240_333_426_535_1_Pipeline_VITIS_LOOP_95_2_VITIS_LOOP_96_s_fu_1030/mem_reg_i_958_n_2.  Did not re-place instance system_i/spike_accel_0/inst/grp_sa_ms_all_conv_block_185_1_fu_481/grp_sa_ms_standard_conv_inplace_fu_485/grp_sa_conv2d_bn_40_71_118_240_333_426_535_1_fu_221/grp_sa_conv2d_bn_40_71_118_240_333_426_535_1_Pipeline_VITIS_LOOP_95_2_VITIS_LOOP_96_s_fu_1030/mem_reg_i_958
INFO: [Physopt 32-662] Processed net system_i/spike_accel_0/inst/grp_sa_ms_all_conv_block_185_1_fu_481/grp_sa_ms_standard_conv_inplace_fu_485/grp_sa_conv2d_bn_40_71_118_240_333_426_535_1_fu_221/grp_sa_conv2d_bn_40_71_118_240_333_426_535_1_Pipeline_VITIS_LOOP_95_2_VITIS_LOOP_96_s_fu_1030/gmem4_addr_52_read_reg_849_reg[11]_0[3].  Did not re-place instance system_i/spike_accel_0/inst/grp_sa_ms_all_conv_block_185_1_fu_481/grp_sa_ms_standard_conv_inplace_fu_485/grp_sa_conv2d_bn_40_71_118_240_333_426_535_1_fu_221/grp_sa_conv2d_bn_40_71_118_240_333_426_535_1_Pipeline_VITIS_LOOP_95_2_VITIS_LOOP_96_s_fu_1030/mem_reg_i_751
INFO: [Physopt 32-662] Processed net system_i/spike_accel_0/inst/grp_sa_ms_all_conv_block_185_1_fu_481/grp_sa_ms_standard_conv_inplace_fu_485/grp_sa_conv2d_bn_40_71_118_240_333_426_535_1_fu_221/grp_sa_conv2d_int_43_74_429_536_1_fu_1003/ap_CS_fsm_reg[13]_0[3].  Did not re-place instance system_i/spike_accel_0/inst/grp_sa_ms_all_conv_block_185_1_fu_481/grp_sa_ms_standard_conv_inplace_fu_485/grp_sa_conv2d_bn_40_71_118_240_333_426_535_1_fu_221/grp_sa_conv2d_int_43_74_429_536_1_fu_1003/mem_reg_i_649
INFO: [Physopt 32-662] Processed net system_i/spike_accel_0/inst/grp_sa_ms_all_conv_block_185_1_fu_481/grp_sa_ms_standard_conv_inplace_fu_485/grp_sa_ms_standard_conv_inplace_Pipeline_VITIS_LOOP_36_1_VITIS_LOOP_37_2_fu_196/grp_sa_ms_standard_conv_inplace_fu_485_m_axi_gmem4_WDATA[24].  Did not re-place instance system_i/spike_accel_0/inst/grp_sa_ms_all_conv_block_185_1_fu_481/grp_sa_ms_standard_conv_inplace_fu_485/grp_sa_ms_standard_conv_inplace_Pipeline_VITIS_LOOP_36_1_VITIS_LOOP_37_2_fu_196/mem_reg_i_460
INFO: [Physopt 32-662] Processed net system_i/spike_accel_0/inst/grp_sa_ms_downsampling_199_1_fu_628/grp_sa_ms_downsampling_199_1_Pipeline_VITIS_LOOP_36_1_VITIS_LOOP_37_2_fu_174/din[3].  Did not re-place instance system_i/spike_accel_0/inst/grp_sa_ms_downsampling_199_1_fu_628/grp_sa_ms_downsampling_199_1_Pipeline_VITIS_LOOP_36_1_VITIS_LOOP_37_2_fu_174/mem_reg_i_27__0
INFO: [Physopt 32-662] Processed net system_i/spike_accel_0/inst/grp_sa_ms_downsampling_199_1_fu_628/grp_sa_ms_downsampling_199_1_Pipeline_VITIS_LOOP_36_1_VITIS_LOOP_37_2_fu_174/mem_reg_i_112__0_n_2.  Did not re-place instance system_i/spike_accel_0/inst/grp_sa_ms_downsampling_199_1_fu_628/grp_sa_ms_downsampling_199_1_Pipeline_VITIS_LOOP_36_1_VITIS_LOOP_37_2_fu_174/mem_reg_i_112__0
INFO: [Physopt 32-662] Processed net system_i/spike_accel_0/inst/grp_sa_ms_all_conv_block_185_1_fu_481/grp_sa_ms_standard_conv_inplace_fu_485/grp_sa_conv2d_bn_40_71_118_240_333_426_535_1_fu_221/grp_sa_conv2d_bn_40_71_118_240_333_426_535_1_Pipeline_VITIS_LOOP_95_2_VITIS_LOOP_96_s_fu_1030/gmem4_addr_52_read_reg_849_reg[6]_0[3].  Did not re-place instance system_i/spike_accel_0/inst/grp_sa_ms_all_conv_block_185_1_fu_481/grp_sa_ms_standard_conv_inplace_fu_485/grp_sa_conv2d_bn_40_71_118_240_333_426_535_1_fu_221/grp_sa_conv2d_bn_40_71_118_240_333_426_535_1_Pipeline_VITIS_LOOP_95_2_VITIS_LOOP_96_s_fu_1030/mem_reg_i_778
INFO: [Physopt 32-662] Processed net system_i/spike_accel_0/inst/grp_sa_ms_all_conv_block_185_1_fu_481/grp_sa_ms_standard_conv_inplace_fu_485/grp_sa_conv2d_bn_40_71_118_240_333_426_535_1_fu_221/grp_sa_conv2d_bn_40_71_118_240_333_426_535_1_Pipeline_VITIS_LOOP_95_2_VITIS_LOOP_96_s_fu_1030/mem_reg_i_970_n_2.  Did not re-place instance system_i/spike_accel_0/inst/grp_sa_ms_all_conv_block_185_1_fu_481/grp_sa_ms_standard_conv_inplace_fu_485/grp_sa_conv2d_bn_40_71_118_240_333_426_535_1_fu_221/grp_sa_conv2d_bn_40_71_118_240_333_426_535_1_Pipeline_VITIS_LOOP_95_2_VITIS_LOOP_96_s_fu_1030/mem_reg_i_970
INFO: [Physopt 32-662] Processed net system_i/spike_accel_0/inst/grp_sa_ms_all_conv_block_185_1_fu_481/grp_sa_ms_standard_conv_inplace_fu_485/grp_sa_conv2d_bn_40_71_118_240_333_426_535_1_fu_221/grp_sa_conv2d_bn_40_71_118_240_333_426_535_1_Pipeline_VITIS_LOOP_95_2_VITIS_LOOP_96_s_fu_1030/gmem4_addr_52_read_reg_849_reg[7]_0[3].  Did not re-place instance system_i/spike_accel_0/inst/grp_sa_ms_all_conv_block_185_1_fu_481/grp_sa_ms_standard_conv_inplace_fu_485/grp_sa_conv2d_bn_40_71_118_240_333_426_535_1_fu_221/grp_sa_conv2d_bn_40_71_118_240_333_426_535_1_Pipeline_VITIS_LOOP_95_2_VITIS_LOOP_96_s_fu_1030/mem_reg_i_782
INFO: [Physopt 32-662] Processed net system_i/spike_accel_0/inst/grp_sa_ms_all_conv_block_185_1_fu_481/grp_sa_ms_standard_conv_inplace_fu_485/grp_sa_conv2d_bn_40_71_118_240_333_426_535_1_fu_221/grp_sa_conv2d_bn_40_71_118_240_333_426_535_1_Pipeline_VITIS_LOOP_95_2_VITIS_LOOP_96_s_fu_1030/gmem4_addr_52_read_reg_849_reg[10]_0[2].  Did not re-place instance system_i/spike_accel_0/inst/grp_sa_ms_all_conv_block_185_1_fu_481/grp_sa_ms_standard_conv_inplace_fu_485/grp_sa_conv2d_bn_40_71_118_240_333_426_535_1_fu_221/grp_sa_conv2d_bn_40_71_118_240_333_426_535_1_Pipeline_VITIS_LOOP_95_2_VITIS_LOOP_96_s_fu_1030/mem_reg_i_748
INFO: [Physopt 32-662] Processed net system_i/spike_accel_0/inst/grp_sa_ms_all_conv_block_185_1_fu_481/grp_sa_ms_standard_conv_inplace_fu_485/grp_sa_conv2d_bn_40_71_118_240_333_426_535_1_fu_221/grp_sa_conv2d_bn_40_71_118_240_333_426_535_1_Pipeline_VITIS_LOOP_95_2_VITIS_LOOP_96_s_fu_1030/mem_reg_i_959_n_2.  Did not re-place instance system_i/spike_accel_0/inst/grp_sa_ms_all_conv_block_185_1_fu_481/grp_sa_ms_standard_conv_inplace_fu_485/grp_sa_conv2d_bn_40_71_118_240_333_426_535_1_fu_221/grp_sa_conv2d_bn_40_71_118_240_333_426_535_1_Pipeline_VITIS_LOOP_95_2_VITIS_LOOP_96_s_fu_1030/mem_reg_i_959
INFO: [Physopt 32-662] Processed net system_i/spike_accel_0/inst/grp_sa_ms_all_conv_block_185_1_fu_481/grp_sa_ms_standard_conv_inplace_fu_485/grp_sa_conv2d_bn_40_71_118_240_333_426_535_1_fu_221/grp_sa_conv2d_bn_40_71_118_240_333_426_535_1_Pipeline_VITIS_LOOP_95_2_VITIS_LOOP_96_s_fu_1030/gmem4_addr_52_read_reg_849_reg[11]_0[2].  Did not re-place instance system_i/spike_accel_0/inst/grp_sa_ms_all_conv_block_185_1_fu_481/grp_sa_ms_standard_conv_inplace_fu_485/grp_sa_conv2d_bn_40_71_118_240_333_426_535_1_fu_221/grp_sa_conv2d_bn_40_71_118_240_333_426_535_1_Pipeline_VITIS_LOOP_95_2_VITIS_LOOP_96_s_fu_1030/mem_reg_i_752
INFO: [Physopt 32-662] Processed net system_i/spike_accel_0/inst/grp_sa_ms_all_conv_block_185_1_fu_481/grp_sa_ms_standard_conv_inplace_fu_485/grp_sa_conv2d_bn_40_71_118_240_333_426_535_1_fu_221/grp_sa_conv2d_bn_40_71_118_240_333_426_535_1_Pipeline_VITIS_LOOP_95_2_VITIS_LOOP_96_s_fu_1030/gmem4_addr_52_read_reg_849_reg[10]_0[1].  Did not re-place instance system_i/spike_accel_0/inst/grp_sa_ms_all_conv_block_185_1_fu_481/grp_sa_ms_standard_conv_inplace_fu_485/grp_sa_conv2d_bn_40_71_118_240_333_426_535_1_fu_221/grp_sa_conv2d_bn_40_71_118_240_333_426_535_1_Pipeline_VITIS_LOOP_95_2_VITIS_LOOP_96_s_fu_1030/mem_reg_i_749
INFO: [Physopt 32-662] Processed net system_i/spike_accel_0/inst/grp_sa_ms_all_conv_block_185_1_fu_481/grp_sa_ms_standard_conv_inplace_fu_485/grp_sa_conv2d_bn_40_71_118_240_333_426_535_1_fu_221/grp_sa_conv2d_bn_40_71_118_240_333_426_535_1_Pipeline_VITIS_LOOP_95_2_VITIS_LOOP_96_s_fu_1030/mem_reg_i_960_n_2.  Did not re-place instance system_i/spike_accel_0/inst/grp_sa_ms_all_conv_block_185_1_fu_481/grp_sa_ms_standard_conv_inplace_fu_485/grp_sa_conv2d_bn_40_71_118_240_333_426_535_1_fu_221/grp_sa_conv2d_bn_40_71_118_240_333_426_535_1_Pipeline_VITIS_LOOP_95_2_VITIS_LOOP_96_s_fu_1030/mem_reg_i_960
INFO: [Physopt 32-662] Processed net system_i/spike_accel_0/inst/grp_sa_ms_all_conv_block_185_1_fu_481/grp_sa_ms_standard_conv_inplace_fu_485/grp_sa_conv2d_bn_40_71_118_240_333_426_535_1_fu_221/grp_sa_conv2d_bn_40_71_118_240_333_426_535_1_Pipeline_VITIS_LOOP_95_2_VITIS_LOOP_96_s_fu_1030/gmem4_addr_52_read_reg_849_reg[11]_0[1].  Did not re-place instance system_i/spike_accel_0/inst/grp_sa_ms_all_conv_block_185_1_fu_481/grp_sa_ms_standard_conv_inplace_fu_485/grp_sa_conv2d_bn_40_71_118_240_333_426_535_1_fu_221/grp_sa_conv2d_bn_40_71_118_240_333_426_535_1_Pipeline_VITIS_LOOP_95_2_VITIS_LOOP_96_s_fu_1030/mem_reg_i_753
INFO: [Physopt 32-662] Processed net system_i/spike_accel_0/inst/grp_sa_ms_all_conv_block_185_1_fu_481/grp_sa_ms_standard_conv_inplace_fu_485/grp_sa_conv2d_bn_40_71_118_240_333_426_535_1_fu_221/grp_sa_conv2d_bn_40_71_118_240_333_426_535_1_Pipeline_VITIS_LOOP_95_2_VITIS_LOOP_96_s_fu_1030/gmem4_addr_52_read_reg_849_reg[22]_0[1].  Did not re-place instance system_i/spike_accel_0/inst/grp_sa_ms_all_conv_block_185_1_fu_481/grp_sa_ms_standard_conv_inplace_fu_485/grp_sa_conv2d_bn_40_71_118_240_333_426_535_1_fu_221/grp_sa_conv2d_bn_40_71_118_240_333_426_535_1_Pipeline_VITIS_LOOP_95_2_VITIS_LOOP_96_s_fu_1030/mem_reg_i_885
INFO: [Physopt 32-662] Processed net system_i/spike_accel_0/inst/grp_sa_ms_all_conv_block_185_1_fu_481/grp_sa_ms_standard_conv_inplace_fu_485/grp_sa_conv2d_bn_40_71_118_240_333_426_535_1_fu_221/grp_sa_conv2d_bn_40_71_118_240_333_426_535_1_Pipeline_VITIS_LOOP_95_2_VITIS_LOOP_96_s_fu_1030/mem_reg_i_1017_n_2.  Did not re-place instance system_i/spike_accel_0/inst/grp_sa_ms_all_conv_block_185_1_fu_481/grp_sa_ms_standard_conv_inplace_fu_485/grp_sa_conv2d_bn_40_71_118_240_333_426_535_1_fu_221/grp_sa_conv2d_bn_40_71_118_240_333_426_535_1_Pipeline_VITIS_LOOP_95_2_VITIS_LOOP_96_s_fu_1030/mem_reg_i_1017
INFO: [Physopt 32-662] Processed net system_i/spike_accel_0/inst/grp_sa_ms_all_conv_block_185_1_fu_481/grp_sa_ms_standard_conv_inplace_fu_485/grp_sa_conv2d_bn_40_71_118_240_333_426_535_1_fu_221/grp_sa_conv2d_bn_40_71_118_240_333_426_535_1_Pipeline_VITIS_LOOP_95_2_VITIS_LOOP_96_s_fu_1030/gmem4_addr_52_read_reg_849_reg[23]_0[1].  Did not re-place instance system_i/spike_accel_0/inst/grp_sa_ms_all_conv_block_185_1_fu_481/grp_sa_ms_standard_conv_inplace_fu_485/grp_sa_conv2d_bn_40_71_118_240_333_426_535_1_fu_221/grp_sa_conv2d_bn_40_71_118_240_333_426_535_1_Pipeline_VITIS_LOOP_95_2_VITIS_LOOP_96_s_fu_1030/mem_reg_i_889
INFO: [Physopt 32-662] Processed net system_i/spike_accel_0/inst/grp_sa_ms_all_conv_block_185_1_fu_481/grp_sa_ms_standard_conv_inplace_fu_485/grp_sa_conv2d_bn_40_71_118_240_333_426_535_1_fu_221/grp_sa_conv2d_bn_40_71_118_240_333_426_535_1_Pipeline_VITIS_LOOP_95_2_VITIS_LOOP_96_s_fu_1030/gmem4_addr_52_read_reg_849_reg[18]_0[3].  Did not re-place instance system_i/spike_accel_0/inst/grp_sa_ms_all_conv_block_185_1_fu_481/grp_sa_ms_standard_conv_inplace_fu_485/grp_sa_conv2d_bn_40_71_118_240_333_426_535_1_fu_221/grp_sa_conv2d_bn_40_71_118_240_333_426_535_1_Pipeline_VITIS_LOOP_95_2_VITIS_LOOP_96_s_fu_1030/mem_reg_i_910
INFO: [Physopt 32-662] Processed net system_i/spike_accel_0/inst/grp_sa_ms_all_conv_block_185_1_fu_481/grp_sa_ms_standard_conv_inplace_fu_485/grp_sa_conv2d_bn_40_71_118_240_333_426_535_1_fu_221/grp_sa_conv2d_bn_40_71_118_240_333_426_535_1_Pipeline_VITIS_LOOP_95_2_VITIS_LOOP_96_s_fu_1030/mem_reg_i_1027_n_2.  Did not re-place instance system_i/spike_accel_0/inst/grp_sa_ms_all_conv_block_185_1_fu_481/grp_sa_ms_standard_conv_inplace_fu_485/grp_sa_conv2d_bn_40_71_118_240_333_426_535_1_fu_221/grp_sa_conv2d_bn_40_71_118_240_333_426_535_1_Pipeline_VITIS_LOOP_95_2_VITIS_LOOP_96_s_fu_1030/mem_reg_i_1027
INFO: [Physopt 32-662] Processed net system_i/spike_accel_0/inst/grp_sa_ms_all_conv_block_185_1_fu_481/grp_sa_ms_standard_conv_inplace_fu_485/grp_sa_conv2d_bn_40_71_118_240_333_426_535_1_fu_221/grp_sa_conv2d_bn_40_71_118_240_333_426_535_1_Pipeline_VITIS_LOOP_95_2_VITIS_LOOP_96_s_fu_1030/gmem4_addr_52_read_reg_849_reg[19]_0[3].  Did not re-place instance system_i/spike_accel_0/inst/grp_sa_ms_all_conv_block_185_1_fu_481/grp_sa_ms_standard_conv_inplace_fu_485/grp_sa_conv2d_bn_40_71_118_240_333_426_535_1_fu_221/grp_sa_conv2d_bn_40_71_118_240_333_426_535_1_Pipeline_VITIS_LOOP_95_2_VITIS_LOOP_96_s_fu_1030/mem_reg_i_914
INFO: [Physopt 32-662] Processed net system_i/spike_accel_0/inst/grp_sa_ms_all_conv_block_185_1_fu_481/grp_sa_ms_standard_conv_inplace_fu_485/grp_sa_conv2d_bn_40_71_118_240_333_426_535_1_fu_221/grp_sa_conv2d_bn_40_71_118_240_333_426_535_1_Pipeline_VITIS_LOOP_95_2_VITIS_LOOP_96_s_fu_1030/gmem4_addr_52_read_reg_849_reg[22]_0[0].  Did not re-place instance system_i/spike_accel_0/inst/grp_sa_ms_all_conv_block_185_1_fu_481/grp_sa_ms_standard_conv_inplace_fu_485/grp_sa_conv2d_bn_40_71_118_240_333_426_535_1_fu_221/grp_sa_conv2d_bn_40_71_118_240_333_426_535_1_Pipeline_VITIS_LOOP_95_2_VITIS_LOOP_96_s_fu_1030/mem_reg_i_886
INFO: [Physopt 32-662] Processed net system_i/spike_accel_0/inst/grp_sa_ms_all_conv_block_185_1_fu_481/grp_sa_ms_standard_conv_inplace_fu_485/grp_sa_conv2d_bn_40_71_118_240_333_426_535_1_fu_221/grp_sa_conv2d_bn_40_71_118_240_333_426_535_1_Pipeline_VITIS_LOOP_95_2_VITIS_LOOP_96_s_fu_1030/mem_reg_i_1018_n_2.  Did not re-place instance system_i/spike_accel_0/inst/grp_sa_ms_all_conv_block_185_1_fu_481/grp_sa_ms_standard_conv_inplace_fu_485/grp_sa_conv2d_bn_40_71_118_240_333_426_535_1_fu_221/grp_sa_conv2d_bn_40_71_118_240_333_426_535_1_Pipeline_VITIS_LOOP_95_2_VITIS_LOOP_96_s_fu_1030/mem_reg_i_1018
INFO: [Physopt 32-662] Processed net system_i/spike_accel_0/inst/grp_sa_ms_all_conv_block_185_1_fu_481/grp_sa_ms_standard_conv_inplace_fu_485/grp_sa_conv2d_bn_40_71_118_240_333_426_535_1_fu_221/grp_sa_conv2d_bn_40_71_118_240_333_426_535_1_Pipeline_VITIS_LOOP_95_2_VITIS_LOOP_96_s_fu_1030/gmem4_addr_52_read_reg_849_reg[23]_0[0].  Did not re-place instance system_i/spike_accel_0/inst/grp_sa_ms_all_conv_block_185_1_fu_481/grp_sa_ms_standard_conv_inplace_fu_485/grp_sa_conv2d_bn_40_71_118_240_333_426_535_1_fu_221/grp_sa_conv2d_bn_40_71_118_240_333_426_535_1_Pipeline_VITIS_LOOP_95_2_VITIS_LOOP_96_s_fu_1030/mem_reg_i_890
INFO: [Physopt 32-662] Processed net system_i/spike_accel_0/inst/grp_sa_ms_all_conv_block_185_1_fu_481/grp_sa_ms_standard_conv_inplace_fu_485/grp_sa_conv2d_bn_40_71_118_240_333_426_535_1_fu_221/grp_sa_conv2d_bn_40_71_118_240_333_426_535_1_Pipeline_VITIS_LOOP_95_2_VITIS_LOOP_96_s_fu_1030/gmem4_addr_52_read_reg_849_reg[22]_0[3].  Did not re-place instance system_i/spike_accel_0/inst/grp_sa_ms_all_conv_block_185_1_fu_481/grp_sa_ms_standard_conv_inplace_fu_485/grp_sa_conv2d_bn_40_71_118_240_333_426_535_1_fu_221/grp_sa_conv2d_bn_40_71_118_240_333_426_535_1_Pipeline_VITIS_LOOP_95_2_VITIS_LOOP_96_s_fu_1030/mem_reg_i_883
INFO: [Physopt 32-662] Processed net system_i/spike_accel_0/inst/grp_sa_ms_all_conv_block_185_1_fu_481/grp_sa_ms_standard_conv_inplace_fu_485/grp_sa_conv2d_bn_40_71_118_240_333_426_535_1_fu_221/grp_sa_conv2d_bn_40_71_118_240_333_426_535_1_Pipeline_VITIS_LOOP_95_2_VITIS_LOOP_96_s_fu_1030/mem_reg_i_1015_n_2.  Did not re-place instance system_i/spike_accel_0/inst/grp_sa_ms_all_conv_block_185_1_fu_481/grp_sa_ms_standard_conv_inplace_fu_485/grp_sa_conv2d_bn_40_71_118_240_333_426_535_1_fu_221/grp_sa_conv2d_bn_40_71_118_240_333_426_535_1_Pipeline_VITIS_LOOP_95_2_VITIS_LOOP_96_s_fu_1030/mem_reg_i_1015
INFO: [Physopt 32-662] Processed net system_i/spike_accel_0/inst/grp_sa_ms_all_conv_block_185_1_fu_481/grp_sa_ms_standard_conv_inplace_fu_485/grp_sa_conv2d_bn_40_71_118_240_333_426_535_1_fu_221/grp_sa_conv2d_bn_40_71_118_240_333_426_535_1_Pipeline_VITIS_LOOP_95_2_VITIS_LOOP_96_s_fu_1030/gmem4_addr_52_read_reg_849_reg[23]_0[3].  Did not re-place instance system_i/spike_accel_0/inst/grp_sa_ms_all_conv_block_185_1_fu_481/grp_sa_ms_standard_conv_inplace_fu_485/grp_sa_conv2d_bn_40_71_118_240_333_426_535_1_fu_221/grp_sa_conv2d_bn_40_71_118_240_333_426_535_1_Pipeline_VITIS_LOOP_95_2_VITIS_LOOP_96_s_fu_1030/mem_reg_i_887
INFO: [Physopt 32-662] Processed net system_i/spike_accel_0/inst/grp_sa_ms_all_conv_block_185_1_fu_481/grp_sa_ms_standard_conv_inplace_1_fu_570/grp_sa_conv2d_bn_40_71_118_240_333_426_535_1_fu_197/grp_sa_conv2d_bn_40_71_118_240_333_426_535_1_Pipeline_VITIS_LOOP_95_2_VITIS_LOOP_96_s_fu_1030/gmem4_addr_52_read_reg_849_reg[14]_0[0].  Did not re-place instance system_i/spike_accel_0/inst/grp_sa_ms_all_conv_block_185_1_fu_481/grp_sa_ms_standard_conv_inplace_1_fu_570/grp_sa_conv2d_bn_40_71_118_240_333_426_535_1_fu_197/grp_sa_conv2d_bn_40_71_118_240_333_426_535_1_Pipeline_VITIS_LOOP_95_2_VITIS_LOOP_96_s_fu_1030/mem_reg_i_730
INFO: [Physopt 32-662] Processed net system_i/spike_accel_0/inst/grp_sa_ms_all_conv_block_185_1_fu_481/grp_sa_ms_standard_conv_inplace_1_fu_570/grp_sa_conv2d_bn_40_71_118_240_333_426_535_1_fu_197/grp_sa_conv2d_bn_40_71_118_240_333_426_535_1_Pipeline_VITIS_LOOP_95_2_VITIS_LOOP_96_s_fu_1030/mem_reg_i_951_n_2.  Did not re-place instance system_i/spike_accel_0/inst/grp_sa_ms_all_conv_block_185_1_fu_481/grp_sa_ms_standard_conv_inplace_1_fu_570/grp_sa_conv2d_bn_40_71_118_240_333_426_535_1_fu_197/grp_sa_conv2d_bn_40_71_118_240_333_426_535_1_Pipeline_VITIS_LOOP_95_2_VITIS_LOOP_96_s_fu_1030/mem_reg_i_951
INFO: [Physopt 32-662] Processed net system_i/spike_accel_0/inst/grp_sa_ms_all_conv_block_185_1_fu_481/grp_sa_ms_standard_conv_inplace_1_fu_570/grp_sa_conv2d_bn_40_71_118_240_333_426_535_1_fu_197/grp_sa_conv2d_bn_40_71_118_240_333_426_535_1_Pipeline_VITIS_LOOP_95_2_VITIS_LOOP_96_s_fu_1030/gmem4_addr_52_read_reg_849_reg[15]_0[0].  Did not re-place instance system_i/spike_accel_0/inst/grp_sa_ms_all_conv_block_185_1_fu_481/grp_sa_ms_standard_conv_inplace_1_fu_570/grp_sa_conv2d_bn_40_71_118_240_333_426_535_1_fu_197/grp_sa_conv2d_bn_40_71_118_240_333_426_535_1_Pipeline_VITIS_LOOP_95_2_VITIS_LOOP_96_s_fu_1030/mem_reg_i_734
INFO: [Physopt 32-662] Processed net system_i/spike_accel_0/inst/grp_sa_ms_all_conv_block_185_1_fu_481/grp_sa_ms_standard_conv_inplace_1_fu_570/grp_sa_conv2d_bn_40_71_118_240_333_426_535_1_fu_197/grp_sa_conv2d_int_43_74_429_536_1_fu_1003/ap_CS_fsm_reg[13]_0[27].  Did not re-place instance system_i/spike_accel_0/inst/grp_sa_ms_all_conv_block_185_1_fu_481/grp_sa_ms_standard_conv_inplace_1_fu_570/grp_sa_conv2d_bn_40_71_118_240_333_426_535_1_fu_197/grp_sa_conv2d_int_43_74_429_536_1_fu_1003/mem_reg_i_415
INFO: [Physopt 32-662] Processed net system_i/spike_accel_0/inst/grp_sa_ms_all_conv_block_185_1_fu_481/grp_sa_ms_standard_conv_inplace_fu_485/grp_sa_conv2d_bn_40_71_118_240_333_426_535_1_fu_221/grp_sa_conv2d_int_43_74_429_536_1_fu_1003/ap_CS_fsm_reg[5]_28.  Did not re-place instance system_i/spike_accel_0/inst/grp_sa_ms_all_conv_block_185_1_fu_481/grp_sa_ms_standard_conv_inplace_fu_485/grp_sa_conv2d_bn_40_71_118_240_333_426_535_1_fu_221/grp_sa_conv2d_int_43_74_429_536_1_fu_1003/mem_reg_i_232
INFO: [Physopt 32-662] Processed net system_i/spike_accel_0/inst/grp_sa_ms_downsampling_199_1_fu_628/grp_sa_conv2d_bn_40_71_118_240_333_426_535_1_fu_199/grp_sa_conv2d_int_43_74_429_536_1_fu_1003/din[27].  Did not re-place instance system_i/spike_accel_0/inst/grp_sa_ms_downsampling_199_1_fu_628/grp_sa_conv2d_bn_40_71_118_240_333_426_535_1_fu_199/grp_sa_conv2d_int_43_74_429_536_1_fu_1003/mem_reg_i_20__0
INFO: [Physopt 32-662] Processed net system_i/spike_accel_0/inst/grp_sa_ms_downsampling_199_1_fu_628/grp_sa_conv2d_bn_40_71_118_240_333_426_535_1_fu_199/grp_sa_conv2d_int_43_74_429_536_1_fu_1003/mem_reg_i_91_n_2.  Did not re-place instance system_i/spike_accel_0/inst/grp_sa_ms_downsampling_199_1_fu_628/grp_sa_conv2d_bn_40_71_118_240_333_426_535_1_fu_199/grp_sa_conv2d_int_43_74_429_536_1_fu_1003/mem_reg_i_91
INFO: [Physopt 32-662] Processed net system_i/spike_accel_0/inst/grp_sa_ms_all_conv_block_185_1_fu_481/grp_sa_ms_standard_conv_inplace_fu_485/grp_sa_conv2d_bn_40_71_118_240_333_426_535_1_fu_221/grp_sa_conv2d_bn_40_71_118_240_333_426_535_1_Pipeline_VITIS_LOOP_95_2_VITIS_LOOP_96_s_fu_1030/gmem4_addr_52_read_reg_849_reg[18]_0[0].  Did not re-place instance system_i/spike_accel_0/inst/grp_sa_ms_all_conv_block_185_1_fu_481/grp_sa_ms_standard_conv_inplace_fu_485/grp_sa_conv2d_bn_40_71_118_240_333_426_535_1_fu_221/grp_sa_conv2d_bn_40_71_118_240_333_426_535_1_Pipeline_VITIS_LOOP_95_2_VITIS_LOOP_96_s_fu_1030/mem_reg_i_913
INFO: [Physopt 32-662] Processed net system_i/spike_accel_0/inst/grp_sa_ms_all_conv_block_185_1_fu_481/grp_sa_ms_standard_conv_inplace_fu_485/grp_sa_conv2d_bn_40_71_118_240_333_426_535_1_fu_221/grp_sa_conv2d_bn_40_71_118_240_333_426_535_1_Pipeline_VITIS_LOOP_95_2_VITIS_LOOP_96_s_fu_1030/mem_reg_i_947_n_2.  Did not re-place instance system_i/spike_accel_0/inst/grp_sa_ms_all_conv_block_185_1_fu_481/grp_sa_ms_standard_conv_inplace_fu_485/grp_sa_conv2d_bn_40_71_118_240_333_426_535_1_fu_221/grp_sa_conv2d_bn_40_71_118_240_333_426_535_1_Pipeline_VITIS_LOOP_95_2_VITIS_LOOP_96_s_fu_1030/mem_reg_i_947
INFO: [Physopt 32-662] Processed net system_i/spike_accel_0/inst/grp_sa_ms_all_conv_block_185_1_fu_481/grp_sa_ms_standard_conv_inplace_fu_485/grp_sa_conv2d_bn_40_71_118_240_333_426_535_1_fu_221/grp_sa_conv2d_bn_40_71_118_240_333_426_535_1_Pipeline_VITIS_LOOP_95_2_VITIS_LOOP_96_s_fu_1030/gmem4_addr_52_read_reg_849_reg[18]_0[1].  Did not re-place instance system_i/spike_accel_0/inst/grp_sa_ms_all_conv_block_185_1_fu_481/grp_sa_ms_standard_conv_inplace_fu_485/grp_sa_conv2d_bn_40_71_118_240_333_426_535_1_fu_221/grp_sa_conv2d_bn_40_71_118_240_333_426_535_1_Pipeline_VITIS_LOOP_95_2_VITIS_LOOP_96_s_fu_1030/mem_reg_i_912
INFO: [Physopt 32-662] Processed net system_i/spike_accel_0/inst/grp_sa_ms_all_conv_block_185_1_fu_481/grp_sa_ms_standard_conv_inplace_fu_485/grp_sa_conv2d_bn_40_71_118_240_333_426_535_1_fu_221/grp_sa_conv2d_bn_40_71_118_240_333_426_535_1_Pipeline_VITIS_LOOP_95_2_VITIS_LOOP_96_s_fu_1030/mem_reg_i_1029_n_2.  Did not re-place instance system_i/spike_accel_0/inst/grp_sa_ms_all_conv_block_185_1_fu_481/grp_sa_ms_standard_conv_inplace_fu_485/grp_sa_conv2d_bn_40_71_118_240_333_426_535_1_fu_221/grp_sa_conv2d_bn_40_71_118_240_333_426_535_1_Pipeline_VITIS_LOOP_95_2_VITIS_LOOP_96_s_fu_1030/mem_reg_i_1029
INFO: [Physopt 32-662] Processed net system_i/spike_accel_0/inst/grp_sa_ms_all_conv_block_185_1_fu_481/grp_sa_ms_standard_conv_inplace_fu_485/grp_sa_conv2d_bn_40_71_118_240_333_426_535_1_fu_221/grp_sa_conv2d_bn_40_71_118_240_333_426_535_1_Pipeline_VITIS_LOOP_95_2_VITIS_LOOP_96_s_fu_1030/gmem4_addr_52_read_reg_849_reg[19]_0[1].  Did not re-place instance system_i/spike_accel_0/inst/grp_sa_ms_all_conv_block_185_1_fu_481/grp_sa_ms_standard_conv_inplace_fu_485/grp_sa_conv2d_bn_40_71_118_240_333_426_535_1_fu_221/grp_sa_conv2d_bn_40_71_118_240_333_426_535_1_Pipeline_VITIS_LOOP_95_2_VITIS_LOOP_96_s_fu_1030/mem_reg_i_916
INFO: [Physopt 32-662] Processed net system_i/spike_accel_0/inst/grp_sa_ms_all_conv_block_185_1_fu_481/grp_sa_ms_all_conv_block_185_1_Pipeline_VITIS_LOOP_85_11_fu_608/grp_sa_ms_all_conv_block_185_1_fu_481_m_axi_gmem3_WDATA[15].  Did not re-place instance system_i/spike_accel_0/inst/grp_sa_ms_all_conv_block_185_1_fu_481/grp_sa_ms_all_conv_block_185_1_Pipeline_VITIS_LOOP_85_11_fu_608/mem_reg_i_103
INFO: [Physopt 32-662] Processed net system_i/spike_accel_0/inst/grp_sa_ms_all_conv_block_185_1_fu_481/grp_sa_ms_all_conv_block_185_1_Pipeline_VITIS_LOOP_85_1_fu_552/mem_reg_i_241_n_2.  Did not re-place instance system_i/spike_accel_0/inst/grp_sa_ms_all_conv_block_185_1_fu_481/grp_sa_ms_all_conv_block_185_1_Pipeline_VITIS_LOOP_85_1_fu_552/mem_reg_i_241
INFO: [Physopt 32-662] Processed net system_i/spike_accel_0/inst/grp_sa_ms_all_conv_block_185_1_fu_481/grp_sa_ms_standard_conv_inplace_fu_485/grp_sa_conv2d_bn_40_71_118_240_333_426_535_1_fu_221/grp_sa_conv2d_bn_40_71_118_240_333_426_535_1_Pipeline_VITIS_LOOP_116_7_fu_1058/ap_CS_fsm_reg[8]_14.  Did not re-place instance system_i/spike_accel_0/inst/grp_sa_ms_all_conv_block_185_1_fu_481/grp_sa_ms_standard_conv_inplace_fu_485/grp_sa_conv2d_bn_40_71_118_240_333_426_535_1_fu_221/grp_sa_conv2d_bn_40_71_118_240_333_426_535_1_Pipeline_VITIS_LOOP_116_7_fu_1058/mem_reg_i_139
INFO: [Physopt 32-662] Processed net system_i/spike_accel_0/inst/grp_sa_ms_downsampling_199_1_fu_628/grp_sa_conv2d_bn_40_71_118_240_333_426_535_1_fu_199/grp_sa_conv2d_bn_40_71_118_240_333_426_535_1_Pipeline_VITIS_LOOP_116_7_fu_1058/mem_reg_i_37__1_n_2.  Did not re-place instance system_i/spike_accel_0/inst/grp_sa_ms_downsampling_199_1_fu_628/grp_sa_conv2d_bn_40_71_118_240_333_426_535_1_fu_199/grp_sa_conv2d_bn_40_71_118_240_333_426_535_1_Pipeline_VITIS_LOOP_116_7_fu_1058/mem_reg_i_37__1
INFO: [Physopt 32-662] Processed net system_i/spike_accel_0/inst/grp_sa_ms_downsampling_199_1_fu_628/grp_sa_conv2d_bn_40_71_118_240_333_426_535_1_fu_199/grp_sa_conv2d_bn_40_71_118_240_333_426_535_1_Pipeline_VITIS_LOOP_116_7_fu_1058/v_25_reg_447_reg[31]_0[15].  Did not re-place instance system_i/spike_accel_0/inst/grp_sa_ms_downsampling_199_1_fu_628/grp_sa_conv2d_bn_40_71_118_240_333_426_535_1_fu_199/grp_sa_conv2d_bn_40_71_118_240_333_426_535_1_Pipeline_VITIS_LOOP_116_7_fu_1058/mem_reg_i_4__3
INFO: [Physopt 32-662] Processed net system_i/spike_accel_0/inst/grp_sa_ms_all_conv_block_185_1_fu_481/grp_sa_ms_standard_conv_inplace_1_fu_570/grp_sa_conv2d_bn_40_71_118_240_333_426_535_1_fu_197/grp_sa_conv2d_bn_40_71_118_240_333_426_535_1_Pipeline_VITIS_LOOP_95_2_VITIS_LOOP_96_s_fu_1030/gmem4_addr_52_read_reg_849_reg[10]_0[2].  Did not re-place instance system_i/spike_accel_0/inst/grp_sa_ms_all_conv_block_185_1_fu_481/grp_sa_ms_standard_conv_inplace_1_fu_570/grp_sa_conv2d_bn_40_71_118_240_333_426_535_1_fu_197/grp_sa_conv2d_bn_40_71_118_240_333_426_535_1_Pipeline_VITIS_LOOP_95_2_VITIS_LOOP_96_s_fu_1030/mem_reg_i_756
INFO: [Physopt 32-662] Processed net system_i/spike_accel_0/inst/grp_sa_ms_all_conv_block_185_1_fu_481/grp_sa_ms_standard_conv_inplace_1_fu_570/grp_sa_conv2d_bn_40_71_118_240_333_426_535_1_fu_197/grp_sa_conv2d_bn_40_71_118_240_333_426_535_1_Pipeline_VITIS_LOOP_95_2_VITIS_LOOP_96_s_fu_1030/mem_reg_i_963_n_2.  Did not re-place instance system_i/spike_accel_0/inst/grp_sa_ms_all_conv_block_185_1_fu_481/grp_sa_ms_standard_conv_inplace_1_fu_570/grp_sa_conv2d_bn_40_71_118_240_333_426_535_1_fu_197/grp_sa_conv2d_bn_40_71_118_240_333_426_535_1_Pipeline_VITIS_LOOP_95_2_VITIS_LOOP_96_s_fu_1030/mem_reg_i_963
INFO: [Physopt 32-662] Processed net system_i/spike_accel_0/inst/grp_sa_ms_downsampling_199_1_fu_628/grp_sa_conv2d_bn_40_71_118_240_333_426_535_1_fu_199/grp_sa_conv2d_bn_40_71_118_240_333_426_535_1_Pipeline_VITIS_LOOP_95_2_VITIS_LOOP_96_s_fu_1030/gmem4_addr_52_read_reg_849_reg[10]_0[1].  Did not re-place instance system_i/spike_accel_0/inst/grp_sa_ms_downsampling_199_1_fu_628/grp_sa_conv2d_bn_40_71_118_240_333_426_535_1_fu_199/grp_sa_conv2d_bn_40_71_118_240_333_426_535_1_Pipeline_VITIS_LOOP_95_2_VITIS_LOOP_96_s_fu_1030/mem_reg_i_561
INFO: [Physopt 32-662] Processed net system_i/spike_accel_0/inst/grp_sa_ms_downsampling_199_1_fu_628/grp_sa_conv2d_bn_40_71_118_240_333_426_535_1_fu_199/grp_sa_conv2d_bn_40_71_118_240_333_426_535_1_Pipeline_VITIS_LOOP_95_2_VITIS_LOOP_96_s_fu_1030/mem_reg_i_745_n_2.  Did not re-place instance system_i/spike_accel_0/inst/grp_sa_ms_downsampling_199_1_fu_628/grp_sa_conv2d_bn_40_71_118_240_333_426_535_1_fu_199/grp_sa_conv2d_bn_40_71_118_240_333_426_535_1_Pipeline_VITIS_LOOP_95_2_VITIS_LOOP_96_s_fu_1030/mem_reg_i_745
INFO: [Physopt 32-662] Processed net system_i/spike_accel_0/inst/grp_sa_ms_downsampling_199_1_fu_628/grp_sa_conv2d_bn_40_71_118_240_333_426_535_1_fu_199/grp_sa_conv2d_bn_40_71_118_240_333_426_535_1_Pipeline_VITIS_LOOP_95_2_VITIS_LOOP_96_s_fu_1030/gmem4_addr_52_read_reg_849_reg[11]_0[1].  Did not re-place instance system_i/spike_accel_0/inst/grp_sa_ms_downsampling_199_1_fu_628/grp_sa_conv2d_bn_40_71_118_240_333_426_535_1_fu_199/grp_sa_conv2d_bn_40_71_118_240_333_426_535_1_Pipeline_VITIS_LOOP_95_2_VITIS_LOOP_96_s_fu_1030/mem_reg_i_565
INFO: [Physopt 32-662] Processed net system_i/spike_accel_0/inst/grp_sa_ms_downsampling_199_1_fu_628/grp_sa_conv2d_bn_40_71_118_240_333_426_535_1_fu_199/grp_sa_conv2d_int_43_74_429_536_1_fu_1003/grp_sa_conv2d_bn_40_71_118_240_333_426_535_1_fu_199_m_axi_gmem4_WDATA[2].  Did not re-place instance system_i/spike_accel_0/inst/grp_sa_ms_downsampling_199_1_fu_628/grp_sa_conv2d_bn_40_71_118_240_333_426_535_1_fu_199/grp_sa_conv2d_int_43_74_429_536_1_fu_1003/mem_reg_i_511
INFO: [Physopt 32-662] Processed net system_i/spike_accel_0/inst/grp_sa_ms_downsampling_199_1_fu_628/grp_sa_ms_downsampling_199_1_Pipeline_VITIS_LOOP_36_1_VITIS_LOOP_37_2_fu_174/din[2].  Did not re-place instance system_i/spike_accel_0/inst/grp_sa_ms_downsampling_199_1_fu_628/grp_sa_ms_downsampling_199_1_Pipeline_VITIS_LOOP_36_1_VITIS_LOOP_37_2_fu_174/mem_reg_i_35__0
INFO: [Physopt 32-662] Processed net system_i/spike_accel_0/inst/grp_sa_ms_downsampling_199_1_fu_628/grp_sa_ms_downsampling_199_1_Pipeline_VITIS_LOOP_36_1_VITIS_LOOP_37_2_fu_174/grp_sa_ms_downsampling_199_1_fu_628_m_axi_gmem4_WDATA[16].  Did not re-place instance system_i/spike_accel_0/inst/grp_sa_ms_downsampling_199_1_fu_628/grp_sa_ms_downsampling_199_1_Pipeline_VITIS_LOOP_36_1_VITIS_LOOP_37_2_fu_174/mem_reg_i_289
INFO: [Physopt 32-662] Processed net system_i/spike_accel_0/inst/grp_sa_ms_downsampling_199_1_fu_628/grp_sa_ms_downsampling_199_1_Pipeline_VITIS_LOOP_36_1_VITIS_LOOP_37_2_fu_174/mem_reg_i_137__0_n_2.  Did not re-place instance system_i/spike_accel_0/inst/grp_sa_ms_downsampling_199_1_fu_628/grp_sa_ms_downsampling_199_1_Pipeline_VITIS_LOOP_36_1_VITIS_LOOP_37_2_fu_174/mem_reg_i_137__0
INFO: [Physopt 32-662] Processed net system_i/spike_accel_0/inst/grp_sa_ms_all_conv_block_185_1_fu_481/grp_sa_ms_all_conv_block_185_1_Pipeline_VITIS_LOOP_85_1_fu_552/mem_reg_i_242_n_2.  Did not re-place instance system_i/spike_accel_0/inst/grp_sa_ms_all_conv_block_185_1_fu_481/grp_sa_ms_all_conv_block_185_1_Pipeline_VITIS_LOOP_85_1_fu_552/mem_reg_i_242
INFO: [Physopt 32-662] Processed net system_i/spike_accel_0/inst/grp_sa_ms_all_conv_block_185_1_fu_481/grp_sa_ms_standard_conv_inplace_1_fu_570/grp_sa_conv2d_bn_40_71_118_240_333_426_535_1_fu_197/grp_sa_conv2d_bn_40_71_118_240_333_426_535_1_Pipeline_VITIS_LOOP_95_2_VITIS_LOOP_96_s_fu_1030/gmem4_addr_52_read_reg_849_reg[18]_0[3].  Did not re-place instance system_i/spike_accel_0/inst/grp_sa_ms_all_conv_block_185_1_fu_481/grp_sa_ms_standard_conv_inplace_1_fu_570/grp_sa_conv2d_bn_40_71_118_240_333_426_535_1_fu_197/grp_sa_conv2d_bn_40_71_118_240_333_426_535_1_Pipeline_VITIS_LOOP_95_2_VITIS_LOOP_96_s_fu_1030/mem_reg_i_918
INFO: [Physopt 32-662] Processed net system_i/spike_accel_0/inst/grp_sa_ms_all_conv_block_185_1_fu_481/grp_sa_ms_standard_conv_inplace_1_fu_570/grp_sa_conv2d_bn_40_71_118_240_333_426_535_1_fu_197/grp_sa_conv2d_bn_40_71_118_240_333_426_535_1_Pipeline_VITIS_LOOP_95_2_VITIS_LOOP_96_s_fu_1030/mem_reg_i_1030_n_2.  Did not re-place instance system_i/spike_accel_0/inst/grp_sa_ms_all_conv_block_185_1_fu_481/grp_sa_ms_standard_conv_inplace_1_fu_570/grp_sa_conv2d_bn_40_71_118_240_333_426_535_1_fu_197/grp_sa_conv2d_bn_40_71_118_240_333_426_535_1_Pipeline_VITIS_LOOP_95_2_VITIS_LOOP_96_s_fu_1030/mem_reg_i_1030
INFO: [Physopt 32-662] Processed net system_i/spike_accel_0/inst/grp_sa_ms_all_conv_block_185_1_fu_481/grp_sa_ms_standard_conv_inplace_1_fu_570/grp_sa_conv2d_bn_40_71_118_240_333_426_535_1_fu_197/grp_sa_conv2d_bn_40_71_118_240_333_426_535_1_Pipeline_VITIS_LOOP_95_2_VITIS_LOOP_96_s_fu_1030/gmem4_addr_52_read_reg_849_reg[19]_0[3].  Did not re-place instance system_i/spike_accel_0/inst/grp_sa_ms_all_conv_block_185_1_fu_481/grp_sa_ms_standard_conv_inplace_1_fu_570/grp_sa_conv2d_bn_40_71_118_240_333_426_535_1_fu_197/grp_sa_conv2d_bn_40_71_118_240_333_426_535_1_Pipeline_VITIS_LOOP_95_2_VITIS_LOOP_96_s_fu_1030/mem_reg_i_922
INFO: [Physopt 32-662] Processed net system_i/spike_accel_0/inst/grp_sa_conv2d_bn_40_71_118_240_333_426_1_fu_666/grp_sa_conv2d_int_43_74_429_1_fu_366/grp_sa_conv2d_int_43_74_429_1_Pipeline_VITIS_LOOP_97_7_VITIS_LOOP_98_8_VITIS_LOOP_99_fu_97/icmp_ln97_reg_7467_reg[0]_0.  Did not re-place instance system_i/spike_accel_0/inst/grp_sa_conv2d_bn_40_71_118_240_333_426_1_fu_666/grp_sa_conv2d_int_43_74_429_1_fu_366/grp_sa_conv2d_int_43_74_429_1_Pipeline_VITIS_LOOP_97_7_VITIS_LOOP_98_8_VITIS_LOOP_99_fu_97/icmp_ln97_reg_7467_reg[0]
INFO: [Physopt 32-662] Processed net system_i/spike_accel_0/inst/grp_sa_conv2d_bn_40_71_118_240_333_426_1_fu_666/grp_sa_conv2d_int_43_74_429_1_fu_366/grp_sa_conv2d_int_43_74_429_1_Pipeline_VITIS_LOOP_97_7_VITIS_LOOP_98_8_VITIS_LOOP_99_fu_97/p_305_in.  Did not re-place instance system_i/spike_accel_0/inst/grp_sa_conv2d_bn_40_71_118_240_333_426_1_fu_666/grp_sa_conv2d_int_43_74_429_1_fu_366/grp_sa_conv2d_int_43_74_429_1_Pipeline_VITIS_LOOP_97_7_VITIS_LOOP_98_8_VITIS_LOOP_99_fu_97/gmem2_addr_14_reg_8343[62]_i_4
INFO: [Physopt 32-662] Processed net system_i/spike_accel_0/inst/grp_sa_conv2d_bn_40_71_118_240_333_426_1_fu_666/grp_sa_conv2d_int_43_74_429_1_fu_366/grp_sa_conv2d_int_43_74_429_1_Pipeline_VITIS_LOOP_97_7_VITIS_LOOP_98_8_VITIS_LOOP_99_fu_97/mul_8s_8s_16_4_1_U408/ce155_out.  Did not re-place instance system_i/spike_accel_0/inst/grp_sa_conv2d_bn_40_71_118_240_333_426_1_fu_666/grp_sa_conv2d_int_43_74_429_1_fu_366/grp_sa_conv2d_int_43_74_429_1_Pipeline_VITIS_LOOP_97_7_VITIS_LOOP_98_8_VITIS_LOOP_99_fu_97/mul_8s_8s_16_4_1_U408/gmem2_addr_13_reg_8312[62]_i_1
INFO: [Physopt 32-662] Processed net system_i/spike_accel_0/inst/grp_sa_conv2d_bn_40_71_118_240_333_426_1_fu_666/grp_sa_conv2d_int_43_74_429_1_fu_366/grp_sa_conv2d_int_43_74_429_1_Pipeline_VITIS_LOOP_97_7_VITIS_LOOP_98_8_VITIS_LOOP_99_fu_97/m_axi_gmem2_ARVALID13304_out.  Did not re-place instance system_i/spike_accel_0/inst/grp_sa_conv2d_bn_40_71_118_240_333_426_1_fu_666/grp_sa_conv2d_int_43_74_429_1_fu_366/grp_sa_conv2d_int_43_74_429_1_Pipeline_VITIS_LOOP_97_7_VITIS_LOOP_98_8_VITIS_LOOP_99_fu_97/mem_reg[5][25]_srl6_i_30
INFO: [Physopt 32-662] Processed net system_i/spike_accel_0/inst/grp_sa_conv2d_bn_40_71_118_240_333_426_1_fu_666/grp_sa_conv2d_int_43_74_429_1_fu_366/grp_sa_conv2d_int_43_74_429_1_Pipeline_VITIS_LOOP_97_7_VITIS_LOOP_98_8_VITIS_LOOP_99_fu_97/mem_reg[5][10]_srl6_i_34_n_2.  Did not re-place instance system_i/spike_accel_0/inst/grp_sa_conv2d_bn_40_71_118_240_333_426_1_fu_666/grp_sa_conv2d_int_43_74_429_1_fu_366/grp_sa_conv2d_int_43_74_429_1_Pipeline_VITIS_LOOP_97_7_VITIS_LOOP_98_8_VITIS_LOOP_99_fu_97/mem_reg[5][10]_srl6_i_34
INFO: [Physopt 32-662] Processed net system_i/spike_accel_0/inst/grp_sa_conv2d_bn_40_71_118_240_333_426_1_fu_666/grp_sa_conv2d_int_43_74_429_1_fu_366/grp_sa_conv2d_int_43_74_429_1_Pipeline_VITIS_LOOP_97_7_VITIS_LOOP_98_8_VITIS_LOOP_99_fu_97/mul_8s_8s_16_4_1_U408/ap_enable_reg_pp0_iter0_reg_reg.  Did not re-place instance system_i/spike_accel_0/inst/grp_sa_conv2d_bn_40_71_118_240_333_426_1_fu_666/grp_sa_conv2d_int_43_74_429_1_fu_366/grp_sa_conv2d_int_43_74_429_1_Pipeline_VITIS_LOOP_97_7_VITIS_LOOP_98_8_VITIS_LOOP_99_fu_97/mul_8s_8s_16_4_1_U408/gmem2_addr_13_reg_8312[62]_i_3
INFO: [Physopt 32-662] Processed net system_i/spike_accel_0/inst/grp_sa_conv2d_bn_40_71_118_240_333_426_1_fu_666/grp_sa_conv2d_int_43_74_429_1_fu_366/grp_sa_conv2d_int_43_74_429_1_Pipeline_VITIS_LOOP_97_7_VITIS_LOOP_98_8_VITIS_LOOP_99_fu_97/grp_sa_conv2d_bn_40_71_118_240_333_426_1_fu_666_m_axi_gmem2_ARADDR[11].  Did not re-place instance system_i/spike_accel_0/inst/grp_sa_conv2d_bn_40_71_118_240_333_426_1_fu_666/grp_sa_conv2d_int_43_74_429_1_fu_366/grp_sa_conv2d_int_43_74_429_1_Pipeline_VITIS_LOOP_97_7_VITIS_LOOP_98_8_VITIS_LOOP_99_fu_97/mem_reg[5][11]_srl6_i_7__1
INFO: [Physopt 32-662] Processed net system_i/spike_accel_0/inst/grp_sa_conv2d_bn_40_71_118_240_333_426_1_fu_666/grp_sa_conv2d_int_43_74_429_1_fu_366/grp_sa_conv2d_int_43_74_429_1_Pipeline_VITIS_LOOP_97_7_VITIS_LOOP_98_8_VITIS_LOOP_99_fu_97/grp_sa_conv2d_int_43_74_429_1_fu_366_m_axi_gmem2_ARADDR[11].  Did not re-place instance system_i/spike_accel_0/inst/grp_sa_conv2d_bn_40_71_118_240_333_426_1_fu_666/grp_sa_conv2d_int_43_74_429_1_fu_366/grp_sa_conv2d_int_43_74_429_1_Pipeline_VITIS_LOOP_97_7_VITIS_LOOP_98_8_VITIS_LOOP_99_fu_97/mem_reg[5][11]_srl6_i_10__0
INFO: [Physopt 32-662] Processed net system_i/spike_accel_0/inst/grp_sa_conv2d_bn_40_71_118_240_333_426_1_fu_666/grp_sa_conv2d_int_43_74_429_1_fu_366/grp_sa_conv2d_int_43_74_429_1_Pipeline_VITIS_LOOP_97_7_VITIS_LOOP_98_8_VITIS_LOOP_99_fu_97/mem_reg[5][11]_srl6_i_12__0_n_2.  Did not re-place instance system_i/spike_accel_0/inst/grp_sa_conv2d_bn_40_71_118_240_333_426_1_fu_666/grp_sa_conv2d_int_43_74_429_1_fu_366/grp_sa_conv2d_int_43_74_429_1_Pipeline_VITIS_LOOP_97_7_VITIS_LOOP_98_8_VITIS_LOOP_99_fu_97/mem_reg[5][11]_srl6_i_12__0
INFO: [Physopt 32-662] Processed net system_i/spike_accel_0/inst/grp_sa_conv2d_bn_40_71_118_240_333_426_1_fu_666/grp_sa_conv2d_int_43_74_429_1_fu_366/grp_sa_conv2d_int_43_74_429_1_Pipeline_VITIS_LOOP_97_7_VITIS_LOOP_98_8_VITIS_LOOP_99_fu_97/mem_reg[5][11]_srl6_i_19_n_2.  Did not re-place instance system_i/spike_accel_0/inst/grp_sa_conv2d_bn_40_71_118_240_333_426_1_fu_666/grp_sa_conv2d_int_43_74_429_1_fu_366/grp_sa_conv2d_int_43_74_429_1_Pipeline_VITIS_LOOP_97_7_VITIS_LOOP_98_8_VITIS_LOOP_99_fu_97/mem_reg[5][11]_srl6_i_19
INFO: [Physopt 32-662] Processed net system_i/spike_accel_0/inst/grp_sa_ms_all_conv_block_185_1_fu_481/grp_sa_ms_standard_conv_inplace_1_fu_570/grp_sa_conv2d_bn_40_71_118_240_333_426_535_1_fu_197/grp_sa_conv2d_int_43_74_429_536_1_fu_1003/in[11].  Did not re-place instance system_i/spike_accel_0/inst/grp_sa_ms_all_conv_block_185_1_fu_481/grp_sa_ms_standard_conv_inplace_1_fu_570/grp_sa_conv2d_bn_40_71_118_240_333_426_535_1_fu_197/grp_sa_conv2d_int_43_74_429_536_1_fu_1003/mem_reg[5][11]_srl6_i_1__0
INFO: [Physopt 32-662] Processed net system_i/spike_accel_0/inst/grp_sa_ms_all_conv_block_185_1_fu_481/grp_sa_ms_standard_conv_inplace_1_fu_570/grp_sa_conv2d_bn_40_71_118_240_333_426_535_1_fu_197/grp_sa_conv2d_int_43_74_429_536_1_fu_1003/mem_reg[5][11]_srl6_i_2__0_n_2.  Did not re-place instance system_i/spike_accel_0/inst/grp_sa_ms_all_conv_block_185_1_fu_481/grp_sa_ms_standard_conv_inplace_1_fu_570/grp_sa_conv2d_bn_40_71_118_240_333_426_535_1_fu_197/grp_sa_conv2d_int_43_74_429_536_1_fu_1003/mem_reg[5][11]_srl6_i_2__0
INFO: [Physopt 32-662] Processed net system_i/spike_accel_0/inst/gmem2_m_axi_U/load_unit_0/fifo_rreq/U_fifo_srl/mem_reg[5][11]_srl6_n_2.  Did not re-place instance system_i/spike_accel_0/inst/gmem2_m_axi_U/load_unit_0/fifo_rreq/U_fifo_srl/mem_reg[5][11]_srl6
INFO: [Physopt 32-662] Processed net system_i/spike_accel_0/inst/grp_sa_ms_all_conv_block_185_1_fu_481/grp_sa_ms_standard_conv_inplace_fu_485/grp_sa_conv2d_bn_40_71_118_240_333_426_535_1_fu_221/grp_sa_conv2d_bn_40_71_118_240_333_426_535_1_Pipeline_VITIS_LOOP_95_2_VITIS_LOOP_96_s_fu_1030/gmem4_addr_52_read_reg_849_reg[14]_0[1].  Did not re-place instance system_i/spike_accel_0/inst/grp_sa_ms_all_conv_block_185_1_fu_481/grp_sa_ms_standard_conv_inplace_fu_485/grp_sa_conv2d_bn_40_71_118_240_333_426_535_1_fu_221/grp_sa_conv2d_bn_40_71_118_240_333_426_535_1_Pipeline_VITIS_LOOP_95_2_VITIS_LOOP_96_s_fu_1030/mem_reg_i_721
INFO: [Physopt 32-662] Processed net system_i/spike_accel_0/inst/grp_sa_ms_all_conv_block_185_1_fu_481/grp_sa_ms_standard_conv_inplace_fu_485/grp_sa_conv2d_bn_40_71_118_240_333_426_535_1_fu_221/grp_sa_conv2d_bn_40_71_118_240_333_426_535_1_Pipeline_VITIS_LOOP_95_2_VITIS_LOOP_96_s_fu_1030/mem_reg_i_945_n_2.  Did not re-place instance system_i/spike_accel_0/inst/grp_sa_ms_all_conv_block_185_1_fu_481/grp_sa_ms_standard_conv_inplace_fu_485/grp_sa_conv2d_bn_40_71_118_240_333_426_535_1_fu_221/grp_sa_conv2d_bn_40_71_118_240_333_426_535_1_Pipeline_VITIS_LOOP_95_2_VITIS_LOOP_96_s_fu_1030/mem_reg_i_945
INFO: [Physopt 32-662] Processed net system_i/spike_accel_0/inst/grp_sa_ms_downsampling_199_1_fu_628/grp_sa_conv2d_bn_40_71_118_240_333_426_535_1_fu_199/grp_sa_conv2d_int_43_74_429_536_1_fu_1003/grp_sa_conv2d_bn_40_71_118_240_333_426_535_1_fu_199_m_axi_gmem4_WDATA[3].  Did not re-place instance system_i/spike_accel_0/inst/grp_sa_ms_downsampling_199_1_fu_628/grp_sa_conv2d_bn_40_71_118_240_333_426_535_1_fu_199/grp_sa_conv2d_int_43_74_429_536_1_fu_1003/mem_reg_i_458
INFO: [Physopt 32-662] Processed net system_i/spike_accel_0/inst/grp_sa_ms_downsampling_199_1_fu_628/grp_sa_ms_downsampling_199_1_Pipeline_VITIS_LOOP_36_1_VITIS_LOOP_37_2_fu_174/grp_sa_ms_downsampling_199_1_fu_628_m_axi_gmem4_WDATA[24].  Did not re-place instance system_i/spike_accel_0/inst/grp_sa_ms_downsampling_199_1_fu_628/grp_sa_ms_downsampling_199_1_Pipeline_VITIS_LOOP_36_1_VITIS_LOOP_37_2_fu_174/mem_reg_i_255
INFO: [Physopt 32-662] Processed net system_i/spike_accel_0/inst/grp_sa_ms_all_conv_block_185_1_fu_481/grp_sa_ms_standard_conv_inplace_1_fu_570/grp_sa_conv2d_bn_40_71_118_240_333_426_535_1_fu_197/grp_sa_conv2d_bn_40_71_118_240_333_426_535_1_Pipeline_VITIS_LOOP_95_2_VITIS_LOOP_96_s_fu_1030/gmem4_addr_52_read_reg_849_reg[18]_0[1].  Did not re-place instance system_i/spike_accel_0/inst/grp_sa_ms_all_conv_block_185_1_fu_481/grp_sa_ms_standard_conv_inplace_1_fu_570/grp_sa_conv2d_bn_40_71_118_240_333_426_535_1_fu_197/grp_sa_conv2d_bn_40_71_118_240_333_426_535_1_Pipeline_VITIS_LOOP_95_2_VITIS_LOOP_96_s_fu_1030/mem_reg_i_920
INFO: [Physopt 32-662] Processed net system_i/spike_accel_0/inst/grp_sa_ms_all_conv_block_185_1_fu_481/grp_sa_ms_standard_conv_inplace_1_fu_570/grp_sa_conv2d_bn_40_71_118_240_333_426_535_1_fu_197/grp_sa_conv2d_bn_40_71_118_240_333_426_535_1_Pipeline_VITIS_LOOP_95_2_VITIS_LOOP_96_s_fu_1030/gmem4_addr_52_read_reg_849_reg[22]_0[1].  Did not re-place instance system_i/spike_accel_0/inst/grp_sa_ms_all_conv_block_185_1_fu_481/grp_sa_ms_standard_conv_inplace_1_fu_570/grp_sa_conv2d_bn_40_71_118_240_333_426_535_1_fu_197/grp_sa_conv2d_bn_40_71_118_240_333_426_535_1_Pipeline_VITIS_LOOP_95_2_VITIS_LOOP_96_s_fu_1030/mem_reg_i_893
INFO: [Physopt 32-662] Processed net system_i/spike_accel_0/inst/grp_sa_ms_all_conv_block_185_1_fu_481/grp_sa_ms_standard_conv_inplace_1_fu_570/grp_sa_conv2d_bn_40_71_118_240_333_426_535_1_fu_197/grp_sa_conv2d_bn_40_71_118_240_333_426_535_1_Pipeline_VITIS_LOOP_95_2_VITIS_LOOP_96_s_fu_1030/mem_reg_i_1021_n_2.  Did not re-place instance system_i/spike_accel_0/inst/grp_sa_ms_all_conv_block_185_1_fu_481/grp_sa_ms_standard_conv_inplace_1_fu_570/grp_sa_conv2d_bn_40_71_118_240_333_426_535_1_fu_197/grp_sa_conv2d_bn_40_71_118_240_333_426_535_1_Pipeline_VITIS_LOOP_95_2_VITIS_LOOP_96_s_fu_1030/mem_reg_i_1021
INFO: [Physopt 32-662] Processed net system_i/spike_accel_0/inst/grp_sa_ms_all_conv_block_185_1_fu_481/grp_sa_ms_standard_conv_inplace_1_fu_570/grp_sa_conv2d_bn_40_71_118_240_333_426_535_1_fu_197/grp_sa_conv2d_bn_40_71_118_240_333_426_535_1_Pipeline_VITIS_LOOP_95_2_VITIS_LOOP_96_s_fu_1030/mem_reg_i_1032_n_2.  Did not re-place instance system_i/spike_accel_0/inst/grp_sa_ms_all_conv_block_185_1_fu_481/grp_sa_ms_standard_conv_inplace_1_fu_570/grp_sa_conv2d_bn_40_71_118_240_333_426_535_1_fu_197/grp_sa_conv2d_bn_40_71_118_240_333_426_535_1_Pipeline_VITIS_LOOP_95_2_VITIS_LOOP_96_s_fu_1030/mem_reg_i_1032
INFO: [Physopt 32-662] Processed net system_i/spike_accel_0/inst/grp_sa_ms_all_conv_block_185_1_fu_481/grp_sa_ms_standard_conv_inplace_1_fu_570/grp_sa_conv2d_bn_40_71_118_240_333_426_535_1_fu_197/grp_sa_conv2d_bn_40_71_118_240_333_426_535_1_Pipeline_VITIS_LOOP_95_2_VITIS_LOOP_96_s_fu_1030/gmem4_addr_52_read_reg_849_reg[19]_0[1].  Did not re-place instance system_i/spike_accel_0/inst/grp_sa_ms_all_conv_block_185_1_fu_481/grp_sa_ms_standard_conv_inplace_1_fu_570/grp_sa_conv2d_bn_40_71_118_240_333_426_535_1_fu_197/grp_sa_conv2d_bn_40_71_118_240_333_426_535_1_Pipeline_VITIS_LOOP_95_2_VITIS_LOOP_96_s_fu_1030/mem_reg_i_924
INFO: [Physopt 32-662] Processed net system_i/spike_accel_0/inst/grp_sa_ms_all_conv_block_185_1_fu_481/grp_sa_ms_standard_conv_inplace_1_fu_570/grp_sa_conv2d_bn_40_71_118_240_333_426_535_1_fu_197/grp_sa_conv2d_bn_40_71_118_240_333_426_535_1_Pipeline_VITIS_LOOP_95_2_VITIS_LOOP_96_s_fu_1030/gmem4_addr_52_read_reg_849_reg[23]_0[1].  Did not re-place instance system_i/spike_accel_0/inst/grp_sa_ms_all_conv_block_185_1_fu_481/grp_sa_ms_standard_conv_inplace_1_fu_570/grp_sa_conv2d_bn_40_71_118_240_333_426_535_1_fu_197/grp_sa_conv2d_bn_40_71_118_240_333_426_535_1_Pipeline_VITIS_LOOP_95_2_VITIS_LOOP_96_s_fu_1030/mem_reg_i_897
INFO: [Physopt 32-662] Processed net system_i/spike_accel_0/inst/grp_sa_ms_all_conv_block_185_1_fu_481/grp_sa_ms_standard_conv_inplace_fu_485/grp_sa_conv2d_bn_40_71_118_240_333_426_535_1_fu_221/grp_sa_conv2d_bn_40_71_118_240_333_426_535_1_Pipeline_VITIS_LOOP_95_2_VITIS_LOOP_96_s_fu_1030/gmem4_addr_52_read_reg_849_reg[14]_0[3].  Did not re-place instance system_i/spike_accel_0/inst/grp_sa_ms_all_conv_block_185_1_fu_481/grp_sa_ms_standard_conv_inplace_fu_485/grp_sa_conv2d_bn_40_71_118_240_333_426_535_1_fu_221/grp_sa_conv2d_bn_40_71_118_240_333_426_535_1_Pipeline_VITIS_LOOP_95_2_VITIS_LOOP_96_s_fu_1030/mem_reg_i_719
INFO: [Physopt 32-662] Processed net system_i/spike_accel_0/inst/grp_sa_ms_all_conv_block_185_1_fu_481/grp_sa_ms_standard_conv_inplace_fu_485/grp_sa_conv2d_bn_40_71_118_240_333_426_535_1_fu_221/grp_sa_conv2d_bn_40_71_118_240_333_426_535_1_Pipeline_VITIS_LOOP_95_2_VITIS_LOOP_96_s_fu_1030/mem_reg_i_943_n_2.  Did not re-place instance system_i/spike_accel_0/inst/grp_sa_ms_all_conv_block_185_1_fu_481/grp_sa_ms_standard_conv_inplace_fu_485/grp_sa_conv2d_bn_40_71_118_240_333_426_535_1_fu_221/grp_sa_conv2d_bn_40_71_118_240_333_426_535_1_Pipeline_VITIS_LOOP_95_2_VITIS_LOOP_96_s_fu_1030/mem_reg_i_943
INFO: [Physopt 32-662] Processed net system_i/spike_accel_0/inst/grp_sa_ms_all_conv_block_185_1_fu_481/grp_sa_ms_standard_conv_inplace_fu_485/grp_sa_conv2d_bn_40_71_118_240_333_426_535_1_fu_221/grp_sa_conv2d_bn_40_71_118_240_333_426_535_1_Pipeline_VITIS_LOOP_95_2_VITIS_LOOP_96_s_fu_1030/gmem4_addr_52_read_reg_849_reg[15]_0[3].  Did not re-place instance system_i/spike_accel_0/inst/grp_sa_ms_all_conv_block_185_1_fu_481/grp_sa_ms_standard_conv_inplace_fu_485/grp_sa_conv2d_bn_40_71_118_240_333_426_535_1_fu_221/grp_sa_conv2d_bn_40_71_118_240_333_426_535_1_Pipeline_VITIS_LOOP_95_2_VITIS_LOOP_96_s_fu_1030/mem_reg_i_723
INFO: [Physopt 32-662] Processed net system_i/spike_accel_0/inst/grp_sa_ms_all_conv_block_185_1_fu_481/grp_sa_ms_standard_conv_inplace_fu_485/grp_sa_conv2d_bn_40_71_118_240_333_426_535_1_fu_221/grp_sa_conv2d_bn_40_71_118_240_333_426_535_1_Pipeline_VITIS_LOOP_95_2_VITIS_LOOP_96_s_fu_1030/gmem4_addr_52_read_reg_849_reg[6]_0[1].  Did not re-place instance system_i/spike_accel_0/inst/grp_sa_ms_all_conv_block_185_1_fu_481/grp_sa_ms_standard_conv_inplace_fu_485/grp_sa_conv2d_bn_40_71_118_240_333_426_535_1_fu_221/grp_sa_conv2d_bn_40_71_118_240_333_426_535_1_Pipeline_VITIS_LOOP_95_2_VITIS_LOOP_96_s_fu_1030/mem_reg_i_780
INFO: [Physopt 32-662] Processed net system_i/spike_accel_0/inst/grp_sa_ms_all_conv_block_185_1_fu_481/grp_sa_ms_standard_conv_inplace_fu_485/grp_sa_conv2d_bn_40_71_118_240_333_426_535_1_fu_221/grp_sa_conv2d_bn_40_71_118_240_333_426_535_1_Pipeline_VITIS_LOOP_95_2_VITIS_LOOP_96_s_fu_1030/mem_reg_i_972_n_2.  Did not re-place instance system_i/spike_accel_0/inst/grp_sa_ms_all_conv_block_185_1_fu_481/grp_sa_ms_standard_conv_inplace_fu_485/grp_sa_conv2d_bn_40_71_118_240_333_426_535_1_fu_221/grp_sa_conv2d_bn_40_71_118_240_333_426_535_1_Pipeline_VITIS_LOOP_95_2_VITIS_LOOP_96_s_fu_1030/mem_reg_i_972
INFO: [Physopt 32-662] Processed net system_i/spike_accel_0/inst/grp_sa_ms_all_conv_block_185_1_fu_481/grp_sa_ms_standard_conv_inplace_fu_485/grp_sa_conv2d_bn_40_71_118_240_333_426_535_1_fu_221/grp_sa_conv2d_bn_40_71_118_240_333_426_535_1_Pipeline_VITIS_LOOP_95_2_VITIS_LOOP_96_s_fu_1030/gmem4_addr_52_read_reg_849_reg[7]_0[1].  Did not re-place instance system_i/spike_accel_0/inst/grp_sa_ms_all_conv_block_185_1_fu_481/grp_sa_ms_standard_conv_inplace_fu_485/grp_sa_conv2d_bn_40_71_118_240_333_426_535_1_fu_221/grp_sa_conv2d_bn_40_71_118_240_333_426_535_1_Pipeline_VITIS_LOOP_95_2_VITIS_LOOP_96_s_fu_1030/mem_reg_i_784
INFO: [Physopt 32-662] Processed net system_i/spike_accel_0/inst/grp_sa_ms_all_conv_block_185_1_fu_481/grp_sa_ms_standard_conv_inplace_fu_485/grp_sa_conv2d_bn_40_71_118_240_333_426_535_1_fu_221/grp_sa_conv2d_bn_40_71_118_240_333_426_535_1_Pipeline_VITIS_LOOP_95_2_VITIS_LOOP_96_s_fu_1030/gmem4_addr_52_read_reg_849_reg[2]_0[3].  Did not re-place instance system_i/spike_accel_0/inst/grp_sa_ms_all_conv_block_185_1_fu_481/grp_sa_ms_standard_conv_inplace_fu_485/grp_sa_conv2d_bn_40_71_118_240_333_426_535_1_fu_221/grp_sa_conv2d_bn_40_71_118_240_333_426_535_1_Pipeline_VITIS_LOOP_95_2_VITIS_LOOP_96_s_fu_1030/mem_reg_i_803
INFO: [Physopt 32-662] Processed net system_i/spike_accel_0/inst/grp_sa_ms_all_conv_block_185_1_fu_481/grp_sa_ms_standard_conv_inplace_fu_485/grp_sa_conv2d_bn_40_71_118_240_333_426_535_1_fu_221/grp_sa_conv2d_bn_40_71_118_240_333_426_535_1_Pipeline_VITIS_LOOP_95_2_VITIS_LOOP_96_s_fu_1030/mem_reg_i_982_n_2.  Did not re-place instance system_i/spike_accel_0/inst/grp_sa_ms_all_conv_block_185_1_fu_481/grp_sa_ms_standard_conv_inplace_fu_485/grp_sa_conv2d_bn_40_71_118_240_333_426_535_1_fu_221/grp_sa_conv2d_bn_40_71_118_240_333_426_535_1_Pipeline_VITIS_LOOP_95_2_VITIS_LOOP_96_s_fu_1030/mem_reg_i_982
INFO: [Physopt 32-662] Processed net system_i/spike_accel_0/inst/grp_sa_ms_all_conv_block_185_1_fu_481/grp_sa_ms_standard_conv_inplace_fu_485/grp_sa_conv2d_bn_40_71_118_240_333_426_535_1_fu_221/grp_sa_conv2d_bn_40_71_118_240_333_426_535_1_Pipeline_VITIS_LOOP_95_2_VITIS_LOOP_96_s_fu_1030/gmem4_addr_52_read_reg_849_reg[3]_0[3].  Did not re-place instance system_i/spike_accel_0/inst/grp_sa_ms_all_conv_block_185_1_fu_481/grp_sa_ms_standard_conv_inplace_fu_485/grp_sa_conv2d_bn_40_71_118_240_333_426_535_1_fu_221/grp_sa_conv2d_bn_40_71_118_240_333_426_535_1_Pipeline_VITIS_LOOP_95_2_VITIS_LOOP_96_s_fu_1030/mem_reg_i_806
INFO: [Physopt 32-662] Processed net system_i/spike_accel_0/inst/grp_sa_ms_downsampling_199_1_fu_628/grp_sa_conv2d_bn_40_71_118_240_333_426_535_1_fu_199/grp_sa_conv2d_bn_40_71_118_240_333_426_535_1_Pipeline_VITIS_LOOP_95_2_VITIS_LOOP_96_s_fu_1030/gmem4_addr_52_read_reg_849_reg[6]_0[1].  Did not re-place instance system_i/spike_accel_0/inst/grp_sa_ms_downsampling_199_1_fu_628/grp_sa_conv2d_bn_40_71_118_240_333_426_535_1_fu_199/grp_sa_conv2d_bn_40_71_118_240_333_426_535_1_Pipeline_VITIS_LOOP_95_2_VITIS_LOOP_96_s_fu_1030/mem_reg_i_588
INFO: [Physopt 32-662] Processed net system_i/spike_accel_0/inst/grp_sa_ms_downsampling_199_1_fu_628/grp_sa_conv2d_bn_40_71_118_240_333_426_535_1_fu_199/grp_sa_conv2d_bn_40_71_118_240_333_426_535_1_Pipeline_VITIS_LOOP_95_2_VITIS_LOOP_96_s_fu_1030/mem_reg_i_776_n_2.  Did not re-place instance system_i/spike_accel_0/inst/grp_sa_ms_downsampling_199_1_fu_628/grp_sa_conv2d_bn_40_71_118_240_333_426_535_1_fu_199/grp_sa_conv2d_bn_40_71_118_240_333_426_535_1_Pipeline_VITIS_LOOP_95_2_VITIS_LOOP_96_s_fu_1030/mem_reg_i_776
INFO: [Physopt 32-662] Processed net system_i/spike_accel_0/inst/grp_sa_ms_downsampling_199_1_fu_628/grp_sa_conv2d_bn_40_71_118_240_333_426_535_1_fu_199/grp_sa_conv2d_bn_40_71_118_240_333_426_535_1_Pipeline_VITIS_LOOP_95_2_VITIS_LOOP_96_s_fu_1030/gmem4_addr_52_read_reg_849_reg[7]_0[1].  Did not re-place instance system_i/spike_accel_0/inst/grp_sa_ms_downsampling_199_1_fu_628/grp_sa_conv2d_bn_40_71_118_240_333_426_535_1_fu_199/grp_sa_conv2d_bn_40_71_118_240_333_426_535_1_Pipeline_VITIS_LOOP_95_2_VITIS_LOOP_96_s_fu_1030/mem_reg_i_592
INFO: [Physopt 32-662] Processed net system_i/spike_accel_0/inst/grp_sa_ms_all_conv_block_185_1_fu_481/grp_sa_ms_standard_conv_inplace_1_fu_570/grp_sa_conv2d_bn_40_71_118_240_333_426_535_1_fu_197/grp_sa_conv2d_bn_40_71_118_240_333_426_535_1_Pipeline_VITIS_LOOP_95_2_VITIS_LOOP_96_s_fu_1030/gmem4_addr_52_read_reg_849_reg[6]_0[0].  Did not re-place instance system_i/spike_accel_0/inst/grp_sa_ms_all_conv_block_185_1_fu_481/grp_sa_ms_standard_conv_inplace_1_fu_570/grp_sa_conv2d_bn_40_71_118_240_333_426_535_1_fu_197/grp_sa_conv2d_bn_40_71_118_240_333_426_535_1_Pipeline_VITIS_LOOP_95_2_VITIS_LOOP_96_s_fu_1030/mem_reg_i_789
INFO: [Physopt 32-662] Processed net system_i/spike_accel_0/inst/grp_sa_ms_all_conv_block_185_1_fu_481/grp_sa_ms_standard_conv_inplace_1_fu_570/grp_sa_conv2d_bn_40_71_118_240_333_426_535_1_fu_197/grp_sa_conv2d_bn_40_71_118_240_333_426_535_1_Pipeline_VITIS_LOOP_95_2_VITIS_LOOP_96_s_fu_1030/mem_reg_i_977_n_2.  Did not re-place instance system_i/spike_accel_0/inst/grp_sa_ms_all_conv_block_185_1_fu_481/grp_sa_ms_standard_conv_inplace_1_fu_570/grp_sa_conv2d_bn_40_71_118_240_333_426_535_1_fu_197/grp_sa_conv2d_bn_40_71_118_240_333_426_535_1_Pipeline_VITIS_LOOP_95_2_VITIS_LOOP_96_s_fu_1030/mem_reg_i_977
INFO: [Physopt 32-662] Processed net system_i/spike_accel_0/inst/grp_sa_ms_all_conv_block_185_1_fu_481/grp_sa_ms_standard_conv_inplace_fu_485/grp_sa_conv2d_bn_40_71_118_240_333_426_535_1_fu_221/grp_sa_conv2d_bn_40_71_118_240_333_426_535_1_Pipeline_VITIS_LOOP_95_2_VITIS_LOOP_96_s_fu_1030/gmem4_addr_52_read_reg_849_reg[19]_0[0].  Did not re-place instance system_i/spike_accel_0/inst/grp_sa_ms_all_conv_block_185_1_fu_481/grp_sa_ms_standard_conv_inplace_fu_485/grp_sa_conv2d_bn_40_71_118_240_333_426_535_1_fu_221/grp_sa_conv2d_bn_40_71_118_240_333_426_535_1_Pipeline_VITIS_LOOP_95_2_VITIS_LOOP_96_s_fu_1030/mem_reg_i_917
INFO: [Physopt 32-662] Processed net system_i/spike_accel_0/inst/grp_sa_ms_downsampling_199_1_fu_628/grp_sa_conv2d_bn_40_71_118_240_333_426_535_1_fu_199/grp_sa_conv2d_int_43_74_429_536_1_fu_1003/grp_sa_conv2d_bn_40_71_118_240_333_426_535_1_fu_199_m_axi_gmem4_WDATA[1].  Did not re-place instance system_i/spike_accel_0/inst/grp_sa_ms_downsampling_199_1_fu_628/grp_sa_conv2d_bn_40_71_118_240_333_426_535_1_fu_199/grp_sa_conv2d_int_43_74_429_536_1_fu_1003/mem_reg_i_360
INFO: [Physopt 32-662] Processed net system_i/spike_accel_0/inst/grp_sa_ms_downsampling_199_1_fu_628/grp_sa_ms_downsampling_199_1_Pipeline_VITIS_LOOP_36_1_VITIS_LOOP_37_2_fu_174/din[1].  Did not re-place instance system_i/spike_accel_0/inst/grp_sa_ms_downsampling_199_1_fu_628/grp_sa_ms_downsampling_199_1_Pipeline_VITIS_LOOP_36_1_VITIS_LOOP_37_2_fu_174/mem_reg_i_11__1
INFO: [Physopt 32-662] Processed net system_i/spike_accel_0/inst/grp_sa_ms_downsampling_199_1_fu_628/grp_sa_ms_downsampling_199_1_Pipeline_VITIS_LOOP_36_1_VITIS_LOOP_37_2_fu_174/grp_sa_ms_downsampling_199_1_fu_628_m_axi_gmem4_WDATA[8].  Did not re-place instance system_i/spike_accel_0/inst/grp_sa_ms_downsampling_199_1_fu_628/grp_sa_ms_downsampling_199_1_Pipeline_VITIS_LOOP_36_1_VITIS_LOOP_37_2_fu_174/mem_reg_i_187
INFO: [Physopt 32-662] Processed net system_i/spike_accel_0/inst/grp_sa_ms_downsampling_199_1_fu_628/grp_sa_ms_downsampling_199_1_Pipeline_VITIS_LOOP_36_1_VITIS_LOOP_37_2_fu_174/mem_reg_i_62_n_2.  Did not re-place instance system_i/spike_accel_0/inst/grp_sa_ms_downsampling_199_1_fu_628/grp_sa_ms_downsampling_199_1_Pipeline_VITIS_LOOP_36_1_VITIS_LOOP_37_2_fu_174/mem_reg_i_62
INFO: [Physopt 32-662] Processed net system_i/spike_accel_0/inst/grp_sa_ms_all_conv_block_185_1_fu_481/grp_sa_ms_standard_conv_inplace_1_fu_570/grp_sa_conv2d_bn_40_71_118_240_333_426_535_1_fu_197/grp_sa_conv2d_bn_40_71_118_240_333_426_535_1_Pipeline_VITIS_LOOP_95_2_VITIS_LOOP_96_s_fu_1030/gmem4_addr_52_read_reg_849_reg[10]_0[1].  Did not re-place instance system_i/spike_accel_0/inst/grp_sa_ms_all_conv_block_185_1_fu_481/grp_sa_ms_standard_conv_inplace_1_fu_570/grp_sa_conv2d_bn_40_71_118_240_333_426_535_1_fu_197/grp_sa_conv2d_bn_40_71_118_240_333_426_535_1_Pipeline_VITIS_LOOP_95_2_VITIS_LOOP_96_s_fu_1030/mem_reg_i_757
INFO: [Physopt 32-662] Processed net system_i/spike_accel_0/inst/grp_sa_ms_all_conv_block_185_1_fu_481/grp_sa_ms_standard_conv_inplace_1_fu_570/grp_sa_conv2d_bn_40_71_118_240_333_426_535_1_fu_197/grp_sa_conv2d_bn_40_71_118_240_333_426_535_1_Pipeline_VITIS_LOOP_95_2_VITIS_LOOP_96_s_fu_1030/mem_reg_i_964_n_2.  Did not re-place instance system_i/spike_accel_0/inst/grp_sa_ms_all_conv_block_185_1_fu_481/grp_sa_ms_standard_conv_inplace_1_fu_570/grp_sa_conv2d_bn_40_71_118_240_333_426_535_1_fu_197/grp_sa_conv2d_bn_40_71_118_240_333_426_535_1_Pipeline_VITIS_LOOP_95_2_VITIS_LOOP_96_s_fu_1030/mem_reg_i_964
INFO: [Physopt 32-662] Processed net system_i/spike_accel_0/inst/grp_sa_ms_all_conv_block_185_1_fu_481/grp_sa_ms_standard_conv_inplace_1_fu_570/grp_sa_conv2d_bn_40_71_118_240_333_426_535_1_fu_197/grp_sa_conv2d_bn_40_71_118_240_333_426_535_1_Pipeline_VITIS_LOOP_95_2_VITIS_LOOP_96_s_fu_1030/gmem4_addr_52_read_reg_849_reg[11]_0[1].  Did not re-place instance system_i/spike_accel_0/inst/grp_sa_ms_all_conv_block_185_1_fu_481/grp_sa_ms_standard_conv_inplace_1_fu_570/grp_sa_conv2d_bn_40_71_118_240_333_426_535_1_fu_197/grp_sa_conv2d_bn_40_71_118_240_333_426_535_1_Pipeline_VITIS_LOOP_95_2_VITIS_LOOP_96_s_fu_1030/mem_reg_i_761
INFO: [Physopt 32-662] Processed net system_i/spike_accel_0/inst/grp_sa_ms_all_conv_block_185_1_fu_481/grp_sa_ms_standard_conv_inplace_fu_485/grp_sa_conv2d_bn_40_71_118_240_333_426_535_1_fu_221/grp_sa_conv2d_bn_40_71_118_240_333_426_535_1_Pipeline_VITIS_LOOP_95_2_VITIS_LOOP_96_s_fu_1030/gmem4_addr_52_read_reg_849_reg[22]_0[2].  Did not re-place instance system_i/spike_accel_0/inst/grp_sa_ms_all_conv_block_185_1_fu_481/grp_sa_ms_standard_conv_inplace_fu_485/grp_sa_conv2d_bn_40_71_118_240_333_426_535_1_fu_221/grp_sa_conv2d_bn_40_71_118_240_333_426_535_1_Pipeline_VITIS_LOOP_95_2_VITIS_LOOP_96_s_fu_1030/mem_reg_i_884
INFO: [Physopt 32-662] Processed net system_i/spike_accel_0/inst/grp_sa_ms_all_conv_block_185_1_fu_481/grp_sa_ms_standard_conv_inplace_fu_485/grp_sa_conv2d_bn_40_71_118_240_333_426_535_1_fu_221/grp_sa_conv2d_bn_40_71_118_240_333_426_535_1_Pipeline_VITIS_LOOP_95_2_VITIS_LOOP_96_s_fu_1030/mem_reg_i_1016_n_2.  Did not re-place instance system_i/spike_accel_0/inst/grp_sa_ms_all_conv_block_185_1_fu_481/grp_sa_ms_standard_conv_inplace_fu_485/grp_sa_conv2d_bn_40_71_118_240_333_426_535_1_fu_221/grp_sa_conv2d_bn_40_71_118_240_333_426_535_1_Pipeline_VITIS_LOOP_95_2_VITIS_LOOP_96_s_fu_1030/mem_reg_i_1016
INFO: [Physopt 32-662] Processed net system_i/spike_accel_0/inst/grp_sa_ms_all_conv_block_185_1_fu_481/grp_sa_ms_standard_conv_inplace_1_fu_570/grp_sa_conv2d_bn_40_71_118_240_333_426_535_1_fu_197/grp_sa_conv2d_int_43_74_429_536_1_fu_1003/grp_sa_conv2d_bn_40_71_118_240_333_426_535_1_fu_197_m_axi_gmem4_WDATA[2].  Did not re-place instance system_i/spike_accel_0/inst/grp_sa_ms_all_conv_block_185_1_fu_481/grp_sa_ms_standard_conv_inplace_1_fu_570/grp_sa_conv2d_bn_40_71_118_240_333_426_535_1_fu_197/grp_sa_conv2d_int_43_74_429_536_1_fu_1003/mem_reg_i_686
INFO: [Physopt 32-662] Processed net system_i/spike_accel_0/inst/grp_sa_ms_all_conv_block_185_1_fu_481/grp_sa_ms_standard_conv_inplace_1_fu_570/grp_sa_ms_standard_conv_inplace_1_Pipeline_VITIS_LOOP_36_1_VITIS_LOOP_37_2_fu_172/grp_sa_ms_standard_conv_inplace_1_fu_570_m_axi_gmem4_WDATA[2].  Did not re-place instance system_i/spike_accel_0/inst/grp_sa_ms_all_conv_block_185_1_fu_481/grp_sa_ms_standard_conv_inplace_1_fu_570/grp_sa_ms_standard_conv_inplace_1_Pipeline_VITIS_LOOP_36_1_VITIS_LOOP_37_2_fu_172/mem_reg_i_514
INFO: [Physopt 32-662] Processed net system_i/spike_accel_0/inst/grp_sa_ms_all_conv_block_185_1_fu_481/grp_sa_ms_standard_conv_inplace_fu_485/grp_sa_conv2d_bn_40_71_118_240_333_426_535_1_fu_221/grp_sa_conv2d_bn_40_71_118_240_333_426_535_1_Pipeline_VITIS_LOOP_95_2_VITIS_LOOP_96_s_fu_1030/gmem4_addr_52_read_reg_849_reg[15]_0[1].  Did not re-place instance system_i/spike_accel_0/inst/grp_sa_ms_all_conv_block_185_1_fu_481/grp_sa_ms_standard_conv_inplace_fu_485/grp_sa_conv2d_bn_40_71_118_240_333_426_535_1_fu_221/grp_sa_conv2d_bn_40_71_118_240_333_426_535_1_Pipeline_VITIS_LOOP_95_2_VITIS_LOOP_96_s_fu_1030/mem_reg_i_725
INFO: [Physopt 32-662] Processed net system_i/spike_accel_0/inst/grp_sa_ms_all_conv_block_185_1_fu_481/grp_sa_ms_standard_conv_inplace_fu_485/grp_sa_conv2d_bn_40_71_118_240_333_426_535_1_fu_221/grp_sa_conv2d_int_43_74_429_536_1_fu_1003/ap_CS_fsm_reg[5]_19.  Did not re-place instance system_i/spike_accel_0/inst/grp_sa_ms_all_conv_block_185_1_fu_481/grp_sa_ms_standard_conv_inplace_fu_485/grp_sa_conv2d_bn_40_71_118_240_333_426_535_1_fu_221/grp_sa_conv2d_int_43_74_429_536_1_fu_1003/mem_reg_i_269
INFO: [Physopt 32-662] Processed net system_i/spike_accel_0/inst/grp_sa_ms_all_conv_block_185_1_fu_481/grp_sa_ms_standard_conv_inplace_fu_485/grp_sa_conv2d_bn_40_71_118_240_333_426_535_1_fu_221/grp_sa_conv2d_int_43_74_429_536_1_fu_1003/grp_sa_conv2d_bn_40_71_118_240_333_426_535_1_fu_221_m_axi_gmem4_WDATA[21].  Did not re-place instance system_i/spike_accel_0/inst/grp_sa_ms_all_conv_block_185_1_fu_481/grp_sa_ms_standard_conv_inplace_fu_485/grp_sa_conv2d_bn_40_71_118_240_333_426_535_1_fu_221/grp_sa_conv2d_int_43_74_429_536_1_fu_1003/mem_reg_i_482
INFO: [Physopt 32-662] Processed net system_i/spike_accel_0/inst/grp_sa_ms_downsampling_199_1_fu_628/grp_sa_conv2d_bn_40_71_118_240_333_426_535_1_fu_199/grp_sa_conv2d_int_43_74_429_536_1_fu_1003/din[18].  Did not re-place instance system_i/spike_accel_0/inst/grp_sa_ms_downsampling_199_1_fu_628/grp_sa_conv2d_bn_40_71_118_240_333_426_535_1_fu_199/grp_sa_conv2d_int_43_74_429_536_1_fu_1003/mem_reg_i_30__0
INFO: [Physopt 32-662] Processed net system_i/spike_accel_0/inst/grp_sa_ms_downsampling_199_1_fu_628/grp_sa_conv2d_bn_40_71_118_240_333_426_535_1_fu_199/grp_sa_conv2d_int_43_74_429_536_1_fu_1003/mem_reg_i_122__0_n_2.  Did not re-place instance system_i/spike_accel_0/inst/grp_sa_ms_downsampling_199_1_fu_628/grp_sa_conv2d_bn_40_71_118_240_333_426_535_1_fu_199/grp_sa_conv2d_int_43_74_429_536_1_fu_1003/mem_reg_i_122__0
INFO: [Physopt 32-662] Processed net system_i/spike_accel_0/inst/grp_sa_ms_all_conv_block_185_1_fu_481/grp_sa_ms_standard_conv_inplace_1_fu_570/grp_sa_conv2d_bn_40_71_118_240_333_426_535_1_fu_197/grp_sa_conv2d_bn_40_71_118_240_333_426_535_1_Pipeline_VITIS_LOOP_95_2_VITIS_LOOP_96_s_fu_1030/gmem4_addr_52_read_reg_849_reg[14]_0[1].  Did not re-place instance system_i/spike_accel_0/inst/grp_sa_ms_all_conv_block_185_1_fu_481/grp_sa_ms_standard_conv_inplace_1_fu_570/grp_sa_conv2d_bn_40_71_118_240_333_426_535_1_fu_197/grp_sa_conv2d_bn_40_71_118_240_333_426_535_1_Pipeline_VITIS_LOOP_95_2_VITIS_LOOP_96_s_fu_1030/mem_reg_i_729
INFO: [Physopt 32-662] Processed net system_i/spike_accel_0/inst/grp_sa_ms_all_conv_block_185_1_fu_481/grp_sa_ms_standard_conv_inplace_1_fu_570/grp_sa_conv2d_bn_40_71_118_240_333_426_535_1_fu_197/grp_sa_conv2d_bn_40_71_118_240_333_426_535_1_Pipeline_VITIS_LOOP_95_2_VITIS_LOOP_96_s_fu_1030/mem_reg_i_950_n_2.  Did not re-place instance system_i/spike_accel_0/inst/grp_sa_ms_all_conv_block_185_1_fu_481/grp_sa_ms_standard_conv_inplace_1_fu_570/grp_sa_conv2d_bn_40_71_118_240_333_426_535_1_fu_197/grp_sa_conv2d_bn_40_71_118_240_333_426_535_1_Pipeline_VITIS_LOOP_95_2_VITIS_LOOP_96_s_fu_1030/mem_reg_i_950
INFO: [Physopt 32-662] Processed net system_i/spike_accel_0/inst/grp_sa_ms_all_conv_block_185_1_fu_481/grp_sa_ms_standard_conv_inplace_1_fu_570/grp_sa_conv2d_bn_40_71_118_240_333_426_535_1_fu_197/grp_sa_conv2d_bn_40_71_118_240_333_426_535_1_Pipeline_VITIS_LOOP_95_2_VITIS_LOOP_96_s_fu_1030/gmem4_addr_52_read_reg_849_reg[15]_0[1].  Did not re-place instance system_i/spike_accel_0/inst/grp_sa_ms_all_conv_block_185_1_fu_481/grp_sa_ms_standard_conv_inplace_1_fu_570/grp_sa_conv2d_bn_40_71_118_240_333_426_535_1_fu_197/grp_sa_conv2d_bn_40_71_118_240_333_426_535_1_Pipeline_VITIS_LOOP_95_2_VITIS_LOOP_96_s_fu_1030/mem_reg_i_733
INFO: [Physopt 32-662] Processed net system_i/spike_accel_0/inst/grp_sa_spike_sppf_1_fu_684/grp_sa_maxpool_or_1_fu_296/tmp_27_reg_3412.  Did not re-place instance system_i/spike_accel_0/inst/grp_sa_spike_sppf_1_fu_684/grp_sa_maxpool_or_1_fu_296/tmp_27_reg_3412_reg[0]
INFO: [Physopt 32-662] Processed net system_i/spike_accel_0/inst/grp_sa_ms_all_conv_block_185_1_fu_481/grp_sa_ms_standard_conv_inplace_1_fu_570/grp_sa_conv2d_bn_40_71_118_240_333_426_535_1_fu_197/grp_sa_conv2d_bn_40_71_118_240_333_426_535_1_Pipeline_VITIS_LOOP_95_2_VITIS_LOOP_96_s_fu_1030/gmem4_addr_52_read_reg_849_reg[11]_0[2].  Did not re-place instance system_i/spike_accel_0/inst/grp_sa_ms_all_conv_block_185_1_fu_481/grp_sa_ms_standard_conv_inplace_1_fu_570/grp_sa_conv2d_bn_40_71_118_240_333_426_535_1_fu_197/grp_sa_conv2d_bn_40_71_118_240_333_426_535_1_Pipeline_VITIS_LOOP_95_2_VITIS_LOOP_96_s_fu_1030/mem_reg_i_760
INFO: [Physopt 32-662] Processed net system_i/spike_accel_0/inst/grp_sa_ms_all_conv_block_185_1_fu_481/grp_sa_ms_standard_conv_inplace_fu_485/grp_sa_conv2d_bn_40_71_118_240_333_426_535_1_fu_221/grp_sa_conv2d_int_43_74_429_536_1_fu_1003/gmem4_addr_reg_325_reg[62][33].  Did not re-place instance system_i/spike_accel_0/inst/grp_sa_ms_all_conv_block_185_1_fu_481/grp_sa_ms_standard_conv_inplace_fu_485/grp_sa_conv2d_bn_40_71_118_240_333_426_535_1_fu_221/grp_sa_conv2d_int_43_74_429_536_1_fu_1003/mem_reg[5][33]_srl6_i_1__2
INFO: [Physopt 32-662] Processed net system_i/spike_accel_0/inst/grp_sa_spike_sppf_1_fu_684/grp_sa_maxpool_or_1_fu_296/grp_sa_maxpool_or_1_fu_296_m_axi_gmem4_ARADDR[33].  Did not re-place instance system_i/spike_accel_0/inst/grp_sa_spike_sppf_1_fu_684/grp_sa_maxpool_or_1_fu_296/mem_reg[5][33]_srl6_i_18__1
INFO: [Physopt 32-662] Processed net system_i/spike_accel_0/inst/grp_sa_spike_sppf_1_fu_684/grp_sa_maxpool_or_1_fu_296/i___75_n_2.  Did not re-place instance system_i/spike_accel_0/inst/grp_sa_spike_sppf_1_fu_684/grp_sa_maxpool_or_1_fu_296/i___75
INFO: [Physopt 32-662] Processed net system_i/spike_accel_0/inst/grp_sa_spike_sppf_1_fu_684/grp_sa_maxpool_or_1_fu_296/mem_reg[5][10]_srl6_i_44_n_2.  Did not re-place instance system_i/spike_accel_0/inst/grp_sa_spike_sppf_1_fu_684/grp_sa_maxpool_or_1_fu_296/mem_reg[5][10]_srl6_i_44
INFO: [Physopt 32-662] Processed net system_i/spike_accel_0/inst/grp_sa_spike_sppf_1_fu_684/grp_sa_maxpool_or_1_fu_296/mem_reg[5][33]_srl6_i_23__2_n_2.  Did not re-place instance system_i/spike_accel_0/inst/grp_sa_spike_sppf_1_fu_684/grp_sa_maxpool_or_1_fu_296/mem_reg[5][33]_srl6_i_23__2
INFO: [Physopt 32-662] Processed net system_i/spike_accel_0/inst/grp_sa_spike_sppf_1_fu_684/grp_sa_maxpool_or_1_fu_296/mem_reg[5][33]_srl6_i_31__0_n_2.  Did not re-place instance system_i/spike_accel_0/inst/grp_sa_spike_sppf_1_fu_684/grp_sa_maxpool_or_1_fu_296/mem_reg[5][33]_srl6_i_31__0
INFO: [Physopt 32-662] Processed net system_i/spike_accel_0/inst/grp_sa_spike_sppf_1_fu_684/grp_sa_spike_sppf_1_Pipeline_VITIS_LOOP_133_3_VITIS_LOOP_134_4_fu_317/gmem4_addr_10_reg_710_reg[33]_0.  Did not re-place instance system_i/spike_accel_0/inst/grp_sa_spike_sppf_1_fu_684/grp_sa_spike_sppf_1_Pipeline_VITIS_LOOP_133_3_VITIS_LOOP_134_4_fu_317/mem_reg[5][33]_srl6_i_11__2
INFO: [Physopt 32-662] Processed net system_i/spike_accel_0/inst/grp_sa_spike_sppf_1_fu_684/grp_sa_spike_sppf_1_Pipeline_VITIS_LOOP_150_6_VITIS_LOOP_151_7_fu_307/gmem4_addr_7_reg_784_reg[33]_0.  Did not re-place instance system_i/spike_accel_0/inst/grp_sa_spike_sppf_1_fu_684/grp_sa_spike_sppf_1_Pipeline_VITIS_LOOP_150_6_VITIS_LOOP_151_7_fu_307/mem_reg[5][33]_srl6_i_3__3
INFO: [Physopt 32-662] Processed net system_i/spike_accel_0/inst/grp_sa_spike_sppf_1_fu_684/grp_sa_spike_sppf_1_Pipeline_VITIS_LOOP_150_6_VITIS_LOOP_151_7_fu_307/mem_reg[5][33]_srl6_i_6__2_n_2.  Did not re-place instance system_i/spike_accel_0/inst/grp_sa_spike_sppf_1_fu_684/grp_sa_spike_sppf_1_Pipeline_VITIS_LOOP_150_6_VITIS_LOOP_151_7_fu_307/mem_reg[5][33]_srl6_i_6__2
INFO: [Physopt 32-662] Processed net system_i/spike_accel_0/inst/gmem4_m_axi_U/load_unit_0/fifo_rreq/U_fifo_srl/mem_reg[5][33]_srl6_n_2.  Did not re-place instance system_i/spike_accel_0/inst/gmem4_m_axi_U/load_unit_0/fifo_rreq/U_fifo_srl/mem_reg[5][33]_srl6
INFO: [Physopt 32-662] Processed net system_i/spike_accel_0/inst/grp_sa_conv2d_bn_40_71_118_240_333_426_1_fu_666/grp_sa_conv2d_int_43_74_429_1_fu_366/grp_sa_conv2d_int_43_74_429_1_Pipeline_VITIS_LOOP_97_7_VITIS_LOOP_98_8_VITIS_LOOP_99_fu_97/mem_reg[5][1]_srl6_i_14__0_n_2.  Did not re-place instance system_i/spike_accel_0/inst/grp_sa_conv2d_bn_40_71_118_240_333_426_1_fu_666/grp_sa_conv2d_int_43_74_429_1_fu_366/grp_sa_conv2d_int_43_74_429_1_Pipeline_VITIS_LOOP_97_7_VITIS_LOOP_98_8_VITIS_LOOP_99_fu_97/mem_reg[5][1]_srl6_i_14__0
INFO: [Physopt 32-662] Processed net system_i/spike_accel_0/inst/grp_sa_conv2d_bn_40_71_118_240_333_426_1_fu_666/grp_sa_conv2d_int_43_74_429_1_fu_366/grp_sa_conv2d_int_43_74_429_1_Pipeline_VITIS_LOOP_97_7_VITIS_LOOP_98_8_VITIS_LOOP_99_fu_97/mul_8s_8s_16_4_1_U397/ap_phi_reg_pp0_iter0_px_0_1_3111113_reg_1680192_out.  Did not re-place instance system_i/spike_accel_0/inst/grp_sa_conv2d_bn_40_71_118_240_333_426_1_fu_666/grp_sa_conv2d_int_43_74_429_1_fu_366/grp_sa_conv2d_int_43_74_429_1_Pipeline_VITIS_LOOP_97_7_VITIS_LOOP_98_8_VITIS_LOOP_99_fu_97/mul_8s_8s_16_4_1_U397/tmp_46_reg_7631[0]_i_1
INFO: [Physopt 32-663] Processed net system_i/spike_accel_0/inst/grp_sa_conv2d_bn_40_71_118_240_333_426_1_fu_666/grp_sa_conv2d_int_43_74_429_1_fu_366/grp_sa_conv2d_int_43_74_429_1_Pipeline_VITIS_LOOP_97_7_VITIS_LOOP_98_8_VITIS_LOOP_99_fu_97/m_axi_gmem2_ARVALID48415_out.  Re-placed instance system_i/spike_accel_0/inst/grp_sa_conv2d_bn_40_71_118_240_333_426_1_fu_666/grp_sa_conv2d_int_43_74_429_1_fu_366/grp_sa_conv2d_int_43_74_429_1_Pipeline_VITIS_LOOP_97_7_VITIS_LOOP_98_8_VITIS_LOOP_99_fu_97/mem_reg[5][0]_srl6_i_34__0
INFO: [Physopt 32-663] Processed net system_i/spike_accel_0/inst/grp_sa_conv2d_bn_40_71_118_240_333_426_1_fu_666/grp_sa_conv2d_int_43_74_429_1_fu_366/grp_sa_conv2d_int_43_74_429_1_Pipeline_VITIS_LOOP_97_7_VITIS_LOOP_98_8_VITIS_LOOP_99_fu_97/tmp_52_reg_7700_reg[0]_0.  Re-placed instance system_i/spike_accel_0/inst/grp_sa_conv2d_bn_40_71_118_240_333_426_1_fu_666/grp_sa_conv2d_int_43_74_429_1_fu_366/grp_sa_conv2d_int_43_74_429_1_Pipeline_VITIS_LOOP_97_7_VITIS_LOOP_98_8_VITIS_LOOP_99_fu_97/tmp_52_reg_7700_reg[0]
INFO: [Physopt 32-662] Processed net system_i/spike_accel_0/inst/grp_sa_conv2d_bn_40_71_118_240_333_426_1_fu_666/grp_sa_conv2d_int_43_74_429_1_fu_366/grp_sa_conv2d_int_43_74_429_1_Pipeline_VITIS_LOOP_97_7_VITIS_LOOP_98_8_VITIS_LOOP_99_fu_97/grp_sa_conv2d_bn_40_71_118_240_333_426_1_fu_666_m_axi_gmem2_ARADDR[34].  Did not re-place instance system_i/spike_accel_0/inst/grp_sa_conv2d_bn_40_71_118_240_333_426_1_fu_666/grp_sa_conv2d_int_43_74_429_1_fu_366/grp_sa_conv2d_int_43_74_429_1_Pipeline_VITIS_LOOP_97_7_VITIS_LOOP_98_8_VITIS_LOOP_99_fu_97/mem_reg[5][34]_srl6_i_7__1
INFO: [Physopt 32-663] Processed net system_i/spike_accel_0/inst/grp_sa_conv2d_bn_40_71_118_240_333_426_1_fu_666/grp_sa_conv2d_int_43_74_429_1_fu_366/grp_sa_conv2d_int_43_74_429_1_Pipeline_VITIS_LOOP_97_7_VITIS_LOOP_98_8_VITIS_LOOP_99_fu_97/grp_sa_conv2d_int_43_74_429_1_fu_366_m_axi_gmem2_ARADDR[34].  Re-placed instance system_i/spike_accel_0/inst/grp_sa_conv2d_bn_40_71_118_240_333_426_1_fu_666/grp_sa_conv2d_int_43_74_429_1_fu_366/grp_sa_conv2d_int_43_74_429_1_Pipeline_VITIS_LOOP_97_7_VITIS_LOOP_98_8_VITIS_LOOP_99_fu_97/mem_reg[5][34]_srl6_i_10__0
INFO: [Physopt 32-662] Processed net system_i/spike_accel_0/inst/grp_sa_conv2d_bn_40_71_118_240_333_426_1_fu_666/grp_sa_conv2d_int_43_74_429_1_fu_366/grp_sa_conv2d_int_43_74_429_1_Pipeline_VITIS_LOOP_97_7_VITIS_LOOP_98_8_VITIS_LOOP_99_fu_97/mem_reg[5][34]_srl6_i_12__0_n_2.  Did not re-place instance system_i/spike_accel_0/inst/grp_sa_conv2d_bn_40_71_118_240_333_426_1_fu_666/grp_sa_conv2d_int_43_74_429_1_fu_366/grp_sa_conv2d_int_43_74_429_1_Pipeline_VITIS_LOOP_97_7_VITIS_LOOP_98_8_VITIS_LOOP_99_fu_97/mem_reg[5][34]_srl6_i_12__0
INFO: [Physopt 32-663] Processed net system_i/spike_accel_0/inst/grp_sa_conv2d_bn_40_71_118_240_333_426_1_fu_666/grp_sa_conv2d_int_43_74_429_1_fu_366/grp_sa_conv2d_int_43_74_429_1_Pipeline_VITIS_LOOP_97_7_VITIS_LOOP_98_8_VITIS_LOOP_99_fu_97/mul_8s_8s_16_4_1_U397/tmp_46_reg_7631[0]_i_4_n_2.  Re-placed instance system_i/spike_accel_0/inst/grp_sa_conv2d_bn_40_71_118_240_333_426_1_fu_666/grp_sa_conv2d_int_43_74_429_1_fu_366/grp_sa_conv2d_int_43_74_429_1_Pipeline_VITIS_LOOP_97_7_VITIS_LOOP_98_8_VITIS_LOOP_99_fu_97/mul_8s_8s_16_4_1_U397/tmp_46_reg_7631[0]_i_4
INFO: [Physopt 32-662] Processed net system_i/spike_accel_0/inst/grp_sa_ms_all_conv_block_185_1_fu_481/grp_sa_ms_standard_conv_inplace_1_fu_570/grp_sa_conv2d_bn_40_71_118_240_333_426_535_1_fu_197/grp_sa_conv2d_int_43_74_429_536_1_fu_1003/in[34].  Did not re-place instance system_i/spike_accel_0/inst/grp_sa_ms_all_conv_block_185_1_fu_481/grp_sa_ms_standard_conv_inplace_1_fu_570/grp_sa_conv2d_bn_40_71_118_240_333_426_535_1_fu_197/grp_sa_conv2d_int_43_74_429_536_1_fu_1003/mem_reg[5][34]_srl6_i_1__0
INFO: [Physopt 32-662] Processed net system_i/spike_accel_0/inst/grp_sa_ms_all_conv_block_185_1_fu_481/grp_sa_ms_standard_conv_inplace_1_fu_570/grp_sa_conv2d_bn_40_71_118_240_333_426_535_1_fu_197/grp_sa_conv2d_int_43_74_429_536_1_fu_1003/mem_reg[5][34]_srl6_i_2__0_n_2.  Did not re-place instance system_i/spike_accel_0/inst/grp_sa_ms_all_conv_block_185_1_fu_481/grp_sa_ms_standard_conv_inplace_1_fu_570/grp_sa_conv2d_bn_40_71_118_240_333_426_535_1_fu_197/grp_sa_conv2d_int_43_74_429_536_1_fu_1003/mem_reg[5][34]_srl6_i_2__0
INFO: [Physopt 32-662] Processed net system_i/spike_accel_0/inst/gmem2_m_axi_U/load_unit_0/fifo_rreq/U_fifo_srl/mem_reg[5][34]_srl6_n_2.  Did not re-place instance system_i/spike_accel_0/inst/gmem2_m_axi_U/load_unit_0/fifo_rreq/U_fifo_srl/mem_reg[5][34]_srl6
INFO: [Physopt 32-662] Processed net system_i/spike_accel_0/inst/grp_sa_conv2d_bn_40_71_118_240_333_426_1_fu_666/grp_sa_conv2d_int_43_74_429_1_fu_366/grp_sa_conv2d_int_43_74_429_1_Pipeline_VITIS_LOOP_97_7_VITIS_LOOP_98_8_VITIS_LOOP_99_fu_97/mem_reg[5][0]_srl6_i_36_n_2.  Did not re-place instance system_i/spike_accel_0/inst/grp_sa_conv2d_bn_40_71_118_240_333_426_1_fu_666/grp_sa_conv2d_int_43_74_429_1_fu_366/grp_sa_conv2d_int_43_74_429_1_Pipeline_VITIS_LOOP_97_7_VITIS_LOOP_98_8_VITIS_LOOP_99_fu_97/mem_reg[5][0]_srl6_i_36
INFO: [Physopt 32-662] Processed net system_i/spike_accel_0/inst/grp_sa_conv2d_bn_40_71_118_240_333_426_1_fu_666/grp_sa_conv2d_int_43_74_429_1_fu_366/grp_sa_conv2d_int_43_74_429_1_Pipeline_VITIS_LOOP_97_7_VITIS_LOOP_98_8_VITIS_LOOP_99_fu_97/mul_8s_8s_16_4_1_U386/ap_block_pp0_stage26_11001.  Did not re-place instance system_i/spike_accel_0/inst/grp_sa_conv2d_bn_40_71_118_240_333_426_1_fu_666/grp_sa_conv2d_int_43_74_429_1_fu_366/grp_sa_conv2d_int_43_74_429_1_Pipeline_VITIS_LOOP_97_7_VITIS_LOOP_98_8_VITIS_LOOP_99_fu_97/mul_8s_8s_16_4_1_U386/gmem2_addr_30_reg_8989[62]_i_3
INFO: [Physopt 32-662] Processed net system_i/spike_accel_0/inst/grp_sa_conv2d_bn_40_71_118_240_333_426_1_fu_666/grp_sa_conv2d_int_43_74_429_1_fu_366/grp_sa_conv2d_int_43_74_429_1_Pipeline_VITIS_LOOP_97_7_VITIS_LOOP_98_8_VITIS_LOOP_99_fu_97/m_axi_gmem2_ARVALID30.  Did not re-place instance system_i/spike_accel_0/inst/grp_sa_conv2d_bn_40_71_118_240_333_426_1_fu_666/grp_sa_conv2d_int_43_74_429_1_fu_366/grp_sa_conv2d_int_43_74_429_1_Pipeline_VITIS_LOOP_97_7_VITIS_LOOP_98_8_VITIS_LOOP_99_fu_97/mem_reg[5][0]_srl6_i_73__1
INFO: [Physopt 32-663] Processed net system_i/spike_accel_0/inst/grp_sa_conv2d_bn_40_71_118_240_333_426_1_fu_666/grp_sa_conv2d_int_43_74_429_1_fu_366/grp_sa_conv2d_int_43_74_429_1_Pipeline_VITIS_LOOP_97_7_VITIS_LOOP_98_8_VITIS_LOOP_99_fu_97/p_433_in.  Re-placed instance system_i/spike_accel_0/inst/grp_sa_conv2d_bn_40_71_118_240_333_426_1_fu_666/grp_sa_conv2d_int_43_74_429_1_fu_366/grp_sa_conv2d_int_43_74_429_1_Pipeline_VITIS_LOOP_97_7_VITIS_LOOP_98_8_VITIS_LOOP_99_fu_97/gmem2_addr_30_reg_8989[62]_i_4
INFO: [Physopt 32-662] Processed net system_i/spike_accel_0/inst/grp_sa_conv2d_bn_40_71_118_240_333_426_1_fu_666/grp_sa_conv2d_int_43_74_429_1_fu_366/grp_sa_conv2d_int_43_74_429_1_Pipeline_VITIS_LOOP_97_7_VITIS_LOOP_98_8_VITIS_LOOP_99_fu_97/mem_reg[5][0]_srl6_i_50__1_n_2.  Did not re-place instance system_i/spike_accel_0/inst/grp_sa_conv2d_bn_40_71_118_240_333_426_1_fu_666/grp_sa_conv2d_int_43_74_429_1_fu_366/grp_sa_conv2d_int_43_74_429_1_Pipeline_VITIS_LOOP_97_7_VITIS_LOOP_98_8_VITIS_LOOP_99_fu_97/mem_reg[5][0]_srl6_i_50__1
INFO: [Physopt 32-662] Processed net system_i/spike_accel_0/inst/grp_sa_conv2d_bn_40_71_118_240_333_426_1_fu_666/grp_sa_conv2d_int_43_74_429_1_fu_366/grp_sa_conv2d_int_43_74_429_1_Pipeline_VITIS_LOOP_97_7_VITIS_LOOP_98_8_VITIS_LOOP_99_fu_97/grp_sa_conv2d_bn_40_71_118_240_333_426_1_fu_666_m_axi_gmem2_ARADDR[43].  Did not re-place instance system_i/spike_accel_0/inst/grp_sa_conv2d_bn_40_71_118_240_333_426_1_fu_666/grp_sa_conv2d_int_43_74_429_1_fu_366/grp_sa_conv2d_int_43_74_429_1_Pipeline_VITIS_LOOP_97_7_VITIS_LOOP_98_8_VITIS_LOOP_99_fu_97/mem_reg[5][43]_srl6_i_7__1
INFO: [Physopt 32-662] Processed net system_i/spike_accel_0/inst/grp_sa_conv2d_bn_40_71_118_240_333_426_1_fu_666/grp_sa_conv2d_int_43_74_429_1_fu_366/grp_sa_conv2d_int_43_74_429_1_Pipeline_VITIS_LOOP_97_7_VITIS_LOOP_98_8_VITIS_LOOP_99_fu_97/grp_sa_conv2d_int_43_74_429_1_fu_366_m_axi_gmem2_ARADDR[43].  Did not re-place instance system_i/spike_accel_0/inst/grp_sa_conv2d_bn_40_71_118_240_333_426_1_fu_666/grp_sa_conv2d_int_43_74_429_1_fu_366/grp_sa_conv2d_int_43_74_429_1_Pipeline_VITIS_LOOP_97_7_VITIS_LOOP_98_8_VITIS_LOOP_99_fu_97/mem_reg[5][43]_srl6_i_10__0
INFO: [Physopt 32-662] Processed net system_i/spike_accel_0/inst/grp_sa_ms_all_conv_block_185_1_fu_481/grp_sa_ms_standard_conv_inplace_1_fu_570/grp_sa_conv2d_bn_40_71_118_240_333_426_535_1_fu_197/grp_sa_conv2d_int_43_74_429_536_1_fu_1003/in[43].  Did not re-place instance system_i/spike_accel_0/inst/grp_sa_ms_all_conv_block_185_1_fu_481/grp_sa_ms_standard_conv_inplace_1_fu_570/grp_sa_conv2d_bn_40_71_118_240_333_426_535_1_fu_197/grp_sa_conv2d_int_43_74_429_536_1_fu_1003/mem_reg[5][43]_srl6_i_1__0
INFO: [Physopt 32-662] Processed net system_i/spike_accel_0/inst/grp_sa_ms_all_conv_block_185_1_fu_481/grp_sa_ms_standard_conv_inplace_1_fu_570/grp_sa_conv2d_bn_40_71_118_240_333_426_535_1_fu_197/grp_sa_conv2d_int_43_74_429_536_1_fu_1003/mem_reg[5][43]_srl6_i_2__0_n_2.  Did not re-place instance system_i/spike_accel_0/inst/grp_sa_ms_all_conv_block_185_1_fu_481/grp_sa_ms_standard_conv_inplace_1_fu_570/grp_sa_conv2d_bn_40_71_118_240_333_426_535_1_fu_197/grp_sa_conv2d_int_43_74_429_536_1_fu_1003/mem_reg[5][43]_srl6_i_2__0
INFO: [Physopt 32-662] Processed net system_i/spike_accel_0/inst/gmem2_m_axi_U/load_unit_0/fifo_rreq/U_fifo_srl/mem_reg[5][43]_srl6_n_2.  Did not re-place instance system_i/spike_accel_0/inst/gmem2_m_axi_U/load_unit_0/fifo_rreq/U_fifo_srl/mem_reg[5][43]_srl6
INFO: [Physopt 32-662] Processed net system_i/spike_accel_0/inst/grp_sa_ms_all_conv_block_185_1_fu_481/grp_sa_ms_standard_conv_inplace_1_fu_570/grp_sa_conv2d_bn_40_71_118_240_333_426_535_1_fu_197/grp_sa_conv2d_bn_40_71_118_240_333_426_535_1_Pipeline_VITIS_LOOP_95_2_VITIS_LOOP_96_s_fu_1030/gmem4_addr_52_read_reg_849_reg[10]_0[3].  Did not re-place instance system_i/spike_accel_0/inst/grp_sa_ms_all_conv_block_185_1_fu_481/grp_sa_ms_standard_conv_inplace_1_fu_570/grp_sa_conv2d_bn_40_71_118_240_333_426_535_1_fu_197/grp_sa_conv2d_bn_40_71_118_240_333_426_535_1_Pipeline_VITIS_LOOP_95_2_VITIS_LOOP_96_s_fu_1030/mem_reg_i_755
INFO: [Physopt 32-662] Processed net system_i/spike_accel_0/inst/grp_sa_ms_all_conv_block_185_1_fu_481/grp_sa_ms_standard_conv_inplace_1_fu_570/grp_sa_conv2d_bn_40_71_118_240_333_426_535_1_fu_197/grp_sa_conv2d_bn_40_71_118_240_333_426_535_1_Pipeline_VITIS_LOOP_95_2_VITIS_LOOP_96_s_fu_1030/mem_reg_i_962_n_2.  Did not re-place instance system_i/spike_accel_0/inst/grp_sa_ms_all_conv_block_185_1_fu_481/grp_sa_ms_standard_conv_inplace_1_fu_570/grp_sa_conv2d_bn_40_71_118_240_333_426_535_1_fu_197/grp_sa_conv2d_bn_40_71_118_240_333_426_535_1_Pipeline_VITIS_LOOP_95_2_VITIS_LOOP_96_s_fu_1030/mem_reg_i_962
INFO: [Physopt 32-662] Processed net system_i/spike_accel_0/inst/grp_sa_ms_all_conv_block_185_1_fu_481/grp_sa_ms_standard_conv_inplace_1_fu_570/grp_sa_conv2d_bn_40_71_118_240_333_426_535_1_fu_197/grp_sa_conv2d_bn_40_71_118_240_333_426_535_1_Pipeline_VITIS_LOOP_95_2_VITIS_LOOP_96_s_fu_1030/gmem4_addr_52_read_reg_849_reg[11]_0[3].  Did not re-place instance system_i/spike_accel_0/inst/grp_sa_ms_all_conv_block_185_1_fu_481/grp_sa_ms_standard_conv_inplace_1_fu_570/grp_sa_conv2d_bn_40_71_118_240_333_426_535_1_fu_197/grp_sa_conv2d_bn_40_71_118_240_333_426_535_1_Pipeline_VITIS_LOOP_95_2_VITIS_LOOP_96_s_fu_1030/mem_reg_i_759
INFO: [Physopt 32-662] Processed net system_i/spike_accel_0/inst/grp_sa_ms_all_conv_block_185_1_fu_481/grp_sa_ms_all_conv_block_185_1_Pipeline_VITIS_LOOP_85_1_fu_552/mem_reg_i_237_n_2.  Did not re-place instance system_i/spike_accel_0/inst/grp_sa_ms_all_conv_block_185_1_fu_481/grp_sa_ms_all_conv_block_185_1_Pipeline_VITIS_LOOP_85_1_fu_552/mem_reg_i_237
INFO: [Physopt 32-662] Processed net system_i/spike_accel_0/inst/grp_sa_spike_sppf_1_fu_684/grp_sa_ms_standard_conv_inplace_2_fu_249/grp_sa_conv2d_bn_40_71_118_240_333_426_535_1_fu_169/grp_sa_conv2d_bn_40_71_118_240_333_426_535_1_Pipeline_VITIS_LOOP_95_2_VITIS_LOOP_96_s_fu_1030/gmem4_addr_52_read_reg_849_reg[10]_0[1].  Did not re-place instance system_i/spike_accel_0/inst/grp_sa_spike_sppf_1_fu_684/grp_sa_ms_standard_conv_inplace_2_fu_249/grp_sa_conv2d_bn_40_71_118_240_333_426_535_1_fu_169/grp_sa_conv2d_bn_40_71_118_240_333_426_535_1_Pipeline_VITIS_LOOP_95_2_VITIS_LOOP_96_s_fu_1030/mem_reg_i_765
INFO: [Physopt 32-663] Processed net system_i/spike_accel_0/inst/grp_sa_spike_sppf_1_fu_684/grp_sa_ms_standard_conv_inplace_2_fu_249/grp_sa_conv2d_bn_40_71_118_240_333_426_535_1_fu_169/grp_sa_conv2d_bn_40_71_118_240_333_426_535_1_Pipeline_VITIS_LOOP_95_2_VITIS_LOOP_96_s_fu_1030/mem_reg_i_968_n_2.  Re-placed instance system_i/spike_accel_0/inst/grp_sa_spike_sppf_1_fu_684/grp_sa_ms_standard_conv_inplace_2_fu_249/grp_sa_conv2d_bn_40_71_118_240_333_426_535_1_fu_169/grp_sa_conv2d_bn_40_71_118_240_333_426_535_1_Pipeline_VITIS_LOOP_95_2_VITIS_LOOP_96_s_fu_1030/mem_reg_i_968
INFO: [Physopt 32-662] Processed net system_i/spike_accel_0/inst/grp_sa_ms_downsampling_199_1_fu_628/grp_sa_conv2d_bn_40_71_118_240_333_426_535_1_fu_199/grp_sa_conv2d_int_43_74_429_536_1_fu_1003/din[21].  Did not re-place instance system_i/spike_accel_0/inst/grp_sa_ms_downsampling_199_1_fu_628/grp_sa_conv2d_bn_40_71_118_240_333_426_535_1_fu_199/grp_sa_conv2d_int_43_74_429_536_1_fu_1003/mem_reg_i_26__0
INFO: [Physopt 32-662] Processed net system_i/spike_accel_0/inst/grp_sa_spike_sppf_1_fu_684/grp_sa_ms_standard_conv_inplace_2_fu_249/grp_sa_conv2d_bn_40_71_118_240_333_426_535_1_fu_169/grp_sa_conv2d_bn_40_71_118_240_333_426_535_1_Pipeline_VITIS_LOOP_95_2_VITIS_LOOP_96_s_fu_1030/gmem4_addr_52_read_reg_849_reg[11]_0[1].  Did not re-place instance system_i/spike_accel_0/inst/grp_sa_spike_sppf_1_fu_684/grp_sa_ms_standard_conv_inplace_2_fu_249/grp_sa_conv2d_bn_40_71_118_240_333_426_535_1_fu_169/grp_sa_conv2d_bn_40_71_118_240_333_426_535_1_Pipeline_VITIS_LOOP_95_2_VITIS_LOOP_96_s_fu_1030/mem_reg_i_769
INFO: [Physopt 32-662] Processed net system_i/spike_accel_0/inst/grp_sa_spike_sppf_1_fu_684/grp_sa_ms_standard_conv_inplace_2_fu_249/grp_sa_conv2d_bn_40_71_118_240_333_426_535_1_fu_169/grp_sa_conv2d_int_43_74_429_536_1_fu_1003/ap_CS_fsm_reg[11]_21.  Did not re-place instance system_i/spike_accel_0/inst/grp_sa_spike_sppf_1_fu_684/grp_sa_ms_standard_conv_inplace_2_fu_249/grp_sa_conv2d_bn_40_71_118_240_333_426_535_1_fu_169/grp_sa_conv2d_int_43_74_429_536_1_fu_1003/mem_reg_i_110__0
INFO: [Physopt 32-662] Processed net system_i/spike_accel_0/inst/grp_sa_spike_sppf_1_fu_684/grp_sa_ms_standard_conv_inplace_2_fu_249/grp_sa_conv2d_bn_40_71_118_240_333_426_535_1_fu_169/grp_sa_conv2d_int_43_74_429_536_1_fu_1003/grp_sa_conv2d_bn_40_71_118_240_333_426_535_1_fu_169_m_axi_gmem4_WDATA[25].  Did not re-place instance system_i/spike_accel_0/inst/grp_sa_spike_sppf_1_fu_684/grp_sa_ms_standard_conv_inplace_2_fu_249/grp_sa_conv2d_bn_40_71_118_240_333_426_535_1_fu_169/grp_sa_conv2d_int_43_74_429_536_1_fu_1003/mem_reg_i_457
INFO: [Physopt 32-663] Processed net system_i/spike_accel_0/inst/grp_sa_spike_sppf_1_fu_684/grp_sa_ms_standard_conv_inplace_2_fu_249/grp_sa_conv2d_bn_40_71_118_240_333_426_535_1_fu_169/grp_sa_conv2d_int_43_74_429_536_1_fu_1003/mem_reg_i_254_n_2.  Re-placed instance system_i/spike_accel_0/inst/grp_sa_spike_sppf_1_fu_684/grp_sa_ms_standard_conv_inplace_2_fu_249/grp_sa_conv2d_bn_40_71_118_240_333_426_535_1_fu_169/grp_sa_conv2d_int_43_74_429_536_1_fu_1003/mem_reg_i_254
INFO: [Physopt 32-663] Processed net system_i/spike_accel_0/inst/grp_sa_ms_downsampling_199_1_fu_628/grp_sa_conv2d_bn_40_71_118_240_333_426_535_1_fu_199/grp_sa_conv2d_bn_40_71_118_240_333_426_535_1_Pipeline_VITIS_LOOP_95_2_VITIS_LOOP_96_s_fu_1030/gmem4_addr_52_read_reg_849_reg[10]_0[3].  Re-placed instance system_i/spike_accel_0/inst/grp_sa_ms_downsampling_199_1_fu_628/grp_sa_conv2d_bn_40_71_118_240_333_426_535_1_fu_199/grp_sa_conv2d_bn_40_71_118_240_333_426_535_1_Pipeline_VITIS_LOOP_95_2_VITIS_LOOP_96_s_fu_1030/mem_reg_i_559
INFO: [Physopt 32-662] Processed net system_i/spike_accel_0/inst/grp_sa_ms_downsampling_199_1_fu_628/grp_sa_conv2d_bn_40_71_118_240_333_426_535_1_fu_199/grp_sa_conv2d_bn_40_71_118_240_333_426_535_1_Pipeline_VITIS_LOOP_95_2_VITIS_LOOP_96_s_fu_1030/mem_reg_i_743_n_2.  Did not re-place instance system_i/spike_accel_0/inst/grp_sa_ms_downsampling_199_1_fu_628/grp_sa_conv2d_bn_40_71_118_240_333_426_535_1_fu_199/grp_sa_conv2d_bn_40_71_118_240_333_426_535_1_Pipeline_VITIS_LOOP_95_2_VITIS_LOOP_96_s_fu_1030/mem_reg_i_743
INFO: [Physopt 32-662] Processed net system_i/spike_accel_0/inst/grp_sa_ms_downsampling_199_1_fu_628/grp_sa_conv2d_bn_40_71_118_240_333_426_535_1_fu_199/grp_sa_conv2d_bn_40_71_118_240_333_426_535_1_Pipeline_VITIS_LOOP_95_2_VITIS_LOOP_96_s_fu_1030/gmem4_addr_52_read_reg_849_reg[11]_0[3].  Did not re-place instance system_i/spike_accel_0/inst/grp_sa_ms_downsampling_199_1_fu_628/grp_sa_conv2d_bn_40_71_118_240_333_426_535_1_fu_199/grp_sa_conv2d_bn_40_71_118_240_333_426_535_1_Pipeline_VITIS_LOOP_95_2_VITIS_LOOP_96_s_fu_1030/mem_reg_i_563
INFO: [Physopt 32-662] Processed net system_i/spike_accel_0/inst/grp_sa_ms_downsampling_199_1_fu_628/grp_sa_conv2d_bn_40_71_118_240_333_426_535_1_fu_199/grp_sa_conv2d_bn_40_71_118_240_333_426_535_1_Pipeline_VITIS_LOOP_95_2_VITIS_LOOP_96_s_fu_1030/gmem4_addr_52_read_reg_849_reg[14]_0[1].  Did not re-place instance system_i/spike_accel_0/inst/grp_sa_ms_downsampling_199_1_fu_628/grp_sa_conv2d_bn_40_71_118_240_333_426_535_1_fu_199/grp_sa_conv2d_bn_40_71_118_240_333_426_535_1_Pipeline_VITIS_LOOP_95_2_VITIS_LOOP_96_s_fu_1030/mem_reg_i_545
INFO: [Physopt 32-663] Processed net system_i/spike_accel_0/inst/grp_sa_ms_downsampling_199_1_fu_628/grp_sa_conv2d_bn_40_71_118_240_333_426_535_1_fu_199/grp_sa_conv2d_bn_40_71_118_240_333_426_535_1_Pipeline_VITIS_LOOP_95_2_VITIS_LOOP_96_s_fu_1030/mem_reg_i_716_n_2.  Re-placed instance system_i/spike_accel_0/inst/grp_sa_ms_downsampling_199_1_fu_628/grp_sa_conv2d_bn_40_71_118_240_333_426_535_1_fu_199/grp_sa_conv2d_bn_40_71_118_240_333_426_535_1_Pipeline_VITIS_LOOP_95_2_VITIS_LOOP_96_s_fu_1030/mem_reg_i_716
INFO: [Physopt 32-662] Processed net system_i/spike_accel_0/inst/grp_sa_ms_downsampling_199_1_fu_628/grp_sa_conv2d_bn_40_71_118_240_333_426_535_1_fu_199/grp_sa_conv2d_bn_40_71_118_240_333_426_535_1_Pipeline_VITIS_LOOP_95_2_VITIS_LOOP_96_s_fu_1030/gmem4_addr_52_read_reg_849_reg[15]_0[1].  Did not re-place instance system_i/spike_accel_0/inst/grp_sa_ms_downsampling_199_1_fu_628/grp_sa_conv2d_bn_40_71_118_240_333_426_535_1_fu_199/grp_sa_conv2d_bn_40_71_118_240_333_426_535_1_Pipeline_VITIS_LOOP_95_2_VITIS_LOOP_96_s_fu_1030/mem_reg_i_549
INFO: [Physopt 32-662] Processed net system_i/spike_accel_0/inst/grp_sa_ms_all_conv_block_185_1_fu_481/grp_sa_ms_standard_conv_inplace_fu_485/grp_sa_conv2d_bn_40_71_118_240_333_426_535_1_fu_221/grp_sa_conv2d_int_43_74_429_536_1_fu_1003/gmem4_addr_reg_325_reg[62][36].  Did not re-place instance system_i/spike_accel_0/inst/grp_sa_ms_all_conv_block_185_1_fu_481/grp_sa_ms_standard_conv_inplace_fu_485/grp_sa_conv2d_bn_40_71_118_240_333_426_535_1_fu_221/grp_sa_conv2d_int_43_74_429_536_1_fu_1003/mem_reg[5][36]_srl6_i_1__2
INFO: [Physopt 32-662] Processed net system_i/spike_accel_0/inst/grp_sa_spike_sppf_1_fu_684/grp_sa_maxpool_or_1_fu_296/grp_sa_maxpool_or_1_fu_296_m_axi_gmem4_ARADDR[36].  Did not re-place instance system_i/spike_accel_0/inst/grp_sa_spike_sppf_1_fu_684/grp_sa_maxpool_or_1_fu_296/mem_reg[5][36]_srl6_i_18__1
INFO: [Physopt 32-662] Processed net system_i/spike_accel_0/inst/grp_sa_spike_sppf_1_fu_684/grp_sa_maxpool_or_1_fu_296/mem_reg[5][36]_srl6_i_23__2_n_2.  Did not re-place instance system_i/spike_accel_0/inst/grp_sa_spike_sppf_1_fu_684/grp_sa_maxpool_or_1_fu_296/mem_reg[5][36]_srl6_i_23__2
INFO: [Physopt 32-662] Processed net system_i/spike_accel_0/inst/grp_sa_spike_sppf_1_fu_684/grp_sa_maxpool_or_1_fu_296/mem_reg[5][36]_srl6_i_31__0_n_2.  Did not re-place instance system_i/spike_accel_0/inst/grp_sa_spike_sppf_1_fu_684/grp_sa_maxpool_or_1_fu_296/mem_reg[5][36]_srl6_i_31__0
INFO: [Physopt 32-662] Processed net system_i/spike_accel_0/inst/grp_sa_spike_sppf_1_fu_684/grp_sa_spike_sppf_1_Pipeline_VITIS_LOOP_133_3_VITIS_LOOP_134_4_fu_317/gmem4_addr_11_reg_699_reg[36]_0.  Did not re-place instance system_i/spike_accel_0/inst/grp_sa_spike_sppf_1_fu_684/grp_sa_spike_sppf_1_Pipeline_VITIS_LOOP_133_3_VITIS_LOOP_134_4_fu_317/mem_reg[5][36]_srl6_i_11__2
INFO: [Physopt 32-662] Processed net system_i/spike_accel_0/inst/grp_sa_spike_sppf_1_fu_684/grp_sa_spike_sppf_1_Pipeline_VITIS_LOOP_150_6_VITIS_LOOP_151_7_fu_307/gmem4_addr_7_reg_784_reg[36]_0.  Did not re-place instance system_i/spike_accel_0/inst/grp_sa_spike_sppf_1_fu_684/grp_sa_spike_sppf_1_Pipeline_VITIS_LOOP_150_6_VITIS_LOOP_151_7_fu_307/mem_reg[5][36]_srl6_i_3__3
INFO: [Physopt 32-662] Processed net system_i/spike_accel_0/inst/grp_sa_spike_sppf_1_fu_684/grp_sa_spike_sppf_1_Pipeline_VITIS_LOOP_150_6_VITIS_LOOP_151_7_fu_307/mem_reg[5][36]_srl6_i_6__2_n_2.  Did not re-place instance system_i/spike_accel_0/inst/grp_sa_spike_sppf_1_fu_684/grp_sa_spike_sppf_1_Pipeline_VITIS_LOOP_150_6_VITIS_LOOP_151_7_fu_307/mem_reg[5][36]_srl6_i_6__2
INFO: [Physopt 32-662] Processed net system_i/spike_accel_0/inst/gmem4_m_axi_U/load_unit_0/fifo_rreq/U_fifo_srl/mem_reg[5][36]_srl6_n_2.  Did not re-place instance system_i/spike_accel_0/inst/gmem4_m_axi_U/load_unit_0/fifo_rreq/U_fifo_srl/mem_reg[5][36]_srl6
INFO: [Physopt 32-662] Processed net system_i/spike_accel_0/inst/grp_sa_conv2d_bn_40_71_118_240_333_426_1_fu_666/grp_sa_conv2d_int_43_74_429_1_fu_366/grp_sa_conv2d_int_43_74_429_1_Pipeline_VITIS_LOOP_97_7_VITIS_LOOP_98_8_VITIS_LOOP_99_fu_97/gmem2_addr_21_reg_8610[62]_i_4_n_2.  Did not re-place instance system_i/spike_accel_0/inst/grp_sa_conv2d_bn_40_71_118_240_333_426_1_fu_666/grp_sa_conv2d_int_43_74_429_1_fu_366/grp_sa_conv2d_int_43_74_429_1_Pipeline_VITIS_LOOP_97_7_VITIS_LOOP_98_8_VITIS_LOOP_99_fu_97/gmem2_addr_21_reg_8610[62]_i_4
INFO: [Physopt 32-662] Processed net system_i/spike_accel_0/inst/grp_sa_conv2d_bn_40_71_118_240_333_426_1_fu_666/grp_sa_conv2d_int_43_74_429_1_fu_366/grp_sa_conv2d_int_43_74_429_1_Pipeline_VITIS_LOOP_97_7_VITIS_LOOP_98_8_VITIS_LOOP_99_fu_97_ap_start_reg.  Did not re-place instance system_i/spike_accel_0/inst/grp_sa_conv2d_bn_40_71_118_240_333_426_1_fu_666/grp_sa_conv2d_int_43_74_429_1_fu_366/grp_sa_conv2d_int_43_74_429_1_Pipeline_VITIS_LOOP_97_7_VITIS_LOOP_98_8_VITIS_LOOP_99_fu_97_ap_start_reg_reg
INFO: [Physopt 32-662] Processed net system_i/spike_accel_0/inst/grp_sa_ms_all_conv_block_185_1_fu_481/grp_sa_ms_all_conv_block_185_1_Pipeline_VITIS_LOOP_85_11_fu_608/grp_sa_ms_all_conv_block_185_1_fu_481_m_axi_gmem3_WDATA[12].  Did not re-place instance system_i/spike_accel_0/inst/grp_sa_ms_all_conv_block_185_1_fu_481/grp_sa_ms_all_conv_block_185_1_Pipeline_VITIS_LOOP_85_11_fu_608/mem_reg_i_106
INFO: [Physopt 32-662] Processed net system_i/spike_accel_0/inst/grp_sa_ms_all_conv_block_185_1_fu_481/grp_sa_ms_standard_conv_inplace_1_fu_570/grp_sa_conv2d_bn_40_71_118_240_333_426_535_1_fu_197/grp_sa_conv2d_bn_40_71_118_240_333_426_535_1_Pipeline_VITIS_LOOP_95_2_VITIS_LOOP_96_s_fu_1030/gmem4_addr_52_read_reg_849_reg[7]_0[0].  Did not re-place instance system_i/spike_accel_0/inst/grp_sa_ms_all_conv_block_185_1_fu_481/grp_sa_ms_standard_conv_inplace_1_fu_570/grp_sa_conv2d_bn_40_71_118_240_333_426_535_1_fu_197/grp_sa_conv2d_bn_40_71_118_240_333_426_535_1_Pipeline_VITIS_LOOP_95_2_VITIS_LOOP_96_s_fu_1030/mem_reg_i_793
INFO: [Physopt 32-662] Processed net system_i/spike_accel_0/inst/grp_sa_ms_all_conv_block_185_1_fu_481/grp_sa_ms_standard_conv_inplace_fu_485/grp_sa_conv2d_bn_40_71_118_240_333_426_535_1_fu_221/grp_sa_conv2d_bn_40_71_118_240_333_426_535_1_Pipeline_VITIS_LOOP_116_7_fu_1058/ap_CS_fsm_reg[8]_11.  Did not re-place instance system_i/spike_accel_0/inst/grp_sa_ms_all_conv_block_185_1_fu_481/grp_sa_ms_standard_conv_inplace_fu_485/grp_sa_conv2d_bn_40_71_118_240_333_426_535_1_fu_221/grp_sa_conv2d_bn_40_71_118_240_333_426_535_1_Pipeline_VITIS_LOOP_116_7_fu_1058/mem_reg_i_142__0
INFO: [Physopt 32-662] Processed net system_i/spike_accel_0/inst/grp_sa_ms_all_conv_block_185_1_fu_481/grp_sa_ms_standard_conv_inplace_fu_485/grp_sa_conv2d_bn_40_71_118_240_333_426_535_1_fu_221/grp_sa_conv2d_int_43_74_429_536_1_fu_1003/gmem4_addr_reg_325_reg[62][59].  Did not re-place instance system_i/spike_accel_0/inst/grp_sa_ms_all_conv_block_185_1_fu_481/grp_sa_ms_standard_conv_inplace_fu_485/grp_sa_conv2d_bn_40_71_118_240_333_426_535_1_fu_221/grp_sa_conv2d_int_43_74_429_536_1_fu_1003/mem_reg[5][59]_srl6_i_1__2
INFO: [Physopt 32-662] Processed net system_i/spike_accel_0/inst/grp_sa_ms_downsampling_199_1_fu_628/grp_sa_conv2d_bn_40_71_118_240_333_426_535_1_fu_199/grp_sa_conv2d_bn_40_71_118_240_333_426_535_1_Pipeline_VITIS_LOOP_116_7_fu_1058/mem_reg_i_43__1_n_2.  Did not re-place instance system_i/spike_accel_0/inst/grp_sa_ms_downsampling_199_1_fu_628/grp_sa_conv2d_bn_40_71_118_240_333_426_535_1_fu_199/grp_sa_conv2d_bn_40_71_118_240_333_426_535_1_Pipeline_VITIS_LOOP_116_7_fu_1058/mem_reg_i_43__1
INFO: [Physopt 32-662] Processed net system_i/spike_accel_0/inst/grp_sa_ms_downsampling_199_1_fu_628/grp_sa_conv2d_bn_40_71_118_240_333_426_535_1_fu_199/grp_sa_conv2d_bn_40_71_118_240_333_426_535_1_Pipeline_VITIS_LOOP_116_7_fu_1058/v_25_reg_447_reg[31]_0[12].  Did not re-place instance system_i/spike_accel_0/inst/grp_sa_ms_downsampling_199_1_fu_628/grp_sa_conv2d_bn_40_71_118_240_333_426_535_1_fu_199/grp_sa_conv2d_bn_40_71_118_240_333_426_535_1_Pipeline_VITIS_LOOP_116_7_fu_1058/mem_reg_i_7__3
INFO: [Physopt 32-662] Processed net system_i/spike_accel_0/inst/grp_sa_spike_sppf_1_fu_684/grp_sa_maxpool_or_1_fu_296/grp_sa_maxpool_or_1_fu_296_m_axi_gmem4_ARADDR[59].  Did not re-place instance system_i/spike_accel_0/inst/grp_sa_spike_sppf_1_fu_684/grp_sa_maxpool_or_1_fu_296/mem_reg[5][59]_srl6_i_18__1
INFO: [Physopt 32-662] Processed net system_i/spike_accel_0/inst/grp_sa_spike_sppf_1_fu_684/grp_sa_maxpool_or_1_fu_296/mem_reg[5][59]_srl6_i_28__0_n_2.  Did not re-place instance system_i/spike_accel_0/inst/grp_sa_spike_sppf_1_fu_684/grp_sa_maxpool_or_1_fu_296/mem_reg[5][59]_srl6_i_28__0
INFO: [Physopt 32-662] Processed net system_i/spike_accel_0/inst/grp_sa_spike_sppf_1_fu_684/grp_sa_maxpool_or_1_fu_296/mem_reg[5][59]_srl6_i_42_n_2.  Did not re-place instance system_i/spike_accel_0/inst/grp_sa_spike_sppf_1_fu_684/grp_sa_maxpool_or_1_fu_296/mem_reg[5][59]_srl6_i_42
INFO: [Physopt 32-662] Processed net system_i/spike_accel_0/inst/grp_sa_spike_sppf_1_fu_684/grp_sa_spike_sppf_1_Pipeline_VITIS_LOOP_133_3_VITIS_LOOP_134_4_fu_317/gmem4_addr_12_reg_688_reg[59]_0.  Did not re-place instance system_i/spike_accel_0/inst/grp_sa_spike_sppf_1_fu_684/grp_sa_spike_sppf_1_Pipeline_VITIS_LOOP_133_3_VITIS_LOOP_134_4_fu_317/mem_reg[5][59]_srl6_i_11__2
INFO: [Physopt 32-662] Processed net system_i/spike_accel_0/inst/grp_sa_spike_sppf_1_fu_684/grp_sa_spike_sppf_1_Pipeline_VITIS_LOOP_150_6_VITIS_LOOP_151_7_fu_307/gmem4_addr_7_reg_784_reg[59]_0.  Did not re-place instance system_i/spike_accel_0/inst/grp_sa_spike_sppf_1_fu_684/grp_sa_spike_sppf_1_Pipeline_VITIS_LOOP_150_6_VITIS_LOOP_151_7_fu_307/mem_reg[5][59]_srl6_i_3__3
INFO: [Physopt 32-662] Processed net system_i/spike_accel_0/inst/grp_sa_spike_sppf_1_fu_684/grp_sa_spike_sppf_1_Pipeline_VITIS_LOOP_150_6_VITIS_LOOP_151_7_fu_307/mem_reg[5][59]_srl6_i_6__2_n_2.  Did not re-place instance system_i/spike_accel_0/inst/grp_sa_spike_sppf_1_fu_684/grp_sa_spike_sppf_1_Pipeline_VITIS_LOOP_150_6_VITIS_LOOP_151_7_fu_307/mem_reg[5][59]_srl6_i_6__2
INFO: [Physopt 32-662] Processed net system_i/spike_accel_0/inst/gmem4_m_axi_U/load_unit_0/fifo_rreq/U_fifo_srl/mem_reg[5][59]_srl6_n_2.  Did not re-place instance system_i/spike_accel_0/inst/gmem4_m_axi_U/load_unit_0/fifo_rreq/U_fifo_srl/mem_reg[5][59]_srl6
INFO: [Physopt 32-662] Processed net system_i/spike_accel_0/inst/grp_sa_ms_all_conv_block_185_1_fu_481/grp_sa_ms_standard_conv_inplace_1_fu_570/grp_sa_conv2d_bn_40_71_118_240_333_426_535_1_fu_197/grp_sa_conv2d_bn_40_71_118_240_333_426_535_1_Pipeline_VITIS_LOOP_95_2_VITIS_LOOP_96_s_fu_1030/gmem4_addr_52_read_reg_849_reg[22]_0[3].  Did not re-place instance system_i/spike_accel_0/inst/grp_sa_ms_all_conv_block_185_1_fu_481/grp_sa_ms_standard_conv_inplace_1_fu_570/grp_sa_conv2d_bn_40_71_118_240_333_426_535_1_fu_197/grp_sa_conv2d_bn_40_71_118_240_333_426_535_1_Pipeline_VITIS_LOOP_95_2_VITIS_LOOP_96_s_fu_1030/mem_reg_i_891
INFO: [Physopt 32-663] Processed net system_i/spike_accel_0/inst/grp_sa_ms_all_conv_block_185_1_fu_481/grp_sa_ms_standard_conv_inplace_1_fu_570/grp_sa_conv2d_bn_40_71_118_240_333_426_535_1_fu_197/grp_sa_conv2d_bn_40_71_118_240_333_426_535_1_Pipeline_VITIS_LOOP_95_2_VITIS_LOOP_96_s_fu_1030/mem_reg_i_1019_n_2.  Re-placed instance system_i/spike_accel_0/inst/grp_sa_ms_all_conv_block_185_1_fu_481/grp_sa_ms_standard_conv_inplace_1_fu_570/grp_sa_conv2d_bn_40_71_118_240_333_426_535_1_fu_197/grp_sa_conv2d_bn_40_71_118_240_333_426_535_1_Pipeline_VITIS_LOOP_95_2_VITIS_LOOP_96_s_fu_1030/mem_reg_i_1019
INFO: [Physopt 32-662] Processed net system_i/spike_accel_0/inst/grp_sa_ms_all_conv_block_185_1_fu_481/grp_sa_ms_standard_conv_inplace_1_fu_570/grp_sa_conv2d_bn_40_71_118_240_333_426_535_1_fu_197/grp_sa_conv2d_bn_40_71_118_240_333_426_535_1_Pipeline_VITIS_LOOP_95_2_VITIS_LOOP_96_s_fu_1030/gmem4_addr_52_read_reg_849_reg[23]_0[3].  Did not re-place instance system_i/spike_accel_0/inst/grp_sa_ms_all_conv_block_185_1_fu_481/grp_sa_ms_standard_conv_inplace_1_fu_570/grp_sa_conv2d_bn_40_71_118_240_333_426_535_1_fu_197/grp_sa_conv2d_bn_40_71_118_240_333_426_535_1_Pipeline_VITIS_LOOP_95_2_VITIS_LOOP_96_s_fu_1030/mem_reg_i_895
INFO: [Physopt 32-662] Processed net system_i/spike_accel_0/inst/grp_sa_ms_all_conv_block_185_1_fu_481/grp_sa_ms_standard_conv_inplace_1_fu_570/grp_sa_conv2d_bn_40_71_118_240_333_426_535_1_fu_197/grp_sa_conv2d_bn_40_71_118_240_333_426_535_1_Pipeline_VITIS_LOOP_95_2_VITIS_LOOP_96_s_fu_1030/gmem4_addr_52_read_reg_849_reg[6]_0[3].  Did not re-place instance system_i/spike_accel_0/inst/grp_sa_ms_all_conv_block_185_1_fu_481/grp_sa_ms_standard_conv_inplace_1_fu_570/grp_sa_conv2d_bn_40_71_118_240_333_426_535_1_fu_197/grp_sa_conv2d_bn_40_71_118_240_333_426_535_1_Pipeline_VITIS_LOOP_95_2_VITIS_LOOP_96_s_fu_1030/mem_reg_i_786
INFO: [Physopt 32-662] Processed net system_i/spike_accel_0/inst/grp_sa_ms_all_conv_block_185_1_fu_481/grp_sa_ms_standard_conv_inplace_1_fu_570/grp_sa_conv2d_bn_40_71_118_240_333_426_535_1_fu_197/grp_sa_conv2d_bn_40_71_118_240_333_426_535_1_Pipeline_VITIS_LOOP_95_2_VITIS_LOOP_96_s_fu_1030/mem_reg_i_974_n_2.  Did not re-place instance system_i/spike_accel_0/inst/grp_sa_ms_all_conv_block_185_1_fu_481/grp_sa_ms_standard_conv_inplace_1_fu_570/grp_sa_conv2d_bn_40_71_118_240_333_426_535_1_fu_197/grp_sa_conv2d_bn_40_71_118_240_333_426_535_1_Pipeline_VITIS_LOOP_95_2_VITIS_LOOP_96_s_fu_1030/mem_reg_i_974
INFO: [Physopt 32-662] Processed net system_i/spike_accel_0/inst/grp_sa_ms_all_conv_block_185_1_fu_481/grp_sa_ms_standard_conv_inplace_1_fu_570/grp_sa_conv2d_bn_40_71_118_240_333_426_535_1_fu_197/grp_sa_conv2d_bn_40_71_118_240_333_426_535_1_Pipeline_VITIS_LOOP_95_2_VITIS_LOOP_96_s_fu_1030/gmem4_addr_52_read_reg_849_reg[7]_0[3].  Did not re-place instance system_i/spike_accel_0/inst/grp_sa_ms_all_conv_block_185_1_fu_481/grp_sa_ms_standard_conv_inplace_1_fu_570/grp_sa_conv2d_bn_40_71_118_240_333_426_535_1_fu_197/grp_sa_conv2d_bn_40_71_118_240_333_426_535_1_Pipeline_VITIS_LOOP_95_2_VITIS_LOOP_96_s_fu_1030/mem_reg_i_790
INFO: [Physopt 32-662] Processed net system_i/spike_accel_0/inst/grp_sa_ms_all_conv_block_185_1_fu_481/grp_sa_ms_standard_conv_inplace_fu_485/grp_sa_conv2d_bn_40_71_118_240_333_426_535_1_fu_221/grp_sa_conv2d_int_43_74_429_536_1_fu_1003/gmem4_addr_reg_325_reg[62][44].  Did not re-place instance system_i/spike_accel_0/inst/grp_sa_ms_all_conv_block_185_1_fu_481/grp_sa_ms_standard_conv_inplace_fu_485/grp_sa_conv2d_bn_40_71_118_240_333_426_535_1_fu_221/grp_sa_conv2d_int_43_74_429_536_1_fu_1003/mem_reg[5][44]_srl6_i_1__2
INFO: [Physopt 32-662] Processed net system_i/spike_accel_0/inst/grp_sa_spike_sppf_1_fu_684/grp_sa_maxpool_or_1_fu_296/grp_sa_maxpool_or_1_fu_296_m_axi_gmem4_ARADDR[44].  Did not re-place instance system_i/spike_accel_0/inst/grp_sa_spike_sppf_1_fu_684/grp_sa_maxpool_or_1_fu_296/mem_reg[5][44]_srl6_i_17__1
INFO: [Physopt 32-662] Processed net system_i/spike_accel_0/inst/grp_sa_spike_sppf_1_fu_684/grp_sa_maxpool_or_1_fu_296/mem_reg[5][44]_srl6_i_22__2_n_2.  Did not re-place instance system_i/spike_accel_0/inst/grp_sa_spike_sppf_1_fu_684/grp_sa_maxpool_or_1_fu_296/mem_reg[5][44]_srl6_i_22__2
INFO: [Physopt 32-662] Processed net system_i/spike_accel_0/inst/grp_sa_spike_sppf_1_fu_684/grp_sa_maxpool_or_1_fu_296/mem_reg[5][44]_srl6_i_30__0_n_2.  Did not re-place instance system_i/spike_accel_0/inst/grp_sa_spike_sppf_1_fu_684/grp_sa_maxpool_or_1_fu_296/mem_reg[5][44]_srl6_i_30__0
INFO: [Physopt 32-662] Processed net system_i/spike_accel_0/inst/grp_sa_spike_sppf_1_fu_684/grp_sa_spike_sppf_1_Pipeline_VITIS_LOOP_133_3_VITIS_LOOP_134_4_fu_317/gmem4_addr_reg_721_reg[44]_0.  Did not re-place instance system_i/spike_accel_0/inst/grp_sa_spike_sppf_1_fu_684/grp_sa_spike_sppf_1_Pipeline_VITIS_LOOP_133_3_VITIS_LOOP_134_4_fu_317/mem_reg[5][44]_srl6_i_11__2
INFO: [Physopt 32-662] Processed net system_i/spike_accel_0/inst/grp_sa_spike_sppf_1_fu_684/grp_sa_spike_sppf_1_Pipeline_VITIS_LOOP_150_6_VITIS_LOOP_151_7_fu_307/gmem4_addr_7_reg_784_reg[44]_0.  Did not re-place instance system_i/spike_accel_0/inst/grp_sa_spike_sppf_1_fu_684/grp_sa_spike_sppf_1_Pipeline_VITIS_LOOP_150_6_VITIS_LOOP_151_7_fu_307/mem_reg[5][44]_srl6_i_3__3
INFO: [Physopt 32-662] Processed net system_i/spike_accel_0/inst/grp_sa_spike_sppf_1_fu_684/grp_sa_spike_sppf_1_Pipeline_VITIS_LOOP_150_6_VITIS_LOOP_151_7_fu_307/mem_reg[5][44]_srl6_i_6__2_n_2.  Did not re-place instance system_i/spike_accel_0/inst/grp_sa_spike_sppf_1_fu_684/grp_sa_spike_sppf_1_Pipeline_VITIS_LOOP_150_6_VITIS_LOOP_151_7_fu_307/mem_reg[5][44]_srl6_i_6__2
INFO: [Physopt 32-662] Processed net system_i/spike_accel_0/inst/gmem4_m_axi_U/load_unit_0/fifo_rreq/U_fifo_srl/mem_reg[5][44]_srl6_n_2.  Did not re-place instance system_i/spike_accel_0/inst/gmem4_m_axi_U/load_unit_0/fifo_rreq/U_fifo_srl/mem_reg[5][44]_srl6
INFO: [Physopt 32-662] Processed net system_i/spike_accel_0/inst/grp_sa_ms_all_conv_block_185_1_fu_481/grp_sa_ms_all_conv_block_185_1_Pipeline_VITIS_LOOP_85_1_fu_552/mem_reg_i_235_n_2.  Did not re-place instance system_i/spike_accel_0/inst/grp_sa_ms_all_conv_block_185_1_fu_481/grp_sa_ms_all_conv_block_185_1_Pipeline_VITIS_LOOP_85_1_fu_552/mem_reg_i_235
INFO: [Physopt 32-662] Processed net system_i/spike_accel_0/inst/grp_sa_ms_all_conv_block_185_1_fu_481/grp_sa_ms_standard_conv_inplace_fu_485/grp_sa_conv2d_bn_40_71_118_240_333_426_535_1_fu_221/grp_sa_conv2d_bn_40_71_118_240_333_426_535_1_Pipeline_VITIS_LOOP_95_2_VITIS_LOOP_96_s_fu_1030/gmem4_addr_52_read_reg_849_reg[18]_0[2].  Did not re-place instance system_i/spike_accel_0/inst/grp_sa_ms_all_conv_block_185_1_fu_481/grp_sa_ms_standard_conv_inplace_fu_485/grp_sa_conv2d_bn_40_71_118_240_333_426_535_1_fu_221/grp_sa_conv2d_bn_40_71_118_240_333_426_535_1_Pipeline_VITIS_LOOP_95_2_VITIS_LOOP_96_s_fu_1030/mem_reg_i_911
INFO: [Physopt 32-662] Processed net system_i/spike_accel_0/inst/grp_sa_ms_all_conv_block_185_1_fu_481/grp_sa_ms_standard_conv_inplace_fu_485/grp_sa_conv2d_bn_40_71_118_240_333_426_535_1_fu_221/grp_sa_conv2d_bn_40_71_118_240_333_426_535_1_Pipeline_VITIS_LOOP_95_2_VITIS_LOOP_96_s_fu_1030/mem_reg_i_1028_n_2.  Did not re-place instance system_i/spike_accel_0/inst/grp_sa_ms_all_conv_block_185_1_fu_481/grp_sa_ms_standard_conv_inplace_fu_485/grp_sa_conv2d_bn_40_71_118_240_333_426_535_1_fu_221/grp_sa_conv2d_bn_40_71_118_240_333_426_535_1_Pipeline_VITIS_LOOP_95_2_VITIS_LOOP_96_s_fu_1030/mem_reg_i_1028
INFO: [Physopt 32-662] Processed net system_i/spike_accel_0/inst/grp_sa_ms_all_conv_block_185_1_fu_481/grp_sa_ms_all_conv_block_185_1_Pipeline_VITIS_LOOP_85_1_fu_552/mem_reg_i_238_n_2.  Did not re-place instance system_i/spike_accel_0/inst/grp_sa_ms_all_conv_block_185_1_fu_481/grp_sa_ms_all_conv_block_185_1_Pipeline_VITIS_LOOP_85_1_fu_552/mem_reg_i_238
INFO: [Physopt 32-662] Processed net system_i/spike_accel_0/inst/grp_sa_ms_all_conv_block_185_1_fu_481/grp_sa_ms_standard_conv_inplace_1_fu_570/grp_sa_conv2d_bn_40_71_118_240_333_426_535_1_fu_197/grp_sa_conv2d_bn_40_71_118_240_333_426_535_1_Pipeline_VITIS_LOOP_95_2_VITIS_LOOP_96_s_fu_1030/gmem4_addr_52_read_reg_849_reg[18]_0[0].  Did not re-place instance system_i/spike_accel_0/inst/grp_sa_ms_all_conv_block_185_1_fu_481/grp_sa_ms_standard_conv_inplace_1_fu_570/grp_sa_conv2d_bn_40_71_118_240_333_426_535_1_fu_197/grp_sa_conv2d_bn_40_71_118_240_333_426_535_1_Pipeline_VITIS_LOOP_95_2_VITIS_LOOP_96_s_fu_1030/mem_reg_i_921
INFO: [Physopt 32-662] Processed net system_i/spike_accel_0/inst/grp_sa_ms_all_conv_block_185_1_fu_481/grp_sa_ms_standard_conv_inplace_1_fu_570/grp_sa_conv2d_bn_40_71_118_240_333_426_535_1_fu_197/grp_sa_conv2d_bn_40_71_118_240_333_426_535_1_Pipeline_VITIS_LOOP_95_2_VITIS_LOOP_96_s_fu_1030/mem_reg_i_952_n_2.  Did not re-place instance system_i/spike_accel_0/inst/grp_sa_ms_all_conv_block_185_1_fu_481/grp_sa_ms_standard_conv_inplace_1_fu_570/grp_sa_conv2d_bn_40_71_118_240_333_426_535_1_fu_197/grp_sa_conv2d_bn_40_71_118_240_333_426_535_1_Pipeline_VITIS_LOOP_95_2_VITIS_LOOP_96_s_fu_1030/mem_reg_i_952
INFO: [Physopt 32-662] Processed net system_i/spike_accel_0/inst/grp_sa_ms_all_conv_block_185_1_fu_481/grp_sa_ms_standard_conv_inplace_1_fu_570/grp_sa_conv2d_bn_40_71_118_240_333_426_535_1_fu_197/grp_sa_conv2d_bn_40_71_118_240_333_426_535_1_Pipeline_VITIS_LOOP_95_2_VITIS_LOOP_96_s_fu_1030/gmem4_addr_52_read_reg_849_reg[19]_0[0].  Did not re-place instance system_i/spike_accel_0/inst/grp_sa_ms_all_conv_block_185_1_fu_481/grp_sa_ms_standard_conv_inplace_1_fu_570/grp_sa_conv2d_bn_40_71_118_240_333_426_535_1_fu_197/grp_sa_conv2d_bn_40_71_118_240_333_426_535_1_Pipeline_VITIS_LOOP_95_2_VITIS_LOOP_96_s_fu_1030/mem_reg_i_925
INFO: [Physopt 32-662] Processed net system_i/spike_accel_0/inst/grp_sa_conv2d_bn_40_71_118_240_333_426_1_fu_666/grp_sa_conv2d_int_43_74_429_1_fu_366/grp_sa_conv2d_int_43_74_429_1_Pipeline_VITIS_LOOP_97_7_VITIS_LOOP_98_8_VITIS_LOOP_99_fu_97/m_axi_gmem2_ARVALID29.  Did not re-place instance system_i/spike_accel_0/inst/grp_sa_conv2d_bn_40_71_118_240_333_426_1_fu_666/grp_sa_conv2d_int_43_74_429_1_fu_366/grp_sa_conv2d_int_43_74_429_1_Pipeline_VITIS_LOOP_97_7_VITIS_LOOP_98_8_VITIS_LOOP_99_fu_97/mem_reg[5][0]_srl6_i_74__0
INFO: [Physopt 32-662] Processed net system_i/spike_accel_0/inst/grp_sa_conv2d_bn_40_71_118_240_333_426_1_fu_666/grp_sa_conv2d_int_43_74_429_1_fu_366/grp_sa_conv2d_int_43_74_429_1_Pipeline_VITIS_LOOP_97_7_VITIS_LOOP_98_8_VITIS_LOOP_99_fu_97/p_365_in.  Did not re-place instance system_i/spike_accel_0/inst/grp_sa_conv2d_bn_40_71_118_240_333_426_1_fu_666/grp_sa_conv2d_int_43_74_429_1_fu_366/grp_sa_conv2d_int_43_74_429_1_Pipeline_VITIS_LOOP_97_7_VITIS_LOOP_98_8_VITIS_LOOP_99_fu_97/mem_reg[5][0]_srl6_i_102
INFO: [Physopt 32-662] Processed net system_i/spike_accel_0/inst/grp_sa_conv2d_bn_40_71_118_240_333_426_1_fu_666/grp_sa_conv2d_int_43_74_429_1_fu_366/grp_sa_conv2d_int_43_74_429_1_Pipeline_VITIS_LOOP_97_7_VITIS_LOOP_98_8_VITIS_LOOP_99_fu_97/mul_8s_8s_16_4_1_U370/tmp_49_reg_7672_reg[0].  Did not re-place instance system_i/spike_accel_0/inst/grp_sa_conv2d_bn_40_71_118_240_333_426_1_fu_666/grp_sa_conv2d_int_43_74_429_1_fu_366/grp_sa_conv2d_int_43_74_429_1_Pipeline_VITIS_LOOP_97_7_VITIS_LOOP_98_8_VITIS_LOOP_99_fu_97/mul_8s_8s_16_4_1_U370/gmem2_addr_21_reg_8610[62]_i_3
INFO: [Physopt 32-663] Processed net system_i/spike_accel_0/inst/grp_sa_ms_downsampling_199_1_fu_628/grp_sa_conv2d_bn_40_71_118_240_333_426_535_1_fu_199/grp_sa_conv2d_bn_40_71_118_240_333_426_535_1_Pipeline_VITIS_LOOP_95_2_VITIS_LOOP_96_s_fu_1030/gmem4_addr_52_read_reg_849_reg[22]_0[1].  Re-placed instance system_i/spike_accel_0/inst/grp_sa_ms_downsampling_199_1_fu_628/grp_sa_conv2d_bn_40_71_118_240_333_426_535_1_fu_199/grp_sa_conv2d_bn_40_71_118_240_333_426_535_1_Pipeline_VITIS_LOOP_95_2_VITIS_LOOP_96_s_fu_1030/mem_reg_i_657
INFO: [Physopt 32-663] Processed net system_i/spike_accel_0/inst/grp_sa_ms_downsampling_199_1_fu_628/grp_sa_conv2d_bn_40_71_118_240_333_426_535_1_fu_199/grp_sa_conv2d_bn_40_71_118_240_333_426_535_1_Pipeline_VITIS_LOOP_95_2_VITIS_LOOP_96_s_fu_1030/mem_reg_i_881_n_2.  Re-placed instance system_i/spike_accel_0/inst/grp_sa_ms_downsampling_199_1_fu_628/grp_sa_conv2d_bn_40_71_118_240_333_426_535_1_fu_199/grp_sa_conv2d_bn_40_71_118_240_333_426_535_1_Pipeline_VITIS_LOOP_95_2_VITIS_LOOP_96_s_fu_1030/mem_reg_i_881
INFO: [Physopt 32-662] Processed net system_i/spike_accel_0/inst/grp_sa_ms_downsampling_199_1_fu_628/grp_sa_conv2d_bn_40_71_118_240_333_426_535_1_fu_199/grp_sa_conv2d_int_43_74_429_536_1_fu_1003/din[26].  Did not re-place instance system_i/spike_accel_0/inst/grp_sa_ms_downsampling_199_1_fu_628/grp_sa_conv2d_bn_40_71_118_240_333_426_535_1_fu_199/grp_sa_conv2d_int_43_74_429_536_1_fu_1003/mem_reg_i_21__0
INFO: [Physopt 32-662] Processed net system_i/spike_accel_0/inst/grp_sa_spike_sppf_1_fu_684/grp_sa_ms_standard_conv_inplace_2_fu_249/grp_sa_conv2d_bn_40_71_118_240_333_426_535_1_fu_169/grp_sa_conv2d_int_43_74_429_536_1_fu_1003/ap_CS_fsm_reg[11]_26.  Did not re-place instance system_i/spike_accel_0/inst/grp_sa_spike_sppf_1_fu_684/grp_sa_ms_standard_conv_inplace_2_fu_249/grp_sa_conv2d_bn_40_71_118_240_333_426_535_1_fu_169/grp_sa_conv2d_int_43_74_429_536_1_fu_1003/mem_reg_i_95__0
INFO: [Physopt 32-662] Processed net system_i/spike_accel_0/inst/grp_sa_spike_sppf_1_fu_684/grp_sa_ms_standard_conv_inplace_2_fu_249/grp_sa_conv2d_bn_40_71_118_240_333_426_535_1_fu_169/grp_sa_conv2d_int_43_74_429_536_1_fu_1003/grp_sa_conv2d_bn_40_71_118_240_333_426_535_1_fu_169_m_axi_gmem4_WDATA[30].  Did not re-place instance system_i/spike_accel_0/inst/grp_sa_spike_sppf_1_fu_684/grp_sa_ms_standard_conv_inplace_2_fu_249/grp_sa_conv2d_bn_40_71_118_240_333_426_535_1_fu_169/grp_sa_conv2d_int_43_74_429_536_1_fu_1003/mem_reg_i_428
INFO: [Physopt 32-663] Processed net system_i/spike_accel_0/inst/grp_sa_spike_sppf_1_fu_684/grp_sa_ms_standard_conv_inplace_2_fu_249/grp_sa_conv2d_bn_40_71_118_240_333_426_535_1_fu_169/grp_sa_conv2d_int_43_74_429_536_1_fu_1003/mem_reg_i_238_n_2.  Re-placed instance system_i/spike_accel_0/inst/grp_sa_spike_sppf_1_fu_684/grp_sa_ms_standard_conv_inplace_2_fu_249/grp_sa_conv2d_bn_40_71_118_240_333_426_535_1_fu_169/grp_sa_conv2d_int_43_74_429_536_1_fu_1003/mem_reg_i_238
INFO: [Physopt 32-662] Processed net system_i/spike_accel_0/inst/grp_sa_ms_all_conv_block_185_1_fu_481/grp_sa_ms_standard_conv_inplace_fu_485/grp_sa_conv2d_bn_40_71_118_240_333_426_535_1_fu_221/grp_sa_conv2d_int_43_74_429_536_1_fu_1003/gmem4_addr_reg_325_reg[62][46].  Did not re-place instance system_i/spike_accel_0/inst/grp_sa_ms_all_conv_block_185_1_fu_481/grp_sa_ms_standard_conv_inplace_fu_485/grp_sa_conv2d_bn_40_71_118_240_333_426_535_1_fu_221/grp_sa_conv2d_int_43_74_429_536_1_fu_1003/mem_reg[5][46]_srl6_i_1__2
INFO: [Physopt 32-662] Processed net system_i/spike_accel_0/inst/grp_sa_spike_sppf_1_fu_684/grp_sa_maxpool_or_1_fu_296/grp_sa_maxpool_or_1_fu_296_m_axi_gmem4_ARADDR[46].  Did not re-place instance system_i/spike_accel_0/inst/grp_sa_spike_sppf_1_fu_684/grp_sa_maxpool_or_1_fu_296/mem_reg[5][46]_srl6_i_17__1
INFO: [Physopt 32-662] Processed net system_i/spike_accel_0/inst/grp_sa_spike_sppf_1_fu_684/grp_sa_maxpool_or_1_fu_296/mem_reg[5][46]_srl6_i_22__2_n_2.  Did not re-place instance system_i/spike_accel_0/inst/grp_sa_spike_sppf_1_fu_684/grp_sa_maxpool_or_1_fu_296/mem_reg[5][46]_srl6_i_22__2
INFO: [Physopt 32-663] Processed net system_i/spike_accel_0/inst/grp_sa_spike_sppf_1_fu_684/grp_sa_maxpool_or_1_fu_296/mem_reg[5][46]_srl6_i_30__0_n_2.  Re-placed instance system_i/spike_accel_0/inst/grp_sa_spike_sppf_1_fu_684/grp_sa_maxpool_or_1_fu_296/mem_reg[5][46]_srl6_i_30__0
INFO: [Physopt 32-662] Processed net system_i/spike_accel_0/inst/grp_sa_spike_sppf_1_fu_684/grp_sa_spike_sppf_1_Pipeline_VITIS_LOOP_133_3_VITIS_LOOP_134_4_fu_317/gmem4_addr_reg_721_reg[46]_0.  Did not re-place instance system_i/spike_accel_0/inst/grp_sa_spike_sppf_1_fu_684/grp_sa_spike_sppf_1_Pipeline_VITIS_LOOP_133_3_VITIS_LOOP_134_4_fu_317/mem_reg[5][46]_srl6_i_11__2
INFO: [Physopt 32-663] Processed net system_i/spike_accel_0/inst/grp_sa_spike_sppf_1_fu_684/grp_sa_spike_sppf_1_Pipeline_VITIS_LOOP_150_6_VITIS_LOOP_151_7_fu_307/gmem4_addr_7_reg_784_reg[46]_0.  Re-placed instance system_i/spike_accel_0/inst/grp_sa_spike_sppf_1_fu_684/grp_sa_spike_sppf_1_Pipeline_VITIS_LOOP_150_6_VITIS_LOOP_151_7_fu_307/mem_reg[5][46]_srl6_i_3__3
INFO: [Physopt 32-662] Processed net system_i/spike_accel_0/inst/gmem4_m_axi_U/load_unit_0/fifo_rreq/U_fifo_srl/mem_reg[5][46]_srl6_n_2.  Did not re-place instance system_i/spike_accel_0/inst/gmem4_m_axi_U/load_unit_0/fifo_rreq/U_fifo_srl/mem_reg[5][46]_srl6
INFO: [Physopt 32-662] Processed net system_i/spike_accel_0/inst/grp_sa_ms_all_conv_block_185_1_fu_481/grp_sa_ms_standard_conv_inplace_fu_485/grp_sa_conv2d_bn_40_71_118_240_333_426_535_1_fu_221/grp_sa_conv2d_int_43_74_429_536_1_fu_1003/gmem4_addr_reg_325_reg[62][57].  Did not re-place instance system_i/spike_accel_0/inst/grp_sa_ms_all_conv_block_185_1_fu_481/grp_sa_ms_standard_conv_inplace_fu_485/grp_sa_conv2d_bn_40_71_118_240_333_426_535_1_fu_221/grp_sa_conv2d_int_43_74_429_536_1_fu_1003/mem_reg[5][57]_srl6_i_1__2
INFO: [Physopt 32-662] Processed net system_i/spike_accel_0/inst/grp_sa_spike_sppf_1_fu_684/grp_sa_maxpool_or_1_fu_296/grp_sa_maxpool_or_1_fu_296_m_axi_gmem4_ARADDR[57].  Did not re-place instance system_i/spike_accel_0/inst/grp_sa_spike_sppf_1_fu_684/grp_sa_maxpool_or_1_fu_296/mem_reg[5][57]_srl6_i_18__1
INFO: [Physopt 32-662] Processed net system_i/spike_accel_0/inst/grp_sa_spike_sppf_1_fu_684/grp_sa_maxpool_or_1_fu_296/mem_reg[5][57]_srl6_i_23__2_n_2.  Did not re-place instance system_i/spike_accel_0/inst/grp_sa_spike_sppf_1_fu_684/grp_sa_maxpool_or_1_fu_296/mem_reg[5][57]_srl6_i_23__2
INFO: [Physopt 32-662] Processed net system_i/spike_accel_0/inst/grp_sa_spike_sppf_1_fu_684/grp_sa_maxpool_or_1_fu_296/mem_reg[5][57]_srl6_i_31__0_n_2.  Did not re-place instance system_i/spike_accel_0/inst/grp_sa_spike_sppf_1_fu_684/grp_sa_maxpool_or_1_fu_296/mem_reg[5][57]_srl6_i_31__0
INFO: [Physopt 32-663] Processed net system_i/spike_accel_0/inst/grp_sa_spike_sppf_1_fu_684/grp_sa_spike_sppf_1_Pipeline_VITIS_LOOP_133_3_VITIS_LOOP_134_4_fu_317/gmem4_addr_10_reg_710_reg[57]_0.  Re-placed instance system_i/spike_accel_0/inst/grp_sa_spike_sppf_1_fu_684/grp_sa_spike_sppf_1_Pipeline_VITIS_LOOP_133_3_VITIS_LOOP_134_4_fu_317/mem_reg[5][57]_srl6_i_11__2
INFO: [Physopt 32-663] Processed net system_i/spike_accel_0/inst/grp_sa_spike_sppf_1_fu_684/grp_sa_spike_sppf_1_Pipeline_VITIS_LOOP_150_6_VITIS_LOOP_151_7_fu_307/gmem4_addr_7_reg_784_reg[57]_0.  Re-placed instance system_i/spike_accel_0/inst/grp_sa_spike_sppf_1_fu_684/grp_sa_spike_sppf_1_Pipeline_VITIS_LOOP_150_6_VITIS_LOOP_151_7_fu_307/mem_reg[5][57]_srl6_i_3__3
INFO: [Physopt 32-662] Processed net system_i/spike_accel_0/inst/grp_sa_spike_sppf_1_fu_684/grp_sa_spike_sppf_1_Pipeline_VITIS_LOOP_150_6_VITIS_LOOP_151_7_fu_307/mem_reg[5][57]_srl6_i_6__2_n_2.  Did not re-place instance system_i/spike_accel_0/inst/grp_sa_spike_sppf_1_fu_684/grp_sa_spike_sppf_1_Pipeline_VITIS_LOOP_150_6_VITIS_LOOP_151_7_fu_307/mem_reg[5][57]_srl6_i_6__2
INFO: [Physopt 32-662] Processed net system_i/spike_accel_0/inst/gmem4_m_axi_U/load_unit_0/fifo_rreq/U_fifo_srl/mem_reg[5][57]_srl6_n_2.  Did not re-place instance system_i/spike_accel_0/inst/gmem4_m_axi_U/load_unit_0/fifo_rreq/U_fifo_srl/mem_reg[5][57]_srl6
INFO: [Physopt 32-662] Processed net system_i/spike_accel_0/inst/grp_sa_ms_all_conv_block_185_1_fu_481/grp_sa_ms_standard_conv_inplace_fu_485/grp_sa_conv2d_bn_40_71_118_240_333_426_535_1_fu_221/grp_sa_conv2d_bn_40_71_118_240_333_426_535_1_Pipeline_VITIS_LOOP_95_2_VITIS_LOOP_96_s_fu_1030/gmem4_addr_52_read_reg_849_reg[6]_0[2].  Did not re-place instance system_i/spike_accel_0/inst/grp_sa_ms_all_conv_block_185_1_fu_481/grp_sa_ms_standard_conv_inplace_fu_485/grp_sa_conv2d_bn_40_71_118_240_333_426_535_1_fu_221/grp_sa_conv2d_bn_40_71_118_240_333_426_535_1_Pipeline_VITIS_LOOP_95_2_VITIS_LOOP_96_s_fu_1030/mem_reg_i_779
INFO: [Physopt 32-662] Processed net system_i/spike_accel_0/inst/grp_sa_ms_all_conv_block_185_1_fu_481/grp_sa_ms_standard_conv_inplace_fu_485/grp_sa_conv2d_bn_40_71_118_240_333_426_535_1_fu_221/grp_sa_conv2d_bn_40_71_118_240_333_426_535_1_Pipeline_VITIS_LOOP_95_2_VITIS_LOOP_96_s_fu_1030/mem_reg_i_971_n_2.  Did not re-place instance system_i/spike_accel_0/inst/grp_sa_ms_all_conv_block_185_1_fu_481/grp_sa_ms_standard_conv_inplace_fu_485/grp_sa_conv2d_bn_40_71_118_240_333_426_535_1_fu_221/grp_sa_conv2d_bn_40_71_118_240_333_426_535_1_Pipeline_VITIS_LOOP_95_2_VITIS_LOOP_96_s_fu_1030/mem_reg_i_971
INFO: [Physopt 32-662] Processed net system_i/spike_accel_0/inst/grp_sa_ms_all_conv_block_185_1_fu_481/grp_sa_ms_all_conv_block_185_1_Pipeline_VITIS_LOOP_85_1_fu_552/mem_reg_i_239_n_2.  Did not re-place instance system_i/spike_accel_0/inst/grp_sa_ms_all_conv_block_185_1_fu_481/grp_sa_ms_all_conv_block_185_1_Pipeline_VITIS_LOOP_85_1_fu_552/mem_reg_i_239
INFO: [Physopt 32-662] Processed net system_i/spike_accel_0/inst/grp_sa_ms_all_conv_block_185_1_fu_481/grp_sa_ms_standard_conv_inplace_fu_485/grp_sa_conv2d_bn_40_71_118_240_333_426_535_1_fu_221/grp_sa_conv2d_bn_40_71_118_240_333_426_535_1_Pipeline_VITIS_LOOP_95_2_VITIS_LOOP_96_s_fu_1030/gmem4_addr_52_read_reg_849_reg[7]_0[2].  Did not re-place instance system_i/spike_accel_0/inst/grp_sa_ms_all_conv_block_185_1_fu_481/grp_sa_ms_standard_conv_inplace_fu_485/grp_sa_conv2d_bn_40_71_118_240_333_426_535_1_fu_221/grp_sa_conv2d_bn_40_71_118_240_333_426_535_1_Pipeline_VITIS_LOOP_95_2_VITIS_LOOP_96_s_fu_1030/mem_reg_i_783
INFO: [Physopt 32-662] Processed net system_i/spike_accel_0/inst/grp_sa_conv2d_bn_40_71_118_240_333_426_1_fu_666/grp_sa_conv2d_int_43_74_429_1_fu_366/grp_sa_conv2d_int_43_74_429_1_Pipeline_VITIS_LOOP_97_7_VITIS_LOOP_98_8_VITIS_LOOP_99_fu_97/m_axi_gmem2_ARVALID36.  Did not re-place instance system_i/spike_accel_0/inst/grp_sa_conv2d_bn_40_71_118_240_333_426_1_fu_666/grp_sa_conv2d_int_43_74_429_1_fu_366/grp_sa_conv2d_int_43_74_429_1_Pipeline_VITIS_LOOP_97_7_VITIS_LOOP_98_8_VITIS_LOOP_99_fu_97/mem_reg[5][0]_srl6_i_65__0
INFO: [Physopt 32-662] Processed net system_i/spike_accel_0/inst/grp_sa_conv2d_bn_40_71_118_240_333_426_1_fu_666/grp_sa_conv2d_int_43_74_429_1_fu_366/grp_sa_conv2d_int_43_74_429_1_Pipeline_VITIS_LOOP_97_7_VITIS_LOOP_98_8_VITIS_LOOP_99_fu_97/mem_reg[5][0]_srl6_i_51__0_n_2.  Did not re-place instance system_i/spike_accel_0/inst/grp_sa_conv2d_bn_40_71_118_240_333_426_1_fu_666/grp_sa_conv2d_int_43_74_429_1_fu_366/grp_sa_conv2d_int_43_74_429_1_Pipeline_VITIS_LOOP_97_7_VITIS_LOOP_98_8_VITIS_LOOP_99_fu_97/mem_reg[5][0]_srl6_i_51__0
INFO: [Physopt 32-663] Processed net system_i/spike_accel_0/inst/grp_sa_ms_all_conv_block_185_1_fu_481/grp_sa_ms_standard_conv_inplace_fu_485/grp_sa_conv2d_bn_40_71_118_240_333_426_535_1_fu_221/grp_sa_conv2d_bn_40_71_118_240_333_426_535_1_Pipeline_VITIS_LOOP_95_2_VITIS_LOOP_96_s_fu_1030/gmem4_addr_52_read_reg_849_reg[14]_0[2].  Re-placed instance system_i/spike_accel_0/inst/grp_sa_ms_all_conv_block_185_1_fu_481/grp_sa_ms_standard_conv_inplace_fu_485/grp_sa_conv2d_bn_40_71_118_240_333_426_535_1_fu_221/grp_sa_conv2d_bn_40_71_118_240_333_426_535_1_Pipeline_VITIS_LOOP_95_2_VITIS_LOOP_96_s_fu_1030/mem_reg_i_720
INFO: [Physopt 32-662] Processed net system_i/spike_accel_0/inst/grp_sa_ms_all_conv_block_185_1_fu_481/grp_sa_ms_standard_conv_inplace_fu_485/grp_sa_conv2d_bn_40_71_118_240_333_426_535_1_fu_221/grp_sa_conv2d_bn_40_71_118_240_333_426_535_1_Pipeline_VITIS_LOOP_95_2_VITIS_LOOP_96_s_fu_1030/mem_reg_i_944_n_2.  Did not re-place instance system_i/spike_accel_0/inst/grp_sa_ms_all_conv_block_185_1_fu_481/grp_sa_ms_standard_conv_inplace_fu_485/grp_sa_conv2d_bn_40_71_118_240_333_426_535_1_fu_221/grp_sa_conv2d_bn_40_71_118_240_333_426_535_1_Pipeline_VITIS_LOOP_95_2_VITIS_LOOP_96_s_fu_1030/mem_reg_i_944
INFO: [Physopt 32-662] Processed net system_i/spike_accel_0/inst/grp_sa_ms_all_conv_block_185_1_fu_481/grp_sa_ms_all_conv_block_185_1_Pipeline_VITIS_LOOP_85_11_fu_608/grp_sa_ms_all_conv_block_185_1_fu_481_m_axi_gmem3_WDATA[11].  Did not re-place instance system_i/spike_accel_0/inst/grp_sa_ms_all_conv_block_185_1_fu_481/grp_sa_ms_all_conv_block_185_1_Pipeline_VITIS_LOOP_85_11_fu_608/mem_reg_i_107
INFO: [Physopt 32-662] Processed net system_i/spike_accel_0/inst/grp_sa_ms_all_conv_block_185_1_fu_481/grp_sa_ms_standard_conv_inplace_fu_485/grp_sa_conv2d_bn_40_71_118_240_333_426_535_1_fu_221/grp_sa_conv2d_bn_40_71_118_240_333_426_535_1_Pipeline_VITIS_LOOP_116_7_fu_1058/ap_CS_fsm_reg[8]_10.  Did not re-place instance system_i/spike_accel_0/inst/grp_sa_ms_all_conv_block_185_1_fu_481/grp_sa_ms_standard_conv_inplace_fu_485/grp_sa_conv2d_bn_40_71_118_240_333_426_535_1_fu_221/grp_sa_conv2d_bn_40_71_118_240_333_426_535_1_Pipeline_VITIS_LOOP_116_7_fu_1058/mem_reg_i_144__0
INFO: [Physopt 32-662] Processed net system_i/spike_accel_0/inst/grp_sa_ms_all_conv_block_185_1_fu_481/grp_sa_ms_standard_conv_inplace_fu_485/grp_sa_conv2d_bn_40_71_118_240_333_426_535_1_fu_221/grp_sa_conv2d_bn_40_71_118_240_333_426_535_1_Pipeline_VITIS_LOOP_95_2_VITIS_LOOP_96_s_fu_1030/gmem4_addr_52_read_reg_849_reg[15]_0[2].  Did not re-place instance system_i/spike_accel_0/inst/grp_sa_ms_all_conv_block_185_1_fu_481/grp_sa_ms_standard_conv_inplace_fu_485/grp_sa_conv2d_bn_40_71_118_240_333_426_535_1_fu_221/grp_sa_conv2d_bn_40_71_118_240_333_426_535_1_Pipeline_VITIS_LOOP_95_2_VITIS_LOOP_96_s_fu_1030/mem_reg_i_724
INFO: [Physopt 32-662] Processed net system_i/spike_accel_0/inst/grp_sa_ms_downsampling_199_1_fu_628/grp_sa_conv2d_bn_40_71_118_240_333_426_535_1_fu_199/grp_sa_conv2d_bn_40_71_118_240_333_426_535_1_Pipeline_VITIS_LOOP_116_7_fu_1058/mem_reg_i_45__0_n_2.  Did not re-place instance system_i/spike_accel_0/inst/grp_sa_ms_downsampling_199_1_fu_628/grp_sa_conv2d_bn_40_71_118_240_333_426_535_1_fu_199/grp_sa_conv2d_bn_40_71_118_240_333_426_535_1_Pipeline_VITIS_LOOP_116_7_fu_1058/mem_reg_i_45__0
INFO: [Physopt 32-662] Processed net system_i/spike_accel_0/inst/grp_sa_ms_downsampling_199_1_fu_628/grp_sa_conv2d_bn_40_71_118_240_333_426_535_1_fu_199/grp_sa_conv2d_bn_40_71_118_240_333_426_535_1_Pipeline_VITIS_LOOP_116_7_fu_1058/v_25_reg_447_reg[31]_0[11].  Did not re-place instance system_i/spike_accel_0/inst/grp_sa_ms_downsampling_199_1_fu_628/grp_sa_conv2d_bn_40_71_118_240_333_426_535_1_fu_199/grp_sa_conv2d_bn_40_71_118_240_333_426_535_1_Pipeline_VITIS_LOOP_116_7_fu_1058/mem_reg_i_8__3
INFO: [Physopt 32-662] Processed net system_i/spike_accel_0/inst/grp_sa_ms_all_conv_block_185_1_fu_481/grp_sa_ms_all_conv_block_185_1_Pipeline_VITIS_LOOP_85_1_fu_552/mem_reg_i_240_n_2.  Did not re-place instance system_i/spike_accel_0/inst/grp_sa_ms_all_conv_block_185_1_fu_481/grp_sa_ms_all_conv_block_185_1_Pipeline_VITIS_LOOP_85_1_fu_552/mem_reg_i_240
INFO: [Physopt 32-662] Processed net system_i/spike_accel_0/inst/grp_sa_ms_all_conv_block_185_1_fu_481/grp_sa_ms_standard_conv_inplace_fu_485/grp_sa_conv2d_bn_40_71_118_240_333_426_535_1_fu_221/grp_sa_conv2d_int_43_74_429_536_1_fu_1003/gmem4_addr_reg_325_reg[62][56].  Did not re-place instance system_i/spike_accel_0/inst/grp_sa_ms_all_conv_block_185_1_fu_481/grp_sa_ms_standard_conv_inplace_fu_485/grp_sa_conv2d_bn_40_71_118_240_333_426_535_1_fu_221/grp_sa_conv2d_int_43_74_429_536_1_fu_1003/mem_reg[5][56]_srl6_i_1__2
INFO: [Physopt 32-662] Processed net system_i/spike_accel_0/inst/grp_sa_spike_sppf_1_fu_684/grp_sa_maxpool_or_1_fu_296/grp_sa_maxpool_or_1_fu_296_m_axi_gmem4_ARADDR[56].  Did not re-place instance system_i/spike_accel_0/inst/grp_sa_spike_sppf_1_fu_684/grp_sa_maxpool_or_1_fu_296/mem_reg[5][56]_srl6_i_18__1
INFO: [Physopt 32-662] Processed net system_i/spike_accel_0/inst/grp_sa_spike_sppf_1_fu_684/grp_sa_maxpool_or_1_fu_296/mem_reg[5][56]_srl6_i_23__2_n_2.  Did not re-place instance system_i/spike_accel_0/inst/grp_sa_spike_sppf_1_fu_684/grp_sa_maxpool_or_1_fu_296/mem_reg[5][56]_srl6_i_23__2
INFO: [Physopt 32-661] Optimized 18 nets.  Re-placed 18 instances.
INFO: [Physopt 32-775] End 1 Pass. Optimized 18 nets or cells. Created 0 new cell, deleted 0 existing cell and moved 18 existing cells
INFO: [Physopt 32-619] Estimated Timing Summary | WNS=-0.263 | TNS=-0.274 |
Netlist sorting complete. Time (s): cpu = 00:00:00 ; elapsed = 00:00:00.034 . Memory (MB): peak = 3680.375 ; gain = 0.000
Phase 15 Single Cell Placement Optimization | Checksum: 129a79f61

Time (s): cpu = 00:00:53 ; elapsed = 00:00:37 . Memory (MB): peak = 3680.375 ; gain = 7.656

Phase 16 Multi Cell Placement Optimization
INFO: [Physopt 32-660] Identified 100 candidate nets for placement-based optimization.
INFO: [Physopt 32-662] Processed net system_i/spike_accel_0/inst/grp_sa_ms_all_conv_block_185_1_fu_481/grp_sa_ms_standard_conv_inplace_fu_485/grp_sa_conv2d_bn_40_71_118_240_333_426_535_1_fu_221/grp_sa_conv2d_bn_40_71_118_240_333_426_535_1_Pipeline_VITIS_LOOP_95_2_VITIS_LOOP_96_s_fu_1030/gmem4_addr_52_read_reg_849_reg[10]_0[3].  Did not re-place instance system_i/spike_accel_0/inst/grp_sa_ms_all_conv_block_185_1_fu_481/grp_sa_ms_standard_conv_inplace_fu_485/grp_sa_conv2d_bn_40_71_118_240_333_426_535_1_fu_221/grp_sa_conv2d_bn_40_71_118_240_333_426_535_1_Pipeline_VITIS_LOOP_95_2_VITIS_LOOP_96_s_fu_1030/mem_reg_i_747/O
INFO: [Physopt 32-662] Processed net system_i/spike_accel_0/inst/grp_sa_ms_all_conv_block_185_1_fu_481/grp_sa_ms_standard_conv_inplace_fu_485/grp_sa_conv2d_bn_40_71_118_240_333_426_535_1_fu_221/grp_sa_conv2d_bn_40_71_118_240_333_426_535_1_Pipeline_VITIS_LOOP_95_2_VITIS_LOOP_96_s_fu_1030/mem_reg_i_958_n_2.  Did not re-place instance system_i/spike_accel_0/inst/grp_sa_ms_all_conv_block_185_1_fu_481/grp_sa_ms_standard_conv_inplace_fu_485/grp_sa_conv2d_bn_40_71_118_240_333_426_535_1_fu_221/grp_sa_conv2d_bn_40_71_118_240_333_426_535_1_Pipeline_VITIS_LOOP_95_2_VITIS_LOOP_96_s_fu_1030/mem_reg_i_958/O
INFO: [Physopt 32-662] Processed net system_i/spike_accel_0/inst/grp_sa_ms_downsampling_199_1_fu_628/grp_sa_ms_downsampling_199_1_Pipeline_VITIS_LOOP_36_1_VITIS_LOOP_37_2_fu_174/mem_reg_i_112__0_n_2.  Did not re-place instance system_i/spike_accel_0/inst/grp_sa_ms_downsampling_199_1_fu_628/grp_sa_ms_downsampling_199_1_Pipeline_VITIS_LOOP_36_1_VITIS_LOOP_37_2_fu_174/mem_reg_i_112__0/O
INFO: [Physopt 32-662] Processed net system_i/spike_accel_0/inst/grp_sa_ms_all_conv_block_185_1_fu_481/grp_sa_ms_standard_conv_inplace_fu_485/grp_sa_conv2d_bn_40_71_118_240_333_426_535_1_fu_221/grp_sa_conv2d_bn_40_71_118_240_333_426_535_1_Pipeline_VITIS_LOOP_95_2_VITIS_LOOP_96_s_fu_1030/gmem4_addr_52_read_reg_849_reg[6]_0[3].  Did not re-place instance system_i/spike_accel_0/inst/grp_sa_ms_all_conv_block_185_1_fu_481/grp_sa_ms_standard_conv_inplace_fu_485/grp_sa_conv2d_bn_40_71_118_240_333_426_535_1_fu_221/grp_sa_conv2d_bn_40_71_118_240_333_426_535_1_Pipeline_VITIS_LOOP_95_2_VITIS_LOOP_96_s_fu_1030/mem_reg_i_778/O
INFO: [Physopt 32-662] Processed net system_i/spike_accel_0/inst/grp_sa_ms_all_conv_block_185_1_fu_481/grp_sa_ms_standard_conv_inplace_fu_485/grp_sa_conv2d_bn_40_71_118_240_333_426_535_1_fu_221/grp_sa_conv2d_bn_40_71_118_240_333_426_535_1_Pipeline_VITIS_LOOP_95_2_VITIS_LOOP_96_s_fu_1030/mem_reg_i_970_n_2.  Did not re-place instance system_i/spike_accel_0/inst/grp_sa_ms_all_conv_block_185_1_fu_481/grp_sa_ms_standard_conv_inplace_fu_485/grp_sa_conv2d_bn_40_71_118_240_333_426_535_1_fu_221/grp_sa_conv2d_bn_40_71_118_240_333_426_535_1_Pipeline_VITIS_LOOP_95_2_VITIS_LOOP_96_s_fu_1030/mem_reg_i_970/O
INFO: [Physopt 32-662] Processed net system_i/spike_accel_0/inst/grp_sa_ms_all_conv_block_185_1_fu_481/grp_sa_ms_standard_conv_inplace_fu_485/grp_sa_conv2d_bn_40_71_118_240_333_426_535_1_fu_221/grp_sa_conv2d_bn_40_71_118_240_333_426_535_1_Pipeline_VITIS_LOOP_95_2_VITIS_LOOP_96_s_fu_1030/gmem4_addr_52_read_reg_849_reg[10]_0[2].  Did not re-place instance system_i/spike_accel_0/inst/grp_sa_ms_all_conv_block_185_1_fu_481/grp_sa_ms_standard_conv_inplace_fu_485/grp_sa_conv2d_bn_40_71_118_240_333_426_535_1_fu_221/grp_sa_conv2d_bn_40_71_118_240_333_426_535_1_Pipeline_VITIS_LOOP_95_2_VITIS_LOOP_96_s_fu_1030/mem_reg_i_748/O
INFO: [Physopt 32-662] Processed net system_i/spike_accel_0/inst/grp_sa_ms_all_conv_block_185_1_fu_481/grp_sa_ms_standard_conv_inplace_fu_485/grp_sa_conv2d_bn_40_71_118_240_333_426_535_1_fu_221/grp_sa_conv2d_bn_40_71_118_240_333_426_535_1_Pipeline_VITIS_LOOP_95_2_VITIS_LOOP_96_s_fu_1030/mem_reg_i_959_n_2.  Did not re-place instance system_i/spike_accel_0/inst/grp_sa_ms_all_conv_block_185_1_fu_481/grp_sa_ms_standard_conv_inplace_fu_485/grp_sa_conv2d_bn_40_71_118_240_333_426_535_1_fu_221/grp_sa_conv2d_bn_40_71_118_240_333_426_535_1_Pipeline_VITIS_LOOP_95_2_VITIS_LOOP_96_s_fu_1030/mem_reg_i_959/O
INFO: [Physopt 32-662] Processed net system_i/spike_accel_0/inst/grp_sa_ms_all_conv_block_185_1_fu_481/grp_sa_ms_standard_conv_inplace_fu_485/grp_sa_conv2d_bn_40_71_118_240_333_426_535_1_fu_221/grp_sa_conv2d_bn_40_71_118_240_333_426_535_1_Pipeline_VITIS_LOOP_95_2_VITIS_LOOP_96_s_fu_1030/gmem4_addr_52_read_reg_849_reg[10]_0[1].  Did not re-place instance system_i/spike_accel_0/inst/grp_sa_ms_all_conv_block_185_1_fu_481/grp_sa_ms_standard_conv_inplace_fu_485/grp_sa_conv2d_bn_40_71_118_240_333_426_535_1_fu_221/grp_sa_conv2d_bn_40_71_118_240_333_426_535_1_Pipeline_VITIS_LOOP_95_2_VITIS_LOOP_96_s_fu_1030/mem_reg_i_749/O
INFO: [Physopt 32-662] Processed net system_i/spike_accel_0/inst/grp_sa_ms_all_conv_block_185_1_fu_481/grp_sa_ms_standard_conv_inplace_fu_485/grp_sa_conv2d_bn_40_71_118_240_333_426_535_1_fu_221/grp_sa_conv2d_bn_40_71_118_240_333_426_535_1_Pipeline_VITIS_LOOP_95_2_VITIS_LOOP_96_s_fu_1030/mem_reg_i_960_n_2.  Did not re-place instance system_i/spike_accel_0/inst/grp_sa_ms_all_conv_block_185_1_fu_481/grp_sa_ms_standard_conv_inplace_fu_485/grp_sa_conv2d_bn_40_71_118_240_333_426_535_1_fu_221/grp_sa_conv2d_bn_40_71_118_240_333_426_535_1_Pipeline_VITIS_LOOP_95_2_VITIS_LOOP_96_s_fu_1030/mem_reg_i_960/O
INFO: [Physopt 32-662] Processed net system_i/spike_accel_0/inst/grp_sa_ms_all_conv_block_185_1_fu_481/grp_sa_ms_standard_conv_inplace_fu_485/grp_sa_conv2d_bn_40_71_118_240_333_426_535_1_fu_221/grp_sa_conv2d_bn_40_71_118_240_333_426_535_1_Pipeline_VITIS_LOOP_95_2_VITIS_LOOP_96_s_fu_1030/gmem4_addr_52_read_reg_849_reg[22]_0[1].  Did not re-place instance system_i/spike_accel_0/inst/grp_sa_ms_all_conv_block_185_1_fu_481/grp_sa_ms_standard_conv_inplace_fu_485/grp_sa_conv2d_bn_40_71_118_240_333_426_535_1_fu_221/grp_sa_conv2d_bn_40_71_118_240_333_426_535_1_Pipeline_VITIS_LOOP_95_2_VITIS_LOOP_96_s_fu_1030/mem_reg_i_885/O
INFO: [Physopt 32-662] Processed net system_i/spike_accel_0/inst/grp_sa_ms_all_conv_block_185_1_fu_481/grp_sa_ms_standard_conv_inplace_fu_485/grp_sa_conv2d_bn_40_71_118_240_333_426_535_1_fu_221/grp_sa_conv2d_bn_40_71_118_240_333_426_535_1_Pipeline_VITIS_LOOP_95_2_VITIS_LOOP_96_s_fu_1030/mem_reg_i_1017_n_2.  Did not re-place instance system_i/spike_accel_0/inst/grp_sa_ms_all_conv_block_185_1_fu_481/grp_sa_ms_standard_conv_inplace_fu_485/grp_sa_conv2d_bn_40_71_118_240_333_426_535_1_fu_221/grp_sa_conv2d_bn_40_71_118_240_333_426_535_1_Pipeline_VITIS_LOOP_95_2_VITIS_LOOP_96_s_fu_1030/mem_reg_i_1017/O
INFO: [Physopt 32-662] Processed net system_i/spike_accel_0/inst/grp_sa_ms_all_conv_block_185_1_fu_481/grp_sa_ms_standard_conv_inplace_fu_485/grp_sa_conv2d_bn_40_71_118_240_333_426_535_1_fu_221/grp_sa_conv2d_bn_40_71_118_240_333_426_535_1_Pipeline_VITIS_LOOP_95_2_VITIS_LOOP_96_s_fu_1030/gmem4_addr_52_read_reg_849_reg[18]_0[3].  Did not re-place instance system_i/spike_accel_0/inst/grp_sa_ms_all_conv_block_185_1_fu_481/grp_sa_ms_standard_conv_inplace_fu_485/grp_sa_conv2d_bn_40_71_118_240_333_426_535_1_fu_221/grp_sa_conv2d_bn_40_71_118_240_333_426_535_1_Pipeline_VITIS_LOOP_95_2_VITIS_LOOP_96_s_fu_1030/mem_reg_i_910/O
INFO: [Physopt 32-662] Processed net system_i/spike_accel_0/inst/grp_sa_ms_all_conv_block_185_1_fu_481/grp_sa_ms_standard_conv_inplace_fu_485/grp_sa_conv2d_bn_40_71_118_240_333_426_535_1_fu_221/grp_sa_conv2d_bn_40_71_118_240_333_426_535_1_Pipeline_VITIS_LOOP_95_2_VITIS_LOOP_96_s_fu_1030/mem_reg_i_1027_n_2.  Did not re-place instance system_i/spike_accel_0/inst/grp_sa_ms_all_conv_block_185_1_fu_481/grp_sa_ms_standard_conv_inplace_fu_485/grp_sa_conv2d_bn_40_71_118_240_333_426_535_1_fu_221/grp_sa_conv2d_bn_40_71_118_240_333_426_535_1_Pipeline_VITIS_LOOP_95_2_VITIS_LOOP_96_s_fu_1030/mem_reg_i_1027/O
INFO: [Physopt 32-662] Processed net system_i/spike_accel_0/inst/grp_sa_ms_all_conv_block_185_1_fu_481/grp_sa_ms_standard_conv_inplace_fu_485/grp_sa_conv2d_bn_40_71_118_240_333_426_535_1_fu_221/grp_sa_conv2d_bn_40_71_118_240_333_426_535_1_Pipeline_VITIS_LOOP_95_2_VITIS_LOOP_96_s_fu_1030/gmem4_addr_52_read_reg_849_reg[22]_0[0].  Did not re-place instance system_i/spike_accel_0/inst/grp_sa_ms_all_conv_block_185_1_fu_481/grp_sa_ms_standard_conv_inplace_fu_485/grp_sa_conv2d_bn_40_71_118_240_333_426_535_1_fu_221/grp_sa_conv2d_bn_40_71_118_240_333_426_535_1_Pipeline_VITIS_LOOP_95_2_VITIS_LOOP_96_s_fu_1030/mem_reg_i_886/O
INFO: [Physopt 32-662] Processed net system_i/spike_accel_0/inst/grp_sa_ms_all_conv_block_185_1_fu_481/grp_sa_ms_standard_conv_inplace_fu_485/grp_sa_conv2d_bn_40_71_118_240_333_426_535_1_fu_221/grp_sa_conv2d_bn_40_71_118_240_333_426_535_1_Pipeline_VITIS_LOOP_95_2_VITIS_LOOP_96_s_fu_1030/mem_reg_i_1018_n_2.  Did not re-place instance system_i/spike_accel_0/inst/grp_sa_ms_all_conv_block_185_1_fu_481/grp_sa_ms_standard_conv_inplace_fu_485/grp_sa_conv2d_bn_40_71_118_240_333_426_535_1_fu_221/grp_sa_conv2d_bn_40_71_118_240_333_426_535_1_Pipeline_VITIS_LOOP_95_2_VITIS_LOOP_96_s_fu_1030/mem_reg_i_1018/O
INFO: [Physopt 32-662] Processed net system_i/spike_accel_0/inst/grp_sa_ms_all_conv_block_185_1_fu_481/grp_sa_ms_standard_conv_inplace_fu_485/grp_sa_conv2d_bn_40_71_118_240_333_426_535_1_fu_221/grp_sa_conv2d_bn_40_71_118_240_333_426_535_1_Pipeline_VITIS_LOOP_95_2_VITIS_LOOP_96_s_fu_1030/gmem4_addr_52_read_reg_849_reg[22]_0[3].  Did not re-place instance system_i/spike_accel_0/inst/grp_sa_ms_all_conv_block_185_1_fu_481/grp_sa_ms_standard_conv_inplace_fu_485/grp_sa_conv2d_bn_40_71_118_240_333_426_535_1_fu_221/grp_sa_conv2d_bn_40_71_118_240_333_426_535_1_Pipeline_VITIS_LOOP_95_2_VITIS_LOOP_96_s_fu_1030/mem_reg_i_883/O
INFO: [Physopt 32-662] Processed net system_i/spike_accel_0/inst/grp_sa_ms_all_conv_block_185_1_fu_481/grp_sa_ms_standard_conv_inplace_fu_485/grp_sa_conv2d_bn_40_71_118_240_333_426_535_1_fu_221/grp_sa_conv2d_bn_40_71_118_240_333_426_535_1_Pipeline_VITIS_LOOP_95_2_VITIS_LOOP_96_s_fu_1030/mem_reg_i_1015_n_2.  Did not re-place instance system_i/spike_accel_0/inst/grp_sa_ms_all_conv_block_185_1_fu_481/grp_sa_ms_standard_conv_inplace_fu_485/grp_sa_conv2d_bn_40_71_118_240_333_426_535_1_fu_221/grp_sa_conv2d_bn_40_71_118_240_333_426_535_1_Pipeline_VITIS_LOOP_95_2_VITIS_LOOP_96_s_fu_1030/mem_reg_i_1015/O
INFO: [Physopt 32-662] Processed net system_i/spike_accel_0/inst/grp_sa_ms_all_conv_block_185_1_fu_481/grp_sa_ms_standard_conv_inplace_1_fu_570/grp_sa_conv2d_bn_40_71_118_240_333_426_535_1_fu_197/grp_sa_conv2d_bn_40_71_118_240_333_426_535_1_Pipeline_VITIS_LOOP_95_2_VITIS_LOOP_96_s_fu_1030/gmem4_addr_52_read_reg_849_reg[14]_0[0].  Did not re-place instance system_i/spike_accel_0/inst/grp_sa_ms_all_conv_block_185_1_fu_481/grp_sa_ms_standard_conv_inplace_1_fu_570/grp_sa_conv2d_bn_40_71_118_240_333_426_535_1_fu_197/grp_sa_conv2d_bn_40_71_118_240_333_426_535_1_Pipeline_VITIS_LOOP_95_2_VITIS_LOOP_96_s_fu_1030/mem_reg_i_730/O
INFO: [Physopt 32-662] Processed net system_i/spike_accel_0/inst/grp_sa_ms_all_conv_block_185_1_fu_481/grp_sa_ms_standard_conv_inplace_1_fu_570/grp_sa_conv2d_bn_40_71_118_240_333_426_535_1_fu_197/grp_sa_conv2d_bn_40_71_118_240_333_426_535_1_Pipeline_VITIS_LOOP_95_2_VITIS_LOOP_96_s_fu_1030/mem_reg_i_951_n_2.  Did not re-place instance system_i/spike_accel_0/inst/grp_sa_ms_all_conv_block_185_1_fu_481/grp_sa_ms_standard_conv_inplace_1_fu_570/grp_sa_conv2d_bn_40_71_118_240_333_426_535_1_fu_197/grp_sa_conv2d_bn_40_71_118_240_333_426_535_1_Pipeline_VITIS_LOOP_95_2_VITIS_LOOP_96_s_fu_1030/mem_reg_i_951/O
INFO: [Physopt 32-662] Processed net system_i/spike_accel_0/inst/grp_sa_ms_all_conv_block_185_1_fu_481/grp_sa_ms_standard_conv_inplace_1_fu_570/grp_sa_conv2d_bn_40_71_118_240_333_426_535_1_fu_197/grp_sa_conv2d_int_43_74_429_536_1_fu_1003/ap_CS_fsm_reg[13]_0[27].  Did not re-place instance system_i/spike_accel_0/inst/grp_sa_ms_all_conv_block_185_1_fu_481/grp_sa_ms_standard_conv_inplace_1_fu_570/grp_sa_conv2d_bn_40_71_118_240_333_426_535_1_fu_197/grp_sa_conv2d_int_43_74_429_536_1_fu_1003/mem_reg_i_415/O
INFO: [Physopt 32-662] Processed net system_i/spike_accel_0/inst/grp_sa_ms_all_conv_block_185_1_fu_481/grp_sa_ms_standard_conv_inplace_fu_485/grp_sa_conv2d_bn_40_71_118_240_333_426_535_1_fu_221/grp_sa_conv2d_int_43_74_429_536_1_fu_1003/ap_CS_fsm_reg[5]_28.  Did not re-place instance system_i/spike_accel_0/inst/grp_sa_ms_all_conv_block_185_1_fu_481/grp_sa_ms_standard_conv_inplace_fu_485/grp_sa_conv2d_bn_40_71_118_240_333_426_535_1_fu_221/grp_sa_conv2d_int_43_74_429_536_1_fu_1003/mem_reg_i_232/O
INFO: [Physopt 32-662] Processed net system_i/spike_accel_0/inst/grp_sa_ms_downsampling_199_1_fu_628/grp_sa_conv2d_bn_40_71_118_240_333_426_535_1_fu_199/grp_sa_conv2d_int_43_74_429_536_1_fu_1003/mem_reg_i_91_n_2.  Did not re-place instance system_i/spike_accel_0/inst/grp_sa_ms_downsampling_199_1_fu_628/grp_sa_conv2d_bn_40_71_118_240_333_426_535_1_fu_199/grp_sa_conv2d_int_43_74_429_536_1_fu_1003/mem_reg_i_91/O
INFO: [Physopt 32-661] Optimized 0 net.  Re-placed 0 instance.
INFO: [Physopt 32-775] End 1 Pass. Optimized 0 net or cell. Created 0 new cell, deleted 0 existing cell and moved 0 existing cell
Netlist sorting complete. Time (s): cpu = 00:00:00 ; elapsed = 00:00:00.034 . Memory (MB): peak = 3680.375 ; gain = 0.000
Phase 16 Multi Cell Placement Optimization | Checksum: 14f5d0d74

Time (s): cpu = 00:00:55 ; elapsed = 00:00:38 . Memory (MB): peak = 3680.375 ; gain = 7.656

Phase 17 Rewire
INFO: [Physopt 32-246] Starting Signal Push optimization...
INFO: [Physopt 32-241] No nets found for rewiring () optimization.
INFO: [Physopt 32-232] Optimized 0 net. Created 0 new instance.
INFO: [Physopt 32-775] End 1 Pass. Optimized 0 net or cell. Created 0 new cell, deleted 0 existing cell and moved 0 existing cell
Netlist sorting complete. Time (s): cpu = 00:00:00 ; elapsed = 00:00:00.040 . Memory (MB): peak = 3680.375 ; gain = 0.000
Phase 17 Rewire | Checksum: 14f5d0d74

Time (s): cpu = 00:00:55 ; elapsed = 00:00:38 . Memory (MB): peak = 3680.375 ; gain = 7.656

Phase 18 Critical Cell Optimization
INFO: [Physopt 32-46] Identified 30 candidate nets for critical-cell optimization.
INFO: [Physopt 32-571] Net system_i/spike_accel_0/inst/grp_sa_spike_sppf_1_fu_684/grp_sa_maxpool_or_1_fu_296/tmp_27_reg_3412 was not replicated.
INFO: [Physopt 32-571] Net system_i/spike_accel_0/inst/grp_sa_ms_all_conv_block_185_1_fu_481/grp_sa_ms_standard_conv_inplace_1_fu_570/grp_sa_conv2d_bn_40_71_118_240_333_426_535_1_fu_197/grp_sa_conv2d_bn_40_71_118_240_333_426_535_1_Pipeline_VITIS_LOOP_95_2_VITIS_LOOP_96_s_fu_1030/gmem4_addr_52_read_reg_849_reg[10]_0[3] was not replicated.
INFO: [Physopt 32-571] Net system_i/spike_accel_0/inst/grp_sa_ms_all_conv_block_185_1_fu_481/grp_sa_ms_standard_conv_inplace_1_fu_570/grp_sa_conv2d_bn_40_71_118_240_333_426_535_1_fu_197/grp_sa_conv2d_bn_40_71_118_240_333_426_535_1_Pipeline_VITIS_LOOP_95_2_VITIS_LOOP_96_s_fu_1030/mem_reg_i_962_n_2 was not replicated.
INFO: [Physopt 32-571] Net system_i/spike_accel_0/inst/grp_sa_ms_all_conv_block_185_1_fu_481/grp_sa_ms_standard_conv_inplace_1_fu_570/grp_sa_conv2d_bn_40_71_118_240_333_426_535_1_fu_197/grp_sa_conv2d_bn_40_71_118_240_333_426_535_1_Pipeline_VITIS_LOOP_95_2_VITIS_LOOP_96_s_fu_1030/gmem4_addr_52_read_reg_849_reg[6]_0[3] was not replicated.
INFO: [Physopt 32-571] Net system_i/spike_accel_0/inst/grp_sa_ms_all_conv_block_185_1_fu_481/grp_sa_ms_standard_conv_inplace_1_fu_570/grp_sa_conv2d_bn_40_71_118_240_333_426_535_1_fu_197/grp_sa_conv2d_bn_40_71_118_240_333_426_535_1_Pipeline_VITIS_LOOP_95_2_VITIS_LOOP_96_s_fu_1030/mem_reg_i_974_n_2 was not replicated.
INFO: [Physopt 32-571] Net system_i/spike_accel_0/inst/grp_sa_ms_all_conv_block_185_1_fu_481/grp_sa_ms_standard_conv_inplace_fu_485/grp_sa_conv2d_bn_40_71_118_240_333_426_535_1_fu_221/grp_sa_conv2d_bn_40_71_118_240_333_426_535_1_Pipeline_VITIS_LOOP_95_2_VITIS_LOOP_96_s_fu_1030/gmem4_addr_52_read_reg_849_reg[18]_0[2] was not replicated.
INFO: [Physopt 32-571] Net system_i/spike_accel_0/inst/grp_sa_ms_all_conv_block_185_1_fu_481/grp_sa_ms_standard_conv_inplace_fu_485/grp_sa_conv2d_bn_40_71_118_240_333_426_535_1_fu_221/grp_sa_conv2d_bn_40_71_118_240_333_426_535_1_Pipeline_VITIS_LOOP_95_2_VITIS_LOOP_96_s_fu_1030/mem_reg_i_1028_n_2 was not replicated.
INFO: [Physopt 32-571] Net system_i/spike_accel_0/inst/grp_sa_ms_all_conv_block_185_1_fu_481/grp_sa_ms_standard_conv_inplace_1_fu_570/grp_sa_conv2d_bn_40_71_118_240_333_426_535_1_fu_197/grp_sa_conv2d_bn_40_71_118_240_333_426_535_1_Pipeline_VITIS_LOOP_95_2_VITIS_LOOP_96_s_fu_1030/gmem4_addr_52_read_reg_849_reg[18]_0[0] was not replicated.
INFO: [Physopt 32-571] Net system_i/spike_accel_0/inst/grp_sa_ms_all_conv_block_185_1_fu_481/grp_sa_ms_standard_conv_inplace_1_fu_570/grp_sa_conv2d_bn_40_71_118_240_333_426_535_1_fu_197/grp_sa_conv2d_bn_40_71_118_240_333_426_535_1_Pipeline_VITIS_LOOP_95_2_VITIS_LOOP_96_s_fu_1030/mem_reg_i_952_n_2 was not replicated.
INFO: [Physopt 32-571] Net system_i/spike_accel_0/inst/grp_sa_conv2d_bn_40_71_118_240_333_426_1_fu_666/grp_sa_conv2d_int_43_74_429_1_fu_366/grp_sa_conv2d_int_43_74_429_1_Pipeline_VITIS_LOOP_97_7_VITIS_LOOP_98_8_VITIS_LOOP_99_fu_97/m_axi_gmem2_ARVALID29 was not replicated.
INFO: [Physopt 32-571] Net system_i/spike_accel_0/inst/grp_sa_conv2d_bn_40_71_118_240_333_426_1_fu_666/grp_sa_conv2d_int_43_74_429_1_fu_366/grp_sa_conv2d_int_43_74_429_1_Pipeline_VITIS_LOOP_97_7_VITIS_LOOP_98_8_VITIS_LOOP_99_fu_97/p_365_in was not replicated.
INFO: [Physopt 32-571] Net system_i/spike_accel_0/inst/grp_sa_conv2d_bn_40_71_118_240_333_426_1_fu_666/grp_sa_conv2d_int_43_74_429_1_fu_366/grp_sa_conv2d_int_43_74_429_1_Pipeline_VITIS_LOOP_97_7_VITIS_LOOP_98_8_VITIS_LOOP_99_fu_97/mem_reg[5][0]_srl6_i_36_n_2 was not replicated.
INFO: [Physopt 32-571] Net system_i/spike_accel_0/inst/grp_sa_conv2d_bn_40_71_118_240_333_426_1_fu_666/grp_sa_conv2d_int_43_74_429_1_fu_366/grp_sa_conv2d_int_43_74_429_1_Pipeline_VITIS_LOOP_97_7_VITIS_LOOP_98_8_VITIS_LOOP_99_fu_97/mul_8s_8s_16_4_1_U370/tmp_49_reg_7672_reg[0] was not replicated.
INFO: [Physopt 32-571] Net system_i/spike_accel_0/inst/grp_sa_conv2d_bn_40_71_118_240_333_426_1_fu_666/grp_sa_conv2d_int_43_74_429_1_fu_366/grp_sa_conv2d_int_43_74_429_1_Pipeline_VITIS_LOOP_97_7_VITIS_LOOP_98_8_VITIS_LOOP_99_fu_97/mem_reg[5][0]_srl6_i_50__1_n_2 was not replicated.
INFO: [Physopt 32-571] Net system_i/spike_accel_0/inst/grp_sa_conv2d_bn_40_71_118_240_333_426_1_fu_666/grp_sa_conv2d_int_43_74_429_1_fu_366/grp_sa_conv2d_int_43_74_429_1_Pipeline_VITIS_LOOP_97_7_VITIS_LOOP_98_8_VITIS_LOOP_99_fu_97/m_axi_gmem2_ARVALID38372_out was not replicated.
INFO: [Physopt 32-571] Net system_i/spike_accel_0/inst/grp_sa_conv2d_bn_40_71_118_240_333_426_1_fu_666/grp_sa_conv2d_int_43_74_429_1_fu_366/grp_sa_conv2d_int_43_74_429_1_Pipeline_VITIS_LOOP_97_7_VITIS_LOOP_98_8_VITIS_LOOP_99_fu_97_ap_start_reg was not replicated.
INFO: [Physopt 32-571] Net system_i/spike_accel_0/inst/grp_sa_conv2d_bn_40_71_118_240_333_426_1_fu_666/grp_sa_conv2d_int_43_74_429_1_fu_366/grp_sa_conv2d_int_43_74_429_1_Pipeline_VITIS_LOOP_97_7_VITIS_LOOP_98_8_VITIS_LOOP_99_fu_97/grp_sa_conv2d_int_43_74_429_1_Pipeline_VITIS_LOOP_97_7_VITIS_LOOP_98_8_VITIS_LOOP_99_fu_97_ap_start_reg_reg was not replicated.
INFO: [Physopt 32-571] Net system_i/spike_accel_0/inst/grp_sa_conv2d_bn_40_71_118_240_333_426_1_fu_666/grp_sa_conv2d_int_43_74_429_1_fu_366/grp_sa_conv2d_int_43_74_429_1_Pipeline_VITIS_LOOP_97_7_VITIS_LOOP_98_8_VITIS_LOOP_99_fu_97/mem_reg[5][16]_srl6_i_26_n_2 was not replicated.
INFO: [Physopt 32-571] Net system_i/spike_accel_0/inst/grp_sa_ms_all_conv_block_185_1_fu_481/grp_sa_ms_standard_conv_inplace_fu_485/grp_sa_conv2d_bn_40_71_118_240_333_426_535_1_fu_221/grp_sa_conv2d_bn_40_71_118_240_333_426_535_1_Pipeline_VITIS_LOOP_95_2_VITIS_LOOP_96_s_fu_1030/gmem4_addr_52_read_reg_849_reg[6]_0[2] was not replicated.
INFO: [Physopt 32-571] Net system_i/spike_accel_0/inst/grp_sa_ms_all_conv_block_185_1_fu_481/grp_sa_ms_standard_conv_inplace_fu_485/grp_sa_conv2d_bn_40_71_118_240_333_426_535_1_fu_221/grp_sa_conv2d_bn_40_71_118_240_333_426_535_1_Pipeline_VITIS_LOOP_95_2_VITIS_LOOP_96_s_fu_1030/mem_reg_i_971_n_2 was not replicated.
INFO: [Physopt 32-571] Net system_i/spike_accel_0/inst/grp_sa_conv2d_bn_40_71_118_240_333_426_1_fu_666/grp_sa_conv2d_int_43_74_429_1_fu_366/grp_sa_conv2d_int_43_74_429_1_Pipeline_VITIS_LOOP_97_7_VITIS_LOOP_98_8_VITIS_LOOP_99_fu_97/ap_enable_reg_pp0_iter0_reg was not replicated.
INFO: [Physopt 32-571] Net system_i/spike_accel_0/inst/grp_sa_conv2d_bn_40_71_118_240_333_426_1_fu_666/grp_sa_conv2d_int_43_74_429_1_fu_366/grp_sa_conv2d_int_43_74_429_1_Pipeline_VITIS_LOOP_97_7_VITIS_LOOP_98_8_VITIS_LOOP_99_fu_97/m_axi_gmem2_ARVALID36 was not replicated.
INFO: [Physopt 32-571] Net system_i/spike_accel_0/inst/grp_sa_conv2d_bn_40_71_118_240_333_426_1_fu_666/grp_sa_conv2d_int_43_74_429_1_fu_366/grp_sa_conv2d_int_43_74_429_1_Pipeline_VITIS_LOOP_97_7_VITIS_LOOP_98_8_VITIS_LOOP_99_fu_97/mem_reg[5][0]_srl6_i_51__0_n_2 was not replicated.
INFO: [Physopt 32-571] Net system_i/spike_accel_0/inst/grp_sa_conv2d_bn_40_71_118_240_333_426_1_fu_666/grp_sa_conv2d_int_43_74_429_1_fu_366/grp_sa_conv2d_int_43_74_429_1_Pipeline_VITIS_LOOP_97_7_VITIS_LOOP_98_8_VITIS_LOOP_99_fu_97/mem_reg[5][1]_srl6_i_25_n_2 was not replicated.
INFO: [Physopt 32-571] Net system_i/spike_accel_0/inst/grp_sa_conv2d_bn_40_71_118_240_333_426_1_fu_666/grp_sa_conv2d_int_43_74_429_1_fu_366/grp_sa_conv2d_int_43_74_429_1_Pipeline_VITIS_LOOP_97_7_VITIS_LOOP_98_8_VITIS_LOOP_99_fu_97/gmem2_addr_21_reg_8610[62]_i_4_n_2 was not replicated.
INFO: [Physopt 32-571] Net system_i/spike_accel_0/inst/grp_sa_conv2d_bn_40_71_118_240_333_426_1_fu_666/grp_sa_conv2d_int_43_74_429_1_fu_366/grp_sa_conv2d_int_43_74_429_1_Pipeline_VITIS_LOOP_97_7_VITIS_LOOP_98_8_VITIS_LOOP_99_fu_97/mem_reg[5][0]_srl6_i_42_n_2 was not replicated.
INFO: [Physopt 32-571] Net system_i/spike_accel_0/inst/grp_sa_conv2d_bn_40_71_118_240_333_426_1_fu_666/grp_sa_conv2d_int_43_74_429_1_fu_366/grp_sa_conv2d_int_43_74_429_1_Pipeline_VITIS_LOOP_97_7_VITIS_LOOP_98_8_VITIS_LOOP_99_fu_97/m_axi_gmem2_ARVALID42 was not replicated.
INFO: [Physopt 32-571] Net system_i/spike_accel_0/inst/grp_sa_conv2d_bn_40_71_118_240_333_426_1_fu_666/grp_sa_conv2d_int_43_74_429_1_fu_366/grp_sa_conv2d_int_43_74_429_1_Pipeline_VITIS_LOOP_97_7_VITIS_LOOP_98_8_VITIS_LOOP_99_fu_97/mul_8s_8s_16_4_1_U391/ap_block_pp0_stage31_11001 was not replicated.
INFO: [Physopt 32-232] Optimized 0 net. Created 0 new instance.
INFO: [Physopt 32-775] End 1 Pass. Optimized 0 net or cell. Created 0 new cell, deleted 0 existing cell and moved 0 existing cell
Phase 18 Critical Cell Optimization | Checksum: 14f5d0d74

Time (s): cpu = 00:00:55 ; elapsed = 00:00:38 . Memory (MB): peak = 3680.375 ; gain = 7.656

Phase 19 DSP Register Optimization
INFO: [Physopt 32-456] No candidate cells for DSP register optimization found in the design.
INFO: [Physopt 32-775] End 1 Pass. Optimized 0 net or cell. Created 0 new cell, deleted 0 existing cell and moved 0 existing cell
Phase 19 DSP Register Optimization | Checksum: 14f5d0d74

Time (s): cpu = 00:00:55 ; elapsed = 00:00:38 . Memory (MB): peak = 3680.375 ; gain = 7.656

Phase 20 BRAM Register Optimization
INFO: [Physopt 32-526] No candidate cells for BRAM register optimization found in the design
INFO: [Physopt 32-775] End 1 Pass. Optimized 0 net or cell. Created 0 new cell, deleted 0 existing cell and moved 0 existing cell
Phase 20 BRAM Register Optimization | Checksum: 14f5d0d74

Time (s): cpu = 00:00:55 ; elapsed = 00:00:38 . Memory (MB): peak = 3680.375 ; gain = 7.656

Phase 21 URAM Register Optimization
INFO: [Physopt 32-846] No candidate cells for URAM register optimization found in the design
INFO: [Physopt 32-775] End 1 Pass. Optimized 0 net or cell. Created 0 new cell, deleted 0 existing cell and moved 0 existing cell
INFO: [Physopt 32-846] No candidate cells for URAM register optimization found in the design
INFO: [Physopt 32-775] End 1 Pass. Optimized 0 net or cell. Created 0 new cell, deleted 0 existing cell and moved 0 existing cell
Phase 21 URAM Register Optimization | Checksum: 14f5d0d74

Time (s): cpu = 00:00:56 ; elapsed = 00:00:38 . Memory (MB): peak = 3680.375 ; gain = 7.656

Phase 22 Shift Register Optimization
INFO: [Physopt 32-1402] Pass 1: Identified 17 candidate cells for Shift Register optimization.
INFO: [Physopt 32-775] End 1 Pass. Optimized 0 net or cell. Created 0 new cell, deleted 0 existing cell and moved 0 existing cell
Netlist sorting complete. Time (s): cpu = 00:00:00 ; elapsed = 00:00:00.034 . Memory (MB): peak = 3680.375 ; gain = 0.000
Phase 22 Shift Register Optimization | Checksum: 14f5d0d74

Time (s): cpu = 00:00:56 ; elapsed = 00:00:38 . Memory (MB): peak = 3680.375 ; gain = 7.656

Phase 23 DSP Register Optimization
INFO: [Physopt 32-456] No candidate cells for DSP register optimization found in the design.
INFO: [Physopt 32-775] End 1 Pass. Optimized 0 net or cell. Created 0 new cell, deleted 0 existing cell and moved 0 existing cell
Phase 23 DSP Register Optimization | Checksum: 14f5d0d74

Time (s): cpu = 00:00:56 ; elapsed = 00:00:38 . Memory (MB): peak = 3680.375 ; gain = 7.656

Phase 24 BRAM Register Optimization
INFO: [Physopt 32-526] No candidate cells for BRAM register optimization found in the design
INFO: [Physopt 32-775] End 1 Pass. Optimized 0 net or cell. Created 0 new cell, deleted 0 existing cell and moved 0 existing cell
Phase 24 BRAM Register Optimization | Checksum: 14f5d0d74

Time (s): cpu = 00:00:56 ; elapsed = 00:00:38 . Memory (MB): peak = 3680.375 ; gain = 7.656

Phase 25 URAM Register Optimization
INFO: [Physopt 32-846] No candidate cells for URAM register optimization found in the design
INFO: [Physopt 32-775] End 1 Pass. Optimized 0 net or cell. Created 0 new cell, deleted 0 existing cell and moved 0 existing cell
INFO: [Physopt 32-846] No candidate cells for URAM register optimization found in the design
INFO: [Physopt 32-775] End 1 Pass. Optimized 0 net or cell. Created 0 new cell, deleted 0 existing cell and moved 0 existing cell
Phase 25 URAM Register Optimization | Checksum: 14f5d0d74

Time (s): cpu = 00:00:56 ; elapsed = 00:00:38 . Memory (MB): peak = 3680.375 ; gain = 7.656

Phase 26 Shift Register Optimization
INFO: [Physopt 32-1402] Pass 1: Identified 17 candidate cells for Shift Register optimization.
INFO: [Physopt 32-775] End 1 Pass. Optimized 0 net or cell. Created 0 new cell, deleted 0 existing cell and moved 0 existing cell
Netlist sorting complete. Time (s): cpu = 00:00:00 ; elapsed = 00:00:00.035 . Memory (MB): peak = 3680.375 ; gain = 0.000
Phase 26 Shift Register Optimization | Checksum: 14f5d0d74

Time (s): cpu = 00:00:56 ; elapsed = 00:00:39 . Memory (MB): peak = 3680.375 ; gain = 7.656

Phase 27 Critical Pin Optimization
INFO: [Physopt 32-606] Identified 73 candidate nets for critical-pin optimization.
INFO: [Physopt 32-608] Optimized 21 nets.  Swapped 483 pins.
INFO: [Physopt 32-775] End 1 Pass. Optimized 21 nets or cells. Created 0 new cell, deleted 0 existing cell and moved 483 existing cells
INFO: [Physopt 32-619] Estimated Timing Summary | WNS=0.117 | TNS=0.000 |
Netlist sorting complete. Time (s): cpu = 00:00:00 ; elapsed = 00:00:00.034 . Memory (MB): peak = 3680.375 ; gain = 0.000
Phase 27 Critical Pin Optimization | Checksum: 14f5d0d74

Time (s): cpu = 00:00:56 ; elapsed = 00:00:39 . Memory (MB): peak = 3680.375 ; gain = 7.656

Phase 28 Very High Fanout Optimization
INFO: [Physopt 32-1408] Pass 1. Identified 16 candidate nets for high-fanout optimization.
INFO: [Physopt 32-572] Net system_i/spike_accel_0/inst/grp_sa_conv2d_bn_40_71_118_240_333_426_1_fu_666/grp_sa_conv2d_int_43_74_429_1_fu_366/grp_sa_conv2d_int_43_74_429_1_Pipeline_VITIS_LOOP_97_7_VITIS_LOOP_98_8_VITIS_LOOP_99_fu_97/mul_8s_8s_16_4_1_U403/ce363_out was not replicated.
Resolution: phys_opt_design can be forced to replicate a net driver using the option -force_replication_on_nets <list of net objects>.
INFO: [Physopt 32-572] Net system_i/spike_accel_0/inst/grp_sa_ms_downsampling_199_1_fu_628/grp_sa_conv2d_bn_40_71_118_240_333_426_535_1_fu_199/grp_sa_conv2d_bn_40_71_118_240_333_426_535_1_Pipeline_VITIS_LOOP_116_7_fu_1058/flow_control_loop_pipe_sequential_init_U/ap_enable_reg_pp0_iter36_reg was not replicated.
Resolution: phys_opt_design can be forced to replicate a net driver using the option -force_replication_on_nets <list of net objects>.
INFO: [Physopt 32-572] Net system_i/spike_accel_0/inst/grp_sa_ms_all_conv_block_185_1_fu_481/grp_sa_ms_standard_conv_inplace_1_fu_570/grp_sa_conv2d_bn_40_71_118_240_333_426_535_1_fu_197/grp_sa_conv2d_bn_40_71_118_240_333_426_535_1_Pipeline_VITIS_LOOP_116_7_fu_1058/flow_control_loop_pipe_sequential_init_U/ap_enable_reg_pp0_iter36_reg was not replicated.
Resolution: phys_opt_design can be forced to replicate a net driver using the option -force_replication_on_nets <list of net objects>.
INFO: [Physopt 32-572] Net system_i/spike_accel_0/inst/grp_sa_ms_all_conv_block_185_1_fu_481/grp_sa_ms_standard_conv_inplace_fu_485/grp_sa_conv2d_bn_40_71_118_240_333_426_535_1_fu_221/grp_sa_conv2d_bn_40_71_118_240_333_426_535_1_Pipeline_VITIS_LOOP_116_7_fu_1058/flow_control_loop_pipe_sequential_init_U/ap_enable_reg_pp0_iter36_reg was not replicated.
Resolution: phys_opt_design can be forced to replicate a net driver using the option -force_replication_on_nets <list of net objects>.
INFO: [Physopt 32-572] Net system_i/spike_accel_0/inst/grp_sa_spike_sppf_1_fu_684/grp_sa_ms_standard_conv_inplace_2_fu_249/grp_sa_conv2d_bn_40_71_118_240_333_426_535_1_fu_169/grp_sa_conv2d_bn_40_71_118_240_333_426_535_1_Pipeline_VITIS_LOOP_116_7_fu_1058/flow_control_loop_pipe_sequential_init_U/ap_enable_reg_pp0_iter36_reg was not replicated.
Resolution: phys_opt_design can be forced to replicate a net driver using the option -force_replication_on_nets <list of net objects>.
INFO: [Physopt 32-232] Optimized 0 net. Created 0 new instance.
INFO: [Physopt 32-775] End 1 Pass. Optimized 0 net or cell. Created 0 new cell, deleted 0 existing cell and moved 0 existing cell
Netlist sorting complete. Time (s): cpu = 00:00:00 ; elapsed = 00:00:00.092 . Memory (MB): peak = 3680.375 ; gain = 0.000
Phase 28 Very High Fanout Optimization | Checksum: f9372d1f

Time (s): cpu = 00:01:04 ; elapsed = 00:00:44 . Memory (MB): peak = 3680.375 ; gain = 7.656

Phase 29 Single Cell Placement Optimization
INFO: [Physopt 32-670] No setup violation found.  Single Cell Placement Optimization was not performed.
Netlist sorting complete. Time (s): cpu = 00:00:00 ; elapsed = 00:00:00.034 . Memory (MB): peak = 3680.375 ; gain = 0.000
Phase 29 Single Cell Placement Optimization | Checksum: f9372d1f

Time (s): cpu = 00:01:04 ; elapsed = 00:00:44 . Memory (MB): peak = 3680.375 ; gain = 7.656

Phase 30 Multi Cell Placement Optimization
INFO: [Physopt 32-670] No setup violation found.  Multi Cell Placement Optimization was not performed.
Netlist sorting complete. Time (s): cpu = 00:00:00 ; elapsed = 00:00:00.034 . Memory (MB): peak = 3680.375 ; gain = 0.000
Phase 30 Multi Cell Placement Optimization | Checksum: f9372d1f

Time (s): cpu = 00:01:04 ; elapsed = 00:00:44 . Memory (MB): peak = 3680.375 ; gain = 7.656

Phase 31 SLR Crossing Optimization
INFO: [Physopt 32-670] No setup violation found.  SLR Crossing Optimization was not performed.
Phase 31 SLR Crossing Optimization | Checksum: f9372d1f

Time (s): cpu = 00:01:04 ; elapsed = 00:00:44 . Memory (MB): peak = 3680.375 ; gain = 7.656

Phase 32 Critical Path Optimization
INFO: [Physopt 32-619] Estimated Timing Summary | WNS=0.117 | TNS=0.000 |
INFO: [Physopt 32-619] Estimated Timing Summary | WNS=0.117 | TNS=0.000 |
Netlist sorting complete. Time (s): cpu = 00:00:00 ; elapsed = 00:00:00.034 . Memory (MB): peak = 3680.375 ; gain = 0.000
Phase 32 Critical Path Optimization | Checksum: f9372d1f

Time (s): cpu = 00:01:05 ; elapsed = 00:00:45 . Memory (MB): peak = 3680.375 ; gain = 7.656

Phase 33 BRAM Enable Optimization
Phase 33 BRAM Enable Optimization | Checksum: f9372d1f

Time (s): cpu = 00:01:05 ; elapsed = 00:00:45 . Memory (MB): peak = 3680.375 ; gain = 7.656
INFO: [Physopt 32-960] Skip hold-fix as initial WHS does not violate hold threshold 250 ps
Netlist sorting complete. Time (s): cpu = 00:00:00 ; elapsed = 00:00:00.034 . Memory (MB): peak = 3680.375 ; gain = 0.000
INFO: [Physopt 32-603] Post Physical Optimization Timing Summary | WNS=0.117 | TNS=0.000 |

Summary of Physical Synthesis Optimizations
============================================


----------------------------------------------------------------------------------------------------------------------------------------------------------------------
|  Optimization            |  WNS Gain (ns)  |  TNS Gain (ns)  |  Added Cells  |  Removed Cells  |  Optimized Cells/Nets  |  Dont Touch  |  Iterations  |  Elapsed   |
----------------------------------------------------------------------------------------------------------------------------------------------------------------------
|  Fanout                  |          0.000  |          0.000  |            0  |              0  |                     0  |           0  |           3  |  00:00:02  |
|  Single Cell Placement   |          0.020  |          0.047  |            0  |              0  |                    85  |           0  |           3  |  00:00:16  |
|  Multi Cell Placement    |          0.000  |          0.000  |            0  |              0  |                     0  |           0  |           3  |  00:00:03  |
|  Rewire                  |          0.000  |          0.000  |            0  |              0  |                     0  |           0  |           3  |  00:00:05  |
|  Critical Cell           |          0.000  |          0.000  |            0  |              0  |                     1  |           0  |           3  |  00:00:04  |
|  SLR Crossing            |          0.000  |          0.000  |            0  |              0  |                     0  |           0  |           2  |  00:00:00  |
|  DSP Register            |          0.000  |          0.000  |            0  |              0  |                     0  |           0  |           2  |  00:00:00  |
|  BRAM Register           |          0.000  |          0.000  |            0  |              0  |                     0  |           0  |           2  |  00:00:00  |
|  URAM Register           |          0.000  |          0.000  |            0  |              0  |                     0  |           0  |           2  |  00:00:00  |
|  Shift Register          |          0.000  |          0.000  |            0  |              0  |                     0  |           0  |           2  |  00:00:00  |
|  Critical Pin            |          0.380  |          0.274  |            0  |              0  |                    21  |           0  |           1  |  00:00:00  |
|  Very High Fanout        |          0.000  |          0.000  |            0  |              0  |                     0  |           0  |           1  |  00:00:05  |
|  BRAM Enable             |          0.000  |          0.000  |            0  |              0  |                     0  |           0  |           1  |  00:00:00  |
|  Critical Path           |          0.000  |          0.000  |            0  |              0  |                     0  |           0  |           1  |  00:00:00  |
|  Total                   |          0.400  |          0.321  |            0  |              0  |                   107  |           0  |          29  |  00:00:36  |
----------------------------------------------------------------------------------------------------------------------------------------------------------------------


Netlist sorting complete. Time (s): cpu = 00:00:00 ; elapsed = 00:00:00.034 . Memory (MB): peak = 3680.375 ; gain = 0.000
Ending Physical Synthesis Task | Checksum: 173cc97ef

Time (s): cpu = 00:01:06 ; elapsed = 00:00:45 . Memory (MB): peak = 3680.375 ; gain = 7.656
INFO: [Common 17-83] Releasing license: Implementation
1110 Infos, 133 Warnings, 22 Critical Warnings and 0 Errors encountered.
phys_opt_design completed successfully
phys_opt_design: Time (s): cpu = 00:01:23 ; elapsed = 00:00:56 . Memory (MB): peak = 3680.375 ; gain = 179.734
INFO: [Timing 38-480] Writing timing data to binary archive.
Write ShapeDB Complete: Time (s): cpu = 00:00:01 ; elapsed = 00:00:00.228 . Memory (MB): peak = 3680.375 ; gain = 0.000
Wrote PlaceDB: Time (s): cpu = 00:00:13 ; elapsed = 00:00:05 . Memory (MB): peak = 3680.375 ; gain = 0.000
Wrote PulsedLatchDB: Time (s): cpu = 00:00:00 ; elapsed = 00:00:00 . Memory (MB): peak = 3680.375 ; gain = 0.000
Writing XDEF routing.
Writing XDEF routing logical nets.
Writing XDEF routing special nets.
Wrote RouteStorage: Time (s): cpu = 00:00:00 ; elapsed = 00:00:00.171 . Memory (MB): peak = 3680.375 ; gain = 0.000
Wrote Netlist Cache: Time (s): cpu = 00:00:01 ; elapsed = 00:00:00.133 . Memory (MB): peak = 3680.375 ; gain = 0.000
Wrote Device Cache: Time (s): cpu = 00:00:00 ; elapsed = 00:00:00.013 . Memory (MB): peak = 3680.375 ; gain = 0.000
Write Physdb Complete: Time (s): cpu = 00:00:14 ; elapsed = 00:00:06 . Memory (MB): peak = 3680.375 ; gain = 0.000
INFO: [Common 17-1381] The checkpoint 'C:/Users/jielu/Desktop/Workspace/SpikeYOLO_FPGA/hw/vivado/out/spike_zybo.runs/impl_1/system_wrapper_physopt.dcp' has been generated.
write_checkpoint: Time (s): cpu = 00:00:22 ; elapsed = 00:00:12 . Memory (MB): peak = 3680.375 ; gain = 0.000
Command: route_design -directive Explore
Attempting to get a license for feature 'Implementation' and/or device 'xc7z020'
INFO: [Common 17-349] Got license for feature 'Implementation' and/or device 'xc7z020'
Running DRC as a precondition to command route_design
INFO: [DRC 23-27] Running DRC with 2 threads
INFO: [Vivado_Tcl 4-198] DRC finished with 0 Errors
INFO: [Vivado_Tcl 4-199] Please refer to the DRC report (report_drc) for more information.


Starting Routing Task
INFO: [Route 35-270] Using Router directive 'Explore'.
INFO: [Route 35-254] Multithreading enabled for route_design using a maximum of 8 CPUs

Phase 1 Build RT Design
Checksum: PlaceDB: 3ec468e9 ConstDB: 0 ShapeSum: 5319bfdf RouteDB: 15f972f0
Post Restoration Checksum: NetGraph: e66ef5a2 | NumContArr: 9212d7fb | Constraints: c2a8fa9d | Timing: c2a8fa9d
Phase 1 Build RT Design | Checksum: 2fdd3c2d7

Time (s): cpu = 00:00:40 ; elapsed = 00:00:25 . Memory (MB): peak = 3680.375 ; gain = 0.000

Phase 2 Router Initialization

Phase 2.1 Fix Topology Constraints
Phase 2.1 Fix Topology Constraints | Checksum: 2fdd3c2d7

Time (s): cpu = 00:00:40 ; elapsed = 00:00:25 . Memory (MB): peak = 3680.375 ; gain = 0.000

Phase 2.2 Pre Route Cleanup
Phase 2.2 Pre Route Cleanup | Checksum: 2fdd3c2d7

Time (s): cpu = 00:00:41 ; elapsed = 00:00:25 . Memory (MB): peak = 3680.375 ; gain = 0.000
 Number of Nodes with overlaps = 0

Phase 2.3 Update Timing
Phase 2.3 Update Timing | Checksum: 23c40df91

Time (s): cpu = 00:01:12 ; elapsed = 00:00:44 . Memory (MB): peak = 3733.145 ; gain = 52.770
INFO: [Route 35-416] Intermediate Timing Summary | WNS=0.050  | TNS=0.000  | WHS=-0.351 | THS=-671.520|


Router Utilization Summary
  Global Vertical Routing Utilization    = 0 %
  Global Horizontal Routing Utilization  = 0 %
  Routable Net Status*
  *Does not include unroutable nets such as driverless and loadless.
  Run report_route_status for detailed report.
  Number of Failed Nets               = 81837
    (Failed Nets is the sum of unrouted and partially routed nets)
  Number of Unrouted Nets             = 81836
  Number of Partially Routed Nets     = 1
  Number of Node Overlaps             = 0

Phase 2 Router Initialization | Checksum: 267b2b3e0

Time (s): cpu = 00:01:26 ; elapsed = 00:00:52 . Memory (MB): peak = 4140.059 ; gain = 459.684

Phase 3 Global Routing
Phase 3 Global Routing | Checksum: 267b2b3e0

Time (s): cpu = 00:01:26 ; elapsed = 00:00:52 . Memory (MB): peak = 4140.059 ; gain = 459.684

Phase 4 Initial Routing

Phase 4.1 Initial Net Routing Pass
Phase 4.1 Initial Net Routing Pass | Checksum: 219d9abb2

Time (s): cpu = 00:01:44 ; elapsed = 00:00:56 . Memory (MB): peak = 4140.059 ; gain = 459.684
Phase 4 Initial Routing | Checksum: 219d9abb2

Time (s): cpu = 00:01:44 ; elapsed = 00:00:57 . Memory (MB): peak = 4140.059 ; gain = 459.684

Phase 5 Rip-up And Reroute

Phase 5.1 Global Iteration 0
 Number of Nodes with overlaps = 11912
 Number of Nodes with overlaps = 3212
 Number of Nodes with overlaps = 1513
 Number of Nodes with overlaps = 577
 Number of Nodes with overlaps = 171
 Number of Nodes with overlaps = 67
 Number of Nodes with overlaps = 25
 Number of Nodes with overlaps = 8
 Number of Nodes with overlaps = 5
 Number of Nodes with overlaps = 3
 Number of Nodes with overlaps = 2
 Number of Nodes with overlaps = 1
 Number of Nodes with overlaps = 1
 Number of Nodes with overlaps = 1
 Number of Nodes with overlaps = 1
 Number of Nodes with overlaps = 1
 Number of Nodes with overlaps = 1
 Number of Nodes with overlaps = 0
INFO: [Route 35-416] Intermediate Timing Summary | WNS=-0.153 | TNS=-0.412 | WHS=N/A    | THS=N/A    |

Phase 5.1 Global Iteration 0 | Checksum: 27b33b237

Time (s): cpu = 00:04:34 ; elapsed = 00:02:25 . Memory (MB): peak = 4167.062 ; gain = 486.688

Phase 5.2 Global Iteration 1
 Number of Nodes with overlaps = 1693
 Number of Nodes with overlaps = 496
 Number of Nodes with overlaps = 147
 Number of Nodes with overlaps = 80
 Number of Nodes with overlaps = 14
 Number of Nodes with overlaps = 4
 Number of Nodes with overlaps = 1
 Number of Nodes with overlaps = 0
INFO: [Route 35-416] Intermediate Timing Summary | WNS=0.017  | TNS=0.000  | WHS=N/A    | THS=N/A    |

Phase 5.2 Global Iteration 1 | Checksum: 1f5b20815

Time (s): cpu = 00:05:22 ; elapsed = 00:02:48 . Memory (MB): peak = 4167.062 ; gain = 486.688

Phase 5.3 Global Iteration 2
 Number of Nodes with overlaps = 3
 Number of Nodes with overlaps = 1
 Number of Nodes with overlaps = 0
INFO: [Route 35-416] Intermediate Timing Summary | WNS=0.017  | TNS=0.000  | WHS=N/A    | THS=N/A    |

Phase 5.3 Global Iteration 2 | Checksum: 277b792ae

Time (s): cpu = 00:05:27 ; elapsed = 00:02:50 . Memory (MB): peak = 4167.062 ; gain = 486.688
Phase 5 Rip-up And Reroute | Checksum: 277b792ae

Time (s): cpu = 00:05:27 ; elapsed = 00:02:50 . Memory (MB): peak = 4167.062 ; gain = 486.688

Phase 6 Delay and Skew Optimization

Phase 6.1 Delay CleanUp
Phase 6.1 Delay CleanUp | Checksum: 277b792ae

Time (s): cpu = 00:05:27 ; elapsed = 00:02:50 . Memory (MB): peak = 4167.062 ; gain = 486.688

Phase 6.2 Clock Skew Optimization
Phase 6.2 Clock Skew Optimization | Checksum: 277b792ae

Time (s): cpu = 00:05:28 ; elapsed = 00:02:50 . Memory (MB): peak = 4167.062 ; gain = 486.688
Phase 6 Delay and Skew Optimization | Checksum: 277b792ae

Time (s): cpu = 00:05:28 ; elapsed = 00:02:50 . Memory (MB): peak = 4167.062 ; gain = 486.688

Phase 7 Post Hold Fix

Phase 7.1 Hold Fix Iter
INFO: [Route 35-416] Intermediate Timing Summary | WNS=0.061  | TNS=0.000  | WHS=0.007  | THS=0.000  |

Phase 7.1 Hold Fix Iter | Checksum: 2b9523cc1

Time (s): cpu = 00:05:36 ; elapsed = 00:02:54 . Memory (MB): peak = 4167.062 ; gain = 486.688
Phase 7 Post Hold Fix | Checksum: 2b9523cc1

Time (s): cpu = 00:05:36 ; elapsed = 00:02:54 . Memory (MB): peak = 4167.062 ; gain = 486.688

Phase 8 Route finalize

Router Utilization Summary
  Global Vertical Routing Utilization    = 27.2921 %
  Global Horizontal Routing Utilization  = 31.2372 %
  Routable Net Status*
  *Does not include unroutable nets such as driverless and loadless.
  Run report_route_status for detailed report.
  Number of Failed Nets               = 0
    (Failed Nets is the sum of unrouted and partially routed nets)
  Number of Unrouted Nets             = 0
  Number of Partially Routed Nets     = 0
  Number of Node Overlaps             = 0

Phase 8 Route finalize | Checksum: 2b9523cc1

Time (s): cpu = 00:05:37 ; elapsed = 00:02:55 . Memory (MB): peak = 4167.062 ; gain = 486.688

Phase 9 Verifying routed nets

 Verification completed successfully
Phase 9 Verifying routed nets | Checksum: 2b9523cc1

Time (s): cpu = 00:05:37 ; elapsed = 00:02:55 . Memory (MB): peak = 4167.062 ; gain = 486.688

Phase 10 Depositing Routes
Phase 10 Depositing Routes | Checksum: 24b374457

Time (s): cpu = 00:05:44 ; elapsed = 00:02:59 . Memory (MB): peak = 4167.062 ; gain = 486.688

Phase 11 Post Process Routing
Phase 11 Post Process Routing | Checksum: 24b374457

Time (s): cpu = 00:05:44 ; elapsed = 00:02:59 . Memory (MB): peak = 4167.062 ; gain = 486.688

Phase 12 Post Router Timing
INFO: [Route 35-20] Post Routing Timing Summary | WNS=0.067  | TNS=0.000  | WHS=0.009  | THS=0.000  |

Phase 12 Post Router Timing | Checksum: 238941b2a

Time (s): cpu = 00:06:09 ; elapsed = 00:03:11 . Memory (MB): peak = 4308.336 ; gain = 627.961
INFO: [Route 35-61] The design met the timing requirement.
Total Elapsed time in route_design: 191.554 secs

Phase 13 Post-Route Event Processing
Phase 13 Post-Route Event Processing | Checksum: 144b9ac8f

Time (s): cpu = 00:06:10 ; elapsed = 00:03:12 . Memory (MB): peak = 4308.336 ; gain = 627.961
INFO: [Route 35-16] Router Completed Successfully
Ending Routing Task | Checksum: 144b9ac8f

Time (s): cpu = 00:06:11 ; elapsed = 00:03:13 . Memory (MB): peak = 4308.336 ; gain = 627.961

Routing Is Done.
INFO: [Common 17-83] Releasing license: Implementation
1127 Infos, 133 Warnings, 22 Critical Warnings and 0 Errors encountered.
route_design completed successfully
route_design: Time (s): cpu = 00:06:19 ; elapsed = 00:03:17 . Memory (MB): peak = 4308.336 ; gain = 627.961
INFO: [Vivado 12-24828] Executing command : report_drc -file system_wrapper_drc_routed.rpt -pb system_wrapper_drc_routed.pb -rpx system_wrapper_drc_routed.rpx
Command: report_drc -file system_wrapper_drc_routed.rpt -pb system_wrapper_drc_routed.pb -rpx system_wrapper_drc_routed.rpx
INFO: [IP_Flow 19-1839] IP Catalog is up to date.
INFO: [DRC 23-27] Running DRC with 2 threads
INFO: [Vivado_Tcl 2-168] The results of DRC are in file C:/Users/jielu/Desktop/Workspace/SpikeYOLO_FPGA/hw/vivado/out/spike_zybo.runs/impl_1/system_wrapper_drc_routed.rpt.
report_drc completed successfully
report_drc: Time (s): cpu = 00:00:19 ; elapsed = 00:00:08 . Memory (MB): peak = 4308.336 ; gain = 0.000
INFO: [Vivado 12-24828] Executing command : report_methodology -file system_wrapper_methodology_drc_routed.rpt -pb system_wrapper_methodology_drc_routed.pb -rpx system_wrapper_methodology_drc_routed.rpx
Command: report_methodology -file system_wrapper_methodology_drc_routed.rpt -pb system_wrapper_methodology_drc_routed.pb -rpx system_wrapper_methodology_drc_routed.rpx
INFO: [Timing 38-35] Done setting XDC timing constraints.
INFO: [DRC 23-133] Running Methodology with 2 threads
INFO: [Vivado_Tcl 2-1520] The results of Report Methodology are in file C:/Users/jielu/Desktop/Workspace/SpikeYOLO_FPGA/hw/vivado/out/spike_zybo.runs/impl_1/system_wrapper_methodology_drc_routed.rpt.
report_methodology completed successfully
report_drc: Time (s): cpu = 00:00:39 ; elapsed = 00:00:22 . Memory (MB): peak = 4308.336 ; gain = 0.000
INFO: [Vivado 12-24828] Executing command : report_timing_summary -max_paths 10 -report_unconstrained -file system_wrapper_timing_summary_routed.rpt -pb system_wrapper_timing_summary_routed.pb -rpx system_wrapper_timing_summary_routed.rpx -warn_on_violation 
INFO: [Timing 38-35] Done setting XDC timing constraints.
INFO: [Timing 38-91] UpdateTimingParams: Speed grade: -1, Delay Type: min_max.
INFO: [Timing 38-191] Multithreading enabled for timing update using a maximum of 2 CPUs
report_timing_summary: Time (s): cpu = 00:00:17 ; elapsed = 00:00:12 . Memory (MB): peak = 4308.336 ; gain = 0.000
INFO: [Vivado 12-24838] Running report commands "report_incremental_reuse, report_route_status" in parallel.
Running report generation with 2 threads.
INFO: [Vivado 12-24828] Executing command : report_incremental_reuse -file system_wrapper_incremental_reuse_routed.rpt
INFO: [Vivado_Tcl 4-1062] Incremental flow is disabled. No incremental reuse Info to report.
INFO: [Vivado 12-24828] Executing command : report_route_status -file system_wrapper_route_status.rpt -pb system_wrapper_route_status.pb
INFO: [Vivado 12-24828] Executing command : report_power -file system_wrapper_power_routed.rpt -pb system_wrapper_power_summary_routed.pb -rpx system_wrapper_power_routed.rpx
Command: report_power -file system_wrapper_power_routed.rpt -pb system_wrapper_power_summary_routed.pb -rpx system_wrapper_power_routed.rpx
Running Vector-less Activity Propagation...

Finished Running Vector-less Activity Propagation
WARNING: [Power 33-332] Found switching activity that implies high-fanout reset nets being asserted for excessive periods of time which may result in inaccurate power analysis.
Resolution: To review and fix problems, please run Power Constraints Advisor in the GUI from Tools > Power Constraints Advisor or run report_power with the -advisory option to generate a text report.
1144 Infos, 134 Warnings, 22 Critical Warnings and 0 Errors encountered.
report_power completed successfully
report_power: Time (s): cpu = 00:00:19 ; elapsed = 00:00:11 . Memory (MB): peak = 4308.336 ; gain = 0.000
INFO: [Vivado 12-24828] Executing command : report_clock_utilization -file system_wrapper_clock_utilization_routed.rpt
WARNING: [Device 21-9320] Failed to find the Oracle tile group with name 'HSR_BOUNDARY_TOP'. This is required for Clock regions and Virtual grid.
WARNING: [Device 21-2174] Failed to initialize Virtual grid.
INFO: [Vivado 12-24828] Executing command : report_bus_skew -warn_on_violation -file system_wrapper_bus_skew_routed.rpt -pb system_wrapper_bus_skew_routed.pb -rpx system_wrapper_bus_skew_routed.rpx
INFO: [Timing 38-91] UpdateTimingParams: Speed grade: -1, Delay Type: min_max.
INFO: [Timing 38-191] Multithreading enabled for timing update using a maximum of 2 CPUs
generate_parallel_reports: Time (s): cpu = 00:01:38 ; elapsed = 00:00:58 . Memory (MB): peak = 4308.336 ; gain = 0.000
INFO: [Timing 38-480] Writing timing data to binary archive.
Write ShapeDB Complete: Time (s): cpu = 00:00:01 ; elapsed = 00:00:00.231 . Memory (MB): peak = 4308.336 ; gain = 0.000
Wrote PlaceDB: Time (s): cpu = 00:00:13 ; elapsed = 00:00:05 . Memory (MB): peak = 4308.336 ; gain = 0.000
Wrote PulsedLatchDB: Time (s): cpu = 00:00:00 ; elapsed = 00:00:00 . Memory (MB): peak = 4308.336 ; gain = 0.000
Writing XDEF routing.
Writing XDEF routing logical nets.
Writing XDEF routing special nets.
Wrote RouteStorage: Time (s): cpu = 00:00:02 ; elapsed = 00:00:00.942 . Memory (MB): peak = 4308.336 ; gain = 0.000
Wrote Netlist Cache: Time (s): cpu = 00:00:00 ; elapsed = 00:00:00.134 . Memory (MB): peak = 4308.336 ; gain = 0.000
Wrote Device Cache: Time (s): cpu = 00:00:00 ; elapsed = 00:00:00.013 . Memory (MB): peak = 4308.336 ; gain = 0.000
Write Physdb Complete: Time (s): cpu = 00:00:15 ; elapsed = 00:00:07 . Memory (MB): peak = 4308.336 ; gain = 0.000
INFO: [Common 17-1381] The checkpoint 'C:/Users/jielu/Desktop/Workspace/SpikeYOLO_FPGA/hw/vivado/out/spike_zybo.runs/impl_1/system_wrapper_routed.dcp' has been generated.
write_checkpoint: Time (s): cpu = 00:00:19 ; elapsed = 00:00:10 . Memory (MB): peak = 4308.336 ; gain = 0.000
INFO: [Memdata 28-167] Found XPM memory block system_i/ic_data_hp1/inst/s01_nodes/s01_w_node/inst/inst_mi_handler/gen_normal_area.inst_fifo_node_payld/gen_xpm_memory_fifo.inst_fifo/gen_mem_rep[0].inst_xpm_memory/xpm_memory_base_inst with a P_MEMORY_PRIMITIVE property set to distributed. A value of block is required. You will not be able to use the updatemem program to update the bitstream with new data for the system_i/ic_data_hp1/inst/s01_nodes/s01_w_node/inst/inst_mi_handler/gen_normal_area.inst_fifo_node_payld/gen_xpm_memory_fifo.inst_fifo/gen_mem_rep[0].inst_xpm_memory/xpm_memory_base_inst block.
INFO: [Memdata 28-167] Found XPM memory block system_i/ic_data_hp1/inst/s01_nodes/s01_w_node/inst/inst_mi_handler/gen_normal_area.gen_fifo_req.inst_fifo_req/gen_xpm_memory_fifo.inst_fifo/gen_mem_rep[0].inst_xpm_memory/xpm_memory_base_inst with a P_MEMORY_PRIMITIVE property set to distributed. A value of block is required. You will not be able to use the updatemem program to update the bitstream with new data for the system_i/ic_data_hp1/inst/s01_nodes/s01_w_node/inst/inst_mi_handler/gen_normal_area.gen_fifo_req.inst_fifo_req/gen_xpm_memory_fifo.inst_fifo/gen_mem_rep[0].inst_xpm_memory/xpm_memory_base_inst block.
INFO: [Memdata 28-167] Found XPM memory block system_i/ic_data_hp1/inst/s01_nodes/s01_b_node/inst/inst_mi_handler/gen_normal_area.inst_fifo_node_payld/gen_xpm_memory_fifo.inst_fifo/gen_mem_rep[0].inst_xpm_memory/xpm_memory_base_inst with a P_MEMORY_PRIMITIVE property set to distributed. A value of block is required. You will not be able to use the updatemem program to update the bitstream with new data for the system_i/ic_data_hp1/inst/s01_nodes/s01_b_node/inst/inst_mi_handler/gen_normal_area.inst_fifo_node_payld/gen_xpm_memory_fifo.inst_fifo/gen_mem_rep[0].inst_xpm_memory/xpm_memory_base_inst block.
INFO: [Memdata 28-167] Found XPM memory block system_i/ic_data_hp1/inst/s01_nodes/s01_aw_node/inst/inst_mi_handler/gen_normal_area.inst_fifo_node_payld/gen_xpm_memory_fifo.inst_fifo/gen_mem_rep[0].inst_xpm_memory/xpm_memory_base_inst with a P_MEMORY_PRIMITIVE property set to distributed. A value of block is required. You will not be able to use the updatemem program to update the bitstream with new data for the system_i/ic_data_hp1/inst/s01_nodes/s01_aw_node/inst/inst_mi_handler/gen_normal_area.inst_fifo_node_payld/gen_xpm_memory_fifo.inst_fifo/gen_mem_rep[0].inst_xpm_memory/xpm_memory_base_inst block.
INFO: [Memdata 28-167] Found XPM memory block system_i/ic_data_hp1/inst/s00_nodes/s00_r_node/inst/inst_mi_handler/gen_normal_area.inst_fifo_node_payld/gen_xpm_memory_fifo.inst_fifo/gen_mem_rep[0].inst_xpm_memory/xpm_memory_base_inst with a P_MEMORY_PRIMITIVE property set to distributed. A value of block is required. You will not be able to use the updatemem program to update the bitstream with new data for the system_i/ic_data_hp1/inst/s00_nodes/s00_r_node/inst/inst_mi_handler/gen_normal_area.inst_fifo_node_payld/gen_xpm_memory_fifo.inst_fifo/gen_mem_rep[0].inst_xpm_memory/xpm_memory_base_inst block.
INFO: [Memdata 28-167] Found XPM memory block system_i/ic_data_hp1/inst/s00_nodes/s00_ar_node/inst/inst_mi_handler/gen_normal_area.inst_fifo_node_payld/gen_xpm_memory_fifo.inst_fifo/gen_mem_rep[0].inst_xpm_memory/xpm_memory_base_inst with a P_MEMORY_PRIMITIVE property set to distributed. A value of block is required. You will not be able to use the updatemem program to update the bitstream with new data for the system_i/ic_data_hp1/inst/s00_nodes/s00_ar_node/inst/inst_mi_handler/gen_normal_area.inst_fifo_node_payld/gen_xpm_memory_fifo.inst_fifo/gen_mem_rep[0].inst_xpm_memory/xpm_memory_base_inst block.
INFO: [Memdata 28-167] Found XPM memory block system_i/ic_data_hp1/inst/m00_nodes/m00_w_node/inst/inst_si_handler/gen_si_handler.gen_request_fifos.gen_req_fifo[1].inst_req_fifo/gen_xpm_memory_fifo.inst_fifo/gen_mem_rep[0].inst_xpm_memory/xpm_memory_base_inst with a P_MEMORY_PRIMITIVE property set to distributed. A value of block is required. You will not be able to use the updatemem program to update the bitstream with new data for the system_i/ic_data_hp1/inst/m00_nodes/m00_w_node/inst/inst_si_handler/gen_si_handler.gen_request_fifos.gen_req_fifo[1].inst_req_fifo/gen_xpm_memory_fifo.inst_fifo/gen_mem_rep[0].inst_xpm_memory/xpm_memory_base_inst block.
INFO: [Memdata 28-167] Found XPM memory block system_i/ic_data_hp1/inst/m00_nodes/m00_w_node/inst/inst_mi_handler/gen_normal_area.inst_fifo_node_payld/gen_xpm_memory_fifo.inst_fifo/gen_mem_rep[0].inst_xpm_memory/xpm_memory_base_inst with a P_MEMORY_PRIMITIVE property set to distributed. A value of block is required. You will not be able to use the updatemem program to update the bitstream with new data for the system_i/ic_data_hp1/inst/m00_nodes/m00_w_node/inst/inst_mi_handler/gen_normal_area.inst_fifo_node_payld/gen_xpm_memory_fifo.inst_fifo/gen_mem_rep[0].inst_xpm_memory/xpm_memory_base_inst block.
INFO: [Memdata 28-167] Found XPM memory block system_i/ic_data_hp1/inst/m00_nodes/m00_r_node/inst/inst_mi_handler/gen_normal_area.inst_fifo_node_payld/gen_xpm_memory_fifo.inst_fifo/gen_mem_rep[0].inst_xpm_memory/xpm_memory_base_inst with a P_MEMORY_PRIMITIVE property set to distributed. A value of block is required. You will not be able to use the updatemem program to update the bitstream with new data for the system_i/ic_data_hp1/inst/m00_nodes/m00_r_node/inst/inst_mi_handler/gen_normal_area.inst_fifo_node_payld/gen_xpm_memory_fifo.inst_fifo/gen_mem_rep[0].inst_xpm_memory/xpm_memory_base_inst block.
INFO: [Memdata 28-167] Found XPM memory block system_i/ic_data_hp1/inst/m00_nodes/m00_r_node/inst/inst_mi_handler/gen_normal_area.gen_fifo_req.inst_fifo_req/gen_xpm_memory_fifo.inst_fifo/gen_mem_rep[0].inst_xpm_memory/xpm_memory_base_inst with a P_MEMORY_PRIMITIVE property set to distributed. A value of block is required. You will not be able to use the updatemem program to update the bitstream with new data for the system_i/ic_data_hp1/inst/m00_nodes/m00_r_node/inst/inst_mi_handler/gen_normal_area.gen_fifo_req.inst_fifo_req/gen_xpm_memory_fifo.inst_fifo/gen_mem_rep[0].inst_xpm_memory/xpm_memory_base_inst block.
INFO: [Memdata 28-167] Found XPM memory block system_i/ic_data_hp1/inst/m00_nodes/m00_b_node/inst/inst_mi_handler/gen_normal_area.inst_fifo_node_payld/gen_xpm_memory_fifo.inst_fifo/gen_mem_rep[0].inst_xpm_memory/xpm_memory_base_inst with a P_MEMORY_PRIMITIVE property set to distributed. A value of block is required. You will not be able to use the updatemem program to update the bitstream with new data for the system_i/ic_data_hp1/inst/m00_nodes/m00_b_node/inst/inst_mi_handler/gen_normal_area.inst_fifo_node_payld/gen_xpm_memory_fifo.inst_fifo/gen_mem_rep[0].inst_xpm_memory/xpm_memory_base_inst block.
INFO: [Memdata 28-167] Found XPM memory block system_i/ic_data_hp1/inst/m00_nodes/m00_b_node/inst/inst_mi_handler/gen_normal_area.gen_fifo_req.inst_fifo_req/gen_xpm_memory_fifo.inst_fifo/gen_mem_rep[0].inst_xpm_memory/xpm_memory_base_inst with a P_MEMORY_PRIMITIVE property set to distributed. A value of block is required. You will not be able to use the updatemem program to update the bitstream with new data for the system_i/ic_data_hp1/inst/m00_nodes/m00_b_node/inst/inst_mi_handler/gen_normal_area.gen_fifo_req.inst_fifo_req/gen_xpm_memory_fifo.inst_fifo/gen_mem_rep[0].inst_xpm_memory/xpm_memory_base_inst block.
INFO: [Memdata 28-167] Found XPM memory block system_i/ic_data_hp1/inst/m00_nodes/m00_aw_node/inst/inst_mi_handler/gen_normal_area.inst_fifo_node_payld/gen_xpm_memory_fifo.inst_fifo/gen_mem_rep[0].inst_xpm_memory/xpm_memory_base_inst with a P_MEMORY_PRIMITIVE property set to distributed. A value of block is required. You will not be able to use the updatemem program to update the bitstream with new data for the system_i/ic_data_hp1/inst/m00_nodes/m00_aw_node/inst/inst_mi_handler/gen_normal_area.inst_fifo_node_payld/gen_xpm_memory_fifo.inst_fifo/gen_mem_rep[0].inst_xpm_memory/xpm_memory_base_inst block.
INFO: [Memdata 28-167] Found XPM memory block system_i/ic_data_hp1/inst/m00_nodes/m00_ar_node/inst/inst_mi_handler/gen_normal_area.inst_fifo_node_payld/gen_xpm_memory_fifo.inst_fifo/gen_mem_rep[0].inst_xpm_memory/xpm_memory_base_inst with a P_MEMORY_PRIMITIVE property set to distributed. A value of block is required. You will not be able to use the updatemem program to update the bitstream with new data for the system_i/ic_data_hp1/inst/m00_nodes/m00_ar_node/inst/inst_mi_handler/gen_normal_area.inst_fifo_node_payld/gen_xpm_memory_fifo.inst_fifo/gen_mem_rep[0].inst_xpm_memory/xpm_memory_base_inst block.
INFO: [Memdata 28-167] Found XPM memory block system_i/ic_data_hp0/inst/s04_nodes/s04_w_node/inst/inst_mi_handler/gen_normal_area.inst_fifo_node_payld/gen_xpm_memory_fifo.inst_fifo/gen_mem_rep[0].inst_xpm_memory/xpm_memory_base_inst with a P_MEMORY_PRIMITIVE property set to distributed. A value of block is required. You will not be able to use the updatemem program to update the bitstream with new data for the system_i/ic_data_hp0/inst/s04_nodes/s04_w_node/inst/inst_mi_handler/gen_normal_area.inst_fifo_node_payld/gen_xpm_memory_fifo.inst_fifo/gen_mem_rep[0].inst_xpm_memory/xpm_memory_base_inst block.
INFO: [Memdata 28-167] Found XPM memory block system_i/ic_data_hp0/inst/s04_nodes/s04_w_node/inst/inst_mi_handler/gen_normal_area.gen_fifo_req.inst_fifo_req/gen_xpm_memory_fifo.inst_fifo/gen_mem_rep[0].inst_xpm_memory/xpm_memory_base_inst with a P_MEMORY_PRIMITIVE property set to distributed. A value of block is required. You will not be able to use the updatemem program to update the bitstream with new data for the system_i/ic_data_hp0/inst/s04_nodes/s04_w_node/inst/inst_mi_handler/gen_normal_area.gen_fifo_req.inst_fifo_req/gen_xpm_memory_fifo.inst_fifo/gen_mem_rep[0].inst_xpm_memory/xpm_memory_base_inst block.
INFO: [Memdata 28-167] Found XPM memory block system_i/ic_data_hp0/inst/s04_nodes/s04_r_node/inst/inst_mi_handler/gen_normal_area.inst_fifo_node_payld/gen_xpm_memory_fifo.inst_fifo/gen_mem_rep[0].inst_xpm_memory/xpm_memory_base_inst with a P_MEMORY_PRIMITIVE property set to distributed. A value of block is required. You will not be able to use the updatemem program to update the bitstream with new data for the system_i/ic_data_hp0/inst/s04_nodes/s04_r_node/inst/inst_mi_handler/gen_normal_area.inst_fifo_node_payld/gen_xpm_memory_fifo.inst_fifo/gen_mem_rep[0].inst_xpm_memory/xpm_memory_base_inst block.
INFO: [Memdata 28-167] Found XPM memory block system_i/ic_data_hp0/inst/s04_nodes/s04_aw_node/inst/inst_mi_handler/gen_normal_area.inst_fifo_node_payld/gen_xpm_memory_fifo.inst_fifo/gen_mem_rep[0].inst_xpm_memory/xpm_memory_base_inst with a P_MEMORY_PRIMITIVE property set to distributed. A value of block is required. You will not be able to use the updatemem program to update the bitstream with new data for the system_i/ic_data_hp0/inst/s04_nodes/s04_aw_node/inst/inst_mi_handler/gen_normal_area.inst_fifo_node_payld/gen_xpm_memory_fifo.inst_fifo/gen_mem_rep[0].inst_xpm_memory/xpm_memory_base_inst block.
INFO: [Memdata 28-167] Found XPM memory block system_i/ic_data_hp0/inst/s04_nodes/s04_ar_node/inst/inst_mi_handler/gen_normal_area.inst_fifo_node_payld/gen_xpm_memory_fifo.inst_fifo/gen_mem_rep[0].inst_xpm_memory/xpm_memory_base_inst with a P_MEMORY_PRIMITIVE property set to distributed. A value of block is required. You will not be able to use the updatemem program to update the bitstream with new data for the system_i/ic_data_hp0/inst/s04_nodes/s04_ar_node/inst/inst_mi_handler/gen_normal_area.inst_fifo_node_payld/gen_xpm_memory_fifo.inst_fifo/gen_mem_rep[0].inst_xpm_memory/xpm_memory_base_inst block.
INFO: [Memdata 28-167] Found XPM memory block system_i/ic_data_hp0/inst/s03_nodes/s03_w_node/inst/inst_mi_handler/gen_normal_area.inst_fifo_node_payld/gen_xpm_memory_fifo.inst_fifo/gen_mem_rep[0].inst_xpm_memory/xpm_memory_base_inst with a P_MEMORY_PRIMITIVE property set to distributed. A value of block is required. You will not be able to use the updatemem program to update the bitstream with new data for the system_i/ic_data_hp0/inst/s03_nodes/s03_w_node/inst/inst_mi_handler/gen_normal_area.inst_fifo_node_payld/gen_xpm_memory_fifo.inst_fifo/gen_mem_rep[0].inst_xpm_memory/xpm_memory_base_inst block.
INFO: [Memdata 28-167] Found XPM memory block system_i/ic_data_hp0/inst/s03_nodes/s03_w_node/inst/inst_mi_handler/gen_normal_area.gen_fifo_req.inst_fifo_req/gen_xpm_memory_fifo.inst_fifo/gen_mem_rep[0].inst_xpm_memory/xpm_memory_base_inst with a P_MEMORY_PRIMITIVE property set to distributed. A value of block is required. You will not be able to use the updatemem program to update the bitstream with new data for the system_i/ic_data_hp0/inst/s03_nodes/s03_w_node/inst/inst_mi_handler/gen_normal_area.gen_fifo_req.inst_fifo_req/gen_xpm_memory_fifo.inst_fifo/gen_mem_rep[0].inst_xpm_memory/xpm_memory_base_inst block.
INFO: [Memdata 28-167] Found XPM memory block system_i/ic_data_hp0/inst/s03_nodes/s03_r_node/inst/inst_mi_handler/gen_normal_area.inst_fifo_node_payld/gen_xpm_memory_fifo.inst_fifo/gen_mem_rep[0].inst_xpm_memory/xpm_memory_base_inst with a P_MEMORY_PRIMITIVE property set to distributed. A value of block is required. You will not be able to use the updatemem program to update the bitstream with new data for the system_i/ic_data_hp0/inst/s03_nodes/s03_r_node/inst/inst_mi_handler/gen_normal_area.inst_fifo_node_payld/gen_xpm_memory_fifo.inst_fifo/gen_mem_rep[0].inst_xpm_memory/xpm_memory_base_inst block.
INFO: [Memdata 28-167] Found XPM memory block system_i/ic_data_hp0/inst/s03_nodes/s03_aw_node/inst/inst_mi_handler/gen_normal_area.inst_fifo_node_payld/gen_xpm_memory_fifo.inst_fifo/gen_mem_rep[0].inst_xpm_memory/xpm_memory_base_inst with a P_MEMORY_PRIMITIVE property set to distributed. A value of block is required. You will not be able to use the updatemem program to update the bitstream with new data for the system_i/ic_data_hp0/inst/s03_nodes/s03_aw_node/inst/inst_mi_handler/gen_normal_area.inst_fifo_node_payld/gen_xpm_memory_fifo.inst_fifo/gen_mem_rep[0].inst_xpm_memory/xpm_memory_base_inst block.
INFO: [Memdata 28-167] Found XPM memory block system_i/ic_data_hp0/inst/s03_nodes/s03_ar_node/inst/inst_mi_handler/gen_normal_area.inst_fifo_node_payld/gen_xpm_memory_fifo.inst_fifo/gen_mem_rep[0].inst_xpm_memory/xpm_memory_base_inst with a P_MEMORY_PRIMITIVE property set to distributed. A value of block is required. You will not be able to use the updatemem program to update the bitstream with new data for the system_i/ic_data_hp0/inst/s03_nodes/s03_ar_node/inst/inst_mi_handler/gen_normal_area.inst_fifo_node_payld/gen_xpm_memory_fifo.inst_fifo/gen_mem_rep[0].inst_xpm_memory/xpm_memory_base_inst block.
INFO: [Memdata 28-167] Found XPM memory block system_i/ic_data_hp0/inst/s02_nodes/s02_r_node/inst/inst_mi_handler/gen_normal_area.inst_fifo_node_payld/gen_xpm_memory_fifo.inst_fifo/gen_mem_rep[0].inst_xpm_memory/xpm_memory_base_inst with a P_MEMORY_PRIMITIVE property set to distributed. A value of block is required. You will not be able to use the updatemem program to update the bitstream with new data for the system_i/ic_data_hp0/inst/s02_nodes/s02_r_node/inst/inst_mi_handler/gen_normal_area.inst_fifo_node_payld/gen_xpm_memory_fifo.inst_fifo/gen_mem_rep[0].inst_xpm_memory/xpm_memory_base_inst block.
INFO: [Memdata 28-167] Found XPM memory block system_i/ic_data_hp0/inst/s02_nodes/s02_ar_node/inst/inst_mi_handler/gen_normal_area.inst_fifo_node_payld/gen_xpm_memory_fifo.inst_fifo/gen_mem_rep[0].inst_xpm_memory/xpm_memory_base_inst with a P_MEMORY_PRIMITIVE property set to distributed. A value of block is required. You will not be able to use the updatemem program to update the bitstream with new data for the system_i/ic_data_hp0/inst/s02_nodes/s02_ar_node/inst/inst_mi_handler/gen_normal_area.inst_fifo_node_payld/gen_xpm_memory_fifo.inst_fifo/gen_mem_rep[0].inst_xpm_memory/xpm_memory_base_inst block.
INFO: [Memdata 28-167] Found XPM memory block system_i/ic_data_hp0/inst/s01_nodes/s01_w_node/inst/inst_mi_handler/gen_normal_area.inst_fifo_node_payld/gen_xpm_memory_fifo.inst_fifo/gen_mem_rep[0].inst_xpm_memory/xpm_memory_base_inst with a P_MEMORY_PRIMITIVE property set to distributed. A value of block is required. You will not be able to use the updatemem program to update the bitstream with new data for the system_i/ic_data_hp0/inst/s01_nodes/s01_w_node/inst/inst_mi_handler/gen_normal_area.inst_fifo_node_payld/gen_xpm_memory_fifo.inst_fifo/gen_mem_rep[0].inst_xpm_memory/xpm_memory_base_inst block.
INFO: [Memdata 28-167] Found XPM memory block system_i/ic_data_hp0/inst/s01_nodes/s01_w_node/inst/inst_mi_handler/gen_normal_area.gen_fifo_req.inst_fifo_req/gen_xpm_memory_fifo.inst_fifo/gen_mem_rep[0].inst_xpm_memory/xpm_memory_base_inst with a P_MEMORY_PRIMITIVE property set to distributed. A value of block is required. You will not be able to use the updatemem program to update the bitstream with new data for the system_i/ic_data_hp0/inst/s01_nodes/s01_w_node/inst/inst_mi_handler/gen_normal_area.gen_fifo_req.inst_fifo_req/gen_xpm_memory_fifo.inst_fifo/gen_mem_rep[0].inst_xpm_memory/xpm_memory_base_inst block.
INFO: [Memdata 28-167] Found XPM memory block system_i/ic_data_hp0/inst/s01_nodes/s01_aw_node/inst/inst_mi_handler/gen_normal_area.inst_fifo_node_payld/gen_xpm_memory_fifo.inst_fifo/gen_mem_rep[0].inst_xpm_memory/xpm_memory_base_inst with a P_MEMORY_PRIMITIVE property set to distributed. A value of block is required. You will not be able to use the updatemem program to update the bitstream with new data for the system_i/ic_data_hp0/inst/s01_nodes/s01_aw_node/inst/inst_mi_handler/gen_normal_area.inst_fifo_node_payld/gen_xpm_memory_fifo.inst_fifo/gen_mem_rep[0].inst_xpm_memory/xpm_memory_base_inst block.
INFO: [Memdata 28-167] Found XPM memory block system_i/ic_data_hp0/inst/s00_nodes/s00_r_node/inst/inst_mi_handler/gen_normal_area.inst_fifo_node_payld/gen_xpm_memory_fifo.inst_fifo/gen_mem_rep[0].inst_xpm_memory/xpm_memory_base_inst with a P_MEMORY_PRIMITIVE property set to distributed. A value of block is required. You will not be able to use the updatemem program to update the bitstream with new data for the system_i/ic_data_hp0/inst/s00_nodes/s00_r_node/inst/inst_mi_handler/gen_normal_area.inst_fifo_node_payld/gen_xpm_memory_fifo.inst_fifo/gen_mem_rep[0].inst_xpm_memory/xpm_memory_base_inst block.
INFO: [Memdata 28-167] Found XPM memory block system_i/ic_data_hp0/inst/s00_nodes/s00_ar_node/inst/inst_mi_handler/gen_normal_area.inst_fifo_node_payld/gen_xpm_memory_fifo.inst_fifo/gen_mem_rep[0].inst_xpm_memory/xpm_memory_base_inst with a P_MEMORY_PRIMITIVE property set to distributed. A value of block is required. You will not be able to use the updatemem program to update the bitstream with new data for the system_i/ic_data_hp0/inst/s00_nodes/s00_ar_node/inst/inst_mi_handler/gen_normal_area.inst_fifo_node_payld/gen_xpm_memory_fifo.inst_fifo/gen_mem_rep[0].inst_xpm_memory/xpm_memory_base_inst block.
INFO: [Memdata 28-167] Found XPM memory block system_i/ic_data_hp0/inst/m00_nodes/m00_w_node/inst/inst_si_handler/gen_si_handler.gen_request_fifos.gen_req_fifo[4].inst_req_fifo/gen_xpm_memory_fifo.inst_fifo/gen_mem_rep[0].inst_xpm_memory/xpm_memory_base_inst with a P_MEMORY_PRIMITIVE property set to distributed. A value of block is required. You will not be able to use the updatemem program to update the bitstream with new data for the system_i/ic_data_hp0/inst/m00_nodes/m00_w_node/inst/inst_si_handler/gen_si_handler.gen_request_fifos.gen_req_fifo[4].inst_req_fifo/gen_xpm_memory_fifo.inst_fifo/gen_mem_rep[0].inst_xpm_memory/xpm_memory_base_inst block.
INFO: [Memdata 28-167] Found XPM memory block system_i/ic_data_hp0/inst/m00_nodes/m00_w_node/inst/inst_si_handler/gen_si_handler.gen_request_fifos.gen_req_fifo[3].inst_req_fifo/gen_xpm_memory_fifo.inst_fifo/gen_mem_rep[0].inst_xpm_memory/xpm_memory_base_inst with a P_MEMORY_PRIMITIVE property set to distributed. A value of block is required. You will not be able to use the updatemem program to update the bitstream with new data for the system_i/ic_data_hp0/inst/m00_nodes/m00_w_node/inst/inst_si_handler/gen_si_handler.gen_request_fifos.gen_req_fifo[3].inst_req_fifo/gen_xpm_memory_fifo.inst_fifo/gen_mem_rep[0].inst_xpm_memory/xpm_memory_base_inst block.
INFO: [Memdata 28-167] Found XPM memory block system_i/ic_data_hp0/inst/m00_nodes/m00_w_node/inst/inst_si_handler/gen_si_handler.gen_request_fifos.gen_req_fifo[1].inst_req_fifo/gen_xpm_memory_fifo.inst_fifo/gen_mem_rep[0].inst_xpm_memory/xpm_memory_base_inst with a P_MEMORY_PRIMITIVE property set to distributed. A value of block is required. You will not be able to use the updatemem program to update the bitstream with new data for the system_i/ic_data_hp0/inst/m00_nodes/m00_w_node/inst/inst_si_handler/gen_si_handler.gen_request_fifos.gen_req_fifo[1].inst_req_fifo/gen_xpm_memory_fifo.inst_fifo/gen_mem_rep[0].inst_xpm_memory/xpm_memory_base_inst block.
INFO: [Memdata 28-167] Found XPM memory block system_i/ic_data_hp0/inst/m00_nodes/m00_w_node/inst/inst_mi_handler/gen_normal_area.inst_fifo_node_payld/gen_xpm_memory_fifo.inst_fifo/gen_mem_rep[0].inst_xpm_memory/xpm_memory_base_inst with a P_MEMORY_PRIMITIVE property set to distributed. A value of block is required. You will not be able to use the updatemem program to update the bitstream with new data for the system_i/ic_data_hp0/inst/m00_nodes/m00_w_node/inst/inst_mi_handler/gen_normal_area.inst_fifo_node_payld/gen_xpm_memory_fifo.inst_fifo/gen_mem_rep[0].inst_xpm_memory/xpm_memory_base_inst block.
INFO: [Memdata 28-167] Found XPM memory block system_i/ic_data_hp0/inst/m00_nodes/m00_r_node/inst/inst_mi_handler/gen_normal_area.inst_fifo_node_payld/gen_xpm_memory_fifo.inst_fifo/gen_mem_rep[0].inst_xpm_memory/xpm_memory_base_inst with a P_MEMORY_PRIMITIVE property set to distributed. A value of block is required. You will not be able to use the updatemem program to update the bitstream with new data for the system_i/ic_data_hp0/inst/m00_nodes/m00_r_node/inst/inst_mi_handler/gen_normal_area.inst_fifo_node_payld/gen_xpm_memory_fifo.inst_fifo/gen_mem_rep[0].inst_xpm_memory/xpm_memory_base_inst block.
INFO: [Memdata 28-167] Found XPM memory block system_i/ic_data_hp0/inst/m00_nodes/m00_r_node/inst/inst_mi_handler/gen_normal_area.gen_fifo_req.inst_fifo_req/gen_xpm_memory_fifo.inst_fifo/gen_mem_rep[0].inst_xpm_memory/xpm_memory_base_inst with a P_MEMORY_PRIMITIVE property set to distributed. A value of block is required. You will not be able to use the updatemem program to update the bitstream with new data for the system_i/ic_data_hp0/inst/m00_nodes/m00_r_node/inst/inst_mi_handler/gen_normal_area.gen_fifo_req.inst_fifo_req/gen_xpm_memory_fifo.inst_fifo/gen_mem_rep[0].inst_xpm_memory/xpm_memory_base_inst block.
INFO: [Memdata 28-167] Found XPM memory block system_i/ic_data_hp0/inst/m00_nodes/m00_b_node/inst/inst_mi_handler/gen_normal_area.gen_fifo_req.inst_fifo_req/gen_xpm_memory_fifo.inst_fifo/gen_mem_rep[0].inst_xpm_memory/xpm_memory_base_inst with a P_MEMORY_PRIMITIVE property set to distributed. A value of block is required. You will not be able to use the updatemem program to update the bitstream with new data for the system_i/ic_data_hp0/inst/m00_nodes/m00_b_node/inst/inst_mi_handler/gen_normal_area.gen_fifo_req.inst_fifo_req/gen_xpm_memory_fifo.inst_fifo/gen_mem_rep[0].inst_xpm_memory/xpm_memory_base_inst block.
INFO: [Memdata 28-167] Found XPM memory block system_i/ic_data_hp0/inst/m00_nodes/m00_aw_node/inst/inst_mi_handler/gen_normal_area.inst_fifo_node_payld/gen_xpm_memory_fifo.inst_fifo/gen_mem_rep[0].inst_xpm_memory/xpm_memory_base_inst with a P_MEMORY_PRIMITIVE property set to distributed. A value of block is required. You will not be able to use the updatemem program to update the bitstream with new data for the system_i/ic_data_hp0/inst/m00_nodes/m00_aw_node/inst/inst_mi_handler/gen_normal_area.inst_fifo_node_payld/gen_xpm_memory_fifo.inst_fifo/gen_mem_rep[0].inst_xpm_memory/xpm_memory_base_inst block.
INFO: [Memdata 28-167] Found XPM memory block system_i/ic_data_hp0/inst/m00_nodes/m00_ar_node/inst/inst_mi_handler/gen_normal_area.inst_fifo_node_payld/gen_xpm_memory_fifo.inst_fifo/gen_mem_rep[0].inst_xpm_memory/xpm_memory_base_inst with a P_MEMORY_PRIMITIVE property set to distributed. A value of block is required. You will not be able to use the updatemem program to update the bitstream with new data for the system_i/ic_data_hp0/inst/m00_nodes/m00_ar_node/inst/inst_mi_handler/gen_normal_area.inst_fifo_node_payld/gen_xpm_memory_fifo.inst_fifo/gen_mem_rep[0].inst_xpm_memory/xpm_memory_base_inst block.
INFO: [Memdata 28-167] Found XPM memory block system_i/axi_dma_feat/U0/I_PRMRY_DATAMOVER/GEN_S2MM_FULL.I_S2MM_FULL_WRAPPER/GEN_ENABLE_INDET_BTT_SF.I_INDET_BTT/I_XD_FIFO/NON_BLK_MEM.I_SYNC_FIFOGEN_FIFO/xpm_fifo_instance.xpm_fifo_sync_inst/xpm_fifo_base_inst/gen_sdpram.xpm_memory_base_inst with a P_MEMORY_PRIMITIVE property set to auto. A value of block is required. You will not be able to use the updatemem program to update the bitstream with new data for the system_i/axi_dma_feat/U0/I_PRMRY_DATAMOVER/GEN_S2MM_FULL.I_S2MM_FULL_WRAPPER/GEN_ENABLE_INDET_BTT_SF.I_INDET_BTT/I_XD_FIFO/NON_BLK_MEM.I_SYNC_FIFOGEN_FIFO/xpm_fifo_instance.xpm_fifo_sync_inst/xpm_fifo_base_inst/gen_sdpram.xpm_memory_base_inst block.
INFO: [Memdata 28-208] The XPM instance: <system_i/axi_dma_feat/U0/I_PRMRY_DATAMOVER/GEN_S2MM_FULL.I_S2MM_FULL_WRAPPER/GEN_ENABLE_INDET_BTT_SF.I_INDET_BTT/I_DATA_FIFO/BLK_MEM.I_SYNC_FIFOGEN_FIFO/xpm_fifo_instance.xpm_fifo_sync_inst/xpm_fifo_base_inst/gen_sdpram.xpm_memory_base_inst> is part of IP: <system_i/axi_dma_feat>. This XPM instance will be excluded from the .mmi because updatemem is prohibited from making changes to an XPM that is part of an IP.
INFO: [Memdata 28-208] The XPM instance: <system_i/axi_dma_feat/U0/I_PRMRY_DATAMOVER/GEN_MM2S_FULL.I_MM2S_FULL_WRAPPER/GEN_INCLUDE_MM2S_SF.I_RD_SF/I_DATA_FIFO/BLK_MEM.I_SYNC_FIFOGEN_FIFO/xpm_fifo_instance.xpm_fifo_sync_inst/xpm_fifo_base_inst/gen_sdpram.xpm_memory_base_inst> is part of IP: <system_i/axi_dma_feat>. This XPM instance will be excluded from the .mmi because updatemem is prohibited from making changes to an XPM that is part of an IP.
Command: write_bitstream -force system_wrapper.bit
Attempting to get a license for feature 'Implementation' and/or device 'xc7z020'
INFO: [Common 17-349] Got license for feature 'Implementation' and/or device 'xc7z020'
Running DRC as a precondition to command write_bitstream
INFO: [IP_Flow 19-1839] IP Catalog is up to date.
INFO: [DRC 23-27] Running DRC with 2 threads
WARNING: [DRC DPIP-1] Input pipelining: DSP system_i/spike_accel_0/inst/grp_sa_conv2d_bn_40_71_118_240_333_426_535_1_fu_721/bound_reg_710_reg input system_i/spike_accel_0/inst/grp_sa_conv2d_bn_40_71_118_240_333_426_535_1_fu_721/bound_reg_710_reg/A[29:0] is not pipelined. Pipelining DSP48 input will improve performance.
WARNING: [DRC DPIP-1] Input pipelining: DSP system_i/spike_accel_0/inst/grp_sa_conv2d_bn_40_71_118_240_333_426_535_1_fu_721/grp_sa_conv2d_int_43_74_429_536_1_fu_1003/mul_9ns_14ns_23_1_1_U60/tmp_product input system_i/spike_accel_0/inst/grp_sa_conv2d_bn_40_71_118_240_333_426_535_1_fu_721/grp_sa_conv2d_int_43_74_429_536_1_fu_1003/mul_9ns_14ns_23_1_1_U60/tmp_product/A[29:0] is not pipelined. Pipelining DSP48 input will improve performance.
WARNING: [DRC DPIP-1] Input pipelining: DSP system_i/spike_accel_0/inst/grp_sa_conv2d_bn_40_71_118_240_333_426_535_1_fu_721/grp_sa_conv2d_int_43_74_429_536_1_fu_1003/mul_ln80_reg_1859_reg input system_i/spike_accel_0/inst/grp_sa_conv2d_bn_40_71_118_240_333_426_535_1_fu_721/grp_sa_conv2d_int_43_74_429_536_1_fu_1003/mul_ln80_reg_1859_reg/A[29:0] is not pipelined. Pipelining DSP48 input will improve performance.
WARNING: [DRC DPIP-1] Input pipelining: DSP system_i/spike_accel_0/inst/grp_sa_conv2d_bn_40_71_118_240_333_426_535_1_fu_721/mul_ln95_reg_716_reg input system_i/spike_accel_0/inst/grp_sa_conv2d_bn_40_71_118_240_333_426_535_1_fu_721/mul_ln95_reg_716_reg/A[29:0] is not pipelined. Pipelining DSP48 input will improve performance.
WARNING: [DRC DPIP-1] Input pipelining: DSP system_i/spike_accel_0/inst/grp_sa_conv2d_bn_40_71_118_240_333_426_535_1_fu_721/mul_ln95_reg_716_reg input system_i/spike_accel_0/inst/grp_sa_conv2d_bn_40_71_118_240_333_426_535_1_fu_721/mul_ln95_reg_716_reg/B[17:0] is not pipelined. Pipelining DSP48 input will improve performance.
WARNING: [DRC DPIP-1] Input pipelining: DSP system_i/spike_accel_0/inst/grp_sa_ms_all_conv_block_185_1_fu_481/grp_sa_ms_standard_conv_inplace_1_fu_570/grp_sa_conv2d_bn_40_71_118_240_333_426_535_1_fu_197/bound_reg_710_reg input system_i/spike_accel_0/inst/grp_sa_ms_all_conv_block_185_1_fu_481/grp_sa_ms_standard_conv_inplace_1_fu_570/grp_sa_conv2d_bn_40_71_118_240_333_426_535_1_fu_197/bound_reg_710_reg/A[29:0] is not pipelined. Pipelining DSP48 input will improve performance.
WARNING: [DRC DPIP-1] Input pipelining: DSP system_i/spike_accel_0/inst/grp_sa_ms_all_conv_block_185_1_fu_481/grp_sa_ms_standard_conv_inplace_1_fu_570/grp_sa_conv2d_bn_40_71_118_240_333_426_535_1_fu_197/bound_reg_710_reg input system_i/spike_accel_0/inst/grp_sa_ms_all_conv_block_185_1_fu_481/grp_sa_ms_standard_conv_inplace_1_fu_570/grp_sa_conv2d_bn_40_71_118_240_333_426_535_1_fu_197/bound_reg_710_reg/B[17:0] is not pipelined. Pipelining DSP48 input will improve performance.
WARNING: [DRC DPIP-1] Input pipelining: DSP system_i/spike_accel_0/inst/grp_sa_ms_all_conv_block_185_1_fu_481/grp_sa_ms_standard_conv_inplace_1_fu_570/grp_sa_conv2d_bn_40_71_118_240_333_426_535_1_fu_197/grp_sa_conv2d_int_43_74_429_536_1_fu_1003/mul_9ns_14ns_23_1_1_U60/tmp_product input system_i/spike_accel_0/inst/grp_sa_ms_all_conv_block_185_1_fu_481/grp_sa_ms_standard_conv_inplace_1_fu_570/grp_sa_conv2d_bn_40_71_118_240_333_426_535_1_fu_197/grp_sa_conv2d_int_43_74_429_536_1_fu_1003/mul_9ns_14ns_23_1_1_U60/tmp_product/A[29:0] is not pipelined. Pipelining DSP48 input will improve performance.
WARNING: [DRC DPIP-1] Input pipelining: DSP system_i/spike_accel_0/inst/grp_sa_ms_all_conv_block_185_1_fu_481/grp_sa_ms_standard_conv_inplace_1_fu_570/grp_sa_conv2d_bn_40_71_118_240_333_426_535_1_fu_197/grp_sa_conv2d_int_43_74_429_536_1_fu_1003/mul_9ns_14ns_23_1_1_U60/tmp_product input system_i/spike_accel_0/inst/grp_sa_ms_all_conv_block_185_1_fu_481/grp_sa_ms_standard_conv_inplace_1_fu_570/grp_sa_conv2d_bn_40_71_118_240_333_426_535_1_fu_197/grp_sa_conv2d_int_43_74_429_536_1_fu_1003/mul_9ns_14ns_23_1_1_U60/tmp_product/B[17:0] is not pipelined. Pipelining DSP48 input will improve performance.
WARNING: [DRC DPIP-1] Input pipelining: DSP system_i/spike_accel_0/inst/grp_sa_ms_all_conv_block_185_1_fu_481/grp_sa_ms_standard_conv_inplace_1_fu_570/grp_sa_conv2d_bn_40_71_118_240_333_426_535_1_fu_197/grp_sa_conv2d_int_43_74_429_536_1_fu_1003/mul_ln80_reg_1859_reg input system_i/spike_accel_0/inst/grp_sa_ms_all_conv_block_185_1_fu_481/grp_sa_ms_standard_conv_inplace_1_fu_570/grp_sa_conv2d_bn_40_71_118_240_333_426_535_1_fu_197/grp_sa_conv2d_int_43_74_429_536_1_fu_1003/mul_ln80_reg_1859_reg/A[29:0] is not pipelined. Pipelining DSP48 input will improve performance.
WARNING: [DRC DPIP-1] Input pipelining: DSP system_i/spike_accel_0/inst/grp_sa_ms_all_conv_block_185_1_fu_481/grp_sa_ms_standard_conv_inplace_1_fu_570/grp_sa_conv2d_bn_40_71_118_240_333_426_535_1_fu_197/grp_sa_conv2d_int_43_74_429_536_1_fu_1003/tmp2_reg_1798_reg input system_i/spike_accel_0/inst/grp_sa_ms_all_conv_block_185_1_fu_481/grp_sa_ms_standard_conv_inplace_1_fu_570/grp_sa_conv2d_bn_40_71_118_240_333_426_535_1_fu_197/grp_sa_conv2d_int_43_74_429_536_1_fu_1003/tmp2_reg_1798_reg/A[29:0] is not pipelined. Pipelining DSP48 input will improve performance.
WARNING: [DRC DPIP-1] Input pipelining: DSP system_i/spike_accel_0/inst/grp_sa_ms_all_conv_block_185_1_fu_481/grp_sa_ms_standard_conv_inplace_1_fu_570/grp_sa_conv2d_bn_40_71_118_240_333_426_535_1_fu_197/mul_ln95_reg_716_reg input system_i/spike_accel_0/inst/grp_sa_ms_all_conv_block_185_1_fu_481/grp_sa_ms_standard_conv_inplace_1_fu_570/grp_sa_conv2d_bn_40_71_118_240_333_426_535_1_fu_197/mul_ln95_reg_716_reg/A[29:0] is not pipelined. Pipelining DSP48 input will improve performance.
WARNING: [DRC DPIP-1] Input pipelining: DSP system_i/spike_accel_0/inst/grp_sa_ms_all_conv_block_185_1_fu_481/grp_sa_ms_standard_conv_inplace_1_fu_570/grp_sa_conv2d_bn_40_71_118_240_333_426_535_1_fu_197/mul_ln95_reg_716_reg input system_i/spike_accel_0/inst/grp_sa_ms_all_conv_block_185_1_fu_481/grp_sa_ms_standard_conv_inplace_1_fu_570/grp_sa_conv2d_bn_40_71_118_240_333_426_535_1_fu_197/mul_ln95_reg_716_reg/B[17:0] is not pipelined. Pipelining DSP48 input will improve performance.
WARNING: [DRC DPIP-1] Input pipelining: DSP system_i/spike_accel_0/inst/grp_sa_ms_all_conv_block_185_1_fu_481/grp_sa_ms_standard_conv_inplace_1_fu_570/grp_sa_ms_standard_conv_inplace_1_Pipeline_VITIS_LOOP_36_1_VITIS_LOOP_37_2_fu_172/mul10_i_reg_1031_reg input system_i/spike_accel_0/inst/grp_sa_ms_all_conv_block_185_1_fu_481/grp_sa_ms_standard_conv_inplace_1_fu_570/grp_sa_ms_standard_conv_inplace_1_Pipeline_VITIS_LOOP_36_1_VITIS_LOOP_37_2_fu_172/mul10_i_reg_1031_reg/A[29:0] is not pipelined. Pipelining DSP48 input will improve performance.
WARNING: [DRC DPIP-1] Input pipelining: DSP system_i/spike_accel_0/inst/grp_sa_ms_all_conv_block_185_1_fu_481/grp_sa_ms_standard_conv_inplace_1_fu_570/mul_7ns_7ns_14_1_1_U224/tmp_product input system_i/spike_accel_0/inst/grp_sa_ms_all_conv_block_185_1_fu_481/grp_sa_ms_standard_conv_inplace_1_fu_570/mul_7ns_7ns_14_1_1_U224/tmp_product/A[29:0] is not pipelined. Pipelining DSP48 input will improve performance.
WARNING: [DRC DPIP-1] Input pipelining: DSP system_i/spike_accel_0/inst/grp_sa_ms_all_conv_block_185_1_fu_481/grp_sa_ms_standard_conv_inplace_1_fu_570/mul_7ns_7ns_14_1_1_U224/tmp_product input system_i/spike_accel_0/inst/grp_sa_ms_all_conv_block_185_1_fu_481/grp_sa_ms_standard_conv_inplace_1_fu_570/mul_7ns_7ns_14_1_1_U224/tmp_product/B[17:0] is not pipelined. Pipelining DSP48 input will improve performance.
WARNING: [DRC DPIP-1] Input pipelining: DSP system_i/spike_accel_0/inst/grp_sa_ms_all_conv_block_185_1_fu_481/grp_sa_ms_standard_conv_inplace_1_fu_570/mul_ln36_reg_338_reg input system_i/spike_accel_0/inst/grp_sa_ms_all_conv_block_185_1_fu_481/grp_sa_ms_standard_conv_inplace_1_fu_570/mul_ln36_reg_338_reg/B[17:0] is not pipelined. Pipelining DSP48 input will improve performance.
WARNING: [DRC DPIP-1] Input pipelining: DSP system_i/spike_accel_0/inst/grp_sa_ms_all_conv_block_185_1_fu_481/grp_sa_ms_standard_conv_inplace_fu_485/grp_sa_conv2d_bn_40_71_118_240_333_426_535_1_fu_221/bound_reg_710_reg input system_i/spike_accel_0/inst/grp_sa_ms_all_conv_block_185_1_fu_481/grp_sa_ms_standard_conv_inplace_fu_485/grp_sa_conv2d_bn_40_71_118_240_333_426_535_1_fu_221/bound_reg_710_reg/A[29:0] is not pipelined. Pipelining DSP48 input will improve performance.
WARNING: [DRC DPIP-1] Input pipelining: DSP system_i/spike_accel_0/inst/grp_sa_ms_all_conv_block_185_1_fu_481/grp_sa_ms_standard_conv_inplace_fu_485/grp_sa_conv2d_bn_40_71_118_240_333_426_535_1_fu_221/grp_sa_conv2d_int_43_74_429_536_1_fu_1003/mul_9ns_14ns_23_1_1_U60/tmp_product input system_i/spike_accel_0/inst/grp_sa_ms_all_conv_block_185_1_fu_481/grp_sa_ms_standard_conv_inplace_fu_485/grp_sa_conv2d_bn_40_71_118_240_333_426_535_1_fu_221/grp_sa_conv2d_int_43_74_429_536_1_fu_1003/mul_9ns_14ns_23_1_1_U60/tmp_product/A[29:0] is not pipelined. Pipelining DSP48 input will improve performance.
WARNING: [DRC DPIP-1] Input pipelining: DSP system_i/spike_accel_0/inst/grp_sa_ms_all_conv_block_185_1_fu_481/grp_sa_ms_standard_conv_inplace_fu_485/grp_sa_conv2d_bn_40_71_118_240_333_426_535_1_fu_221/grp_sa_conv2d_int_43_74_429_536_1_fu_1003/mul_ln80_reg_1859_reg input system_i/spike_accel_0/inst/grp_sa_ms_all_conv_block_185_1_fu_481/grp_sa_ms_standard_conv_inplace_fu_485/grp_sa_conv2d_bn_40_71_118_240_333_426_535_1_fu_221/grp_sa_conv2d_int_43_74_429_536_1_fu_1003/mul_ln80_reg_1859_reg/A[29:0] is not pipelined. Pipelining DSP48 input will improve performance.
WARNING: [DRC DPIP-1] Input pipelining: DSP system_i/spike_accel_0/inst/grp_sa_ms_all_conv_block_185_1_fu_481/grp_sa_ms_standard_conv_inplace_fu_485/grp_sa_conv2d_bn_40_71_118_240_333_426_535_1_fu_221/mul_ln95_reg_716_reg input system_i/spike_accel_0/inst/grp_sa_ms_all_conv_block_185_1_fu_481/grp_sa_ms_standard_conv_inplace_fu_485/grp_sa_conv2d_bn_40_71_118_240_333_426_535_1_fu_221/mul_ln95_reg_716_reg/A[29:0] is not pipelined. Pipelining DSP48 input will improve performance.
WARNING: [DRC DPIP-1] Input pipelining: DSP system_i/spike_accel_0/inst/grp_sa_ms_all_conv_block_185_1_fu_481/grp_sa_ms_standard_conv_inplace_fu_485/grp_sa_conv2d_bn_40_71_118_240_333_426_535_1_fu_221/mul_ln95_reg_716_reg input system_i/spike_accel_0/inst/grp_sa_ms_all_conv_block_185_1_fu_481/grp_sa_ms_standard_conv_inplace_fu_485/grp_sa_conv2d_bn_40_71_118_240_333_426_535_1_fu_221/mul_ln95_reg_716_reg/B[17:0] is not pipelined. Pipelining DSP48 input will improve performance.
WARNING: [DRC DPIP-1] Input pipelining: DSP system_i/spike_accel_0/inst/grp_sa_ms_all_conv_block_185_1_fu_481/grp_sa_ms_standard_conv_inplace_fu_485/mul_7ns_7ns_14_1_1_U165/tmp_product input system_i/spike_accel_0/inst/grp_sa_ms_all_conv_block_185_1_fu_481/grp_sa_ms_standard_conv_inplace_fu_485/mul_7ns_7ns_14_1_1_U165/tmp_product/A[29:0] is not pipelined. Pipelining DSP48 input will improve performance.
WARNING: [DRC DPIP-1] Input pipelining: DSP system_i/spike_accel_0/inst/grp_sa_ms_all_conv_block_185_1_fu_481/grp_sa_ms_standard_conv_inplace_fu_485/mul_7ns_7ns_14_1_1_U165/tmp_product input system_i/spike_accel_0/inst/grp_sa_ms_all_conv_block_185_1_fu_481/grp_sa_ms_standard_conv_inplace_fu_485/mul_7ns_7ns_14_1_1_U165/tmp_product/B[17:0] is not pipelined. Pipelining DSP48 input will improve performance.
WARNING: [DRC DPIP-1] Input pipelining: DSP system_i/spike_accel_0/inst/grp_sa_ms_all_conv_block_185_1_fu_481/grp_sa_ms_standard_conv_inplace_fu_485/mul_ln36_reg_362_reg input system_i/spike_accel_0/inst/grp_sa_ms_all_conv_block_185_1_fu_481/grp_sa_ms_standard_conv_inplace_fu_485/mul_ln36_reg_362_reg/B[17:0] is not pipelined. Pipelining DSP48 input will improve performance.
WARNING: [DRC DPIP-1] Input pipelining: DSP system_i/spike_accel_0/inst/grp_sa_ms_all_conv_block_185_1_fu_481/mul_ln105_reg_933_reg input system_i/spike_accel_0/inst/grp_sa_ms_all_conv_block_185_1_fu_481/mul_ln105_reg_933_reg/A[29:0] is not pipelined. Pipelining DSP48 input will improve performance.
WARNING: [DRC DPIP-1] Input pipelining: DSP system_i/spike_accel_0/inst/grp_sa_ms_all_conv_block_185_1_fu_481/mul_ln105_reg_933_reg input system_i/spike_accel_0/inst/grp_sa_ms_all_conv_block_185_1_fu_481/mul_ln105_reg_933_reg/B[17:0] is not pipelined. Pipelining DSP48 input will improve performance.
WARNING: [DRC DPIP-1] Input pipelining: DSP system_i/spike_accel_0/inst/grp_sa_ms_all_conv_block_185_1_fu_481/mul_ln85_1_reg_1060_reg input system_i/spike_accel_0/inst/grp_sa_ms_all_conv_block_185_1_fu_481/mul_ln85_1_reg_1060_reg/A[29:0] is not pipelined. Pipelining DSP48 input will improve performance.
WARNING: [DRC DPIP-1] Input pipelining: DSP system_i/spike_accel_0/inst/grp_sa_ms_all_conv_block_185_1_fu_481/mul_ln85_1_reg_1060_reg input system_i/spike_accel_0/inst/grp_sa_ms_all_conv_block_185_1_fu_481/mul_ln85_1_reg_1060_reg/B[17:0] is not pipelined. Pipelining DSP48 input will improve performance.
WARNING: [DRC DPIP-1] Input pipelining: DSP system_i/spike_accel_0/inst/grp_sa_ms_all_conv_block_185_1_fu_481/mul_ln85_reg_1019_reg input system_i/spike_accel_0/inst/grp_sa_ms_all_conv_block_185_1_fu_481/mul_ln85_reg_1019_reg/A[29:0] is not pipelined. Pipelining DSP48 input will improve performance.
WARNING: [DRC DPIP-1] Input pipelining: DSP system_i/spike_accel_0/inst/grp_sa_ms_all_conv_block_185_1_fu_481/trunc_ln85_reg_949_reg input system_i/spike_accel_0/inst/grp_sa_ms_all_conv_block_185_1_fu_481/trunc_ln85_reg_949_reg/A[29:0] is not pipelined. Pipelining DSP48 input will improve performance.
WARNING: [DRC DPIP-1] Input pipelining: DSP system_i/spike_accel_0/inst/grp_sa_ms_all_conv_block_185_1_fu_481/trunc_ln85_reg_949_reg input system_i/spike_accel_0/inst/grp_sa_ms_all_conv_block_185_1_fu_481/trunc_ln85_reg_949_reg/B[17:0] is not pipelined. Pipelining DSP48 input will improve performance.
WARNING: [DRC DPIP-1] Input pipelining: DSP system_i/spike_accel_0/inst/grp_sa_ms_downsampling_199_1_fu_628/grp_sa_conv2d_bn_40_71_118_240_333_426_535_1_fu_199/bound_reg_710_reg input system_i/spike_accel_0/inst/grp_sa_ms_downsampling_199_1_fu_628/grp_sa_conv2d_bn_40_71_118_240_333_426_535_1_fu_199/bound_reg_710_reg/A[29:0] is not pipelined. Pipelining DSP48 input will improve performance.
WARNING: [DRC DPIP-1] Input pipelining: DSP system_i/spike_accel_0/inst/grp_sa_ms_downsampling_199_1_fu_628/grp_sa_conv2d_bn_40_71_118_240_333_426_535_1_fu_199/bound_reg_710_reg input system_i/spike_accel_0/inst/grp_sa_ms_downsampling_199_1_fu_628/grp_sa_conv2d_bn_40_71_118_240_333_426_535_1_fu_199/bound_reg_710_reg/B[17:0] is not pipelined. Pipelining DSP48 input will improve performance.
WARNING: [DRC DPIP-1] Input pipelining: DSP system_i/spike_accel_0/inst/grp_sa_ms_downsampling_199_1_fu_628/grp_sa_conv2d_bn_40_71_118_240_333_426_535_1_fu_199/grp_sa_conv2d_int_43_74_429_536_1_fu_1003/mul_9ns_14ns_23_1_1_U60/tmp_product input system_i/spike_accel_0/inst/grp_sa_ms_downsampling_199_1_fu_628/grp_sa_conv2d_bn_40_71_118_240_333_426_535_1_fu_199/grp_sa_conv2d_int_43_74_429_536_1_fu_1003/mul_9ns_14ns_23_1_1_U60/tmp_product/A[29:0] is not pipelined. Pipelining DSP48 input will improve performance.
WARNING: [DRC DPIP-1] Input pipelining: DSP system_i/spike_accel_0/inst/grp_sa_ms_downsampling_199_1_fu_628/grp_sa_conv2d_bn_40_71_118_240_333_426_535_1_fu_199/grp_sa_conv2d_int_43_74_429_536_1_fu_1003/mul_9ns_14ns_23_1_1_U60/tmp_product input system_i/spike_accel_0/inst/grp_sa_ms_downsampling_199_1_fu_628/grp_sa_conv2d_bn_40_71_118_240_333_426_535_1_fu_199/grp_sa_conv2d_int_43_74_429_536_1_fu_1003/mul_9ns_14ns_23_1_1_U60/tmp_product/B[17:0] is not pipelined. Pipelining DSP48 input will improve performance.
WARNING: [DRC DPIP-1] Input pipelining: DSP system_i/spike_accel_0/inst/grp_sa_ms_downsampling_199_1_fu_628/grp_sa_conv2d_bn_40_71_118_240_333_426_535_1_fu_199/grp_sa_conv2d_int_43_74_429_536_1_fu_1003/mul_ln80_reg_1859_reg input system_i/spike_accel_0/inst/grp_sa_ms_downsampling_199_1_fu_628/grp_sa_conv2d_bn_40_71_118_240_333_426_535_1_fu_199/grp_sa_conv2d_int_43_74_429_536_1_fu_1003/mul_ln80_reg_1859_reg/A[29:0] is not pipelined. Pipelining DSP48 input will improve performance.
WARNING: [DRC DPIP-1] Input pipelining: DSP system_i/spike_accel_0/inst/grp_sa_ms_downsampling_199_1_fu_628/grp_sa_conv2d_bn_40_71_118_240_333_426_535_1_fu_199/grp_sa_conv2d_int_43_74_429_536_1_fu_1003/tmp2_reg_1798_reg input system_i/spike_accel_0/inst/grp_sa_ms_downsampling_199_1_fu_628/grp_sa_conv2d_bn_40_71_118_240_333_426_535_1_fu_199/grp_sa_conv2d_int_43_74_429_536_1_fu_1003/tmp2_reg_1798_reg/A[29:0] is not pipelined. Pipelining DSP48 input will improve performance.
WARNING: [DRC DPIP-1] Input pipelining: DSP system_i/spike_accel_0/inst/grp_sa_ms_downsampling_199_1_fu_628/grp_sa_conv2d_bn_40_71_118_240_333_426_535_1_fu_199/mul_ln95_reg_716_reg input system_i/spike_accel_0/inst/grp_sa_ms_downsampling_199_1_fu_628/grp_sa_conv2d_bn_40_71_118_240_333_426_535_1_fu_199/mul_ln95_reg_716_reg/A[29:0] is not pipelined. Pipelining DSP48 input will improve performance.
WARNING: [DRC DPIP-1] Input pipelining: DSP system_i/spike_accel_0/inst/grp_sa_ms_downsampling_199_1_fu_628/grp_sa_conv2d_bn_40_71_118_240_333_426_535_1_fu_199/mul_ln95_reg_716_reg input system_i/spike_accel_0/inst/grp_sa_ms_downsampling_199_1_fu_628/grp_sa_conv2d_bn_40_71_118_240_333_426_535_1_fu_199/mul_ln95_reg_716_reg/B[17:0] is not pipelined. Pipelining DSP48 input will improve performance.
WARNING: [DRC DPIP-1] Input pipelining: DSP system_i/spike_accel_0/inst/grp_sa_ms_downsampling_199_1_fu_628/grp_sa_ms_downsampling_199_1_Pipeline_VITIS_LOOP_36_1_VITIS_LOOP_37_2_fu_174/mul10_i_reg_1029_reg input system_i/spike_accel_0/inst/grp_sa_ms_downsampling_199_1_fu_628/grp_sa_ms_downsampling_199_1_Pipeline_VITIS_LOOP_36_1_VITIS_LOOP_37_2_fu_174/mul10_i_reg_1029_reg/B[17:0] is not pipelined. Pipelining DSP48 input will improve performance.
WARNING: [DRC DPIP-1] Input pipelining: DSP system_i/spike_accel_0/inst/grp_sa_ms_downsampling_199_1_fu_628/mul_7ns_7ns_14_1_1_U338/tmp_product input system_i/spike_accel_0/inst/grp_sa_ms_downsampling_199_1_fu_628/mul_7ns_7ns_14_1_1_U338/tmp_product/A[29:0] is not pipelined. Pipelining DSP48 input will improve performance.
WARNING: [DRC DPIP-1] Input pipelining: DSP system_i/spike_accel_0/inst/grp_sa_ms_downsampling_199_1_fu_628/mul_7ns_7ns_14_1_1_U338/tmp_product input system_i/spike_accel_0/inst/grp_sa_ms_downsampling_199_1_fu_628/mul_7ns_7ns_14_1_1_U338/tmp_product/B[17:0] is not pipelined. Pipelining DSP48 input will improve performance.
WARNING: [DRC DPIP-1] Input pipelining: DSP system_i/spike_accel_0/inst/grp_sa_ms_downsampling_199_1_fu_628/mul_ln36_reg_356_reg input system_i/spike_accel_0/inst/grp_sa_ms_downsampling_199_1_fu_628/mul_ln36_reg_356_reg/B[17:0] is not pipelined. Pipelining DSP48 input will improve performance.
WARNING: [DRC DPIP-1] Input pipelining: DSP system_i/spike_accel_0/inst/grp_sa_spike_sppf_1_fu_684/grp_sa_ms_standard_conv_inplace_2_fu_249/grp_sa_conv2d_bn_40_71_118_240_333_426_535_1_fu_169/bound_reg_710_reg input system_i/spike_accel_0/inst/grp_sa_spike_sppf_1_fu_684/grp_sa_ms_standard_conv_inplace_2_fu_249/grp_sa_conv2d_bn_40_71_118_240_333_426_535_1_fu_169/bound_reg_710_reg/A[29:0] is not pipelined. Pipelining DSP48 input will improve performance.
WARNING: [DRC DPIP-1] Input pipelining: DSP system_i/spike_accel_0/inst/grp_sa_spike_sppf_1_fu_684/grp_sa_ms_standard_conv_inplace_2_fu_249/grp_sa_conv2d_bn_40_71_118_240_333_426_535_1_fu_169/grp_sa_conv2d_int_43_74_429_536_1_fu_1003/mul_9ns_14ns_23_1_1_U60/tmp_product input system_i/spike_accel_0/inst/grp_sa_spike_sppf_1_fu_684/grp_sa_ms_standard_conv_inplace_2_fu_249/grp_sa_conv2d_bn_40_71_118_240_333_426_535_1_fu_169/grp_sa_conv2d_int_43_74_429_536_1_fu_1003/mul_9ns_14ns_23_1_1_U60/tmp_product/A[29:0] is not pipelined. Pipelining DSP48 input will improve performance.
WARNING: [DRC DPIP-1] Input pipelining: DSP system_i/spike_accel_0/inst/grp_sa_spike_sppf_1_fu_684/grp_sa_ms_standard_conv_inplace_2_fu_249/grp_sa_conv2d_bn_40_71_118_240_333_426_535_1_fu_169/grp_sa_conv2d_int_43_74_429_536_1_fu_1003/mul_ln80_reg_1859_reg input system_i/spike_accel_0/inst/grp_sa_spike_sppf_1_fu_684/grp_sa_ms_standard_conv_inplace_2_fu_249/grp_sa_conv2d_bn_40_71_118_240_333_426_535_1_fu_169/grp_sa_conv2d_int_43_74_429_536_1_fu_1003/mul_ln80_reg_1859_reg/A[29:0] is not pipelined. Pipelining DSP48 input will improve performance.
WARNING: [DRC DPIP-1] Input pipelining: DSP system_i/spike_accel_0/inst/grp_sa_spike_sppf_1_fu_684/grp_sa_ms_standard_conv_inplace_2_fu_249/grp_sa_conv2d_bn_40_71_118_240_333_426_535_1_fu_169/mul_ln95_reg_716_reg input system_i/spike_accel_0/inst/grp_sa_spike_sppf_1_fu_684/grp_sa_ms_standard_conv_inplace_2_fu_249/grp_sa_conv2d_bn_40_71_118_240_333_426_535_1_fu_169/mul_ln95_reg_716_reg/A[29:0] is not pipelined. Pipelining DSP48 input will improve performance.
WARNING: [DRC DPIP-1] Input pipelining: DSP system_i/spike_accel_0/inst/grp_sa_spike_sppf_1_fu_684/grp_sa_ms_standard_conv_inplace_2_fu_249/grp_sa_conv2d_bn_40_71_118_240_333_426_535_1_fu_169/mul_ln95_reg_716_reg input system_i/spike_accel_0/inst/grp_sa_spike_sppf_1_fu_684/grp_sa_ms_standard_conv_inplace_2_fu_249/grp_sa_conv2d_bn_40_71_118_240_333_426_535_1_fu_169/mul_ln95_reg_716_reg/B[17:0] is not pipelined. Pipelining DSP48 input will improve performance.
WARNING: [DRC DPOP-1] PREG Output pipelining: DSP system_i/spike_accel_0/inst/grp_sa_conv2d_bn_40_71_118_240_333_426_535_1_fu_721/grp_sa_conv2d_bn_40_71_118_240_333_426_535_1_Pipeline_VITIS_LOOP_95_2_VITIS_LOOP_96_s_fu_1030/mul_9ns_7ns_15_1_1_U95/tmp_product output system_i/spike_accel_0/inst/grp_sa_conv2d_bn_40_71_118_240_333_426_535_1_fu_721/grp_sa_conv2d_bn_40_71_118_240_333_426_535_1_Pipeline_VITIS_LOOP_95_2_VITIS_LOOP_96_s_fu_1030/mul_9ns_7ns_15_1_1_U95/tmp_product/P[47:0] is not pipelined (PREG=0). Pipelining the DSP48 output will improve performance and often saves power so it is suggested whenever possible to fully pipeline this function.  If this DSP48 function was inferred, it is suggested to describe an additional register stage after this function.  If the DSP48 was instantiated in the design, it is suggested to set the PREG attribute to 1.
WARNING: [DRC DPOP-1] PREG Output pipelining: DSP system_i/spike_accel_0/inst/grp_sa_conv2d_bn_40_71_118_240_333_426_535_1_fu_721/grp_sa_conv2d_int_43_74_429_536_1_fu_1003/mul_14ns_16ns_29_1_1_U55/tmp_product output system_i/spike_accel_0/inst/grp_sa_conv2d_bn_40_71_118_240_333_426_535_1_fu_721/grp_sa_conv2d_int_43_74_429_536_1_fu_1003/mul_14ns_16ns_29_1_1_U55/tmp_product/P[47:0] is not pipelined (PREG=0). Pipelining the DSP48 output will improve performance and often saves power so it is suggested whenever possible to fully pipeline this function.  If this DSP48 function was inferred, it is suggested to describe an additional register stage after this function.  If the DSP48 was instantiated in the design, it is suggested to set the PREG attribute to 1.
WARNING: [DRC DPOP-1] PREG Output pipelining: DSP system_i/spike_accel_0/inst/grp_sa_conv2d_bn_40_71_118_240_333_426_535_1_fu_721/grp_sa_conv2d_int_43_74_429_536_1_fu_1003/mul_16ns_7ns_23_1_1_U62/tmp_product output system_i/spike_accel_0/inst/grp_sa_conv2d_bn_40_71_118_240_333_426_535_1_fu_721/grp_sa_conv2d_int_43_74_429_536_1_fu_1003/mul_16ns_7ns_23_1_1_U62/tmp_product/P[47:0] is not pipelined (PREG=0). Pipelining the DSP48 output will improve performance and often saves power so it is suggested whenever possible to fully pipeline this function.  If this DSP48 function was inferred, it is suggested to describe an additional register stage after this function.  If the DSP48 was instantiated in the design, it is suggested to set the PREG attribute to 1.
WARNING: [DRC DPOP-1] PREG Output pipelining: DSP system_i/spike_accel_0/inst/grp_sa_conv2d_bn_40_71_118_240_333_426_535_1_fu_721/grp_sa_conv2d_int_43_74_429_536_1_fu_1003/mul_16ns_9ns_24_1_1_U54/tmp_product output system_i/spike_accel_0/inst/grp_sa_conv2d_bn_40_71_118_240_333_426_535_1_fu_721/grp_sa_conv2d_int_43_74_429_536_1_fu_1003/mul_16ns_9ns_24_1_1_U54/tmp_product/P[47:0] is not pipelined (PREG=0). Pipelining the DSP48 output will improve performance and often saves power so it is suggested whenever possible to fully pipeline this function.  If this DSP48 function was inferred, it is suggested to describe an additional register stage after this function.  If the DSP48 was instantiated in the design, it is suggested to set the PREG attribute to 1.
WARNING: [DRC DPOP-1] PREG Output pipelining: DSP system_i/spike_accel_0/inst/grp_sa_conv2d_bn_40_71_118_240_333_426_535_1_fu_721/grp_sa_conv2d_int_43_74_429_536_1_fu_1003/mul_6ns_24ns_30_1_1_U57/tmp_product output system_i/spike_accel_0/inst/grp_sa_conv2d_bn_40_71_118_240_333_426_535_1_fu_721/grp_sa_conv2d_int_43_74_429_536_1_fu_1003/mul_6ns_24ns_30_1_1_U57/tmp_product/P[47:0] is not pipelined (PREG=0). Pipelining the DSP48 output will improve performance and often saves power so it is suggested whenever possible to fully pipeline this function.  If this DSP48 function was inferred, it is suggested to describe an additional register stage after this function.  If the DSP48 was instantiated in the design, it is suggested to set the PREG attribute to 1.
WARNING: [DRC DPOP-1] PREG Output pipelining: DSP system_i/spike_accel_0/inst/grp_sa_conv2d_bn_40_71_118_240_333_426_535_1_fu_721/grp_sa_conv2d_int_43_74_429_536_1_fu_1003/mul_9ns_14ns_23_1_1_U60/tmp_product output system_i/spike_accel_0/inst/grp_sa_conv2d_bn_40_71_118_240_333_426_535_1_fu_721/grp_sa_conv2d_int_43_74_429_536_1_fu_1003/mul_9ns_14ns_23_1_1_U60/tmp_product/P[47:0] is not pipelined (PREG=0). Pipelining the DSP48 output will improve performance and often saves power so it is suggested whenever possible to fully pipeline this function.  If this DSP48 function was inferred, it is suggested to describe an additional register stage after this function.  If the DSP48 was instantiated in the design, it is suggested to set the PREG attribute to 1.
WARNING: [DRC DPOP-1] PREG Output pipelining: DSP system_i/spike_accel_0/inst/grp_sa_ms_all_conv_block_185_1_fu_481/grp_sa_ms_standard_conv_inplace_1_fu_570/grp_sa_conv2d_bn_40_71_118_240_333_426_535_1_fu_197/grp_sa_conv2d_bn_40_71_118_240_333_426_535_1_Pipeline_VITIS_LOOP_95_2_VITIS_LOOP_96_s_fu_1030/mul_9ns_7ns_15_1_1_U95/tmp_product output system_i/spike_accel_0/inst/grp_sa_ms_all_conv_block_185_1_fu_481/grp_sa_ms_standard_conv_inplace_1_fu_570/grp_sa_conv2d_bn_40_71_118_240_333_426_535_1_fu_197/grp_sa_conv2d_bn_40_71_118_240_333_426_535_1_Pipeline_VITIS_LOOP_95_2_VITIS_LOOP_96_s_fu_1030/mul_9ns_7ns_15_1_1_U95/tmp_product/P[47:0] is not pipelined (PREG=0). Pipelining the DSP48 output will improve performance and often saves power so it is suggested whenever possible to fully pipeline this function.  If this DSP48 function was inferred, it is suggested to describe an additional register stage after this function.  If the DSP48 was instantiated in the design, it is suggested to set the PREG attribute to 1.
WARNING: [DRC DPOP-1] PREG Output pipelining: DSP system_i/spike_accel_0/inst/grp_sa_ms_all_conv_block_185_1_fu_481/grp_sa_ms_standard_conv_inplace_1_fu_570/grp_sa_conv2d_bn_40_71_118_240_333_426_535_1_fu_197/grp_sa_conv2d_int_43_74_429_536_1_fu_1003/mul_14ns_16ns_29_1_1_U55/tmp_product output system_i/spike_accel_0/inst/grp_sa_ms_all_conv_block_185_1_fu_481/grp_sa_ms_standard_conv_inplace_1_fu_570/grp_sa_conv2d_bn_40_71_118_240_333_426_535_1_fu_197/grp_sa_conv2d_int_43_74_429_536_1_fu_1003/mul_14ns_16ns_29_1_1_U55/tmp_product/P[47:0] is not pipelined (PREG=0). Pipelining the DSP48 output will improve performance and often saves power so it is suggested whenever possible to fully pipeline this function.  If this DSP48 function was inferred, it is suggested to describe an additional register stage after this function.  If the DSP48 was instantiated in the design, it is suggested to set the PREG attribute to 1.
WARNING: [DRC DPOP-1] PREG Output pipelining: DSP system_i/spike_accel_0/inst/grp_sa_ms_all_conv_block_185_1_fu_481/grp_sa_ms_standard_conv_inplace_1_fu_570/grp_sa_conv2d_bn_40_71_118_240_333_426_535_1_fu_197/grp_sa_conv2d_int_43_74_429_536_1_fu_1003/mul_16ns_7ns_23_1_1_U62/tmp_product output system_i/spike_accel_0/inst/grp_sa_ms_all_conv_block_185_1_fu_481/grp_sa_ms_standard_conv_inplace_1_fu_570/grp_sa_conv2d_bn_40_71_118_240_333_426_535_1_fu_197/grp_sa_conv2d_int_43_74_429_536_1_fu_1003/mul_16ns_7ns_23_1_1_U62/tmp_product/P[47:0] is not pipelined (PREG=0). Pipelining the DSP48 output will improve performance and often saves power so it is suggested whenever possible to fully pipeline this function.  If this DSP48 function was inferred, it is suggested to describe an additional register stage after this function.  If the DSP48 was instantiated in the design, it is suggested to set the PREG attribute to 1.
WARNING: [DRC DPOP-1] PREG Output pipelining: DSP system_i/spike_accel_0/inst/grp_sa_ms_all_conv_block_185_1_fu_481/grp_sa_ms_standard_conv_inplace_1_fu_570/grp_sa_conv2d_bn_40_71_118_240_333_426_535_1_fu_197/grp_sa_conv2d_int_43_74_429_536_1_fu_1003/mul_16ns_9ns_24_1_1_U54/tmp_product output system_i/spike_accel_0/inst/grp_sa_ms_all_conv_block_185_1_fu_481/grp_sa_ms_standard_conv_inplace_1_fu_570/grp_sa_conv2d_bn_40_71_118_240_333_426_535_1_fu_197/grp_sa_conv2d_int_43_74_429_536_1_fu_1003/mul_16ns_9ns_24_1_1_U54/tmp_product/P[47:0] is not pipelined (PREG=0). Pipelining the DSP48 output will improve performance and often saves power so it is suggested whenever possible to fully pipeline this function.  If this DSP48 function was inferred, it is suggested to describe an additional register stage after this function.  If the DSP48 was instantiated in the design, it is suggested to set the PREG attribute to 1.
WARNING: [DRC DPOP-1] PREG Output pipelining: DSP system_i/spike_accel_0/inst/grp_sa_ms_all_conv_block_185_1_fu_481/grp_sa_ms_standard_conv_inplace_1_fu_570/grp_sa_conv2d_bn_40_71_118_240_333_426_535_1_fu_197/grp_sa_conv2d_int_43_74_429_536_1_fu_1003/mul_6ns_24ns_30_1_1_U57/tmp_product output system_i/spike_accel_0/inst/grp_sa_ms_all_conv_block_185_1_fu_481/grp_sa_ms_standard_conv_inplace_1_fu_570/grp_sa_conv2d_bn_40_71_118_240_333_426_535_1_fu_197/grp_sa_conv2d_int_43_74_429_536_1_fu_1003/mul_6ns_24ns_30_1_1_U57/tmp_product/P[47:0] is not pipelined (PREG=0). Pipelining the DSP48 output will improve performance and often saves power so it is suggested whenever possible to fully pipeline this function.  If this DSP48 function was inferred, it is suggested to describe an additional register stage after this function.  If the DSP48 was instantiated in the design, it is suggested to set the PREG attribute to 1.
WARNING: [DRC DPOP-1] PREG Output pipelining: DSP system_i/spike_accel_0/inst/grp_sa_ms_all_conv_block_185_1_fu_481/grp_sa_ms_standard_conv_inplace_1_fu_570/grp_sa_conv2d_bn_40_71_118_240_333_426_535_1_fu_197/grp_sa_conv2d_int_43_74_429_536_1_fu_1003/mul_9ns_14ns_23_1_1_U60/tmp_product output system_i/spike_accel_0/inst/grp_sa_ms_all_conv_block_185_1_fu_481/grp_sa_ms_standard_conv_inplace_1_fu_570/grp_sa_conv2d_bn_40_71_118_240_333_426_535_1_fu_197/grp_sa_conv2d_int_43_74_429_536_1_fu_1003/mul_9ns_14ns_23_1_1_U60/tmp_product/P[47:0] is not pipelined (PREG=0). Pipelining the DSP48 output will improve performance and often saves power so it is suggested whenever possible to fully pipeline this function.  If this DSP48 function was inferred, it is suggested to describe an additional register stage after this function.  If the DSP48 was instantiated in the design, it is suggested to set the PREG attribute to 1.
WARNING: [DRC DPOP-1] PREG Output pipelining: DSP system_i/spike_accel_0/inst/grp_sa_ms_all_conv_block_185_1_fu_481/grp_sa_ms_standard_conv_inplace_1_fu_570/mul_7ns_7ns_14_1_1_U224/tmp_product output system_i/spike_accel_0/inst/grp_sa_ms_all_conv_block_185_1_fu_481/grp_sa_ms_standard_conv_inplace_1_fu_570/mul_7ns_7ns_14_1_1_U224/tmp_product/P[47:0] is not pipelined (PREG=0). Pipelining the DSP48 output will improve performance and often saves power so it is suggested whenever possible to fully pipeline this function.  If this DSP48 function was inferred, it is suggested to describe an additional register stage after this function.  If the DSP48 was instantiated in the design, it is suggested to set the PREG attribute to 1.
WARNING: [DRC DPOP-1] PREG Output pipelining: DSP system_i/spike_accel_0/inst/grp_sa_ms_all_conv_block_185_1_fu_481/grp_sa_ms_standard_conv_inplace_fu_485/grp_sa_conv2d_bn_40_71_118_240_333_426_535_1_fu_221/grp_sa_conv2d_bn_40_71_118_240_333_426_535_1_Pipeline_VITIS_LOOP_95_2_VITIS_LOOP_96_s_fu_1030/mul_9ns_7ns_15_1_1_U95/tmp_product output system_i/spike_accel_0/inst/grp_sa_ms_all_conv_block_185_1_fu_481/grp_sa_ms_standard_conv_inplace_fu_485/grp_sa_conv2d_bn_40_71_118_240_333_426_535_1_fu_221/grp_sa_conv2d_bn_40_71_118_240_333_426_535_1_Pipeline_VITIS_LOOP_95_2_VITIS_LOOP_96_s_fu_1030/mul_9ns_7ns_15_1_1_U95/tmp_product/P[47:0] is not pipelined (PREG=0). Pipelining the DSP48 output will improve performance and often saves power so it is suggested whenever possible to fully pipeline this function.  If this DSP48 function was inferred, it is suggested to describe an additional register stage after this function.  If the DSP48 was instantiated in the design, it is suggested to set the PREG attribute to 1.
WARNING: [DRC DPOP-1] PREG Output pipelining: DSP system_i/spike_accel_0/inst/grp_sa_ms_all_conv_block_185_1_fu_481/grp_sa_ms_standard_conv_inplace_fu_485/grp_sa_conv2d_bn_40_71_118_240_333_426_535_1_fu_221/grp_sa_conv2d_int_43_74_429_536_1_fu_1003/mul_14ns_16ns_29_1_1_U55/tmp_product output system_i/spike_accel_0/inst/grp_sa_ms_all_conv_block_185_1_fu_481/grp_sa_ms_standard_conv_inplace_fu_485/grp_sa_conv2d_bn_40_71_118_240_333_426_535_1_fu_221/grp_sa_conv2d_int_43_74_429_536_1_fu_1003/mul_14ns_16ns_29_1_1_U55/tmp_product/P[47:0] is not pipelined (PREG=0). Pipelining the DSP48 output will improve performance and often saves power so it is suggested whenever possible to fully pipeline this function.  If this DSP48 function was inferred, it is suggested to describe an additional register stage after this function.  If the DSP48 was instantiated in the design, it is suggested to set the PREG attribute to 1.
WARNING: [DRC DPOP-1] PREG Output pipelining: DSP system_i/spike_accel_0/inst/grp_sa_ms_all_conv_block_185_1_fu_481/grp_sa_ms_standard_conv_inplace_fu_485/grp_sa_conv2d_bn_40_71_118_240_333_426_535_1_fu_221/grp_sa_conv2d_int_43_74_429_536_1_fu_1003/mul_16ns_7ns_23_1_1_U62/tmp_product output system_i/spike_accel_0/inst/grp_sa_ms_all_conv_block_185_1_fu_481/grp_sa_ms_standard_conv_inplace_fu_485/grp_sa_conv2d_bn_40_71_118_240_333_426_535_1_fu_221/grp_sa_conv2d_int_43_74_429_536_1_fu_1003/mul_16ns_7ns_23_1_1_U62/tmp_product/P[47:0] is not pipelined (PREG=0). Pipelining the DSP48 output will improve performance and often saves power so it is suggested whenever possible to fully pipeline this function.  If this DSP48 function was inferred, it is suggested to describe an additional register stage after this function.  If the DSP48 was instantiated in the design, it is suggested to set the PREG attribute to 1.
WARNING: [DRC DPOP-1] PREG Output pipelining: DSP system_i/spike_accel_0/inst/grp_sa_ms_all_conv_block_185_1_fu_481/grp_sa_ms_standard_conv_inplace_fu_485/grp_sa_conv2d_bn_40_71_118_240_333_426_535_1_fu_221/grp_sa_conv2d_int_43_74_429_536_1_fu_1003/mul_16ns_9ns_24_1_1_U54/tmp_product output system_i/spike_accel_0/inst/grp_sa_ms_all_conv_block_185_1_fu_481/grp_sa_ms_standard_conv_inplace_fu_485/grp_sa_conv2d_bn_40_71_118_240_333_426_535_1_fu_221/grp_sa_conv2d_int_43_74_429_536_1_fu_1003/mul_16ns_9ns_24_1_1_U54/tmp_product/P[47:0] is not pipelined (PREG=0). Pipelining the DSP48 output will improve performance and often saves power so it is suggested whenever possible to fully pipeline this function.  If this DSP48 function was inferred, it is suggested to describe an additional register stage after this function.  If the DSP48 was instantiated in the design, it is suggested to set the PREG attribute to 1.
WARNING: [DRC DPOP-1] PREG Output pipelining: DSP system_i/spike_accel_0/inst/grp_sa_ms_all_conv_block_185_1_fu_481/grp_sa_ms_standard_conv_inplace_fu_485/grp_sa_conv2d_bn_40_71_118_240_333_426_535_1_fu_221/grp_sa_conv2d_int_43_74_429_536_1_fu_1003/mul_6ns_24ns_30_1_1_U57/tmp_product output system_i/spike_accel_0/inst/grp_sa_ms_all_conv_block_185_1_fu_481/grp_sa_ms_standard_conv_inplace_fu_485/grp_sa_conv2d_bn_40_71_118_240_333_426_535_1_fu_221/grp_sa_conv2d_int_43_74_429_536_1_fu_1003/mul_6ns_24ns_30_1_1_U57/tmp_product/P[47:0] is not pipelined (PREG=0). Pipelining the DSP48 output will improve performance and often saves power so it is suggested whenever possible to fully pipeline this function.  If this DSP48 function was inferred, it is suggested to describe an additional register stage after this function.  If the DSP48 was instantiated in the design, it is suggested to set the PREG attribute to 1.
WARNING: [DRC DPOP-1] PREG Output pipelining: DSP system_i/spike_accel_0/inst/grp_sa_ms_all_conv_block_185_1_fu_481/grp_sa_ms_standard_conv_inplace_fu_485/grp_sa_conv2d_bn_40_71_118_240_333_426_535_1_fu_221/grp_sa_conv2d_int_43_74_429_536_1_fu_1003/mul_9ns_14ns_23_1_1_U60/tmp_product output system_i/spike_accel_0/inst/grp_sa_ms_all_conv_block_185_1_fu_481/grp_sa_ms_standard_conv_inplace_fu_485/grp_sa_conv2d_bn_40_71_118_240_333_426_535_1_fu_221/grp_sa_conv2d_int_43_74_429_536_1_fu_1003/mul_9ns_14ns_23_1_1_U60/tmp_product/P[47:0] is not pipelined (PREG=0). Pipelining the DSP48 output will improve performance and often saves power so it is suggested whenever possible to fully pipeline this function.  If this DSP48 function was inferred, it is suggested to describe an additional register stage after this function.  If the DSP48 was instantiated in the design, it is suggested to set the PREG attribute to 1.
WARNING: [DRC DPOP-1] PREG Output pipelining: DSP system_i/spike_accel_0/inst/grp_sa_ms_all_conv_block_185_1_fu_481/grp_sa_ms_standard_conv_inplace_fu_485/mul_7ns_7ns_14_1_1_U165/tmp_product output system_i/spike_accel_0/inst/grp_sa_ms_all_conv_block_185_1_fu_481/grp_sa_ms_standard_conv_inplace_fu_485/mul_7ns_7ns_14_1_1_U165/tmp_product/P[47:0] is not pipelined (PREG=0). Pipelining the DSP48 output will improve performance and often saves power so it is suggested whenever possible to fully pipeline this function.  If this DSP48 function was inferred, it is suggested to describe an additional register stage after this function.  If the DSP48 was instantiated in the design, it is suggested to set the PREG attribute to 1.
WARNING: [DRC DPOP-1] PREG Output pipelining: DSP system_i/spike_accel_0/inst/grp_sa_ms_downsampling_199_1_fu_628/grp_sa_conv2d_bn_40_71_118_240_333_426_535_1_fu_199/grp_sa_conv2d_bn_40_71_118_240_333_426_535_1_Pipeline_VITIS_LOOP_95_2_VITIS_LOOP_96_s_fu_1030/mul_9ns_7ns_15_1_1_U95/tmp_product output system_i/spike_accel_0/inst/grp_sa_ms_downsampling_199_1_fu_628/grp_sa_conv2d_bn_40_71_118_240_333_426_535_1_fu_199/grp_sa_conv2d_bn_40_71_118_240_333_426_535_1_Pipeline_VITIS_LOOP_95_2_VITIS_LOOP_96_s_fu_1030/mul_9ns_7ns_15_1_1_U95/tmp_product/P[47:0] is not pipelined (PREG=0). Pipelining the DSP48 output will improve performance and often saves power so it is suggested whenever possible to fully pipeline this function.  If this DSP48 function was inferred, it is suggested to describe an additional register stage after this function.  If the DSP48 was instantiated in the design, it is suggested to set the PREG attribute to 1.
WARNING: [DRC DPOP-1] PREG Output pipelining: DSP system_i/spike_accel_0/inst/grp_sa_ms_downsampling_199_1_fu_628/grp_sa_conv2d_bn_40_71_118_240_333_426_535_1_fu_199/grp_sa_conv2d_int_43_74_429_536_1_fu_1003/mul_14ns_16ns_29_1_1_U55/tmp_product output system_i/spike_accel_0/inst/grp_sa_ms_downsampling_199_1_fu_628/grp_sa_conv2d_bn_40_71_118_240_333_426_535_1_fu_199/grp_sa_conv2d_int_43_74_429_536_1_fu_1003/mul_14ns_16ns_29_1_1_U55/tmp_product/P[47:0] is not pipelined (PREG=0). Pipelining the DSP48 output will improve performance and often saves power so it is suggested whenever possible to fully pipeline this function.  If this DSP48 function was inferred, it is suggested to describe an additional register stage after this function.  If the DSP48 was instantiated in the design, it is suggested to set the PREG attribute to 1.
WARNING: [DRC DPOP-1] PREG Output pipelining: DSP system_i/spike_accel_0/inst/grp_sa_ms_downsampling_199_1_fu_628/grp_sa_conv2d_bn_40_71_118_240_333_426_535_1_fu_199/grp_sa_conv2d_int_43_74_429_536_1_fu_1003/mul_16ns_7ns_23_1_1_U62/tmp_product output system_i/spike_accel_0/inst/grp_sa_ms_downsampling_199_1_fu_628/grp_sa_conv2d_bn_40_71_118_240_333_426_535_1_fu_199/grp_sa_conv2d_int_43_74_429_536_1_fu_1003/mul_16ns_7ns_23_1_1_U62/tmp_product/P[47:0] is not pipelined (PREG=0). Pipelining the DSP48 output will improve performance and often saves power so it is suggested whenever possible to fully pipeline this function.  If this DSP48 function was inferred, it is suggested to describe an additional register stage after this function.  If the DSP48 was instantiated in the design, it is suggested to set the PREG attribute to 1.
WARNING: [DRC DPOP-1] PREG Output pipelining: DSP system_i/spike_accel_0/inst/grp_sa_ms_downsampling_199_1_fu_628/grp_sa_conv2d_bn_40_71_118_240_333_426_535_1_fu_199/grp_sa_conv2d_int_43_74_429_536_1_fu_1003/mul_16ns_9ns_24_1_1_U54/tmp_product output system_i/spike_accel_0/inst/grp_sa_ms_downsampling_199_1_fu_628/grp_sa_conv2d_bn_40_71_118_240_333_426_535_1_fu_199/grp_sa_conv2d_int_43_74_429_536_1_fu_1003/mul_16ns_9ns_24_1_1_U54/tmp_product/P[47:0] is not pipelined (PREG=0). Pipelining the DSP48 output will improve performance and often saves power so it is suggested whenever possible to fully pipeline this function.  If this DSP48 function was inferred, it is suggested to describe an additional register stage after this function.  If the DSP48 was instantiated in the design, it is suggested to set the PREG attribute to 1.
WARNING: [DRC DPOP-1] PREG Output pipelining: DSP system_i/spike_accel_0/inst/grp_sa_ms_downsampling_199_1_fu_628/grp_sa_conv2d_bn_40_71_118_240_333_426_535_1_fu_199/grp_sa_conv2d_int_43_74_429_536_1_fu_1003/mul_6ns_24ns_30_1_1_U57/tmp_product output system_i/spike_accel_0/inst/grp_sa_ms_downsampling_199_1_fu_628/grp_sa_conv2d_bn_40_71_118_240_333_426_535_1_fu_199/grp_sa_conv2d_int_43_74_429_536_1_fu_1003/mul_6ns_24ns_30_1_1_U57/tmp_product/P[47:0] is not pipelined (PREG=0). Pipelining the DSP48 output will improve performance and often saves power so it is suggested whenever possible to fully pipeline this function.  If this DSP48 function was inferred, it is suggested to describe an additional register stage after this function.  If the DSP48 was instantiated in the design, it is suggested to set the PREG attribute to 1.
WARNING: [DRC DPOP-1] PREG Output pipelining: DSP system_i/spike_accel_0/inst/grp_sa_ms_downsampling_199_1_fu_628/grp_sa_conv2d_bn_40_71_118_240_333_426_535_1_fu_199/grp_sa_conv2d_int_43_74_429_536_1_fu_1003/mul_9ns_14ns_23_1_1_U60/tmp_product output system_i/spike_accel_0/inst/grp_sa_ms_downsampling_199_1_fu_628/grp_sa_conv2d_bn_40_71_118_240_333_426_535_1_fu_199/grp_sa_conv2d_int_43_74_429_536_1_fu_1003/mul_9ns_14ns_23_1_1_U60/tmp_product/P[47:0] is not pipelined (PREG=0). Pipelining the DSP48 output will improve performance and often saves power so it is suggested whenever possible to fully pipeline this function.  If this DSP48 function was inferred, it is suggested to describe an additional register stage after this function.  If the DSP48 was instantiated in the design, it is suggested to set the PREG attribute to 1.
WARNING: [DRC DPOP-1] PREG Output pipelining: DSP system_i/spike_accel_0/inst/grp_sa_ms_downsampling_199_1_fu_628/mul_7ns_7ns_14_1_1_U338/tmp_product output system_i/spike_accel_0/inst/grp_sa_ms_downsampling_199_1_fu_628/mul_7ns_7ns_14_1_1_U338/tmp_product/P[47:0] is not pipelined (PREG=0). Pipelining the DSP48 output will improve performance and often saves power so it is suggested whenever possible to fully pipeline this function.  If this DSP48 function was inferred, it is suggested to describe an additional register stage after this function.  If the DSP48 was instantiated in the design, it is suggested to set the PREG attribute to 1.
WARNING: [DRC DPOP-1] PREG Output pipelining: DSP system_i/spike_accel_0/inst/grp_sa_spike_sppf_1_fu_684/grp_sa_ms_standard_conv_inplace_2_fu_249/grp_sa_conv2d_bn_40_71_118_240_333_426_535_1_fu_169/grp_sa_conv2d_bn_40_71_118_240_333_426_535_1_Pipeline_VITIS_LOOP_95_2_VITIS_LOOP_96_s_fu_1030/mul_9ns_7ns_15_1_1_U95/tmp_product output system_i/spike_accel_0/inst/grp_sa_spike_sppf_1_fu_684/grp_sa_ms_standard_conv_inplace_2_fu_249/grp_sa_conv2d_bn_40_71_118_240_333_426_535_1_fu_169/grp_sa_conv2d_bn_40_71_118_240_333_426_535_1_Pipeline_VITIS_LOOP_95_2_VITIS_LOOP_96_s_fu_1030/mul_9ns_7ns_15_1_1_U95/tmp_product/P[47:0] is not pipelined (PREG=0). Pipelining the DSP48 output will improve performance and often saves power so it is suggested whenever possible to fully pipeline this function.  If this DSP48 function was inferred, it is suggested to describe an additional register stage after this function.  If the DSP48 was instantiated in the design, it is suggested to set the PREG attribute to 1.
WARNING: [DRC DPOP-1] PREG Output pipelining: DSP system_i/spike_accel_0/inst/grp_sa_spike_sppf_1_fu_684/grp_sa_ms_standard_conv_inplace_2_fu_249/grp_sa_conv2d_bn_40_71_118_240_333_426_535_1_fu_169/grp_sa_conv2d_int_43_74_429_536_1_fu_1003/mul_14ns_16ns_29_1_1_U55/tmp_product output system_i/spike_accel_0/inst/grp_sa_spike_sppf_1_fu_684/grp_sa_ms_standard_conv_inplace_2_fu_249/grp_sa_conv2d_bn_40_71_118_240_333_426_535_1_fu_169/grp_sa_conv2d_int_43_74_429_536_1_fu_1003/mul_14ns_16ns_29_1_1_U55/tmp_product/P[47:0] is not pipelined (PREG=0). Pipelining the DSP48 output will improve performance and often saves power so it is suggested whenever possible to fully pipeline this function.  If this DSP48 function was inferred, it is suggested to describe an additional register stage after this function.  If the DSP48 was instantiated in the design, it is suggested to set the PREG attribute to 1.
WARNING: [DRC DPOP-1] PREG Output pipelining: DSP system_i/spike_accel_0/inst/grp_sa_spike_sppf_1_fu_684/grp_sa_ms_standard_conv_inplace_2_fu_249/grp_sa_conv2d_bn_40_71_118_240_333_426_535_1_fu_169/grp_sa_conv2d_int_43_74_429_536_1_fu_1003/mul_16ns_7ns_23_1_1_U62/tmp_product output system_i/spike_accel_0/inst/grp_sa_spike_sppf_1_fu_684/grp_sa_ms_standard_conv_inplace_2_fu_249/grp_sa_conv2d_bn_40_71_118_240_333_426_535_1_fu_169/grp_sa_conv2d_int_43_74_429_536_1_fu_1003/mul_16ns_7ns_23_1_1_U62/tmp_product/P[47:0] is not pipelined (PREG=0). Pipelining the DSP48 output will improve performance and often saves power so it is suggested whenever possible to fully pipeline this function.  If this DSP48 function was inferred, it is suggested to describe an additional register stage after this function.  If the DSP48 was instantiated in the design, it is suggested to set the PREG attribute to 1.
WARNING: [DRC DPOP-1] PREG Output pipelining: DSP system_i/spike_accel_0/inst/grp_sa_spike_sppf_1_fu_684/grp_sa_ms_standard_conv_inplace_2_fu_249/grp_sa_conv2d_bn_40_71_118_240_333_426_535_1_fu_169/grp_sa_conv2d_int_43_74_429_536_1_fu_1003/mul_16ns_9ns_24_1_1_U54/tmp_product output system_i/spike_accel_0/inst/grp_sa_spike_sppf_1_fu_684/grp_sa_ms_standard_conv_inplace_2_fu_249/grp_sa_conv2d_bn_40_71_118_240_333_426_535_1_fu_169/grp_sa_conv2d_int_43_74_429_536_1_fu_1003/mul_16ns_9ns_24_1_1_U54/tmp_product/P[47:0] is not pipelined (PREG=0). Pipelining the DSP48 output will improve performance and often saves power so it is suggested whenever possible to fully pipeline this function.  If this DSP48 function was inferred, it is suggested to describe an additional register stage after this function.  If the DSP48 was instantiated in the design, it is suggested to set the PREG attribute to 1.
WARNING: [DRC DPOP-1] PREG Output pipelining: DSP system_i/spike_accel_0/inst/grp_sa_spike_sppf_1_fu_684/grp_sa_ms_standard_conv_inplace_2_fu_249/grp_sa_conv2d_bn_40_71_118_240_333_426_535_1_fu_169/grp_sa_conv2d_int_43_74_429_536_1_fu_1003/mul_6ns_24ns_30_1_1_U57/tmp_product output system_i/spike_accel_0/inst/grp_sa_spike_sppf_1_fu_684/grp_sa_ms_standard_conv_inplace_2_fu_249/grp_sa_conv2d_bn_40_71_118_240_333_426_535_1_fu_169/grp_sa_conv2d_int_43_74_429_536_1_fu_1003/mul_6ns_24ns_30_1_1_U57/tmp_product/P[47:0] is not pipelined (PREG=0). Pipelining the DSP48 output will improve performance and often saves power so it is suggested whenever possible to fully pipeline this function.  If this DSP48 function was inferred, it is suggested to describe an additional register stage after this function.  If the DSP48 was instantiated in the design, it is suggested to set the PREG attribute to 1.
WARNING: [DRC DPOP-1] PREG Output pipelining: DSP system_i/spike_accel_0/inst/grp_sa_spike_sppf_1_fu_684/grp_sa_ms_standard_conv_inplace_2_fu_249/grp_sa_conv2d_bn_40_71_118_240_333_426_535_1_fu_169/grp_sa_conv2d_int_43_74_429_536_1_fu_1003/mul_9ns_14ns_23_1_1_U60/tmp_product output system_i/spike_accel_0/inst/grp_sa_spike_sppf_1_fu_684/grp_sa_ms_standard_conv_inplace_2_fu_249/grp_sa_conv2d_bn_40_71_118_240_333_426_535_1_fu_169/grp_sa_conv2d_int_43_74_429_536_1_fu_1003/mul_9ns_14ns_23_1_1_U60/tmp_product/P[47:0] is not pipelined (PREG=0). Pipelining the DSP48 output will improve performance and often saves power so it is suggested whenever possible to fully pipeline this function.  If this DSP48 function was inferred, it is suggested to describe an additional register stage after this function.  If the DSP48 was instantiated in the design, it is suggested to set the PREG attribute to 1.
WARNING: [DRC DPOP-2] MREG Output pipelining: DSP system_i/spike_accel_0/inst/grp_sa_conv2d_bn_40_71_118_240_333_426_1_fu_666/grp_sa_conv2d_int_43_74_429_1_fu_366/grp_sa_conv2d_int_43_74_429_1_Pipeline_VITIS_LOOP_97_7_VITIS_LOOP_98_8_VITIS_LOOP_99_fu_97/empty_196_reg_7522_reg multiplier stage system_i/spike_accel_0/inst/grp_sa_conv2d_bn_40_71_118_240_333_426_1_fu_666/grp_sa_conv2d_int_43_74_429_1_fu_366/grp_sa_conv2d_int_43_74_429_1_Pipeline_VITIS_LOOP_97_7_VITIS_LOOP_98_8_VITIS_LOOP_99_fu_97/empty_196_reg_7522_reg/P[47:0] is not pipelined (MREG=0). Pipelining the multiplier function will improve performance and will save significant power so it is suggested whenever possible to fully pipeline this function.  If this multiplier was inferred, it is suggested to describe an additional register stage after this function.  If there is no registered adder/accumulator following the multiply function, two pipeline stages are suggested to allow both the MREG and PREG registers to be used.  If the DSP48 was instantiated in the design, it is suggested to set both the MREG and PREG attributes to 1 when performing multiply functions.
WARNING: [DRC DPOP-2] MREG Output pipelining: DSP system_i/spike_accel_0/inst/grp_sa_conv2d_bn_40_71_118_240_333_426_535_1_fu_721/bound_reg_710_reg multiplier stage system_i/spike_accel_0/inst/grp_sa_conv2d_bn_40_71_118_240_333_426_535_1_fu_721/bound_reg_710_reg/P[47:0] is not pipelined (MREG=0). Pipelining the multiplier function will improve performance and will save significant power so it is suggested whenever possible to fully pipeline this function.  If this multiplier was inferred, it is suggested to describe an additional register stage after this function.  If there is no registered adder/accumulator following the multiply function, two pipeline stages are suggested to allow both the MREG and PREG registers to be used.  If the DSP48 was instantiated in the design, it is suggested to set both the MREG and PREG attributes to 1 when performing multiply functions.
WARNING: [DRC DPOP-2] MREG Output pipelining: DSP system_i/spike_accel_0/inst/grp_sa_conv2d_bn_40_71_118_240_333_426_535_1_fu_721/grp_sa_conv2d_bn_40_71_118_240_333_426_535_1_Pipeline_VITIS_LOOP_95_2_VITIS_LOOP_96_s_fu_1030/mul26_2_cast_reg_788_reg multiplier stage system_i/spike_accel_0/inst/grp_sa_conv2d_bn_40_71_118_240_333_426_535_1_fu_721/grp_sa_conv2d_bn_40_71_118_240_333_426_535_1_Pipeline_VITIS_LOOP_95_2_VITIS_LOOP_96_s_fu_1030/mul26_2_cast_reg_788_reg/P[47:0] is not pipelined (MREG=0). Pipelining the multiplier function will improve performance and will save significant power so it is suggested whenever possible to fully pipeline this function.  If this multiplier was inferred, it is suggested to describe an additional register stage after this function.  If there is no registered adder/accumulator following the multiply function, two pipeline stages are suggested to allow both the MREG and PREG registers to be used.  If the DSP48 was instantiated in the design, it is suggested to set both the MREG and PREG attributes to 1 when performing multiply functions.
WARNING: [DRC DPOP-2] MREG Output pipelining: DSP system_i/spike_accel_0/inst/grp_sa_conv2d_bn_40_71_118_240_333_426_535_1_fu_721/grp_sa_conv2d_bn_40_71_118_240_333_426_535_1_Pipeline_VITIS_LOOP_95_2_VITIS_LOOP_96_s_fu_1030/mul_9ns_7ns_15_1_1_U95/tmp_product multiplier stage system_i/spike_accel_0/inst/grp_sa_conv2d_bn_40_71_118_240_333_426_535_1_fu_721/grp_sa_conv2d_bn_40_71_118_240_333_426_535_1_Pipeline_VITIS_LOOP_95_2_VITIS_LOOP_96_s_fu_1030/mul_9ns_7ns_15_1_1_U95/tmp_product/P[47:0] is not pipelined (MREG=0). Pipelining the multiplier function will improve performance and will save significant power so it is suggested whenever possible to fully pipeline this function.  If this multiplier was inferred, it is suggested to describe an additional register stage after this function.  If there is no registered adder/accumulator following the multiply function, two pipeline stages are suggested to allow both the MREG and PREG registers to be used.  If the DSP48 was instantiated in the design, it is suggested to set both the MREG and PREG attributes to 1 when performing multiply functions.
WARNING: [DRC DPOP-2] MREG Output pipelining: DSP system_i/spike_accel_0/inst/grp_sa_conv2d_bn_40_71_118_240_333_426_535_1_fu_721/grp_sa_conv2d_int_43_74_429_536_1_fu_1003/mul_14ns_16ns_29_1_1_U55/tmp_product multiplier stage system_i/spike_accel_0/inst/grp_sa_conv2d_bn_40_71_118_240_333_426_535_1_fu_721/grp_sa_conv2d_int_43_74_429_536_1_fu_1003/mul_14ns_16ns_29_1_1_U55/tmp_product/P[47:0] is not pipelined (MREG=0). Pipelining the multiplier function will improve performance and will save significant power so it is suggested whenever possible to fully pipeline this function.  If this multiplier was inferred, it is suggested to describe an additional register stage after this function.  If there is no registered adder/accumulator following the multiply function, two pipeline stages are suggested to allow both the MREG and PREG registers to be used.  If the DSP48 was instantiated in the design, it is suggested to set both the MREG and PREG attributes to 1 when performing multiply functions.
WARNING: [DRC DPOP-2] MREG Output pipelining: DSP system_i/spike_accel_0/inst/grp_sa_conv2d_bn_40_71_118_240_333_426_535_1_fu_721/grp_sa_conv2d_int_43_74_429_536_1_fu_1003/mul_16ns_7ns_23_1_1_U62/tmp_product multiplier stage system_i/spike_accel_0/inst/grp_sa_conv2d_bn_40_71_118_240_333_426_535_1_fu_721/grp_sa_conv2d_int_43_74_429_536_1_fu_1003/mul_16ns_7ns_23_1_1_U62/tmp_product/P[47:0] is not pipelined (MREG=0). Pipelining the multiplier function will improve performance and will save significant power so it is suggested whenever possible to fully pipeline this function.  If this multiplier was inferred, it is suggested to describe an additional register stage after this function.  If there is no registered adder/accumulator following the multiply function, two pipeline stages are suggested to allow both the MREG and PREG registers to be used.  If the DSP48 was instantiated in the design, it is suggested to set both the MREG and PREG attributes to 1 when performing multiply functions.
WARNING: [DRC DPOP-2] MREG Output pipelining: DSP system_i/spike_accel_0/inst/grp_sa_conv2d_bn_40_71_118_240_333_426_535_1_fu_721/grp_sa_conv2d_int_43_74_429_536_1_fu_1003/mul_16ns_9ns_24_1_1_U54/tmp_product multiplier stage system_i/spike_accel_0/inst/grp_sa_conv2d_bn_40_71_118_240_333_426_535_1_fu_721/grp_sa_conv2d_int_43_74_429_536_1_fu_1003/mul_16ns_9ns_24_1_1_U54/tmp_product/P[47:0] is not pipelined (MREG=0). Pipelining the multiplier function will improve performance and will save significant power so it is suggested whenever possible to fully pipeline this function.  If this multiplier was inferred, it is suggested to describe an additional register stage after this function.  If there is no registered adder/accumulator following the multiply function, two pipeline stages are suggested to allow both the MREG and PREG registers to be used.  If the DSP48 was instantiated in the design, it is suggested to set both the MREG and PREG attributes to 1 when performing multiply functions.
WARNING: [DRC DPOP-2] MREG Output pipelining: DSP system_i/spike_accel_0/inst/grp_sa_conv2d_bn_40_71_118_240_333_426_535_1_fu_721/grp_sa_conv2d_int_43_74_429_536_1_fu_1003/mul_23s_7ns_30_1_1_U59/tmp_product multiplier stage system_i/spike_accel_0/inst/grp_sa_conv2d_bn_40_71_118_240_333_426_535_1_fu_721/grp_sa_conv2d_int_43_74_429_536_1_fu_1003/mul_23s_7ns_30_1_1_U59/tmp_product/P[47:0] is not pipelined (MREG=0). Pipelining the multiplier function will improve performance and will save significant power so it is suggested whenever possible to fully pipeline this function.  If this multiplier was inferred, it is suggested to describe an additional register stage after this function.  If there is no registered adder/accumulator following the multiply function, two pipeline stages are suggested to allow both the MREG and PREG registers to be used.  If the DSP48 was instantiated in the design, it is suggested to set both the MREG and PREG attributes to 1 when performing multiply functions.
WARNING: [DRC DPOP-2] MREG Output pipelining: DSP system_i/spike_accel_0/inst/grp_sa_conv2d_bn_40_71_118_240_333_426_535_1_fu_721/grp_sa_conv2d_int_43_74_429_536_1_fu_1003/mul_6ns_24ns_30_1_1_U57/tmp_product multiplier stage system_i/spike_accel_0/inst/grp_sa_conv2d_bn_40_71_118_240_333_426_535_1_fu_721/grp_sa_conv2d_int_43_74_429_536_1_fu_1003/mul_6ns_24ns_30_1_1_U57/tmp_product/P[47:0] is not pipelined (MREG=0). Pipelining the multiplier function will improve performance and will save significant power so it is suggested whenever possible to fully pipeline this function.  If this multiplier was inferred, it is suggested to describe an additional register stage after this function.  If there is no registered adder/accumulator following the multiply function, two pipeline stages are suggested to allow both the MREG and PREG registers to be used.  If the DSP48 was instantiated in the design, it is suggested to set both the MREG and PREG attributes to 1 when performing multiply functions.
WARNING: [DRC DPOP-2] MREG Output pipelining: DSP system_i/spike_accel_0/inst/grp_sa_conv2d_bn_40_71_118_240_333_426_535_1_fu_721/grp_sa_conv2d_int_43_74_429_536_1_fu_1003/mul_9ns_14ns_23_1_1_U60/tmp_product multiplier stage system_i/spike_accel_0/inst/grp_sa_conv2d_bn_40_71_118_240_333_426_535_1_fu_721/grp_sa_conv2d_int_43_74_429_536_1_fu_1003/mul_9ns_14ns_23_1_1_U60/tmp_product/P[47:0] is not pipelined (MREG=0). Pipelining the multiplier function will improve performance and will save significant power so it is suggested whenever possible to fully pipeline this function.  If this multiplier was inferred, it is suggested to describe an additional register stage after this function.  If there is no registered adder/accumulator following the multiply function, two pipeline stages are suggested to allow both the MREG and PREG registers to be used.  If the DSP48 was instantiated in the design, it is suggested to set both the MREG and PREG attributes to 1 when performing multiply functions.
WARNING: [DRC DPOP-2] MREG Output pipelining: DSP system_i/spike_accel_0/inst/grp_sa_conv2d_bn_40_71_118_240_333_426_535_1_fu_721/grp_sa_conv2d_int_43_74_429_536_1_fu_1003/mul_ln80_reg_1859_reg multiplier stage system_i/spike_accel_0/inst/grp_sa_conv2d_bn_40_71_118_240_333_426_535_1_fu_721/grp_sa_conv2d_int_43_74_429_536_1_fu_1003/mul_ln80_reg_1859_reg/P[47:0] is not pipelined (MREG=0). Pipelining the multiplier function will improve performance and will save significant power so it is suggested whenever possible to fully pipeline this function.  If this multiplier was inferred, it is suggested to describe an additional register stage after this function.  If there is no registered adder/accumulator following the multiply function, two pipeline stages are suggested to allow both the MREG and PREG registers to be used.  If the DSP48 was instantiated in the design, it is suggested to set both the MREG and PREG attributes to 1 when performing multiply functions.
WARNING: [DRC DPOP-2] MREG Output pipelining: DSP system_i/spike_accel_0/inst/grp_sa_conv2d_bn_40_71_118_240_333_426_535_1_fu_721/grp_sa_conv2d_int_43_74_429_536_1_fu_1003/tmp2_reg_1798_reg multiplier stage system_i/spike_accel_0/inst/grp_sa_conv2d_bn_40_71_118_240_333_426_535_1_fu_721/grp_sa_conv2d_int_43_74_429_536_1_fu_1003/tmp2_reg_1798_reg/P[47:0] is not pipelined (MREG=0). Pipelining the multiplier function will improve performance and will save significant power so it is suggested whenever possible to fully pipeline this function.  If this multiplier was inferred, it is suggested to describe an additional register stage after this function.  If there is no registered adder/accumulator following the multiply function, two pipeline stages are suggested to allow both the MREG and PREG registers to be used.  If the DSP48 was instantiated in the design, it is suggested to set both the MREG and PREG attributes to 1 when performing multiply functions.
WARNING: [DRC DPOP-2] MREG Output pipelining: DSP system_i/spike_accel_0/inst/grp_sa_conv2d_bn_40_71_118_240_333_426_535_1_fu_721/mul_ln116_reg_713_reg multiplier stage system_i/spike_accel_0/inst/grp_sa_conv2d_bn_40_71_118_240_333_426_535_1_fu_721/mul_ln116_reg_713_reg/P[47:0] is not pipelined (MREG=0). Pipelining the multiplier function will improve performance and will save significant power so it is suggested whenever possible to fully pipeline this function.  If this multiplier was inferred, it is suggested to describe an additional register stage after this function.  If there is no registered adder/accumulator following the multiply function, two pipeline stages are suggested to allow both the MREG and PREG registers to be used.  If the DSP48 was instantiated in the design, it is suggested to set both the MREG and PREG attributes to 1 when performing multiply functions.
WARNING: [DRC DPOP-2] MREG Output pipelining: DSP system_i/spike_accel_0/inst/grp_sa_conv2d_bn_40_71_118_240_333_426_535_1_fu_721/mul_ln95_reg_716_reg multiplier stage system_i/spike_accel_0/inst/grp_sa_conv2d_bn_40_71_118_240_333_426_535_1_fu_721/mul_ln95_reg_716_reg/P[47:0] is not pipelined (MREG=0). Pipelining the multiplier function will improve performance and will save significant power so it is suggested whenever possible to fully pipeline this function.  If this multiplier was inferred, it is suggested to describe an additional register stage after this function.  If there is no registered adder/accumulator following the multiply function, two pipeline stages are suggested to allow both the MREG and PREG registers to be used.  If the DSP48 was instantiated in the design, it is suggested to set both the MREG and PREG attributes to 1 when performing multiply functions.
WARNING: [DRC DPOP-2] MREG Output pipelining: DSP system_i/spike_accel_0/inst/grp_sa_ms_all_conv_block_185_1_fu_481/grp_sa_ms_standard_conv_inplace_1_fu_570/grp_sa_conv2d_bn_40_71_118_240_333_426_535_1_fu_197/bound_reg_710_reg multiplier stage system_i/spike_accel_0/inst/grp_sa_ms_all_conv_block_185_1_fu_481/grp_sa_ms_standard_conv_inplace_1_fu_570/grp_sa_conv2d_bn_40_71_118_240_333_426_535_1_fu_197/bound_reg_710_reg/P[47:0] is not pipelined (MREG=0). Pipelining the multiplier function will improve performance and will save significant power so it is suggested whenever possible to fully pipeline this function.  If this multiplier was inferred, it is suggested to describe an additional register stage after this function.  If there is no registered adder/accumulator following the multiply function, two pipeline stages are suggested to allow both the MREG and PREG registers to be used.  If the DSP48 was instantiated in the design, it is suggested to set both the MREG and PREG attributes to 1 when performing multiply functions.
WARNING: [DRC DPOP-2] MREG Output pipelining: DSP system_i/spike_accel_0/inst/grp_sa_ms_all_conv_block_185_1_fu_481/grp_sa_ms_standard_conv_inplace_1_fu_570/grp_sa_conv2d_bn_40_71_118_240_333_426_535_1_fu_197/grp_sa_conv2d_bn_40_71_118_240_333_426_535_1_Pipeline_VITIS_LOOP_95_2_VITIS_LOOP_96_s_fu_1030/mul26_2_cast_reg_788_reg multiplier stage system_i/spike_accel_0/inst/grp_sa_ms_all_conv_block_185_1_fu_481/grp_sa_ms_standard_conv_inplace_1_fu_570/grp_sa_conv2d_bn_40_71_118_240_333_426_535_1_fu_197/grp_sa_conv2d_bn_40_71_118_240_333_426_535_1_Pipeline_VITIS_LOOP_95_2_VITIS_LOOP_96_s_fu_1030/mul26_2_cast_reg_788_reg/P[47:0] is not pipelined (MREG=0). Pipelining the multiplier function will improve performance and will save significant power so it is suggested whenever possible to fully pipeline this function.  If this multiplier was inferred, it is suggested to describe an additional register stage after this function.  If there is no registered adder/accumulator following the multiply function, two pipeline stages are suggested to allow both the MREG and PREG registers to be used.  If the DSP48 was instantiated in the design, it is suggested to set both the MREG and PREG attributes to 1 when performing multiply functions.
WARNING: [DRC DPOP-2] MREG Output pipelining: DSP system_i/spike_accel_0/inst/grp_sa_ms_all_conv_block_185_1_fu_481/grp_sa_ms_standard_conv_inplace_1_fu_570/grp_sa_conv2d_bn_40_71_118_240_333_426_535_1_fu_197/grp_sa_conv2d_bn_40_71_118_240_333_426_535_1_Pipeline_VITIS_LOOP_95_2_VITIS_LOOP_96_s_fu_1030/mul_9ns_7ns_15_1_1_U95/tmp_product multiplier stage system_i/spike_accel_0/inst/grp_sa_ms_all_conv_block_185_1_fu_481/grp_sa_ms_standard_conv_inplace_1_fu_570/grp_sa_conv2d_bn_40_71_118_240_333_426_535_1_fu_197/grp_sa_conv2d_bn_40_71_118_240_333_426_535_1_Pipeline_VITIS_LOOP_95_2_VITIS_LOOP_96_s_fu_1030/mul_9ns_7ns_15_1_1_U95/tmp_product/P[47:0] is not pipelined (MREG=0). Pipelining the multiplier function will improve performance and will save significant power so it is suggested whenever possible to fully pipeline this function.  If this multiplier was inferred, it is suggested to describe an additional register stage after this function.  If there is no registered adder/accumulator following the multiply function, two pipeline stages are suggested to allow both the MREG and PREG registers to be used.  If the DSP48 was instantiated in the design, it is suggested to set both the MREG and PREG attributes to 1 when performing multiply functions.
WARNING: [DRC DPOP-2] MREG Output pipelining: DSP system_i/spike_accel_0/inst/grp_sa_ms_all_conv_block_185_1_fu_481/grp_sa_ms_standard_conv_inplace_1_fu_570/grp_sa_conv2d_bn_40_71_118_240_333_426_535_1_fu_197/grp_sa_conv2d_int_43_74_429_536_1_fu_1003/mul_14ns_16ns_29_1_1_U55/tmp_product multiplier stage system_i/spike_accel_0/inst/grp_sa_ms_all_conv_block_185_1_fu_481/grp_sa_ms_standard_conv_inplace_1_fu_570/grp_sa_conv2d_bn_40_71_118_240_333_426_535_1_fu_197/grp_sa_conv2d_int_43_74_429_536_1_fu_1003/mul_14ns_16ns_29_1_1_U55/tmp_product/P[47:0] is not pipelined (MREG=0). Pipelining the multiplier function will improve performance and will save significant power so it is suggested whenever possible to fully pipeline this function.  If this multiplier was inferred, it is suggested to describe an additional register stage after this function.  If there is no registered adder/accumulator following the multiply function, two pipeline stages are suggested to allow both the MREG and PREG registers to be used.  If the DSP48 was instantiated in the design, it is suggested to set both the MREG and PREG attributes to 1 when performing multiply functions.
WARNING: [DRC DPOP-2] MREG Output pipelining: DSP system_i/spike_accel_0/inst/grp_sa_ms_all_conv_block_185_1_fu_481/grp_sa_ms_standard_conv_inplace_1_fu_570/grp_sa_conv2d_bn_40_71_118_240_333_426_535_1_fu_197/grp_sa_conv2d_int_43_74_429_536_1_fu_1003/mul_16ns_7ns_23_1_1_U62/tmp_product multiplier stage system_i/spike_accel_0/inst/grp_sa_ms_all_conv_block_185_1_fu_481/grp_sa_ms_standard_conv_inplace_1_fu_570/grp_sa_conv2d_bn_40_71_118_240_333_426_535_1_fu_197/grp_sa_conv2d_int_43_74_429_536_1_fu_1003/mul_16ns_7ns_23_1_1_U62/tmp_product/P[47:0] is not pipelined (MREG=0). Pipelining the multiplier function will improve performance and will save significant power so it is suggested whenever possible to fully pipeline this function.  If this multiplier was inferred, it is suggested to describe an additional register stage after this function.  If there is no registered adder/accumulator following the multiply function, two pipeline stages are suggested to allow both the MREG and PREG registers to be used.  If the DSP48 was instantiated in the design, it is suggested to set both the MREG and PREG attributes to 1 when performing multiply functions.
WARNING: [DRC DPOP-2] MREG Output pipelining: DSP system_i/spike_accel_0/inst/grp_sa_ms_all_conv_block_185_1_fu_481/grp_sa_ms_standard_conv_inplace_1_fu_570/grp_sa_conv2d_bn_40_71_118_240_333_426_535_1_fu_197/grp_sa_conv2d_int_43_74_429_536_1_fu_1003/mul_16ns_9ns_24_1_1_U54/tmp_product multiplier stage system_i/spike_accel_0/inst/grp_sa_ms_all_conv_block_185_1_fu_481/grp_sa_ms_standard_conv_inplace_1_fu_570/grp_sa_conv2d_bn_40_71_118_240_333_426_535_1_fu_197/grp_sa_conv2d_int_43_74_429_536_1_fu_1003/mul_16ns_9ns_24_1_1_U54/tmp_product/P[47:0] is not pipelined (MREG=0). Pipelining the multiplier function will improve performance and will save significant power so it is suggested whenever possible to fully pipeline this function.  If this multiplier was inferred, it is suggested to describe an additional register stage after this function.  If there is no registered adder/accumulator following the multiply function, two pipeline stages are suggested to allow both the MREG and PREG registers to be used.  If the DSP48 was instantiated in the design, it is suggested to set both the MREG and PREG attributes to 1 when performing multiply functions.
WARNING: [DRC DPOP-2] MREG Output pipelining: DSP system_i/spike_accel_0/inst/grp_sa_ms_all_conv_block_185_1_fu_481/grp_sa_ms_standard_conv_inplace_1_fu_570/grp_sa_conv2d_bn_40_71_118_240_333_426_535_1_fu_197/grp_sa_conv2d_int_43_74_429_536_1_fu_1003/mul_23s_7ns_30_1_1_U59/tmp_product multiplier stage system_i/spike_accel_0/inst/grp_sa_ms_all_conv_block_185_1_fu_481/grp_sa_ms_standard_conv_inplace_1_fu_570/grp_sa_conv2d_bn_40_71_118_240_333_426_535_1_fu_197/grp_sa_conv2d_int_43_74_429_536_1_fu_1003/mul_23s_7ns_30_1_1_U59/tmp_product/P[47:0] is not pipelined (MREG=0). Pipelining the multiplier function will improve performance and will save significant power so it is suggested whenever possible to fully pipeline this function.  If this multiplier was inferred, it is suggested to describe an additional register stage after this function.  If there is no registered adder/accumulator following the multiply function, two pipeline stages are suggested to allow both the MREG and PREG registers to be used.  If the DSP48 was instantiated in the design, it is suggested to set both the MREG and PREG attributes to 1 when performing multiply functions.
WARNING: [DRC DPOP-2] MREG Output pipelining: DSP system_i/spike_accel_0/inst/grp_sa_ms_all_conv_block_185_1_fu_481/grp_sa_ms_standard_conv_inplace_1_fu_570/grp_sa_conv2d_bn_40_71_118_240_333_426_535_1_fu_197/grp_sa_conv2d_int_43_74_429_536_1_fu_1003/mul_6ns_24ns_30_1_1_U57/tmp_product multiplier stage system_i/spike_accel_0/inst/grp_sa_ms_all_conv_block_185_1_fu_481/grp_sa_ms_standard_conv_inplace_1_fu_570/grp_sa_conv2d_bn_40_71_118_240_333_426_535_1_fu_197/grp_sa_conv2d_int_43_74_429_536_1_fu_1003/mul_6ns_24ns_30_1_1_U57/tmp_product/P[47:0] is not pipelined (MREG=0). Pipelining the multiplier function will improve performance and will save significant power so it is suggested whenever possible to fully pipeline this function.  If this multiplier was inferred, it is suggested to describe an additional register stage after this function.  If there is no registered adder/accumulator following the multiply function, two pipeline stages are suggested to allow both the MREG and PREG registers to be used.  If the DSP48 was instantiated in the design, it is suggested to set both the MREG and PREG attributes to 1 when performing multiply functions.
WARNING: [DRC DPOP-2] MREG Output pipelining: DSP system_i/spike_accel_0/inst/grp_sa_ms_all_conv_block_185_1_fu_481/grp_sa_ms_standard_conv_inplace_1_fu_570/grp_sa_conv2d_bn_40_71_118_240_333_426_535_1_fu_197/grp_sa_conv2d_int_43_74_429_536_1_fu_1003/mul_9ns_14ns_23_1_1_U60/tmp_product multiplier stage system_i/spike_accel_0/inst/grp_sa_ms_all_conv_block_185_1_fu_481/grp_sa_ms_standard_conv_inplace_1_fu_570/grp_sa_conv2d_bn_40_71_118_240_333_426_535_1_fu_197/grp_sa_conv2d_int_43_74_429_536_1_fu_1003/mul_9ns_14ns_23_1_1_U60/tmp_product/P[47:0] is not pipelined (MREG=0). Pipelining the multiplier function will improve performance and will save significant power so it is suggested whenever possible to fully pipeline this function.  If this multiplier was inferred, it is suggested to describe an additional register stage after this function.  If there is no registered adder/accumulator following the multiply function, two pipeline stages are suggested to allow both the MREG and PREG registers to be used.  If the DSP48 was instantiated in the design, it is suggested to set both the MREG and PREG attributes to 1 when performing multiply functions.
WARNING: [DRC DPOP-2] MREG Output pipelining: DSP system_i/spike_accel_0/inst/grp_sa_ms_all_conv_block_185_1_fu_481/grp_sa_ms_standard_conv_inplace_1_fu_570/grp_sa_conv2d_bn_40_71_118_240_333_426_535_1_fu_197/grp_sa_conv2d_int_43_74_429_536_1_fu_1003/mul_ln80_reg_1859_reg multiplier stage system_i/spike_accel_0/inst/grp_sa_ms_all_conv_block_185_1_fu_481/grp_sa_ms_standard_conv_inplace_1_fu_570/grp_sa_conv2d_bn_40_71_118_240_333_426_535_1_fu_197/grp_sa_conv2d_int_43_74_429_536_1_fu_1003/mul_ln80_reg_1859_reg/P[47:0] is not pipelined (MREG=0). Pipelining the multiplier function will improve performance and will save significant power so it is suggested whenever possible to fully pipeline this function.  If this multiplier was inferred, it is suggested to describe an additional register stage after this function.  If there is no registered adder/accumulator following the multiply function, two pipeline stages are suggested to allow both the MREG and PREG registers to be used.  If the DSP48 was instantiated in the design, it is suggested to set both the MREG and PREG attributes to 1 when performing multiply functions.
WARNING: [DRC DPOP-2] MREG Output pipelining: DSP system_i/spike_accel_0/inst/grp_sa_ms_all_conv_block_185_1_fu_481/grp_sa_ms_standard_conv_inplace_1_fu_570/grp_sa_conv2d_bn_40_71_118_240_333_426_535_1_fu_197/grp_sa_conv2d_int_43_74_429_536_1_fu_1003/tmp2_reg_1798_reg multiplier stage system_i/spike_accel_0/inst/grp_sa_ms_all_conv_block_185_1_fu_481/grp_sa_ms_standard_conv_inplace_1_fu_570/grp_sa_conv2d_bn_40_71_118_240_333_426_535_1_fu_197/grp_sa_conv2d_int_43_74_429_536_1_fu_1003/tmp2_reg_1798_reg/P[47:0] is not pipelined (MREG=0). Pipelining the multiplier function will improve performance and will save significant power so it is suggested whenever possible to fully pipeline this function.  If this multiplier was inferred, it is suggested to describe an additional register stage after this function.  If there is no registered adder/accumulator following the multiply function, two pipeline stages are suggested to allow both the MREG and PREG registers to be used.  If the DSP48 was instantiated in the design, it is suggested to set both the MREG and PREG attributes to 1 when performing multiply functions.
WARNING: [DRC DPOP-2] MREG Output pipelining: DSP system_i/spike_accel_0/inst/grp_sa_ms_all_conv_block_185_1_fu_481/grp_sa_ms_standard_conv_inplace_1_fu_570/grp_sa_conv2d_bn_40_71_118_240_333_426_535_1_fu_197/mul_ln116_reg_713_reg multiplier stage system_i/spike_accel_0/inst/grp_sa_ms_all_conv_block_185_1_fu_481/grp_sa_ms_standard_conv_inplace_1_fu_570/grp_sa_conv2d_bn_40_71_118_240_333_426_535_1_fu_197/mul_ln116_reg_713_reg/P[47:0] is not pipelined (MREG=0). Pipelining the multiplier function will improve performance and will save significant power so it is suggested whenever possible to fully pipeline this function.  If this multiplier was inferred, it is suggested to describe an additional register stage after this function.  If there is no registered adder/accumulator following the multiply function, two pipeline stages are suggested to allow both the MREG and PREG registers to be used.  If the DSP48 was instantiated in the design, it is suggested to set both the MREG and PREG attributes to 1 when performing multiply functions.
WARNING: [DRC DPOP-2] MREG Output pipelining: DSP system_i/spike_accel_0/inst/grp_sa_ms_all_conv_block_185_1_fu_481/grp_sa_ms_standard_conv_inplace_1_fu_570/grp_sa_conv2d_bn_40_71_118_240_333_426_535_1_fu_197/mul_ln95_reg_716_reg multiplier stage system_i/spike_accel_0/inst/grp_sa_ms_all_conv_block_185_1_fu_481/grp_sa_ms_standard_conv_inplace_1_fu_570/grp_sa_conv2d_bn_40_71_118_240_333_426_535_1_fu_197/mul_ln95_reg_716_reg/P[47:0] is not pipelined (MREG=0). Pipelining the multiplier function will improve performance and will save significant power so it is suggested whenever possible to fully pipeline this function.  If this multiplier was inferred, it is suggested to describe an additional register stage after this function.  If there is no registered adder/accumulator following the multiply function, two pipeline stages are suggested to allow both the MREG and PREG registers to be used.  If the DSP48 was instantiated in the design, it is suggested to set both the MREG and PREG attributes to 1 when performing multiply functions.
WARNING: [DRC DPOP-2] MREG Output pipelining: DSP system_i/spike_accel_0/inst/grp_sa_ms_all_conv_block_185_1_fu_481/grp_sa_ms_standard_conv_inplace_1_fu_570/grp_sa_ms_standard_conv_inplace_1_Pipeline_VITIS_LOOP_36_1_VITIS_LOOP_37_2_fu_172/mul10_i_reg_1031_reg multiplier stage system_i/spike_accel_0/inst/grp_sa_ms_all_conv_block_185_1_fu_481/grp_sa_ms_standard_conv_inplace_1_fu_570/grp_sa_ms_standard_conv_inplace_1_Pipeline_VITIS_LOOP_36_1_VITIS_LOOP_37_2_fu_172/mul10_i_reg_1031_reg/P[47:0] is not pipelined (MREG=0). Pipelining the multiplier function will improve performance and will save significant power so it is suggested whenever possible to fully pipeline this function.  If this multiplier was inferred, it is suggested to describe an additional register stage after this function.  If there is no registered adder/accumulator following the multiply function, two pipeline stages are suggested to allow both the MREG and PREG registers to be used.  If the DSP48 was instantiated in the design, it is suggested to set both the MREG and PREG attributes to 1 when performing multiply functions.
WARNING: [DRC DPOP-2] MREG Output pipelining: DSP system_i/spike_accel_0/inst/grp_sa_ms_all_conv_block_185_1_fu_481/grp_sa_ms_standard_conv_inplace_1_fu_570/grp_sa_ms_standard_conv_inplace_1_Pipeline_VITIS_LOOP_36_1_VITIS_LOOP_37_2_fu_172/mul28_2_i_cast_reg_1041_reg multiplier stage system_i/spike_accel_0/inst/grp_sa_ms_all_conv_block_185_1_fu_481/grp_sa_ms_standard_conv_inplace_1_fu_570/grp_sa_ms_standard_conv_inplace_1_Pipeline_VITIS_LOOP_36_1_VITIS_LOOP_37_2_fu_172/mul28_2_i_cast_reg_1041_reg/P[47:0] is not pipelined (MREG=0). Pipelining the multiplier function will improve performance and will save significant power so it is suggested whenever possible to fully pipeline this function.  If this multiplier was inferred, it is suggested to describe an additional register stage after this function.  If there is no registered adder/accumulator following the multiply function, two pipeline stages are suggested to allow both the MREG and PREG registers to be used.  If the DSP48 was instantiated in the design, it is suggested to set both the MREG and PREG attributes to 1 when performing multiply functions.
WARNING: [DRC DPOP-2] MREG Output pipelining: DSP system_i/spike_accel_0/inst/grp_sa_ms_all_conv_block_185_1_fu_481/grp_sa_ms_standard_conv_inplace_1_fu_570/mul_7ns_7ns_14_1_1_U224/tmp_product multiplier stage system_i/spike_accel_0/inst/grp_sa_ms_all_conv_block_185_1_fu_481/grp_sa_ms_standard_conv_inplace_1_fu_570/mul_7ns_7ns_14_1_1_U224/tmp_product/P[47:0] is not pipelined (MREG=0). Pipelining the multiplier function will improve performance and will save significant power so it is suggested whenever possible to fully pipeline this function.  If this multiplier was inferred, it is suggested to describe an additional register stage after this function.  If there is no registered adder/accumulator following the multiply function, two pipeline stages are suggested to allow both the MREG and PREG registers to be used.  If the DSP48 was instantiated in the design, it is suggested to set both the MREG and PREG attributes to 1 when performing multiply functions.
WARNING: [DRC DPOP-2] MREG Output pipelining: DSP system_i/spike_accel_0/inst/grp_sa_ms_all_conv_block_185_1_fu_481/grp_sa_ms_standard_conv_inplace_1_fu_570/mul_ln36_reg_338_reg multiplier stage system_i/spike_accel_0/inst/grp_sa_ms_all_conv_block_185_1_fu_481/grp_sa_ms_standard_conv_inplace_1_fu_570/mul_ln36_reg_338_reg/P[47:0] is not pipelined (MREG=0). Pipelining the multiplier function will improve performance and will save significant power so it is suggested whenever possible to fully pipeline this function.  If this multiplier was inferred, it is suggested to describe an additional register stage after this function.  If there is no registered adder/accumulator following the multiply function, two pipeline stages are suggested to allow both the MREG and PREG registers to be used.  If the DSP48 was instantiated in the design, it is suggested to set both the MREG and PREG attributes to 1 when performing multiply functions.
WARNING: [DRC DPOP-2] MREG Output pipelining: DSP system_i/spike_accel_0/inst/grp_sa_ms_all_conv_block_185_1_fu_481/grp_sa_ms_standard_conv_inplace_fu_485/grp_sa_conv2d_bn_40_71_118_240_333_426_535_1_fu_221/bound_reg_710_reg multiplier stage system_i/spike_accel_0/inst/grp_sa_ms_all_conv_block_185_1_fu_481/grp_sa_ms_standard_conv_inplace_fu_485/grp_sa_conv2d_bn_40_71_118_240_333_426_535_1_fu_221/bound_reg_710_reg/P[47:0] is not pipelined (MREG=0). Pipelining the multiplier function will improve performance and will save significant power so it is suggested whenever possible to fully pipeline this function.  If this multiplier was inferred, it is suggested to describe an additional register stage after this function.  If there is no registered adder/accumulator following the multiply function, two pipeline stages are suggested to allow both the MREG and PREG registers to be used.  If the DSP48 was instantiated in the design, it is suggested to set both the MREG and PREG attributes to 1 when performing multiply functions.
WARNING: [DRC DPOP-2] MREG Output pipelining: DSP system_i/spike_accel_0/inst/grp_sa_ms_all_conv_block_185_1_fu_481/grp_sa_ms_standard_conv_inplace_fu_485/grp_sa_conv2d_bn_40_71_118_240_333_426_535_1_fu_221/grp_sa_conv2d_bn_40_71_118_240_333_426_535_1_Pipeline_VITIS_LOOP_95_2_VITIS_LOOP_96_s_fu_1030/mul26_2_cast_reg_788_reg multiplier stage system_i/spike_accel_0/inst/grp_sa_ms_all_conv_block_185_1_fu_481/grp_sa_ms_standard_conv_inplace_fu_485/grp_sa_conv2d_bn_40_71_118_240_333_426_535_1_fu_221/grp_sa_conv2d_bn_40_71_118_240_333_426_535_1_Pipeline_VITIS_LOOP_95_2_VITIS_LOOP_96_s_fu_1030/mul26_2_cast_reg_788_reg/P[47:0] is not pipelined (MREG=0). Pipelining the multiplier function will improve performance and will save significant power so it is suggested whenever possible to fully pipeline this function.  If this multiplier was inferred, it is suggested to describe an additional register stage after this function.  If there is no registered adder/accumulator following the multiply function, two pipeline stages are suggested to allow both the MREG and PREG registers to be used.  If the DSP48 was instantiated in the design, it is suggested to set both the MREG and PREG attributes to 1 when performing multiply functions.
WARNING: [DRC DPOP-2] MREG Output pipelining: DSP system_i/spike_accel_0/inst/grp_sa_ms_all_conv_block_185_1_fu_481/grp_sa_ms_standard_conv_inplace_fu_485/grp_sa_conv2d_bn_40_71_118_240_333_426_535_1_fu_221/grp_sa_conv2d_bn_40_71_118_240_333_426_535_1_Pipeline_VITIS_LOOP_95_2_VITIS_LOOP_96_s_fu_1030/mul_9ns_7ns_15_1_1_U95/tmp_product multiplier stage system_i/spike_accel_0/inst/grp_sa_ms_all_conv_block_185_1_fu_481/grp_sa_ms_standard_conv_inplace_fu_485/grp_sa_conv2d_bn_40_71_118_240_333_426_535_1_fu_221/grp_sa_conv2d_bn_40_71_118_240_333_426_535_1_Pipeline_VITIS_LOOP_95_2_VITIS_LOOP_96_s_fu_1030/mul_9ns_7ns_15_1_1_U95/tmp_product/P[47:0] is not pipelined (MREG=0). Pipelining the multiplier function will improve performance and will save significant power so it is suggested whenever possible to fully pipeline this function.  If this multiplier was inferred, it is suggested to describe an additional register stage after this function.  If there is no registered adder/accumulator following the multiply function, two pipeline stages are suggested to allow both the MREG and PREG registers to be used.  If the DSP48 was instantiated in the design, it is suggested to set both the MREG and PREG attributes to 1 when performing multiply functions.
WARNING: [DRC DPOP-2] MREG Output pipelining: DSP system_i/spike_accel_0/inst/grp_sa_ms_all_conv_block_185_1_fu_481/grp_sa_ms_standard_conv_inplace_fu_485/grp_sa_conv2d_bn_40_71_118_240_333_426_535_1_fu_221/grp_sa_conv2d_int_43_74_429_536_1_fu_1003/mul_14ns_16ns_29_1_1_U55/tmp_product multiplier stage system_i/spike_accel_0/inst/grp_sa_ms_all_conv_block_185_1_fu_481/grp_sa_ms_standard_conv_inplace_fu_485/grp_sa_conv2d_bn_40_71_118_240_333_426_535_1_fu_221/grp_sa_conv2d_int_43_74_429_536_1_fu_1003/mul_14ns_16ns_29_1_1_U55/tmp_product/P[47:0] is not pipelined (MREG=0). Pipelining the multiplier function will improve performance and will save significant power so it is suggested whenever possible to fully pipeline this function.  If this multiplier was inferred, it is suggested to describe an additional register stage after this function.  If there is no registered adder/accumulator following the multiply function, two pipeline stages are suggested to allow both the MREG and PREG registers to be used.  If the DSP48 was instantiated in the design, it is suggested to set both the MREG and PREG attributes to 1 when performing multiply functions.
WARNING: [DRC DPOP-2] MREG Output pipelining: DSP system_i/spike_accel_0/inst/grp_sa_ms_all_conv_block_185_1_fu_481/grp_sa_ms_standard_conv_inplace_fu_485/grp_sa_conv2d_bn_40_71_118_240_333_426_535_1_fu_221/grp_sa_conv2d_int_43_74_429_536_1_fu_1003/mul_16ns_7ns_23_1_1_U62/tmp_product multiplier stage system_i/spike_accel_0/inst/grp_sa_ms_all_conv_block_185_1_fu_481/grp_sa_ms_standard_conv_inplace_fu_485/grp_sa_conv2d_bn_40_71_118_240_333_426_535_1_fu_221/grp_sa_conv2d_int_43_74_429_536_1_fu_1003/mul_16ns_7ns_23_1_1_U62/tmp_product/P[47:0] is not pipelined (MREG=0). Pipelining the multiplier function will improve performance and will save significant power so it is suggested whenever possible to fully pipeline this function.  If this multiplier was inferred, it is suggested to describe an additional register stage after this function.  If there is no registered adder/accumulator following the multiply function, two pipeline stages are suggested to allow both the MREG and PREG registers to be used.  If the DSP48 was instantiated in the design, it is suggested to set both the MREG and PREG attributes to 1 when performing multiply functions.
WARNING: [DRC DPOP-2] MREG Output pipelining: DSP system_i/spike_accel_0/inst/grp_sa_ms_all_conv_block_185_1_fu_481/grp_sa_ms_standard_conv_inplace_fu_485/grp_sa_conv2d_bn_40_71_118_240_333_426_535_1_fu_221/grp_sa_conv2d_int_43_74_429_536_1_fu_1003/mul_16ns_9ns_24_1_1_U54/tmp_product multiplier stage system_i/spike_accel_0/inst/grp_sa_ms_all_conv_block_185_1_fu_481/grp_sa_ms_standard_conv_inplace_fu_485/grp_sa_conv2d_bn_40_71_118_240_333_426_535_1_fu_221/grp_sa_conv2d_int_43_74_429_536_1_fu_1003/mul_16ns_9ns_24_1_1_U54/tmp_product/P[47:0] is not pipelined (MREG=0). Pipelining the multiplier function will improve performance and will save significant power so it is suggested whenever possible to fully pipeline this function.  If this multiplier was inferred, it is suggested to describe an additional register stage after this function.  If there is no registered adder/accumulator following the multiply function, two pipeline stages are suggested to allow both the MREG and PREG registers to be used.  If the DSP48 was instantiated in the design, it is suggested to set both the MREG and PREG attributes to 1 when performing multiply functions.
WARNING: [DRC DPOP-2] MREG Output pipelining: DSP system_i/spike_accel_0/inst/grp_sa_ms_all_conv_block_185_1_fu_481/grp_sa_ms_standard_conv_inplace_fu_485/grp_sa_conv2d_bn_40_71_118_240_333_426_535_1_fu_221/grp_sa_conv2d_int_43_74_429_536_1_fu_1003/mul_23s_7ns_30_1_1_U59/tmp_product multiplier stage system_i/spike_accel_0/inst/grp_sa_ms_all_conv_block_185_1_fu_481/grp_sa_ms_standard_conv_inplace_fu_485/grp_sa_conv2d_bn_40_71_118_240_333_426_535_1_fu_221/grp_sa_conv2d_int_43_74_429_536_1_fu_1003/mul_23s_7ns_30_1_1_U59/tmp_product/P[47:0] is not pipelined (MREG=0). Pipelining the multiplier function will improve performance and will save significant power so it is suggested whenever possible to fully pipeline this function.  If this multiplier was inferred, it is suggested to describe an additional register stage after this function.  If there is no registered adder/accumulator following the multiply function, two pipeline stages are suggested to allow both the MREG and PREG registers to be used.  If the DSP48 was instantiated in the design, it is suggested to set both the MREG and PREG attributes to 1 when performing multiply functions.
WARNING: [DRC DPOP-2] MREG Output pipelining: DSP system_i/spike_accel_0/inst/grp_sa_ms_all_conv_block_185_1_fu_481/grp_sa_ms_standard_conv_inplace_fu_485/grp_sa_conv2d_bn_40_71_118_240_333_426_535_1_fu_221/grp_sa_conv2d_int_43_74_429_536_1_fu_1003/mul_6ns_24ns_30_1_1_U57/tmp_product multiplier stage system_i/spike_accel_0/inst/grp_sa_ms_all_conv_block_185_1_fu_481/grp_sa_ms_standard_conv_inplace_fu_485/grp_sa_conv2d_bn_40_71_118_240_333_426_535_1_fu_221/grp_sa_conv2d_int_43_74_429_536_1_fu_1003/mul_6ns_24ns_30_1_1_U57/tmp_product/P[47:0] is not pipelined (MREG=0). Pipelining the multiplier function will improve performance and will save significant power so it is suggested whenever possible to fully pipeline this function.  If this multiplier was inferred, it is suggested to describe an additional register stage after this function.  If there is no registered adder/accumulator following the multiply function, two pipeline stages are suggested to allow both the MREG and PREG registers to be used.  If the DSP48 was instantiated in the design, it is suggested to set both the MREG and PREG attributes to 1 when performing multiply functions.
WARNING: [DRC DPOP-2] MREG Output pipelining: DSP system_i/spike_accel_0/inst/grp_sa_ms_all_conv_block_185_1_fu_481/grp_sa_ms_standard_conv_inplace_fu_485/grp_sa_conv2d_bn_40_71_118_240_333_426_535_1_fu_221/grp_sa_conv2d_int_43_74_429_536_1_fu_1003/mul_9ns_14ns_23_1_1_U60/tmp_product multiplier stage system_i/spike_accel_0/inst/grp_sa_ms_all_conv_block_185_1_fu_481/grp_sa_ms_standard_conv_inplace_fu_485/grp_sa_conv2d_bn_40_71_118_240_333_426_535_1_fu_221/grp_sa_conv2d_int_43_74_429_536_1_fu_1003/mul_9ns_14ns_23_1_1_U60/tmp_product/P[47:0] is not pipelined (MREG=0). Pipelining the multiplier function will improve performance and will save significant power so it is suggested whenever possible to fully pipeline this function.  If this multiplier was inferred, it is suggested to describe an additional register stage after this function.  If there is no registered adder/accumulator following the multiply function, two pipeline stages are suggested to allow both the MREG and PREG registers to be used.  If the DSP48 was instantiated in the design, it is suggested to set both the MREG and PREG attributes to 1 when performing multiply functions.
WARNING: [DRC DPOP-2] MREG Output pipelining: DSP system_i/spike_accel_0/inst/grp_sa_ms_all_conv_block_185_1_fu_481/grp_sa_ms_standard_conv_inplace_fu_485/grp_sa_conv2d_bn_40_71_118_240_333_426_535_1_fu_221/grp_sa_conv2d_int_43_74_429_536_1_fu_1003/mul_ln80_reg_1859_reg multiplier stage system_i/spike_accel_0/inst/grp_sa_ms_all_conv_block_185_1_fu_481/grp_sa_ms_standard_conv_inplace_fu_485/grp_sa_conv2d_bn_40_71_118_240_333_426_535_1_fu_221/grp_sa_conv2d_int_43_74_429_536_1_fu_1003/mul_ln80_reg_1859_reg/P[47:0] is not pipelined (MREG=0). Pipelining the multiplier function will improve performance and will save significant power so it is suggested whenever possible to fully pipeline this function.  If this multiplier was inferred, it is suggested to describe an additional register stage after this function.  If there is no registered adder/accumulator following the multiply function, two pipeline stages are suggested to allow both the MREG and PREG registers to be used.  If the DSP48 was instantiated in the design, it is suggested to set both the MREG and PREG attributes to 1 when performing multiply functions.
WARNING: [DRC DPOP-2] MREG Output pipelining: DSP system_i/spike_accel_0/inst/grp_sa_ms_all_conv_block_185_1_fu_481/grp_sa_ms_standard_conv_inplace_fu_485/grp_sa_conv2d_bn_40_71_118_240_333_426_535_1_fu_221/grp_sa_conv2d_int_43_74_429_536_1_fu_1003/tmp2_reg_1798_reg multiplier stage system_i/spike_accel_0/inst/grp_sa_ms_all_conv_block_185_1_fu_481/grp_sa_ms_standard_conv_inplace_fu_485/grp_sa_conv2d_bn_40_71_118_240_333_426_535_1_fu_221/grp_sa_conv2d_int_43_74_429_536_1_fu_1003/tmp2_reg_1798_reg/P[47:0] is not pipelined (MREG=0). Pipelining the multiplier function will improve performance and will save significant power so it is suggested whenever possible to fully pipeline this function.  If this multiplier was inferred, it is suggested to describe an additional register stage after this function.  If there is no registered adder/accumulator following the multiply function, two pipeline stages are suggested to allow both the MREG and PREG registers to be used.  If the DSP48 was instantiated in the design, it is suggested to set both the MREG and PREG attributes to 1 when performing multiply functions.
WARNING: [DRC DPOP-2] MREG Output pipelining: DSP system_i/spike_accel_0/inst/grp_sa_ms_all_conv_block_185_1_fu_481/grp_sa_ms_standard_conv_inplace_fu_485/grp_sa_conv2d_bn_40_71_118_240_333_426_535_1_fu_221/mul_ln116_reg_713_reg multiplier stage system_i/spike_accel_0/inst/grp_sa_ms_all_conv_block_185_1_fu_481/grp_sa_ms_standard_conv_inplace_fu_485/grp_sa_conv2d_bn_40_71_118_240_333_426_535_1_fu_221/mul_ln116_reg_713_reg/P[47:0] is not pipelined (MREG=0). Pipelining the multiplier function will improve performance and will save significant power so it is suggested whenever possible to fully pipeline this function.  If this multiplier was inferred, it is suggested to describe an additional register stage after this function.  If there is no registered adder/accumulator following the multiply function, two pipeline stages are suggested to allow both the MREG and PREG registers to be used.  If the DSP48 was instantiated in the design, it is suggested to set both the MREG and PREG attributes to 1 when performing multiply functions.
WARNING: [DRC DPOP-2] MREG Output pipelining: DSP system_i/spike_accel_0/inst/grp_sa_ms_all_conv_block_185_1_fu_481/grp_sa_ms_standard_conv_inplace_fu_485/grp_sa_conv2d_bn_40_71_118_240_333_426_535_1_fu_221/mul_ln95_reg_716_reg multiplier stage system_i/spike_accel_0/inst/grp_sa_ms_all_conv_block_185_1_fu_481/grp_sa_ms_standard_conv_inplace_fu_485/grp_sa_conv2d_bn_40_71_118_240_333_426_535_1_fu_221/mul_ln95_reg_716_reg/P[47:0] is not pipelined (MREG=0). Pipelining the multiplier function will improve performance and will save significant power so it is suggested whenever possible to fully pipeline this function.  If this multiplier was inferred, it is suggested to describe an additional register stage after this function.  If there is no registered adder/accumulator following the multiply function, two pipeline stages are suggested to allow both the MREG and PREG registers to be used.  If the DSP48 was instantiated in the design, it is suggested to set both the MREG and PREG attributes to 1 when performing multiply functions.
WARNING: [DRC DPOP-2] MREG Output pipelining: DSP system_i/spike_accel_0/inst/grp_sa_ms_all_conv_block_185_1_fu_481/grp_sa_ms_standard_conv_inplace_fu_485/grp_sa_ms_standard_conv_inplace_Pipeline_VITIS_LOOP_36_1_VITIS_LOOP_37_2_fu_196/mul10_i_reg_1039_reg multiplier stage system_i/spike_accel_0/inst/grp_sa_ms_all_conv_block_185_1_fu_481/grp_sa_ms_standard_conv_inplace_fu_485/grp_sa_ms_standard_conv_inplace_Pipeline_VITIS_LOOP_36_1_VITIS_LOOP_37_2_fu_196/mul10_i_reg_1039_reg/P[47:0] is not pipelined (MREG=0). Pipelining the multiplier function will improve performance and will save significant power so it is suggested whenever possible to fully pipeline this function.  If this multiplier was inferred, it is suggested to describe an additional register stage after this function.  If there is no registered adder/accumulator following the multiply function, two pipeline stages are suggested to allow both the MREG and PREG registers to be used.  If the DSP48 was instantiated in the design, it is suggested to set both the MREG and PREG attributes to 1 when performing multiply functions.
WARNING: [DRC DPOP-2] MREG Output pipelining: DSP system_i/spike_accel_0/inst/grp_sa_ms_all_conv_block_185_1_fu_481/grp_sa_ms_standard_conv_inplace_fu_485/grp_sa_ms_standard_conv_inplace_Pipeline_VITIS_LOOP_36_1_VITIS_LOOP_37_2_fu_196/mul_ln37_reg_1049_reg multiplier stage system_i/spike_accel_0/inst/grp_sa_ms_all_conv_block_185_1_fu_481/grp_sa_ms_standard_conv_inplace_fu_485/grp_sa_ms_standard_conv_inplace_Pipeline_VITIS_LOOP_36_1_VITIS_LOOP_37_2_fu_196/mul_ln37_reg_1049_reg/P[47:0] is not pipelined (MREG=0). Pipelining the multiplier function will improve performance and will save significant power so it is suggested whenever possible to fully pipeline this function.  If this multiplier was inferred, it is suggested to describe an additional register stage after this function.  If there is no registered adder/accumulator following the multiply function, two pipeline stages are suggested to allow both the MREG and PREG registers to be used.  If the DSP48 was instantiated in the design, it is suggested to set both the MREG and PREG attributes to 1 when performing multiply functions.
WARNING: [DRC DPOP-2] MREG Output pipelining: DSP system_i/spike_accel_0/inst/grp_sa_ms_all_conv_block_185_1_fu_481/grp_sa_ms_standard_conv_inplace_fu_485/mul_7ns_7ns_14_1_1_U165/tmp_product multiplier stage system_i/spike_accel_0/inst/grp_sa_ms_all_conv_block_185_1_fu_481/grp_sa_ms_standard_conv_inplace_fu_485/mul_7ns_7ns_14_1_1_U165/tmp_product/P[47:0] is not pipelined (MREG=0). Pipelining the multiplier function will improve performance and will save significant power so it is suggested whenever possible to fully pipeline this function.  If this multiplier was inferred, it is suggested to describe an additional register stage after this function.  If there is no registered adder/accumulator following the multiply function, two pipeline stages are suggested to allow both the MREG and PREG registers to be used.  If the DSP48 was instantiated in the design, it is suggested to set both the MREG and PREG attributes to 1 when performing multiply functions.
WARNING: [DRC DPOP-2] MREG Output pipelining: DSP system_i/spike_accel_0/inst/grp_sa_ms_all_conv_block_185_1_fu_481/grp_sa_ms_standard_conv_inplace_fu_485/mul_ln36_reg_362_reg multiplier stage system_i/spike_accel_0/inst/grp_sa_ms_all_conv_block_185_1_fu_481/grp_sa_ms_standard_conv_inplace_fu_485/mul_ln36_reg_362_reg/P[47:0] is not pipelined (MREG=0). Pipelining the multiplier function will improve performance and will save significant power so it is suggested whenever possible to fully pipeline this function.  If this multiplier was inferred, it is suggested to describe an additional register stage after this function.  If there is no registered adder/accumulator following the multiply function, two pipeline stages are suggested to allow both the MREG and PREG registers to be used.  If the DSP48 was instantiated in the design, it is suggested to set both the MREG and PREG attributes to 1 when performing multiply functions.
WARNING: [DRC DPOP-2] MREG Output pipelining: DSP system_i/spike_accel_0/inst/grp_sa_ms_all_conv_block_185_1_fu_481/mul_ln105_reg_933_reg multiplier stage system_i/spike_accel_0/inst/grp_sa_ms_all_conv_block_185_1_fu_481/mul_ln105_reg_933_reg/P[47:0] is not pipelined (MREG=0). Pipelining the multiplier function will improve performance and will save significant power so it is suggested whenever possible to fully pipeline this function.  If this multiplier was inferred, it is suggested to describe an additional register stage after this function.  If there is no registered adder/accumulator following the multiply function, two pipeline stages are suggested to allow both the MREG and PREG registers to be used.  If the DSP48 was instantiated in the design, it is suggested to set both the MREG and PREG attributes to 1 when performing multiply functions.
WARNING: [DRC DPOP-2] MREG Output pipelining: DSP system_i/spike_accel_0/inst/grp_sa_ms_all_conv_block_185_1_fu_481/mul_ln85_1_reg_1060_reg multiplier stage system_i/spike_accel_0/inst/grp_sa_ms_all_conv_block_185_1_fu_481/mul_ln85_1_reg_1060_reg/P[47:0] is not pipelined (MREG=0). Pipelining the multiplier function will improve performance and will save significant power so it is suggested whenever possible to fully pipeline this function.  If this multiplier was inferred, it is suggested to describe an additional register stage after this function.  If there is no registered adder/accumulator following the multiply function, two pipeline stages are suggested to allow both the MREG and PREG registers to be used.  If the DSP48 was instantiated in the design, it is suggested to set both the MREG and PREG attributes to 1 when performing multiply functions.
WARNING: [DRC DPOP-2] MREG Output pipelining: DSP system_i/spike_accel_0/inst/grp_sa_ms_all_conv_block_185_1_fu_481/mul_ln85_reg_1019_reg multiplier stage system_i/spike_accel_0/inst/grp_sa_ms_all_conv_block_185_1_fu_481/mul_ln85_reg_1019_reg/P[47:0] is not pipelined (MREG=0). Pipelining the multiplier function will improve performance and will save significant power so it is suggested whenever possible to fully pipeline this function.  If this multiplier was inferred, it is suggested to describe an additional register stage after this function.  If there is no registered adder/accumulator following the multiply function, two pipeline stages are suggested to allow both the MREG and PREG registers to be used.  If the DSP48 was instantiated in the design, it is suggested to set both the MREG and PREG attributes to 1 when performing multiply functions.
WARNING: [DRC DPOP-2] MREG Output pipelining: DSP system_i/spike_accel_0/inst/grp_sa_ms_all_conv_block_185_1_fu_481/trunc_ln85_reg_949_reg multiplier stage system_i/spike_accel_0/inst/grp_sa_ms_all_conv_block_185_1_fu_481/trunc_ln85_reg_949_reg/P[47:0] is not pipelined (MREG=0). Pipelining the multiplier function will improve performance and will save significant power so it is suggested whenever possible to fully pipeline this function.  If this multiplier was inferred, it is suggested to describe an additional register stage after this function.  If there is no registered adder/accumulator following the multiply function, two pipeline stages are suggested to allow both the MREG and PREG registers to be used.  If the DSP48 was instantiated in the design, it is suggested to set both the MREG and PREG attributes to 1 when performing multiply functions.
WARNING: [DRC DPOP-2] MREG Output pipelining: DSP system_i/spike_accel_0/inst/grp_sa_ms_downsampling_199_1_fu_628/grp_sa_conv2d_bn_40_71_118_240_333_426_535_1_fu_199/bound_reg_710_reg multiplier stage system_i/spike_accel_0/inst/grp_sa_ms_downsampling_199_1_fu_628/grp_sa_conv2d_bn_40_71_118_240_333_426_535_1_fu_199/bound_reg_710_reg/P[47:0] is not pipelined (MREG=0). Pipelining the multiplier function will improve performance and will save significant power so it is suggested whenever possible to fully pipeline this function.  If this multiplier was inferred, it is suggested to describe an additional register stage after this function.  If there is no registered adder/accumulator following the multiply function, two pipeline stages are suggested to allow both the MREG and PREG registers to be used.  If the DSP48 was instantiated in the design, it is suggested to set both the MREG and PREG attributes to 1 when performing multiply functions.
WARNING: [DRC DPOP-2] MREG Output pipelining: DSP system_i/spike_accel_0/inst/grp_sa_ms_downsampling_199_1_fu_628/grp_sa_conv2d_bn_40_71_118_240_333_426_535_1_fu_199/grp_sa_conv2d_bn_40_71_118_240_333_426_535_1_Pipeline_VITIS_LOOP_95_2_VITIS_LOOP_96_s_fu_1030/mul26_2_cast_reg_788_reg multiplier stage system_i/spike_accel_0/inst/grp_sa_ms_downsampling_199_1_fu_628/grp_sa_conv2d_bn_40_71_118_240_333_426_535_1_fu_199/grp_sa_conv2d_bn_40_71_118_240_333_426_535_1_Pipeline_VITIS_LOOP_95_2_VITIS_LOOP_96_s_fu_1030/mul26_2_cast_reg_788_reg/P[47:0] is not pipelined (MREG=0). Pipelining the multiplier function will improve performance and will save significant power so it is suggested whenever possible to fully pipeline this function.  If this multiplier was inferred, it is suggested to describe an additional register stage after this function.  If there is no registered adder/accumulator following the multiply function, two pipeline stages are suggested to allow both the MREG and PREG registers to be used.  If the DSP48 was instantiated in the design, it is suggested to set both the MREG and PREG attributes to 1 when performing multiply functions.
WARNING: [DRC DPOP-2] MREG Output pipelining: DSP system_i/spike_accel_0/inst/grp_sa_ms_downsampling_199_1_fu_628/grp_sa_conv2d_bn_40_71_118_240_333_426_535_1_fu_199/grp_sa_conv2d_bn_40_71_118_240_333_426_535_1_Pipeline_VITIS_LOOP_95_2_VITIS_LOOP_96_s_fu_1030/mul_9ns_7ns_15_1_1_U95/tmp_product multiplier stage system_i/spike_accel_0/inst/grp_sa_ms_downsampling_199_1_fu_628/grp_sa_conv2d_bn_40_71_118_240_333_426_535_1_fu_199/grp_sa_conv2d_bn_40_71_118_240_333_426_535_1_Pipeline_VITIS_LOOP_95_2_VITIS_LOOP_96_s_fu_1030/mul_9ns_7ns_15_1_1_U95/tmp_product/P[47:0] is not pipelined (MREG=0). Pipelining the multiplier function will improve performance and will save significant power so it is suggested whenever possible to fully pipeline this function.  If this multiplier was inferred, it is suggested to describe an additional register stage after this function.  If there is no registered adder/accumulator following the multiply function, two pipeline stages are suggested to allow both the MREG and PREG registers to be used.  If the DSP48 was instantiated in the design, it is suggested to set both the MREG and PREG attributes to 1 when performing multiply functions.
WARNING: [DRC DPOP-2] MREG Output pipelining: DSP system_i/spike_accel_0/inst/grp_sa_ms_downsampling_199_1_fu_628/grp_sa_conv2d_bn_40_71_118_240_333_426_535_1_fu_199/grp_sa_conv2d_int_43_74_429_536_1_fu_1003/mul_14ns_16ns_29_1_1_U55/tmp_product multiplier stage system_i/spike_accel_0/inst/grp_sa_ms_downsampling_199_1_fu_628/grp_sa_conv2d_bn_40_71_118_240_333_426_535_1_fu_199/grp_sa_conv2d_int_43_74_429_536_1_fu_1003/mul_14ns_16ns_29_1_1_U55/tmp_product/P[47:0] is not pipelined (MREG=0). Pipelining the multiplier function will improve performance and will save significant power so it is suggested whenever possible to fully pipeline this function.  If this multiplier was inferred, it is suggested to describe an additional register stage after this function.  If there is no registered adder/accumulator following the multiply function, two pipeline stages are suggested to allow both the MREG and PREG registers to be used.  If the DSP48 was instantiated in the design, it is suggested to set both the MREG and PREG attributes to 1 when performing multiply functions.
WARNING: [DRC DPOP-2] MREG Output pipelining: DSP system_i/spike_accel_0/inst/grp_sa_ms_downsampling_199_1_fu_628/grp_sa_conv2d_bn_40_71_118_240_333_426_535_1_fu_199/grp_sa_conv2d_int_43_74_429_536_1_fu_1003/mul_16ns_7ns_23_1_1_U62/tmp_product multiplier stage system_i/spike_accel_0/inst/grp_sa_ms_downsampling_199_1_fu_628/grp_sa_conv2d_bn_40_71_118_240_333_426_535_1_fu_199/grp_sa_conv2d_int_43_74_429_536_1_fu_1003/mul_16ns_7ns_23_1_1_U62/tmp_product/P[47:0] is not pipelined (MREG=0). Pipelining the multiplier function will improve performance and will save significant power so it is suggested whenever possible to fully pipeline this function.  If this multiplier was inferred, it is suggested to describe an additional register stage after this function.  If there is no registered adder/accumulator following the multiply function, two pipeline stages are suggested to allow both the MREG and PREG registers to be used.  If the DSP48 was instantiated in the design, it is suggested to set both the MREG and PREG attributes to 1 when performing multiply functions.
WARNING: [DRC DPOP-2] MREG Output pipelining: DSP system_i/spike_accel_0/inst/grp_sa_ms_downsampling_199_1_fu_628/grp_sa_conv2d_bn_40_71_118_240_333_426_535_1_fu_199/grp_sa_conv2d_int_43_74_429_536_1_fu_1003/mul_16ns_9ns_24_1_1_U54/tmp_product multiplier stage system_i/spike_accel_0/inst/grp_sa_ms_downsampling_199_1_fu_628/grp_sa_conv2d_bn_40_71_118_240_333_426_535_1_fu_199/grp_sa_conv2d_int_43_74_429_536_1_fu_1003/mul_16ns_9ns_24_1_1_U54/tmp_product/P[47:0] is not pipelined (MREG=0). Pipelining the multiplier function will improve performance and will save significant power so it is suggested whenever possible to fully pipeline this function.  If this multiplier was inferred, it is suggested to describe an additional register stage after this function.  If there is no registered adder/accumulator following the multiply function, two pipeline stages are suggested to allow both the MREG and PREG registers to be used.  If the DSP48 was instantiated in the design, it is suggested to set both the MREG and PREG attributes to 1 when performing multiply functions.
WARNING: [DRC DPOP-2] MREG Output pipelining: DSP system_i/spike_accel_0/inst/grp_sa_ms_downsampling_199_1_fu_628/grp_sa_conv2d_bn_40_71_118_240_333_426_535_1_fu_199/grp_sa_conv2d_int_43_74_429_536_1_fu_1003/mul_23s_7ns_30_1_1_U59/tmp_product multiplier stage system_i/spike_accel_0/inst/grp_sa_ms_downsampling_199_1_fu_628/grp_sa_conv2d_bn_40_71_118_240_333_426_535_1_fu_199/grp_sa_conv2d_int_43_74_429_536_1_fu_1003/mul_23s_7ns_30_1_1_U59/tmp_product/P[47:0] is not pipelined (MREG=0). Pipelining the multiplier function will improve performance and will save significant power so it is suggested whenever possible to fully pipeline this function.  If this multiplier was inferred, it is suggested to describe an additional register stage after this function.  If there is no registered adder/accumulator following the multiply function, two pipeline stages are suggested to allow both the MREG and PREG registers to be used.  If the DSP48 was instantiated in the design, it is suggested to set both the MREG and PREG attributes to 1 when performing multiply functions.
WARNING: [DRC DPOP-2] MREG Output pipelining: DSP system_i/spike_accel_0/inst/grp_sa_ms_downsampling_199_1_fu_628/grp_sa_conv2d_bn_40_71_118_240_333_426_535_1_fu_199/grp_sa_conv2d_int_43_74_429_536_1_fu_1003/mul_6ns_24ns_30_1_1_U57/tmp_product multiplier stage system_i/spike_accel_0/inst/grp_sa_ms_downsampling_199_1_fu_628/grp_sa_conv2d_bn_40_71_118_240_333_426_535_1_fu_199/grp_sa_conv2d_int_43_74_429_536_1_fu_1003/mul_6ns_24ns_30_1_1_U57/tmp_product/P[47:0] is not pipelined (MREG=0). Pipelining the multiplier function will improve performance and will save significant power so it is suggested whenever possible to fully pipeline this function.  If this multiplier was inferred, it is suggested to describe an additional register stage after this function.  If there is no registered adder/accumulator following the multiply function, two pipeline stages are suggested to allow both the MREG and PREG registers to be used.  If the DSP48 was instantiated in the design, it is suggested to set both the MREG and PREG attributes to 1 when performing multiply functions.
WARNING: [DRC DPOP-2] MREG Output pipelining: DSP system_i/spike_accel_0/inst/grp_sa_ms_downsampling_199_1_fu_628/grp_sa_conv2d_bn_40_71_118_240_333_426_535_1_fu_199/grp_sa_conv2d_int_43_74_429_536_1_fu_1003/mul_9ns_14ns_23_1_1_U60/tmp_product multiplier stage system_i/spike_accel_0/inst/grp_sa_ms_downsampling_199_1_fu_628/grp_sa_conv2d_bn_40_71_118_240_333_426_535_1_fu_199/grp_sa_conv2d_int_43_74_429_536_1_fu_1003/mul_9ns_14ns_23_1_1_U60/tmp_product/P[47:0] is not pipelined (MREG=0). Pipelining the multiplier function will improve performance and will save significant power so it is suggested whenever possible to fully pipeline this function.  If this multiplier was inferred, it is suggested to describe an additional register stage after this function.  If there is no registered adder/accumulator following the multiply function, two pipeline stages are suggested to allow both the MREG and PREG registers to be used.  If the DSP48 was instantiated in the design, it is suggested to set both the MREG and PREG attributes to 1 when performing multiply functions.
WARNING: [DRC DPOP-2] MREG Output pipelining: DSP system_i/spike_accel_0/inst/grp_sa_ms_downsampling_199_1_fu_628/grp_sa_conv2d_bn_40_71_118_240_333_426_535_1_fu_199/grp_sa_conv2d_int_43_74_429_536_1_fu_1003/mul_ln80_reg_1859_reg multiplier stage system_i/spike_accel_0/inst/grp_sa_ms_downsampling_199_1_fu_628/grp_sa_conv2d_bn_40_71_118_240_333_426_535_1_fu_199/grp_sa_conv2d_int_43_74_429_536_1_fu_1003/mul_ln80_reg_1859_reg/P[47:0] is not pipelined (MREG=0). Pipelining the multiplier function will improve performance and will save significant power so it is suggested whenever possible to fully pipeline this function.  If this multiplier was inferred, it is suggested to describe an additional register stage after this function.  If there is no registered adder/accumulator following the multiply function, two pipeline stages are suggested to allow both the MREG and PREG registers to be used.  If the DSP48 was instantiated in the design, it is suggested to set both the MREG and PREG attributes to 1 when performing multiply functions.
WARNING: [DRC DPOP-2] MREG Output pipelining: DSP system_i/spike_accel_0/inst/grp_sa_ms_downsampling_199_1_fu_628/grp_sa_conv2d_bn_40_71_118_240_333_426_535_1_fu_199/grp_sa_conv2d_int_43_74_429_536_1_fu_1003/tmp2_reg_1798_reg multiplier stage system_i/spike_accel_0/inst/grp_sa_ms_downsampling_199_1_fu_628/grp_sa_conv2d_bn_40_71_118_240_333_426_535_1_fu_199/grp_sa_conv2d_int_43_74_429_536_1_fu_1003/tmp2_reg_1798_reg/P[47:0] is not pipelined (MREG=0). Pipelining the multiplier function will improve performance and will save significant power so it is suggested whenever possible to fully pipeline this function.  If this multiplier was inferred, it is suggested to describe an additional register stage after this function.  If there is no registered adder/accumulator following the multiply function, two pipeline stages are suggested to allow both the MREG and PREG registers to be used.  If the DSP48 was instantiated in the design, it is suggested to set both the MREG and PREG attributes to 1 when performing multiply functions.
WARNING: [DRC DPOP-2] MREG Output pipelining: DSP system_i/spike_accel_0/inst/grp_sa_ms_downsampling_199_1_fu_628/grp_sa_conv2d_bn_40_71_118_240_333_426_535_1_fu_199/mul_ln116_reg_713_reg multiplier stage system_i/spike_accel_0/inst/grp_sa_ms_downsampling_199_1_fu_628/grp_sa_conv2d_bn_40_71_118_240_333_426_535_1_fu_199/mul_ln116_reg_713_reg/P[47:0] is not pipelined (MREG=0). Pipelining the multiplier function will improve performance and will save significant power so it is suggested whenever possible to fully pipeline this function.  If this multiplier was inferred, it is suggested to describe an additional register stage after this function.  If there is no registered adder/accumulator following the multiply function, two pipeline stages are suggested to allow both the MREG and PREG registers to be used.  If the DSP48 was instantiated in the design, it is suggested to set both the MREG and PREG attributes to 1 when performing multiply functions.
WARNING: [DRC DPOP-2] MREG Output pipelining: DSP system_i/spike_accel_0/inst/grp_sa_ms_downsampling_199_1_fu_628/grp_sa_conv2d_bn_40_71_118_240_333_426_535_1_fu_199/mul_ln95_reg_716_reg multiplier stage system_i/spike_accel_0/inst/grp_sa_ms_downsampling_199_1_fu_628/grp_sa_conv2d_bn_40_71_118_240_333_426_535_1_fu_199/mul_ln95_reg_716_reg/P[47:0] is not pipelined (MREG=0). Pipelining the multiplier function will improve performance and will save significant power so it is suggested whenever possible to fully pipeline this function.  If this multiplier was inferred, it is suggested to describe an additional register stage after this function.  If there is no registered adder/accumulator following the multiply function, two pipeline stages are suggested to allow both the MREG and PREG registers to be used.  If the DSP48 was instantiated in the design, it is suggested to set both the MREG and PREG attributes to 1 when performing multiply functions.
WARNING: [DRC DPOP-2] MREG Output pipelining: DSP system_i/spike_accel_0/inst/grp_sa_ms_downsampling_199_1_fu_628/grp_sa_ms_downsampling_199_1_Pipeline_VITIS_LOOP_36_1_VITIS_LOOP_37_2_fu_174/mul10_i_reg_1029_reg multiplier stage system_i/spike_accel_0/inst/grp_sa_ms_downsampling_199_1_fu_628/grp_sa_ms_downsampling_199_1_Pipeline_VITIS_LOOP_36_1_VITIS_LOOP_37_2_fu_174/mul10_i_reg_1029_reg/P[47:0] is not pipelined (MREG=0). Pipelining the multiplier function will improve performance and will save significant power so it is suggested whenever possible to fully pipeline this function.  If this multiplier was inferred, it is suggested to describe an additional register stage after this function.  If there is no registered adder/accumulator following the multiply function, two pipeline stages are suggested to allow both the MREG and PREG registers to be used.  If the DSP48 was instantiated in the design, it is suggested to set both the MREG and PREG attributes to 1 when performing multiply functions.
WARNING: [DRC DPOP-2] MREG Output pipelining: DSP system_i/spike_accel_0/inst/grp_sa_ms_downsampling_199_1_fu_628/grp_sa_ms_downsampling_199_1_Pipeline_VITIS_LOOP_36_1_VITIS_LOOP_37_2_fu_174/mul_ln37_reg_1039_reg multiplier stage system_i/spike_accel_0/inst/grp_sa_ms_downsampling_199_1_fu_628/grp_sa_ms_downsampling_199_1_Pipeline_VITIS_LOOP_36_1_VITIS_LOOP_37_2_fu_174/mul_ln37_reg_1039_reg/P[47:0] is not pipelined (MREG=0). Pipelining the multiplier function will improve performance and will save significant power so it is suggested whenever possible to fully pipeline this function.  If this multiplier was inferred, it is suggested to describe an additional register stage after this function.  If there is no registered adder/accumulator following the multiply function, two pipeline stages are suggested to allow both the MREG and PREG registers to be used.  If the DSP48 was instantiated in the design, it is suggested to set both the MREG and PREG attributes to 1 when performing multiply functions.
WARNING: [DRC DPOP-2] MREG Output pipelining: DSP system_i/spike_accel_0/inst/grp_sa_ms_downsampling_199_1_fu_628/mul_7ns_7ns_14_1_1_U338/tmp_product multiplier stage system_i/spike_accel_0/inst/grp_sa_ms_downsampling_199_1_fu_628/mul_7ns_7ns_14_1_1_U338/tmp_product/P[47:0] is not pipelined (MREG=0). Pipelining the multiplier function will improve performance and will save significant power so it is suggested whenever possible to fully pipeline this function.  If this multiplier was inferred, it is suggested to describe an additional register stage after this function.  If there is no registered adder/accumulator following the multiply function, two pipeline stages are suggested to allow both the MREG and PREG registers to be used.  If the DSP48 was instantiated in the design, it is suggested to set both the MREG and PREG attributes to 1 when performing multiply functions.
WARNING: [DRC DPOP-2] MREG Output pipelining: DSP system_i/spike_accel_0/inst/grp_sa_ms_downsampling_199_1_fu_628/mul_ln36_reg_356_reg multiplier stage system_i/spike_accel_0/inst/grp_sa_ms_downsampling_199_1_fu_628/mul_ln36_reg_356_reg/P[47:0] is not pipelined (MREG=0). Pipelining the multiplier function will improve performance and will save significant power so it is suggested whenever possible to fully pipeline this function.  If this multiplier was inferred, it is suggested to describe an additional register stage after this function.  If there is no registered adder/accumulator following the multiply function, two pipeline stages are suggested to allow both the MREG and PREG registers to be used.  If the DSP48 was instantiated in the design, it is suggested to set both the MREG and PREG attributes to 1 when performing multiply functions.
WARNING: [DRC DPOP-2] MREG Output pipelining: DSP system_i/spike_accel_0/inst/grp_sa_spike_sppf_1_fu_684/grp_sa_ms_standard_conv_inplace_2_fu_249/grp_sa_conv2d_bn_40_71_118_240_333_426_535_1_fu_169/bound_reg_710_reg multiplier stage system_i/spike_accel_0/inst/grp_sa_spike_sppf_1_fu_684/grp_sa_ms_standard_conv_inplace_2_fu_249/grp_sa_conv2d_bn_40_71_118_240_333_426_535_1_fu_169/bound_reg_710_reg/P[47:0] is not pipelined (MREG=0). Pipelining the multiplier function will improve performance and will save significant power so it is suggested whenever possible to fully pipeline this function.  If this multiplier was inferred, it is suggested to describe an additional register stage after this function.  If there is no registered adder/accumulator following the multiply function, two pipeline stages are suggested to allow both the MREG and PREG registers to be used.  If the DSP48 was instantiated in the design, it is suggested to set both the MREG and PREG attributes to 1 when performing multiply functions.
WARNING: [DRC DPOP-2] MREG Output pipelining: DSP system_i/spike_accel_0/inst/grp_sa_spike_sppf_1_fu_684/grp_sa_ms_standard_conv_inplace_2_fu_249/grp_sa_conv2d_bn_40_71_118_240_333_426_535_1_fu_169/grp_sa_conv2d_bn_40_71_118_240_333_426_535_1_Pipeline_VITIS_LOOP_95_2_VITIS_LOOP_96_s_fu_1030/mul26_2_cast_reg_788_reg multiplier stage system_i/spike_accel_0/inst/grp_sa_spike_sppf_1_fu_684/grp_sa_ms_standard_conv_inplace_2_fu_249/grp_sa_conv2d_bn_40_71_118_240_333_426_535_1_fu_169/grp_sa_conv2d_bn_40_71_118_240_333_426_535_1_Pipeline_VITIS_LOOP_95_2_VITIS_LOOP_96_s_fu_1030/mul26_2_cast_reg_788_reg/P[47:0] is not pipelined (MREG=0). Pipelining the multiplier function will improve performance and will save significant power so it is suggested whenever possible to fully pipeline this function.  If this multiplier was inferred, it is suggested to describe an additional register stage after this function.  If there is no registered adder/accumulator following the multiply function, two pipeline stages are suggested to allow both the MREG and PREG registers to be used.  If the DSP48 was instantiated in the design, it is suggested to set both the MREG and PREG attributes to 1 when performing multiply functions.
WARNING: [DRC DPOP-2] MREG Output pipelining: DSP system_i/spike_accel_0/inst/grp_sa_spike_sppf_1_fu_684/grp_sa_ms_standard_conv_inplace_2_fu_249/grp_sa_conv2d_bn_40_71_118_240_333_426_535_1_fu_169/grp_sa_conv2d_bn_40_71_118_240_333_426_535_1_Pipeline_VITIS_LOOP_95_2_VITIS_LOOP_96_s_fu_1030/mul_9ns_7ns_15_1_1_U95/tmp_product multiplier stage system_i/spike_accel_0/inst/grp_sa_spike_sppf_1_fu_684/grp_sa_ms_standard_conv_inplace_2_fu_249/grp_sa_conv2d_bn_40_71_118_240_333_426_535_1_fu_169/grp_sa_conv2d_bn_40_71_118_240_333_426_535_1_Pipeline_VITIS_LOOP_95_2_VITIS_LOOP_96_s_fu_1030/mul_9ns_7ns_15_1_1_U95/tmp_product/P[47:0] is not pipelined (MREG=0). Pipelining the multiplier function will improve performance and will save significant power so it is suggested whenever possible to fully pipeline this function.  If this multiplier was inferred, it is suggested to describe an additional register stage after this function.  If there is no registered adder/accumulator following the multiply function, two pipeline stages are suggested to allow both the MREG and PREG registers to be used.  If the DSP48 was instantiated in the design, it is suggested to set both the MREG and PREG attributes to 1 when performing multiply functions.
WARNING: [DRC DPOP-2] MREG Output pipelining: DSP system_i/spike_accel_0/inst/grp_sa_spike_sppf_1_fu_684/grp_sa_ms_standard_conv_inplace_2_fu_249/grp_sa_conv2d_bn_40_71_118_240_333_426_535_1_fu_169/grp_sa_conv2d_int_43_74_429_536_1_fu_1003/mul_14ns_16ns_29_1_1_U55/tmp_product multiplier stage system_i/spike_accel_0/inst/grp_sa_spike_sppf_1_fu_684/grp_sa_ms_standard_conv_inplace_2_fu_249/grp_sa_conv2d_bn_40_71_118_240_333_426_535_1_fu_169/grp_sa_conv2d_int_43_74_429_536_1_fu_1003/mul_14ns_16ns_29_1_1_U55/tmp_product/P[47:0] is not pipelined (MREG=0). Pipelining the multiplier function will improve performance and will save significant power so it is suggested whenever possible to fully pipeline this function.  If this multiplier was inferred, it is suggested to describe an additional register stage after this function.  If there is no registered adder/accumulator following the multiply function, two pipeline stages are suggested to allow both the MREG and PREG registers to be used.  If the DSP48 was instantiated in the design, it is suggested to set both the MREG and PREG attributes to 1 when performing multiply functions.
WARNING: [DRC DPOP-2] MREG Output pipelining: DSP system_i/spike_accel_0/inst/grp_sa_spike_sppf_1_fu_684/grp_sa_ms_standard_conv_inplace_2_fu_249/grp_sa_conv2d_bn_40_71_118_240_333_426_535_1_fu_169/grp_sa_conv2d_int_43_74_429_536_1_fu_1003/mul_16ns_7ns_23_1_1_U62/tmp_product multiplier stage system_i/spike_accel_0/inst/grp_sa_spike_sppf_1_fu_684/grp_sa_ms_standard_conv_inplace_2_fu_249/grp_sa_conv2d_bn_40_71_118_240_333_426_535_1_fu_169/grp_sa_conv2d_int_43_74_429_536_1_fu_1003/mul_16ns_7ns_23_1_1_U62/tmp_product/P[47:0] is not pipelined (MREG=0). Pipelining the multiplier function will improve performance and will save significant power so it is suggested whenever possible to fully pipeline this function.  If this multiplier was inferred, it is suggested to describe an additional register stage after this function.  If there is no registered adder/accumulator following the multiply function, two pipeline stages are suggested to allow both the MREG and PREG registers to be used.  If the DSP48 was instantiated in the design, it is suggested to set both the MREG and PREG attributes to 1 when performing multiply functions.
WARNING: [DRC DPOP-2] MREG Output pipelining: DSP system_i/spike_accel_0/inst/grp_sa_spike_sppf_1_fu_684/grp_sa_ms_standard_conv_inplace_2_fu_249/grp_sa_conv2d_bn_40_71_118_240_333_426_535_1_fu_169/grp_sa_conv2d_int_43_74_429_536_1_fu_1003/mul_16ns_9ns_24_1_1_U54/tmp_product multiplier stage system_i/spike_accel_0/inst/grp_sa_spike_sppf_1_fu_684/grp_sa_ms_standard_conv_inplace_2_fu_249/grp_sa_conv2d_bn_40_71_118_240_333_426_535_1_fu_169/grp_sa_conv2d_int_43_74_429_536_1_fu_1003/mul_16ns_9ns_24_1_1_U54/tmp_product/P[47:0] is not pipelined (MREG=0). Pipelining the multiplier function will improve performance and will save significant power so it is suggested whenever possible to fully pipeline this function.  If this multiplier was inferred, it is suggested to describe an additional register stage after this function.  If there is no registered adder/accumulator following the multiply function, two pipeline stages are suggested to allow both the MREG and PREG registers to be used.  If the DSP48 was instantiated in the design, it is suggested to set both the MREG and PREG attributes to 1 when performing multiply functions.
WARNING: [DRC DPOP-2] MREG Output pipelining: DSP system_i/spike_accel_0/inst/grp_sa_spike_sppf_1_fu_684/grp_sa_ms_standard_conv_inplace_2_fu_249/grp_sa_conv2d_bn_40_71_118_240_333_426_535_1_fu_169/grp_sa_conv2d_int_43_74_429_536_1_fu_1003/mul_23s_7ns_30_1_1_U59/tmp_product multiplier stage system_i/spike_accel_0/inst/grp_sa_spike_sppf_1_fu_684/grp_sa_ms_standard_conv_inplace_2_fu_249/grp_sa_conv2d_bn_40_71_118_240_333_426_535_1_fu_169/grp_sa_conv2d_int_43_74_429_536_1_fu_1003/mul_23s_7ns_30_1_1_U59/tmp_product/P[47:0] is not pipelined (MREG=0). Pipelining the multiplier function will improve performance and will save significant power so it is suggested whenever possible to fully pipeline this function.  If this multiplier was inferred, it is suggested to describe an additional register stage after this function.  If there is no registered adder/accumulator following the multiply function, two pipeline stages are suggested to allow both the MREG and PREG registers to be used.  If the DSP48 was instantiated in the design, it is suggested to set both the MREG and PREG attributes to 1 when performing multiply functions.
WARNING: [DRC DPOP-2] MREG Output pipelining: DSP system_i/spike_accel_0/inst/grp_sa_spike_sppf_1_fu_684/grp_sa_ms_standard_conv_inplace_2_fu_249/grp_sa_conv2d_bn_40_71_118_240_333_426_535_1_fu_169/grp_sa_conv2d_int_43_74_429_536_1_fu_1003/mul_6ns_24ns_30_1_1_U57/tmp_product multiplier stage system_i/spike_accel_0/inst/grp_sa_spike_sppf_1_fu_684/grp_sa_ms_standard_conv_inplace_2_fu_249/grp_sa_conv2d_bn_40_71_118_240_333_426_535_1_fu_169/grp_sa_conv2d_int_43_74_429_536_1_fu_1003/mul_6ns_24ns_30_1_1_U57/tmp_product/P[47:0] is not pipelined (MREG=0). Pipelining the multiplier function will improve performance and will save significant power so it is suggested whenever possible to fully pipeline this function.  If this multiplier was inferred, it is suggested to describe an additional register stage after this function.  If there is no registered adder/accumulator following the multiply function, two pipeline stages are suggested to allow both the MREG and PREG registers to be used.  If the DSP48 was instantiated in the design, it is suggested to set both the MREG and PREG attributes to 1 when performing multiply functions.
WARNING: [DRC DPOP-2] MREG Output pipelining: DSP system_i/spike_accel_0/inst/grp_sa_spike_sppf_1_fu_684/grp_sa_ms_standard_conv_inplace_2_fu_249/grp_sa_conv2d_bn_40_71_118_240_333_426_535_1_fu_169/grp_sa_conv2d_int_43_74_429_536_1_fu_1003/mul_9ns_14ns_23_1_1_U60/tmp_product multiplier stage system_i/spike_accel_0/inst/grp_sa_spike_sppf_1_fu_684/grp_sa_ms_standard_conv_inplace_2_fu_249/grp_sa_conv2d_bn_40_71_118_240_333_426_535_1_fu_169/grp_sa_conv2d_int_43_74_429_536_1_fu_1003/mul_9ns_14ns_23_1_1_U60/tmp_product/P[47:0] is not pipelined (MREG=0). Pipelining the multiplier function will improve performance and will save significant power so it is suggested whenever possible to fully pipeline this function.  If this multiplier was inferred, it is suggested to describe an additional register stage after this function.  If there is no registered adder/accumulator following the multiply function, two pipeline stages are suggested to allow both the MREG and PREG registers to be used.  If the DSP48 was instantiated in the design, it is suggested to set both the MREG and PREG attributes to 1 when performing multiply functions.
WARNING: [DRC DPOP-2] MREG Output pipelining: DSP system_i/spike_accel_0/inst/grp_sa_spike_sppf_1_fu_684/grp_sa_ms_standard_conv_inplace_2_fu_249/grp_sa_conv2d_bn_40_71_118_240_333_426_535_1_fu_169/grp_sa_conv2d_int_43_74_429_536_1_fu_1003/mul_ln80_reg_1859_reg multiplier stage system_i/spike_accel_0/inst/grp_sa_spike_sppf_1_fu_684/grp_sa_ms_standard_conv_inplace_2_fu_249/grp_sa_conv2d_bn_40_71_118_240_333_426_535_1_fu_169/grp_sa_conv2d_int_43_74_429_536_1_fu_1003/mul_ln80_reg_1859_reg/P[47:0] is not pipelined (MREG=0). Pipelining the multiplier function will improve performance and will save significant power so it is suggested whenever possible to fully pipeline this function.  If this multiplier was inferred, it is suggested to describe an additional register stage after this function.  If there is no registered adder/accumulator following the multiply function, two pipeline stages are suggested to allow both the MREG and PREG registers to be used.  If the DSP48 was instantiated in the design, it is suggested to set both the MREG and PREG attributes to 1 when performing multiply functions.
WARNING: [DRC DPOP-2] MREG Output pipelining: DSP system_i/spike_accel_0/inst/grp_sa_spike_sppf_1_fu_684/grp_sa_ms_standard_conv_inplace_2_fu_249/grp_sa_conv2d_bn_40_71_118_240_333_426_535_1_fu_169/grp_sa_conv2d_int_43_74_429_536_1_fu_1003/tmp2_reg_1798_reg multiplier stage system_i/spike_accel_0/inst/grp_sa_spike_sppf_1_fu_684/grp_sa_ms_standard_conv_inplace_2_fu_249/grp_sa_conv2d_bn_40_71_118_240_333_426_535_1_fu_169/grp_sa_conv2d_int_43_74_429_536_1_fu_1003/tmp2_reg_1798_reg/P[47:0] is not pipelined (MREG=0). Pipelining the multiplier function will improve performance and will save significant power so it is suggested whenever possible to fully pipeline this function.  If this multiplier was inferred, it is suggested to describe an additional register stage after this function.  If there is no registered adder/accumulator following the multiply function, two pipeline stages are suggested to allow both the MREG and PREG registers to be used.  If the DSP48 was instantiated in the design, it is suggested to set both the MREG and PREG attributes to 1 when performing multiply functions.
WARNING: [DRC DPOP-2] MREG Output pipelining: DSP system_i/spike_accel_0/inst/grp_sa_spike_sppf_1_fu_684/grp_sa_ms_standard_conv_inplace_2_fu_249/grp_sa_conv2d_bn_40_71_118_240_333_426_535_1_fu_169/mul_ln116_reg_713_reg multiplier stage system_i/spike_accel_0/inst/grp_sa_spike_sppf_1_fu_684/grp_sa_ms_standard_conv_inplace_2_fu_249/grp_sa_conv2d_bn_40_71_118_240_333_426_535_1_fu_169/mul_ln116_reg_713_reg/P[47:0] is not pipelined (MREG=0). Pipelining the multiplier function will improve performance and will save significant power so it is suggested whenever possible to fully pipeline this function.  If this multiplier was inferred, it is suggested to describe an additional register stage after this function.  If there is no registered adder/accumulator following the multiply function, two pipeline stages are suggested to allow both the MREG and PREG registers to be used.  If the DSP48 was instantiated in the design, it is suggested to set both the MREG and PREG attributes to 1 when performing multiply functions.
WARNING: [DRC DPOP-2] MREG Output pipelining: DSP system_i/spike_accel_0/inst/grp_sa_spike_sppf_1_fu_684/grp_sa_ms_standard_conv_inplace_2_fu_249/grp_sa_conv2d_bn_40_71_118_240_333_426_535_1_fu_169/mul_ln95_reg_716_reg multiplier stage system_i/spike_accel_0/inst/grp_sa_spike_sppf_1_fu_684/grp_sa_ms_standard_conv_inplace_2_fu_249/grp_sa_conv2d_bn_40_71_118_240_333_426_535_1_fu_169/mul_ln95_reg_716_reg/P[47:0] is not pipelined (MREG=0). Pipelining the multiplier function will improve performance and will save significant power so it is suggested whenever possible to fully pipeline this function.  If this multiplier was inferred, it is suggested to describe an additional register stage after this function.  If there is no registered adder/accumulator following the multiply function, two pipeline stages are suggested to allow both the MREG and PREG registers to be used.  If the DSP48 was instantiated in the design, it is suggested to set both the MREG and PREG attributes to 1 when performing multiply functions.
WARNING: [DRC RTSTAT-10] No routable loads: 15 net(s) have no routable loads. The problem bus(es) and/or net(s) are system_i/ic_ctrl/inst/m01_nodes/m01_r_node/inst/mi_handler_m_sc_areset_pipe, system_i/ic_ctrl/inst/m00_nodes/m00_w_node/inst/mi_handler_m_sc_areset_pipe, system_i/ic_ctrl/inst/m01_nodes/m01_ar_node/inst/mi_handler_m_sc_areset_pipe, system_i/ic_ctrl/inst/s00_nodes/s00_aw_node/inst/mi_handler_m_sc_areset_pipe, system_i/ic_ctrl/inst/m00_nodes/m00_ar_node/inst/mi_handler_m_sc_areset_pipe, system_i/ic_ctrl/inst/m00_nodes/m00_aw_node/inst/mi_handler_m_sc_areset_pipe, system_i/ic_ctrl/inst/m01_nodes/m01_aw_node/inst/mi_handler_m_sc_areset_pipe, system_i/ic_ctrl/inst/s00_nodes/s00_b_node/inst/mi_handler_m_sc_areset_pipe, system_i/ic_ctrl/inst/m01_nodes/m01_b_node/inst/mi_handler_m_sc_areset_pipe, system_i/ic_ctrl/inst/m00_nodes/m00_r_node/inst/mi_handler_m_sc_areset_pipe, system_i/ic_ctrl/inst/m01_nodes/m01_w_node/inst/mi_handler_m_sc_areset_pipe, system_i/ic_ctrl/inst/s00_nodes/s00_r_node/inst/mi_handler_m_sc_areset_pipe, system_i/ic_ctrl/inst/s00_nodes/s00_w_node/inst/mi_handler_m_sc_areset_pipe, system_i/ic_ctrl/inst/m00_nodes/m00_b_node/inst/mi_handler_m_sc_areset_pipe, and system_i/ic_ctrl/inst/s00_nodes/s00_ar_node/inst/mi_handler_m_sc_areset_pipe.
INFO: [DRC REQP-165] writefirst: Synchronous clocking is detected for BRAM (system_i/axi_dma_feat/U0/I_PRMRY_DATAMOVER/GEN_MM2S_FULL.I_MM2S_FULL_WRAPPER/GEN_INCLUDE_MM2S_SF.I_RD_SF/I_DATA_FIFO/BLK_MEM.I_SYNC_FIFOGEN_FIFO/xpm_fifo_instance.xpm_fifo_sync_inst/xpm_fifo_base_inst/gen_sdpram.xpm_memory_base_inst/gen_wr_a.gen_word_narrow.mem_reg_1) in SDP mode with WRITE_FIRST write-mode. This is the preferred mode for best power characteristics, however it may exhibit address collisions if the same address appears on both read and write ports resulting in unknown or corrupted read data. It is suggested to confirm via simulation that an address collision never occurs and if so it is suggested to try and avoid this situation. If address collisions cannot be avoided, the write-mode may be set to READ_FIRST which guarantees that the read data is the prior contents of the memory at the cost of additional power in the design. See the FPGA Memory Resources User Guide for additional information.
INFO: [DRC REQP-165] writefirst: Synchronous clocking is detected for BRAM (system_i/axi_dma_feat/U0/I_PRMRY_DATAMOVER/GEN_S2MM_FULL.I_S2MM_FULL_WRAPPER/GEN_ENABLE_INDET_BTT_SF.I_INDET_BTT/I_DATA_FIFO/BLK_MEM.I_SYNC_FIFOGEN_FIFO/xpm_fifo_instance.xpm_fifo_sync_inst/xpm_fifo_base_inst/gen_sdpram.xpm_memory_base_inst/gen_wr_a.gen_word_narrow.mem_reg_1) in SDP mode with WRITE_FIRST write-mode. This is the preferred mode for best power characteristics, however it may exhibit address collisions if the same address appears on both read and write ports resulting in unknown or corrupted read data. It is suggested to confirm via simulation that an address collision never occurs and if so it is suggested to try and avoid this situation. If address collisions cannot be avoided, the write-mode may be set to READ_FIRST which guarantees that the read data is the prior contents of the memory at the cost of additional power in the design. See the FPGA Memory Resources User Guide for additional information.
INFO: [DRC REQP-181] writefirst: Synchronous clocking is detected for BRAM (system_i/axi_dma_feat/U0/I_PRMRY_DATAMOVER/GEN_MM2S_FULL.I_MM2S_FULL_WRAPPER/GEN_INCLUDE_MM2S_SF.I_RD_SF/I_DATA_FIFO/BLK_MEM.I_SYNC_FIFOGEN_FIFO/xpm_fifo_instance.xpm_fifo_sync_inst/xpm_fifo_base_inst/gen_sdpram.xpm_memory_base_inst/gen_wr_a.gen_word_narrow.mem_reg_0) in SDP mode with WRITE_FIRST write-mode. This is the preferred mode for best power characteristics, however it may exhibit address collisions if the same address appears on both read and write ports resulting in unknown or corrupted read data. It is suggested to confirm via simulation that an address collision never occurs and if so it is suggested to try and avoid this situation. If address collisions cannot be avoided, the write-mode may be set to READ_FIRST which guarantees that the read data is the prior contents of the memory at the cost of additional power in the design. See the FPGA Memory Resources User Guide for additional information.
INFO: [DRC REQP-181] writefirst: Synchronous clocking is detected for BRAM (system_i/axi_dma_feat/U0/I_PRMRY_DATAMOVER/GEN_S2MM_FULL.I_S2MM_FULL_WRAPPER/GEN_ENABLE_INDET_BTT_SF.I_INDET_BTT/I_DATA_FIFO/BLK_MEM.I_SYNC_FIFOGEN_FIFO/xpm_fifo_instance.xpm_fifo_sync_inst/xpm_fifo_base_inst/gen_sdpram.xpm_memory_base_inst/gen_wr_a.gen_word_narrow.mem_reg_0) in SDP mode with WRITE_FIRST write-mode. This is the preferred mode for best power characteristics, however it may exhibit address collisions if the same address appears on both read and write ports resulting in unknown or corrupted read data. It is suggested to confirm via simulation that an address collision never occurs and if so it is suggested to try and avoid this situation. If address collisions cannot be avoided, the write-mode may be set to READ_FIRST which guarantees that the read data is the prior contents of the memory at the cost of additional power in the design. See the FPGA Memory Resources User Guide for additional information.
INFO: [Vivado 12-3199] DRC finished with 0 Errors, 165 Warnings, 4 Advisories
INFO: [Vivado 12-3200] Please refer to the DRC report (report_drc) for more information.
INFO: [Designutils 20-2272] Running write_bitstream with 2 threads.
Loading data files...
Loading site data...
Loading route data...
Processing options...
Creating bitmap...
Creating bitstream...
Bitstream compression saved 12309760 bits.
Writing bitstream ./system_wrapper.bit...
INFO: [Vivado 12-1842] Bitgen Completed Successfully.
INFO: [Common 17-83] Releasing license: Implementation
1205 Infos, 301 Warnings, 22 Critical Warnings and 0 Errors encountered.
write_bitstream completed successfully
write_bitstream: Time (s): cpu = 00:00:41 ; elapsed = 00:00:25 . Memory (MB): peak = 4553.793 ; gain = 245.457
INFO: [Common 17-206] Exiting Vivado at Wed May 13 23:16:25 2026...
[Wed May 13 23:16:27 2026] impl_1 finished
wait_on_runs: Time (s): cpu = 00:00:03 ; elapsed = 00:12:06 . Memory (MB): peak = 783.160 ; gain = 0.000
# open_run impl_1
INFO: [Device 21-403] Loading part xc7z020clg400-1
INFO: [Device 21-9227] Part: xc7z020clg400-1 does not have CEAM library.
Netlist sorting complete. Time (s): cpu = 00:00:02 ; elapsed = 00:00:02 . Memory (MB): peak = 1452.617 ; gain = 4.309
INFO: [Netlist 29-17] Analyzing 6546 Unisim elements for replacement
INFO: [Netlist 29-28] Unisim Transformation completed in 0 CPU seconds
INFO: [Project 1-479] Netlist was created with Vivado 2024.1
INFO: [Project 1-570] Preparing netlist for logic optimization
Read ShapeDB Complete: Time (s): cpu = 00:00:00 ; elapsed = 00:00:00.204 . Memory (MB): peak = 1738.742 ; gain = 22.770
INFO: [Timing 38-478] Restoring timing data from binary archive.
INFO: [Timing 38-479] Binary timing data restore complete.
INFO: [Project 1-856] Restoring constraints from binary archive.
INFO: [Project 1-853] Binary constraint restore complete.
INFO: [Designutils 20-5722] Start Reading Physical Databases.
Reading placement.
Read Netlist Cache: Time (s): cpu = 00:00:00 ; elapsed = 00:00:00.088 . Memory (MB): peak = 2544.082 ; gain = 0.000
Reading placer database...
Read Device Cache: Time (s): cpu = 00:00:00 ; elapsed = 00:00:00.014 . Memory (MB): peak = 2544.082 ; gain = 0.000
Read PlaceDB: Time (s): cpu = 00:00:03 ; elapsed = 00:00:03 . Memory (MB): peak = 2544.082 ; gain = 0.000
Read PulsedLatchDB: Time (s): cpu = 00:00:00 ; elapsed = 00:00:00 . Memory (MB): peak = 2544.082 ; gain = 0.000
Reading routing.
Read RouteStorage: Time (s): cpu = 00:00:02 ; elapsed = 00:00:00.642 . Memory (MB): peak = 2603.688 ; gain = 59.605
Read Physdb Files: Time (s): cpu = 00:00:05 ; elapsed = 00:00:04 . Memory (MB): peak = 2603.688 ; gain = 59.605
Restored from archive | CPU: 5.000000 secs | Memory: 0.000000 MB |
Finished XDEF File Restore: Time (s): cpu = 00:00:05 ; elapsed = 00:00:04 . Memory (MB): peak = 2603.688 ; gain = 59.605
Netlist sorting complete. Time (s): cpu = 00:00:00 ; elapsed = 00:00:00.031 . Memory (MB): peak = 2603.688 ; gain = 0.000
INFO: [Project 1-111] Unisim Transformation Summary:
  A total of 387 instances were transformed.
  RAM16X1D => RAM32X1D (RAMD32(x2)): 4 instances
  RAM32M => RAM32M (RAMD32(x6), RAMS32(x2)): 364 instances
  RAM32X1D => RAM32X1D (RAMD32(x2)): 14 instances
  SRLC32E => SRL16E: 5 instances

open_run: Time (s): cpu = 00:00:27 ; elapsed = 00:00:28 . Memory (MB): peak = 2603.688 ; gain = 1820.527
# report_timing_summary -file [file join $REMOTE timing_summary_perf_explore.rpt]
INFO: [Timing 38-91] UpdateTimingParams: Speed grade: -1, Delay Type: min_max.
INFO: [Timing 38-191] Multithreading enabled for timing update using a maximum of 2 CPUs
report_timing_summary: Time (s): cpu = 00:00:24 ; elapsed = 00:00:14 . Memory (MB): peak = 3231.703 ; gain = 628.016
# report_utilization     -file [file join $REMOTE utilization_perf_explore.rpt]
# if {[file exists [file join $OUT_DIR ${PROJECT}.runs impl_1 system_wrapper.bit]]} {
#     report_timing_summary -file [file join $REPORTS timing_summary.rpt]
#     report_utilization     -file [file join $REPORTS utilization.rpt]
#     catch { report_power   -file [file join $REPORTS power.rpt] }
#     catch {file copy -force [file join $OUT_DIR ${PROJECT}.runs impl_1 system_wrapper.bit] [file join $OUT_DIR system.bit]}
#     catch {file copy -force [file join $OUT_DIR ${PROJECT}.runs impl_1 system_wrapper.ltx] [file join $OUT_DIR system.ltx]}
#     write_hw_platform -fixed -force -file [file join $OUT_DIR system.xsa]
#     puts "INFO: bitstream + XSA refreshed with Performance_Explore"
# } else {
#     puts "WARN: write_bitstream did not produce .bit (likely timing-driven abort or place fail)"
# }
INFO: [Timing 38-91] UpdateTimingParams: Speed grade: -1, Delay Type: min_max.
INFO: [Timing 38-191] Multithreading enabled for timing update using a maximum of 2 CPUs
Command: report_power -file C:/Users/jielu/Desktop/Workspace/SpikeYOLO_FPGA/hw/vivado/reports/power.rpt
Running Vector-less Activity Propagation...

Finished Running Vector-less Activity Propagation
WARNING: [Power 33-332] Found switching activity that implies high-fanout reset nets being asserted for excessive periods of time which may result in inaccurate power analysis.
Resolution: To review and fix problems, please run Power Constraints Advisor in the GUI from Tools > Power Constraints Advisor or run report_power with the -advisory option to generate a text report.
2 Infos, 1 Warnings, 0 Critical Warnings and 0 Errors encountered.
report_power completed successfully
report_power: Time (s): cpu = 00:00:26 ; elapsed = 00:00:10 . Memory (MB): peak = 3485.875 ; gain = 240.992
INFO: [Project 1-1918] Creating Hardware Platform: C:/Users/jielu/Desktop/Workspace/SpikeYOLO_FPGA/hw/vivado/out/system.xsa ...
WARNING: [Project 1-645] Board images not set in Hardware Platform.
INFO: [Project 1-1943] The Hardware Platform can be used for Hardware
INFO: [Project 1-1941] Successfully created Hardware Platform: C:/Users/jielu/Desktop/Workspace/SpikeYOLO_FPGA/hw/vivado/out/system.xsa
INFO: [Hsi 55-2053] elapsed time for repository (E:/Applaction/Xilinx/Vivado/2024.1/data/embeddedsw) loading 0 seconds
write_hw_platform: Time (s): cpu = 00:00:08 ; elapsed = 00:00:09 . Memory (MB): peak = 3597.766 ; gain = 111.891
INFO: bitstream + XSA refreshed with Performance_Explore
# puts "============================================================"
============================================================
# puts "M2-W2 PATH A (Performance_Explore) DONE"
M2-W2 PATH A (Performance_Explore) DONE
# puts "============================================================"
============================================================
INFO: [Common 17-206] Exiting Vivado at Wed May 13 23:17:32 2026...
