
****** Vivado v2024.1 (64-bit)
  **** SW Build 5076996 on Wed May 22 18:37:14 MDT 2024
  **** IP Build 5075265 on Wed May 22 21:45:21 MDT 2024
  **** SharedData Build 5076995 on Wed May 22 18:29:18 MDT 2024
  **** Start of session at: Wed May 13 22:22:27 2026
    ** Copyright 1986-2022 Xilinx, Inc. All Rights Reserved.
    ** Copyright 2022-2024 Advanced Micro Devices, Inc. All Rights Reserved.

source runs/remote_machine/run_step6_bt_patched.tcl
# set PROJECT spike_zybo
# set HW_VIVADO_DIR "C:/Users/jielu/Desktop/Workspace/SpikeYOLO_FPGA/hw/vivado"
# set OUT_DIR  "$HW_VIVADO_DIR/out"
# set REPORTS  "$HW_VIVADO_DIR/reports"
# set XLNX_IP  "E:/Applaction/Xilinx/Vivado/2024.1/data/ip"
# file mkdir $REPORTS
# open_project [file join $OUT_DIR ${PROJECT}.xpr]
Scanning sources...
Finished scanning sources
INFO: [IP_Flow 19-234] Refreshing IP repositories
INFO: [IP_Flow 19-1700] Loaded user IP repository 'c:/Users/jielu/Desktop/Workspace/SpikeYOLO_FPGA/hw/hls/build'.
WARNING: [IP_Flow 19-3685] Ignored loading user repository 'c:/Users/jielu/Desktop/Workspace/SpikeYOLO_FPGA/hw/vivado/ip_repo/spike_accel'. The path is contained within another repository.
WARNING: [IP_Flow 19-3685] Ignored loading user repository 'c:/Users/jielu/Desktop/Workspace/SpikeYOLO_FPGA/hw/vivado/ip_repo/digilent/vivado-library'. The path is contained within another repository.
INFO: [IP_Flow 19-1700] Loaded user IP repository 'c:/Users/jielu/Desktop/Workspace/SpikeYOLO_FPGA/hw/vivado/ip_repo'.
INFO: [IP_Flow 19-2313] Loaded Vivado IP repository 'E:/Applaction/Xilinx/Vivado/2024.1/data/ip'.
open_project: Time (s): cpu = 00:00:14 ; elapsed = 00:00:20 . Memory (MB): peak = 744.383 ; gain = 314.492
# set _bad_ipdefs [concat \
#     [get_ipdefs -quiet -filter {NAME =~ *roe_framer*}] \
#     [get_ipdefs -quiet -filter {NAME =~ *hdmi_gt_controller*}] \
# ]
# if {[llength $_bad_ipdefs] > 0} {
#     puts "INFO: Disabling partial IPs (missing helper files in this install)"
#     foreach _idef $_bad_ipdefs {
#         if {[catch {update_ip_catalog -disable_ip $_idef -repo_path $XLNX_IP} _err]} {
#             puts "WARN: could not disable $_idef: $_err"
#         } else {
#             puts "INFO: disabled $_idef"
#         }
#     }
# }
# unset -nocomplain _bad_ipdefs _idef _err
# catch { set_param ip.useCacheStrategy 0 }
# catch { set_param ip.checkLicense 0 }
# catch { set_param ip.useIpCache 0 }
# catch { set_param project.disableIPCache 1 }
# catch { set_param general.maxThreads 1 }
# catch { set_param synth.elaboration.rodinMoreOptions {-no_smart_synth} }
# catch { reset_run impl_1 }
# catch { reset_run synth_1 }
WARNING: [Vivado 12-821] No runs matched '*'
# foreach _sub [get_runs -filter {NAME =~ system_*_synth_1}] {
#     catch { reset_run $_sub }
# }
# unset -nocomplain _sub
# set _ip_repo "C:/Users/jielu/Desktop/Workspace/SpikeYOLO_FPGA/hw/vivado/ip_repo"
# set _cur_repos [get_property ip_repo_paths [current_project]]
# if {[lsearch $_cur_repos $_ip_repo] < 0} {
#     set_property ip_repo_paths [concat $_cur_repos $_ip_repo] [current_project]
# }
# update_ip_catalog -rebuild
INFO: [IP_Flow 19-234] Refreshing IP repositories
INFO: [IP_Flow 19-1700] Loaded user IP repository 'c:/Users/jielu/Desktop/Workspace/SpikeYOLO_FPGA/hw/hls/build'.
WARNING: [IP_Flow 19-3685] Ignored loading user repository 'c:/Users/jielu/Desktop/Workspace/SpikeYOLO_FPGA/hw/vivado/ip_repo/spike_accel'. The path is contained within another repository.
WARNING: [IP_Flow 19-3685] Ignored loading user repository 'c:/Users/jielu/Desktop/Workspace/SpikeYOLO_FPGA/hw/vivado/ip_repo/digilent/vivado-library'. The path is contained within another repository.
INFO: [IP_Flow 19-1700] Loaded user IP repository 'c:/Users/jielu/Desktop/Workspace/SpikeYOLO_FPGA/hw/vivado/ip_repo'.
WARNING: [Coretcl 2-176] No IPs found
# foreach _ip [get_ips -filter {IS_LOCKED == 1}] {
#     puts "INFO: upgrading locked IP $_ip"
#     catch { upgrade_ip $_ip }
# }
# unset -nocomplain _ip _ip_repo _cur_repos
# launch_runs synth_1 -jobs 1
INFO: [IP_Flow 19-6930] IPCACHE: runCacheChecks() number of threads = 8
INFO: [IP_Flow 19-6921] IPCACHE: Adding cache check func to thread queue for IP system_axi_dma_feat_0
INFO: [IP_Flow 19-6921] IPCACHE: Adding cache check func to thread queue for IP system_ic_ctrl_0
INFO: [IP_Flow 19-6921] IPCACHE: Adding cache check func to thread queue for IP system_ic_data_hp0_0
INFO: [IP_Flow 19-6921] IPCACHE: Adding cache check func to thread queue for IP system_ic_data_hp1_0
INFO: [IP_Flow 19-6921] IPCACHE: Adding cache check func to thread queue for IP system_rst_clk0_0
INFO: [IP_Flow 19-6921] IPCACHE: Adding cache check func to thread queue for IP system_rst_clk1_0
INFO: [IP_Flow 19-6921] IPCACHE: Adding cache check func to thread queue for IP system_spike_accel_0_0
INFO: [IP_Flow 19-8020] IPCACHE: runCacheChecks() calling threadPool finishWork()
INFO: [IP_Flow 19-6924] IPCACHE: Running cache check for IP inst: system_axi_dma_feat_0
INFO: [IP_Flow 19-6924] IPCACHE: Running cache check for IP inst: system_ic_ctrl_0
INFO: [IP_Flow 19-6924] IPCACHE: Running cache check for IP inst: system_ic_data_hp0_0
INFO: [IP_Flow 19-6924] IPCACHE: Running cache check for IP inst: system_ic_data_hp1_0
INFO: [IP_Flow 19-6924] IPCACHE: Running cache check for IP inst: system_rst_clk0_0
INFO: [IP_Flow 19-6924] IPCACHE: Running cache check for IP inst: system_rst_clk1_0
INFO: [IP_Flow 19-6924] IPCACHE: Running cache check for IP inst: system_spike_accel_0_0
WARNING: [Vivado 12-7122] Auto Incremental Compile:: No reference checkpoint was found in run synth_1. Auto-incremental flow will not be run, the standard flow will be run instead.
[Wed May 13 22:22:59 2026] Launched system_ic_ctrl_0_synth_1, system_ic_data_hp1_0_synth_1, system_rst_clk0_0_synth_1, system_ps_0_0_synth_1, system_spike_accel_0_0_synth_1, system_axi_dma_feat_0_synth_1, system_ic_data_hp0_0_synth_1, system_rst_clk1_0_synth_1...
Run output will be captured here:
system_ic_ctrl_0_synth_1: C:/Users/jielu/Desktop/Workspace/SpikeYOLO_FPGA/hw/vivado/out/spike_zybo.runs/system_ic_ctrl_0_synth_1/runme.log
system_ic_data_hp1_0_synth_1: C:/Users/jielu/Desktop/Workspace/SpikeYOLO_FPGA/hw/vivado/out/spike_zybo.runs/system_ic_data_hp1_0_synth_1/runme.log
system_rst_clk0_0_synth_1: C:/Users/jielu/Desktop/Workspace/SpikeYOLO_FPGA/hw/vivado/out/spike_zybo.runs/system_rst_clk0_0_synth_1/runme.log
system_ps_0_0_synth_1: C:/Users/jielu/Desktop/Workspace/SpikeYOLO_FPGA/hw/vivado/out/spike_zybo.runs/system_ps_0_0_synth_1/runme.log
system_spike_accel_0_0_synth_1: C:/Users/jielu/Desktop/Workspace/SpikeYOLO_FPGA/hw/vivado/out/spike_zybo.runs/system_spike_accel_0_0_synth_1/runme.log
system_axi_dma_feat_0_synth_1: C:/Users/jielu/Desktop/Workspace/SpikeYOLO_FPGA/hw/vivado/out/spike_zybo.runs/system_axi_dma_feat_0_synth_1/runme.log
system_ic_data_hp0_0_synth_1: C:/Users/jielu/Desktop/Workspace/SpikeYOLO_FPGA/hw/vivado/out/spike_zybo.runs/system_ic_data_hp0_0_synth_1/runme.log
system_rst_clk1_0_synth_1: C:/Users/jielu/Desktop/Workspace/SpikeYOLO_FPGA/hw/vivado/out/spike_zybo.runs/system_rst_clk1_0_synth_1/runme.log
[Wed May 13 22:22:59 2026] Launched synth_1...
Run output will be captured here: C:/Users/jielu/Desktop/Workspace/SpikeYOLO_FPGA/hw/vivado/out/spike_zybo.runs/synth_1/runme.log
# wait_on_run synth_1
[Wed May 13 22:22:59 2026] Waiting for synth_1 to finish...


*** Running vivado
    with args -log system_wrapper.vds -m64 -product Vivado -mode batch -messageDb vivado.pb -notrace -source system_wrapper.tcl



****** Vivado v2024.1 (64-bit)
  **** SW Build 5076996 on Wed May 22 18:37:14 MDT 2024
  **** IP Build 5075265 on Wed May 22 21:45:21 MDT 2024
  **** SharedData Build 5076995 on Wed May 22 18:29:18 MDT 2024
  **** Start of session at: Wed May 13 22:42:06 2026
    ** Copyright 1986-2022 Xilinx, Inc. All Rights Reserved.
    ** Copyright 2022-2024 Advanced Micro Devices, Inc. All Rights Reserved.

source system_wrapper.tcl -notrace
create_project: Time (s): cpu = 00:00:06 ; elapsed = 00:00:07 . Memory (MB): peak = 628.664 ; gain = 199.375
INFO: [IP_Flow 19-234] Refreshing IP repositories
INFO: [IP_Flow 19-1700] Loaded user IP repository 'c:/Users/jielu/Desktop/Workspace/SpikeYOLO_FPGA/hw/hls/build'.
WARNING: [IP_Flow 19-3685] Ignored loading user repository 'c:/Users/jielu/Desktop/Workspace/SpikeYOLO_FPGA/hw/vivado/ip_repo/spike_accel'. The path is contained within another repository.
WARNING: [IP_Flow 19-3685] Ignored loading user repository 'c:/Users/jielu/Desktop/Workspace/SpikeYOLO_FPGA/hw/vivado/ip_repo/digilent/vivado-library'. The path is contained within another repository.
INFO: [IP_Flow 19-1700] Loaded user IP repository 'c:/Users/jielu/Desktop/Workspace/SpikeYOLO_FPGA/hw/vivado/ip_repo'.
INFO: [IP_Flow 19-2313] Loaded Vivado IP repository 'E:/Applaction/Xilinx/Vivado/2024.1/data/ip'.
WARNING: [IP_Flow 19-4995] The host OS only allows 260 characters in a normal path. The IP cache path is more than 80 characters. If you experience issues with IP caching, please consider changing the IP cache to a location with a shorter path. Alternately consider using the OS subst command to map part of the path to a drive letter. 
Current IP cache path is c:/Users/jielu/Desktop/Workspace/SpikeYOLO_FPGA/hw/vivado/out/spike_zybo.cache/ip 
add_files: Time (s): cpu = 00:00:05 ; elapsed = 00:00:08 . Memory (MB): peak = 774.074 ; gain = 65.012
Command: synth_design -top system_wrapper -part xc7z020clg400-1
Starting synth_design
Attempting to get a license for feature 'Synthesis' and/or device 'xc7z020'
INFO: [Common 17-349] Got license for feature 'Synthesis' and/or device 'xc7z020'
INFO: [Device 21-403] Loading part xc7z020clg400-1
INFO: [Device 21-9227] Part: xc7z020clg400-1 does not have CEAM library.
INFO: [Synth 8-7079] Multithreading enabled for synth_design using a maximum of 1 processes.
INFO: [Synth 8-7078] Launching helper process for spawning children vivado processes
INFO: [Synth 8-7075] Helper process launched with PID 33460
---------------------------------------------------------------------------------
Starting RTL Elaboration : Time (s): cpu = 00:00:05 ; elapsed = 00:00:05 . Memory (MB): peak = 1673.945 ; gain = 448.500
---------------------------------------------------------------------------------
INFO: [Synth 8-6157] synthesizing module 'system_wrapper' [C:/Users/jielu/Desktop/Workspace/SpikeYOLO_FPGA/hw/vivado/out/spike_zybo.gen/sources_1/bd/system/hdl/system_wrapper.v:13]
INFO: [Synth 8-6157] synthesizing module 'system' [c:/Users/jielu/Desktop/Workspace/SpikeYOLO_FPGA/hw/vivado/out/spike_zybo.gen/sources_1/bd/system/synth/system.v:13]
INFO: [Synth 8-6157] synthesizing module 'system_axi_dma_feat_0' [C:/Users/jielu/Desktop/Workspace/SpikeYOLO_FPGA/hw/vivado/out/spike_zybo.runs/synth_1/.Xil/Vivado-21648-YizhiDianLu/realtime/system_axi_dma_feat_0_stub.v:6]
INFO: [Synth 8-6155] done synthesizing module 'system_axi_dma_feat_0' (0#1) [C:/Users/jielu/Desktop/Workspace/SpikeYOLO_FPGA/hw/vivado/out/spike_zybo.runs/synth_1/.Xil/Vivado-21648-YizhiDianLu/realtime/system_axi_dma_feat_0_stub.v:6]
WARNING: [Synth 8-7071] port 'mm2s_prmry_reset_out_n' of module 'system_axi_dma_feat_0' is unconnected for instance 'axi_dma_feat' [c:/Users/jielu/Desktop/Workspace/SpikeYOLO_FPGA/hw/vivado/out/spike_zybo.gen/sources_1/bd/system/synth/system.v:382]
WARNING: [Synth 8-7071] port 'm_axis_mm2s_tdata' of module 'system_axi_dma_feat_0' is unconnected for instance 'axi_dma_feat' [c:/Users/jielu/Desktop/Workspace/SpikeYOLO_FPGA/hw/vivado/out/spike_zybo.gen/sources_1/bd/system/synth/system.v:382]
WARNING: [Synth 8-7071] port 'm_axis_mm2s_tkeep' of module 'system_axi_dma_feat_0' is unconnected for instance 'axi_dma_feat' [c:/Users/jielu/Desktop/Workspace/SpikeYOLO_FPGA/hw/vivado/out/spike_zybo.gen/sources_1/bd/system/synth/system.v:382]
WARNING: [Synth 8-7071] port 'm_axis_mm2s_tvalid' of module 'system_axi_dma_feat_0' is unconnected for instance 'axi_dma_feat' [c:/Users/jielu/Desktop/Workspace/SpikeYOLO_FPGA/hw/vivado/out/spike_zybo.gen/sources_1/bd/system/synth/system.v:382]
WARNING: [Synth 8-7071] port 'm_axis_mm2s_tlast' of module 'system_axi_dma_feat_0' is unconnected for instance 'axi_dma_feat' [c:/Users/jielu/Desktop/Workspace/SpikeYOLO_FPGA/hw/vivado/out/spike_zybo.gen/sources_1/bd/system/synth/system.v:382]
WARNING: [Synth 8-7071] port 's2mm_prmry_reset_out_n' of module 'system_axi_dma_feat_0' is unconnected for instance 'axi_dma_feat' [c:/Users/jielu/Desktop/Workspace/SpikeYOLO_FPGA/hw/vivado/out/spike_zybo.gen/sources_1/bd/system/synth/system.v:382]
WARNING: [Synth 8-7071] port 's_axis_s2mm_tready' of module 'system_axi_dma_feat_0' is unconnected for instance 'axi_dma_feat' [c:/Users/jielu/Desktop/Workspace/SpikeYOLO_FPGA/hw/vivado/out/spike_zybo.gen/sources_1/bd/system/synth/system.v:382]
WARNING: [Synth 8-7071] port 'axi_dma_tstvec' of module 'system_axi_dma_feat_0' is unconnected for instance 'axi_dma_feat' [c:/Users/jielu/Desktop/Workspace/SpikeYOLO_FPGA/hw/vivado/out/spike_zybo.gen/sources_1/bd/system/synth/system.v:382]
WARNING: [Synth 8-7023] instance 'axi_dma_feat' of module 'system_axi_dma_feat_0' has 64 connections declared, but only 56 given [c:/Users/jielu/Desktop/Workspace/SpikeYOLO_FPGA/hw/vivado/out/spike_zybo.gen/sources_1/bd/system/synth/system.v:382]
INFO: [Synth 8-6157] synthesizing module 'system_ic_ctrl_0' [C:/Users/jielu/Desktop/Workspace/SpikeYOLO_FPGA/hw/vivado/out/spike_zybo.runs/synth_1/.Xil/Vivado-21648-YizhiDianLu/realtime/system_ic_ctrl_0_stub.v:6]
INFO: [Synth 8-6155] done synthesizing module 'system_ic_ctrl_0' (0#1) [C:/Users/jielu/Desktop/Workspace/SpikeYOLO_FPGA/hw/vivado/out/spike_zybo.runs/synth_1/.Xil/Vivado-21648-YizhiDianLu/realtime/system_ic_ctrl_0_stub.v:6]
WARNING: [Synth 8-7071] port 'M00_AXI_awprot' of module 'system_ic_ctrl_0' is unconnected for instance 'ic_ctrl' [c:/Users/jielu/Desktop/Workspace/SpikeYOLO_FPGA/hw/vivado/out/spike_zybo.gen/sources_1/bd/system/synth/system.v:439]
WARNING: [Synth 8-7071] port 'M00_AXI_arprot' of module 'system_ic_ctrl_0' is unconnected for instance 'ic_ctrl' [c:/Users/jielu/Desktop/Workspace/SpikeYOLO_FPGA/hw/vivado/out/spike_zybo.gen/sources_1/bd/system/synth/system.v:439]
WARNING: [Synth 8-7071] port 'M01_AXI_awprot' of module 'system_ic_ctrl_0' is unconnected for instance 'ic_ctrl' [c:/Users/jielu/Desktop/Workspace/SpikeYOLO_FPGA/hw/vivado/out/spike_zybo.gen/sources_1/bd/system/synth/system.v:439]
WARNING: [Synth 8-7071] port 'M01_AXI_wstrb' of module 'system_ic_ctrl_0' is unconnected for instance 'ic_ctrl' [c:/Users/jielu/Desktop/Workspace/SpikeYOLO_FPGA/hw/vivado/out/spike_zybo.gen/sources_1/bd/system/synth/system.v:439]
WARNING: [Synth 8-7071] port 'M01_AXI_arprot' of module 'system_ic_ctrl_0' is unconnected for instance 'ic_ctrl' [c:/Users/jielu/Desktop/Workspace/SpikeYOLO_FPGA/hw/vivado/out/spike_zybo.gen/sources_1/bd/system/synth/system.v:439]
WARNING: [Synth 8-7023] instance 'ic_ctrl' of module 'system_ic_ctrl_0' has 78 connections declared, but only 73 given [c:/Users/jielu/Desktop/Workspace/SpikeYOLO_FPGA/hw/vivado/out/spike_zybo.gen/sources_1/bd/system/synth/system.v:439]
INFO: [Synth 8-6157] synthesizing module 'system_ic_data_hp0_0' [C:/Users/jielu/Desktop/Workspace/SpikeYOLO_FPGA/hw/vivado/out/spike_zybo.runs/synth_1/.Xil/Vivado-21648-YizhiDianLu/realtime/system_ic_data_hp0_0_stub.v:6]
INFO: [Synth 8-6155] done synthesizing module 'system_ic_data_hp0_0' (0#1) [C:/Users/jielu/Desktop/Workspace/SpikeYOLO_FPGA/hw/vivado/out/spike_zybo.runs/synth_1/.Xil/Vivado-21648-YizhiDianLu/realtime/system_ic_data_hp0_0_stub.v:6]
INFO: [Synth 8-6157] synthesizing module 'system_ic_data_hp1_0' [C:/Users/jielu/Desktop/Workspace/SpikeYOLO_FPGA/hw/vivado/out/spike_zybo.runs/synth_1/.Xil/Vivado-21648-YizhiDianLu/realtime/system_ic_data_hp1_0_stub.v:6]
INFO: [Synth 8-6155] done synthesizing module 'system_ic_data_hp1_0' (0#1) [C:/Users/jielu/Desktop/Workspace/SpikeYOLO_FPGA/hw/vivado/out/spike_zybo.runs/synth_1/.Xil/Vivado-21648-YizhiDianLu/realtime/system_ic_data_hp1_0_stub.v:6]
INFO: [Synth 8-6157] synthesizing module 'system_irq_concat_0' [c:/Users/jielu/Desktop/Workspace/SpikeYOLO_FPGA/hw/vivado/out/spike_zybo.gen/sources_1/bd/system/ip/system_irq_concat_0/synth/system_irq_concat_0.v:53]
INFO: [Synth 8-6157] synthesizing module 'xlconcat_v2_1_6_xlconcat' [c:/Users/jielu/Desktop/Workspace/SpikeYOLO_FPGA/hw/vivado/out/spike_zybo.gen/sources_1/bd/system/ipshared/6120/hdl/xlconcat_v2_1_vl_rfs.v:59]
INFO: [Synth 8-6155] done synthesizing module 'xlconcat_v2_1_6_xlconcat' (0#1) [c:/Users/jielu/Desktop/Workspace/SpikeYOLO_FPGA/hw/vivado/out/spike_zybo.gen/sources_1/bd/system/ipshared/6120/hdl/xlconcat_v2_1_vl_rfs.v:59]
INFO: [Synth 8-6155] done synthesizing module 'system_irq_concat_0' (0#1) [c:/Users/jielu/Desktop/Workspace/SpikeYOLO_FPGA/hw/vivado/out/spike_zybo.gen/sources_1/bd/system/ip/system_irq_concat_0/synth/system_irq_concat_0.v:53]
INFO: [Synth 8-6157] synthesizing module 'system_ps_0_0' [C:/Users/jielu/Desktop/Workspace/SpikeYOLO_FPGA/hw/vivado/out/spike_zybo.runs/synth_1/.Xil/Vivado-21648-YizhiDianLu/realtime/system_ps_0_0_stub.v:6]
INFO: [Synth 8-6155] done synthesizing module 'system_ps_0_0' (0#1) [C:/Users/jielu/Desktop/Workspace/SpikeYOLO_FPGA/hw/vivado/out/spike_zybo.runs/synth_1/.Xil/Vivado-21648-YizhiDianLu/realtime/system_ps_0_0_stub.v:6]
WARNING: [Synth 8-7071] port 'USB0_PORT_INDCTL' of module 'system_ps_0_0' is unconnected for instance 'ps_0' [c:/Users/jielu/Desktop/Workspace/SpikeYOLO_FPGA/hw/vivado/out/spike_zybo.gen/sources_1/bd/system/synth/system.v:751]
WARNING: [Synth 8-7071] port 'USB0_VBUS_PWRSELECT' of module 'system_ps_0_0' is unconnected for instance 'ps_0' [c:/Users/jielu/Desktop/Workspace/SpikeYOLO_FPGA/hw/vivado/out/spike_zybo.gen/sources_1/bd/system/synth/system.v:751]
WARNING: [Synth 8-7071] port 'S_AXI_HP0_BID' of module 'system_ps_0_0' is unconnected for instance 'ps_0' [c:/Users/jielu/Desktop/Workspace/SpikeYOLO_FPGA/hw/vivado/out/spike_zybo.gen/sources_1/bd/system/synth/system.v:751]
WARNING: [Synth 8-7071] port 'S_AXI_HP0_RID' of module 'system_ps_0_0' is unconnected for instance 'ps_0' [c:/Users/jielu/Desktop/Workspace/SpikeYOLO_FPGA/hw/vivado/out/spike_zybo.gen/sources_1/bd/system/synth/system.v:751]
WARNING: [Synth 8-7071] port 'S_AXI_HP0_RCOUNT' of module 'system_ps_0_0' is unconnected for instance 'ps_0' [c:/Users/jielu/Desktop/Workspace/SpikeYOLO_FPGA/hw/vivado/out/spike_zybo.gen/sources_1/bd/system/synth/system.v:751]
WARNING: [Synth 8-7071] port 'S_AXI_HP0_WCOUNT' of module 'system_ps_0_0' is unconnected for instance 'ps_0' [c:/Users/jielu/Desktop/Workspace/SpikeYOLO_FPGA/hw/vivado/out/spike_zybo.gen/sources_1/bd/system/synth/system.v:751]
WARNING: [Synth 8-7071] port 'S_AXI_HP0_RACOUNT' of module 'system_ps_0_0' is unconnected for instance 'ps_0' [c:/Users/jielu/Desktop/Workspace/SpikeYOLO_FPGA/hw/vivado/out/spike_zybo.gen/sources_1/bd/system/synth/system.v:751]
WARNING: [Synth 8-7071] port 'S_AXI_HP0_WACOUNT' of module 'system_ps_0_0' is unconnected for instance 'ps_0' [c:/Users/jielu/Desktop/Workspace/SpikeYOLO_FPGA/hw/vivado/out/spike_zybo.gen/sources_1/bd/system/synth/system.v:751]
WARNING: [Synth 8-7071] port 'S_AXI_HP1_BID' of module 'system_ps_0_0' is unconnected for instance 'ps_0' [c:/Users/jielu/Desktop/Workspace/SpikeYOLO_FPGA/hw/vivado/out/spike_zybo.gen/sources_1/bd/system/synth/system.v:751]
WARNING: [Synth 8-7071] port 'S_AXI_HP1_RID' of module 'system_ps_0_0' is unconnected for instance 'ps_0' [c:/Users/jielu/Desktop/Workspace/SpikeYOLO_FPGA/hw/vivado/out/spike_zybo.gen/sources_1/bd/system/synth/system.v:751]
WARNING: [Synth 8-7071] port 'S_AXI_HP1_RCOUNT' of module 'system_ps_0_0' is unconnected for instance 'ps_0' [c:/Users/jielu/Desktop/Workspace/SpikeYOLO_FPGA/hw/vivado/out/spike_zybo.gen/sources_1/bd/system/synth/system.v:751]
WARNING: [Synth 8-7071] port 'S_AXI_HP1_WCOUNT' of module 'system_ps_0_0' is unconnected for instance 'ps_0' [c:/Users/jielu/Desktop/Workspace/SpikeYOLO_FPGA/hw/vivado/out/spike_zybo.gen/sources_1/bd/system/synth/system.v:751]
WARNING: [Synth 8-7071] port 'S_AXI_HP1_RACOUNT' of module 'system_ps_0_0' is unconnected for instance 'ps_0' [c:/Users/jielu/Desktop/Workspace/SpikeYOLO_FPGA/hw/vivado/out/spike_zybo.gen/sources_1/bd/system/synth/system.v:751]
WARNING: [Synth 8-7071] port 'S_AXI_HP1_WACOUNT' of module 'system_ps_0_0' is unconnected for instance 'ps_0' [c:/Users/jielu/Desktop/Workspace/SpikeYOLO_FPGA/hw/vivado/out/spike_zybo.gen/sources_1/bd/system/synth/system.v:751]
WARNING: [Synth 8-7023] instance 'ps_0' of module 'system_ps_0_0' has 157 connections declared, but only 143 given [c:/Users/jielu/Desktop/Workspace/SpikeYOLO_FPGA/hw/vivado/out/spike_zybo.gen/sources_1/bd/system/synth/system.v:751]
INFO: [Synth 8-6157] synthesizing module 'system_rst_clk0_0' [C:/Users/jielu/Desktop/Workspace/SpikeYOLO_FPGA/hw/vivado/out/spike_zybo.runs/synth_1/.Xil/Vivado-21648-YizhiDianLu/realtime/system_rst_clk0_0_stub.v:6]
INFO: [Synth 8-6155] done synthesizing module 'system_rst_clk0_0' (0#1) [C:/Users/jielu/Desktop/Workspace/SpikeYOLO_FPGA/hw/vivado/out/spike_zybo.runs/synth_1/.Xil/Vivado-21648-YizhiDianLu/realtime/system_rst_clk0_0_stub.v:6]
WARNING: [Synth 8-7071] port 'mb_reset' of module 'system_rst_clk0_0' is unconnected for instance 'rst_clk0' [c:/Users/jielu/Desktop/Workspace/SpikeYOLO_FPGA/hw/vivado/out/spike_zybo.gen/sources_1/bd/system/synth/system.v:895]
WARNING: [Synth 8-7071] port 'bus_struct_reset' of module 'system_rst_clk0_0' is unconnected for instance 'rst_clk0' [c:/Users/jielu/Desktop/Workspace/SpikeYOLO_FPGA/hw/vivado/out/spike_zybo.gen/sources_1/bd/system/synth/system.v:895]
WARNING: [Synth 8-7071] port 'peripheral_reset' of module 'system_rst_clk0_0' is unconnected for instance 'rst_clk0' [c:/Users/jielu/Desktop/Workspace/SpikeYOLO_FPGA/hw/vivado/out/spike_zybo.gen/sources_1/bd/system/synth/system.v:895]
WARNING: [Synth 8-7071] port 'interconnect_aresetn' of module 'system_rst_clk0_0' is unconnected for instance 'rst_clk0' [c:/Users/jielu/Desktop/Workspace/SpikeYOLO_FPGA/hw/vivado/out/spike_zybo.gen/sources_1/bd/system/synth/system.v:895]
WARNING: [Synth 8-7023] instance 'rst_clk0' of module 'system_rst_clk0_0' has 10 connections declared, but only 6 given [c:/Users/jielu/Desktop/Workspace/SpikeYOLO_FPGA/hw/vivado/out/spike_zybo.gen/sources_1/bd/system/synth/system.v:895]
WARNING: [Synth 8-4446] all outputs are unconnected for this instance and logic may be removed [c:/Users/jielu/Desktop/Workspace/SpikeYOLO_FPGA/hw/vivado/out/spike_zybo.gen/sources_1/bd/system/synth/system.v:902]
INFO: [Synth 8-6157] synthesizing module 'system_rst_clk1_0' [C:/Users/jielu/Desktop/Workspace/SpikeYOLO_FPGA/hw/vivado/out/spike_zybo.runs/synth_1/.Xil/Vivado-21648-YizhiDianLu/realtime/system_rst_clk1_0_stub.v:6]
INFO: [Synth 8-6155] done synthesizing module 'system_rst_clk1_0' (0#1) [C:/Users/jielu/Desktop/Workspace/SpikeYOLO_FPGA/hw/vivado/out/spike_zybo.runs/synth_1/.Xil/Vivado-21648-YizhiDianLu/realtime/system_rst_clk1_0_stub.v:6]
WARNING: [Synth 8-7071] port 'mb_reset' of module 'system_rst_clk1_0' is unconnected for instance 'rst_clk1' [c:/Users/jielu/Desktop/Workspace/SpikeYOLO_FPGA/hw/vivado/out/spike_zybo.gen/sources_1/bd/system/synth/system.v:902]
WARNING: [Synth 8-7071] port 'bus_struct_reset' of module 'system_rst_clk1_0' is unconnected for instance 'rst_clk1' [c:/Users/jielu/Desktop/Workspace/SpikeYOLO_FPGA/hw/vivado/out/spike_zybo.gen/sources_1/bd/system/synth/system.v:902]
WARNING: [Synth 8-7071] port 'peripheral_reset' of module 'system_rst_clk1_0' is unconnected for instance 'rst_clk1' [c:/Users/jielu/Desktop/Workspace/SpikeYOLO_FPGA/hw/vivado/out/spike_zybo.gen/sources_1/bd/system/synth/system.v:902]
WARNING: [Synth 8-7071] port 'interconnect_aresetn' of module 'system_rst_clk1_0' is unconnected for instance 'rst_clk1' [c:/Users/jielu/Desktop/Workspace/SpikeYOLO_FPGA/hw/vivado/out/spike_zybo.gen/sources_1/bd/system/synth/system.v:902]
WARNING: [Synth 8-7071] port 'peripheral_aresetn' of module 'system_rst_clk1_0' is unconnected for instance 'rst_clk1' [c:/Users/jielu/Desktop/Workspace/SpikeYOLO_FPGA/hw/vivado/out/spike_zybo.gen/sources_1/bd/system/synth/system.v:902]
WARNING: [Synth 8-7023] instance 'rst_clk1' of module 'system_rst_clk1_0' has 10 connections declared, but only 5 given [c:/Users/jielu/Desktop/Workspace/SpikeYOLO_FPGA/hw/vivado/out/spike_zybo.gen/sources_1/bd/system/synth/system.v:902]
INFO: [Synth 8-6157] synthesizing module 'system_spike_accel_0_0' [C:/Users/jielu/Desktop/Workspace/SpikeYOLO_FPGA/hw/vivado/out/spike_zybo.runs/synth_1/.Xil/Vivado-21648-YizhiDianLu/realtime/system_spike_accel_0_0_stub.v:6]
INFO: [Synth 8-6155] done synthesizing module 'system_spike_accel_0_0' (0#1) [C:/Users/jielu/Desktop/Workspace/SpikeYOLO_FPGA/hw/vivado/out/spike_zybo.runs/synth_1/.Xil/Vivado-21648-YizhiDianLu/realtime/system_spike_accel_0_0_stub.v:6]
WARNING: [Synth 8-7071] port 's_axi_control_r_ARREADY' of module 'system_spike_accel_0_0' is unconnected for instance 'spike_accel_0' [c:/Users/jielu/Desktop/Workspace/SpikeYOLO_FPGA/hw/vivado/out/spike_zybo.gen/sources_1/bd/system/synth/system.v:908]
WARNING: [Synth 8-7071] port 's_axi_control_r_AWREADY' of module 'system_spike_accel_0_0' is unconnected for instance 'spike_accel_0' [c:/Users/jielu/Desktop/Workspace/SpikeYOLO_FPGA/hw/vivado/out/spike_zybo.gen/sources_1/bd/system/synth/system.v:908]
WARNING: [Synth 8-7071] port 's_axi_control_r_BRESP' of module 'system_spike_accel_0_0' is unconnected for instance 'spike_accel_0' [c:/Users/jielu/Desktop/Workspace/SpikeYOLO_FPGA/hw/vivado/out/spike_zybo.gen/sources_1/bd/system/synth/system.v:908]
WARNING: [Synth 8-7071] port 's_axi_control_r_BVALID' of module 'system_spike_accel_0_0' is unconnected for instance 'spike_accel_0' [c:/Users/jielu/Desktop/Workspace/SpikeYOLO_FPGA/hw/vivado/out/spike_zybo.gen/sources_1/bd/system/synth/system.v:908]
WARNING: [Synth 8-7071] port 's_axi_control_r_RDATA' of module 'system_spike_accel_0_0' is unconnected for instance 'spike_accel_0' [c:/Users/jielu/Desktop/Workspace/SpikeYOLO_FPGA/hw/vivado/out/spike_zybo.gen/sources_1/bd/system/synth/system.v:908]
WARNING: [Synth 8-7071] port 's_axi_control_r_RRESP' of module 'system_spike_accel_0_0' is unconnected for instance 'spike_accel_0' [c:/Users/jielu/Desktop/Workspace/SpikeYOLO_FPGA/hw/vivado/out/spike_zybo.gen/sources_1/bd/system/synth/system.v:908]
WARNING: [Synth 8-7071] port 's_axi_control_r_RVALID' of module 'system_spike_accel_0_0' is unconnected for instance 'spike_accel_0' [c:/Users/jielu/Desktop/Workspace/SpikeYOLO_FPGA/hw/vivado/out/spike_zybo.gen/sources_1/bd/system/synth/system.v:908]
WARNING: [Synth 8-7071] port 's_axi_control_r_WREADY' of module 'system_spike_accel_0_0' is unconnected for instance 'spike_accel_0' [c:/Users/jielu/Desktop/Workspace/SpikeYOLO_FPGA/hw/vivado/out/spike_zybo.gen/sources_1/bd/system/synth/system.v:908]
WARNING: [Synth 8-7071] port 'm_axi_gmem0_ARREGION' of module 'system_spike_accel_0_0' is unconnected for instance 'spike_accel_0' [c:/Users/jielu/Desktop/Workspace/SpikeYOLO_FPGA/hw/vivado/out/spike_zybo.gen/sources_1/bd/system/synth/system.v:908]
WARNING: [Synth 8-7071] port 'm_axi_gmem0_AWADDR' of module 'system_spike_accel_0_0' is unconnected for instance 'spike_accel_0' [c:/Users/jielu/Desktop/Workspace/SpikeYOLO_FPGA/hw/vivado/out/spike_zybo.gen/sources_1/bd/system/synth/system.v:908]
WARNING: [Synth 8-7071] port 'm_axi_gmem0_AWBURST' of module 'system_spike_accel_0_0' is unconnected for instance 'spike_accel_0' [c:/Users/jielu/Desktop/Workspace/SpikeYOLO_FPGA/hw/vivado/out/spike_zybo.gen/sources_1/bd/system/synth/system.v:908]
WARNING: [Synth 8-7071] port 'm_axi_gmem0_AWCACHE' of module 'system_spike_accel_0_0' is unconnected for instance 'spike_accel_0' [c:/Users/jielu/Desktop/Workspace/SpikeYOLO_FPGA/hw/vivado/out/spike_zybo.gen/sources_1/bd/system/synth/system.v:908]
WARNING: [Synth 8-7071] port 'm_axi_gmem0_AWID' of module 'system_spike_accel_0_0' is unconnected for instance 'spike_accel_0' [c:/Users/jielu/Desktop/Workspace/SpikeYOLO_FPGA/hw/vivado/out/spike_zybo.gen/sources_1/bd/system/synth/system.v:908]
WARNING: [Synth 8-7071] port 'm_axi_gmem0_AWLEN' of module 'system_spike_accel_0_0' is unconnected for instance 'spike_accel_0' [c:/Users/jielu/Desktop/Workspace/SpikeYOLO_FPGA/hw/vivado/out/spike_zybo.gen/sources_1/bd/system/synth/system.v:908]
WARNING: [Synth 8-7071] port 'm_axi_gmem0_AWLOCK' of module 'system_spike_accel_0_0' is unconnected for instance 'spike_accel_0' [c:/Users/jielu/Desktop/Workspace/SpikeYOLO_FPGA/hw/vivado/out/spike_zybo.gen/sources_1/bd/system/synth/system.v:908]
WARNING: [Synth 8-7071] port 'm_axi_gmem0_AWPROT' of module 'system_spike_accel_0_0' is unconnected for instance 'spike_accel_0' [c:/Users/jielu/Desktop/Workspace/SpikeYOLO_FPGA/hw/vivado/out/spike_zybo.gen/sources_1/bd/system/synth/system.v:908]
WARNING: [Synth 8-7071] port 'm_axi_gmem0_AWQOS' of module 'system_spike_accel_0_0' is unconnected for instance 'spike_accel_0' [c:/Users/jielu/Desktop/Workspace/SpikeYOLO_FPGA/hw/vivado/out/spike_zybo.gen/sources_1/bd/system/synth/system.v:908]
WARNING: [Synth 8-7071] port 'm_axi_gmem0_AWREGION' of module 'system_spike_accel_0_0' is unconnected for instance 'spike_accel_0' [c:/Users/jielu/Desktop/Workspace/SpikeYOLO_FPGA/hw/vivado/out/spike_zybo.gen/sources_1/bd/system/synth/system.v:908]
WARNING: [Synth 8-7071] port 'm_axi_gmem0_AWSIZE' of module 'system_spike_accel_0_0' is unconnected for instance 'spike_accel_0' [c:/Users/jielu/Desktop/Workspace/SpikeYOLO_FPGA/hw/vivado/out/spike_zybo.gen/sources_1/bd/system/synth/system.v:908]
WARNING: [Synth 8-7071] port 'm_axi_gmem0_AWVALID' of module 'system_spike_accel_0_0' is unconnected for instance 'spike_accel_0' [c:/Users/jielu/Desktop/Workspace/SpikeYOLO_FPGA/hw/vivado/out/spike_zybo.gen/sources_1/bd/system/synth/system.v:908]
WARNING: [Synth 8-7071] port 'm_axi_gmem0_BREADY' of module 'system_spike_accel_0_0' is unconnected for instance 'spike_accel_0' [c:/Users/jielu/Desktop/Workspace/SpikeYOLO_FPGA/hw/vivado/out/spike_zybo.gen/sources_1/bd/system/synth/system.v:908]
WARNING: [Synth 8-7071] port 'm_axi_gmem0_WDATA' of module 'system_spike_accel_0_0' is unconnected for instance 'spike_accel_0' [c:/Users/jielu/Desktop/Workspace/SpikeYOLO_FPGA/hw/vivado/out/spike_zybo.gen/sources_1/bd/system/synth/system.v:908]
WARNING: [Synth 8-7071] port 'm_axi_gmem0_WID' of module 'system_spike_accel_0_0' is unconnected for instance 'spike_accel_0' [c:/Users/jielu/Desktop/Workspace/SpikeYOLO_FPGA/hw/vivado/out/spike_zybo.gen/sources_1/bd/system/synth/system.v:908]
WARNING: [Synth 8-7071] port 'm_axi_gmem0_WLAST' of module 'system_spike_accel_0_0' is unconnected for instance 'spike_accel_0' [c:/Users/jielu/Desktop/Workspace/SpikeYOLO_FPGA/hw/vivado/out/spike_zybo.gen/sources_1/bd/system/synth/system.v:908]
WARNING: [Synth 8-7071] port 'm_axi_gmem0_WSTRB' of module 'system_spike_accel_0_0' is unconnected for instance 'spike_accel_0' [c:/Users/jielu/Desktop/Workspace/SpikeYOLO_FPGA/hw/vivado/out/spike_zybo.gen/sources_1/bd/system/synth/system.v:908]
WARNING: [Synth 8-7071] port 'm_axi_gmem0_WVALID' of module 'system_spike_accel_0_0' is unconnected for instance 'spike_accel_0' [c:/Users/jielu/Desktop/Workspace/SpikeYOLO_FPGA/hw/vivado/out/spike_zybo.gen/sources_1/bd/system/synth/system.v:908]
WARNING: [Synth 8-7071] port 'm_axi_gmem1_ARADDR' of module 'system_spike_accel_0_0' is unconnected for instance 'spike_accel_0' [c:/Users/jielu/Desktop/Workspace/SpikeYOLO_FPGA/hw/vivado/out/spike_zybo.gen/sources_1/bd/system/synth/system.v:908]
WARNING: [Synth 8-7071] port 'm_axi_gmem1_ARBURST' of module 'system_spike_accel_0_0' is unconnected for instance 'spike_accel_0' [c:/Users/jielu/Desktop/Workspace/SpikeYOLO_FPGA/hw/vivado/out/spike_zybo.gen/sources_1/bd/system/synth/system.v:908]
WARNING: [Synth 8-7071] port 'm_axi_gmem1_ARCACHE' of module 'system_spike_accel_0_0' is unconnected for instance 'spike_accel_0' [c:/Users/jielu/Desktop/Workspace/SpikeYOLO_FPGA/hw/vivado/out/spike_zybo.gen/sources_1/bd/system/synth/system.v:908]
WARNING: [Synth 8-7071] port 'm_axi_gmem1_ARID' of module 'system_spike_accel_0_0' is unconnected for instance 'spike_accel_0' [c:/Users/jielu/Desktop/Workspace/SpikeYOLO_FPGA/hw/vivado/out/spike_zybo.gen/sources_1/bd/system/synth/system.v:908]
WARNING: [Synth 8-7071] port 'm_axi_gmem1_ARLEN' of module 'system_spike_accel_0_0' is unconnected for instance 'spike_accel_0' [c:/Users/jielu/Desktop/Workspace/SpikeYOLO_FPGA/hw/vivado/out/spike_zybo.gen/sources_1/bd/system/synth/system.v:908]
WARNING: [Synth 8-7071] port 'm_axi_gmem1_ARLOCK' of module 'system_spike_accel_0_0' is unconnected for instance 'spike_accel_0' [c:/Users/jielu/Desktop/Workspace/SpikeYOLO_FPGA/hw/vivado/out/spike_zybo.gen/sources_1/bd/system/synth/system.v:908]
WARNING: [Synth 8-7071] port 'm_axi_gmem1_ARPROT' of module 'system_spike_accel_0_0' is unconnected for instance 'spike_accel_0' [c:/Users/jielu/Desktop/Workspace/SpikeYOLO_FPGA/hw/vivado/out/spike_zybo.gen/sources_1/bd/system/synth/system.v:908]
WARNING: [Synth 8-7071] port 'm_axi_gmem1_ARQOS' of module 'system_spike_accel_0_0' is unconnected for instance 'spike_accel_0' [c:/Users/jielu/Desktop/Workspace/SpikeYOLO_FPGA/hw/vivado/out/spike_zybo.gen/sources_1/bd/system/synth/system.v:908]
WARNING: [Synth 8-7071] port 'm_axi_gmem1_ARREGION' of module 'system_spike_accel_0_0' is unconnected for instance 'spike_accel_0' [c:/Users/jielu/Desktop/Workspace/SpikeYOLO_FPGA/hw/vivado/out/spike_zybo.gen/sources_1/bd/system/synth/system.v:908]
WARNING: [Synth 8-7071] port 'm_axi_gmem1_ARSIZE' of module 'system_spike_accel_0_0' is unconnected for instance 'spike_accel_0' [c:/Users/jielu/Desktop/Workspace/SpikeYOLO_FPGA/hw/vivado/out/spike_zybo.gen/sources_1/bd/system/synth/system.v:908]
WARNING: [Synth 8-7071] port 'm_axi_gmem1_ARVALID' of module 'system_spike_accel_0_0' is unconnected for instance 'spike_accel_0' [c:/Users/jielu/Desktop/Workspace/SpikeYOLO_FPGA/hw/vivado/out/spike_zybo.gen/sources_1/bd/system/synth/system.v:908]
WARNING: [Synth 8-7071] port 'm_axi_gmem1_AWREGION' of module 'system_spike_accel_0_0' is unconnected for instance 'spike_accel_0' [c:/Users/jielu/Desktop/Workspace/SpikeYOLO_FPGA/hw/vivado/out/spike_zybo.gen/sources_1/bd/system/synth/system.v:908]
WARNING: [Synth 8-7071] port 'm_axi_gmem1_RREADY' of module 'system_spike_accel_0_0' is unconnected for instance 'spike_accel_0' [c:/Users/jielu/Desktop/Workspace/SpikeYOLO_FPGA/hw/vivado/out/spike_zybo.gen/sources_1/bd/system/synth/system.v:908]
WARNING: [Synth 8-7071] port 'm_axi_gmem1_WID' of module 'system_spike_accel_0_0' is unconnected for instance 'spike_accel_0' [c:/Users/jielu/Desktop/Workspace/SpikeYOLO_FPGA/hw/vivado/out/spike_zybo.gen/sources_1/bd/system/synth/system.v:908]
WARNING: [Synth 8-7071] port 'm_axi_gmem2_ARREGION' of module 'system_spike_accel_0_0' is unconnected for instance 'spike_accel_0' [c:/Users/jielu/Desktop/Workspace/SpikeYOLO_FPGA/hw/vivado/out/spike_zybo.gen/sources_1/bd/system/synth/system.v:908]
WARNING: [Synth 8-7071] port 'm_axi_gmem2_AWADDR' of module 'system_spike_accel_0_0' is unconnected for instance 'spike_accel_0' [c:/Users/jielu/Desktop/Workspace/SpikeYOLO_FPGA/hw/vivado/out/spike_zybo.gen/sources_1/bd/system/synth/system.v:908]
WARNING: [Synth 8-7071] port 'm_axi_gmem2_AWBURST' of module 'system_spike_accel_0_0' is unconnected for instance 'spike_accel_0' [c:/Users/jielu/Desktop/Workspace/SpikeYOLO_FPGA/hw/vivado/out/spike_zybo.gen/sources_1/bd/system/synth/system.v:908]
WARNING: [Synth 8-7071] port 'm_axi_gmem2_AWCACHE' of module 'system_spike_accel_0_0' is unconnected for instance 'spike_accel_0' [c:/Users/jielu/Desktop/Workspace/SpikeYOLO_FPGA/hw/vivado/out/spike_zybo.gen/sources_1/bd/system/synth/system.v:908]
WARNING: [Synth 8-7071] port 'm_axi_gmem2_AWID' of module 'system_spike_accel_0_0' is unconnected for instance 'spike_accel_0' [c:/Users/jielu/Desktop/Workspace/SpikeYOLO_FPGA/hw/vivado/out/spike_zybo.gen/sources_1/bd/system/synth/system.v:908]
WARNING: [Synth 8-7071] port 'm_axi_gmem2_AWLEN' of module 'system_spike_accel_0_0' is unconnected for instance 'spike_accel_0' [c:/Users/jielu/Desktop/Workspace/SpikeYOLO_FPGA/hw/vivado/out/spike_zybo.gen/sources_1/bd/system/synth/system.v:908]
WARNING: [Synth 8-7071] port 'm_axi_gmem2_AWLOCK' of module 'system_spike_accel_0_0' is unconnected for instance 'spike_accel_0' [c:/Users/jielu/Desktop/Workspace/SpikeYOLO_FPGA/hw/vivado/out/spike_zybo.gen/sources_1/bd/system/synth/system.v:908]
WARNING: [Synth 8-7071] port 'm_axi_gmem2_AWPROT' of module 'system_spike_accel_0_0' is unconnected for instance 'spike_accel_0' [c:/Users/jielu/Desktop/Workspace/SpikeYOLO_FPGA/hw/vivado/out/spike_zybo.gen/sources_1/bd/system/synth/system.v:908]
WARNING: [Synth 8-7071] port 'm_axi_gmem2_AWQOS' of module 'system_spike_accel_0_0' is unconnected for instance 'spike_accel_0' [c:/Users/jielu/Desktop/Workspace/SpikeYOLO_FPGA/hw/vivado/out/spike_zybo.gen/sources_1/bd/system/synth/system.v:908]
WARNING: [Synth 8-7071] port 'm_axi_gmem2_AWREGION' of module 'system_spike_accel_0_0' is unconnected for instance 'spike_accel_0' [c:/Users/jielu/Desktop/Workspace/SpikeYOLO_FPGA/hw/vivado/out/spike_zybo.gen/sources_1/bd/system/synth/system.v:908]
WARNING: [Synth 8-7071] port 'm_axi_gmem2_AWSIZE' of module 'system_spike_accel_0_0' is unconnected for instance 'spike_accel_0' [c:/Users/jielu/Desktop/Workspace/SpikeYOLO_FPGA/hw/vivado/out/spike_zybo.gen/sources_1/bd/system/synth/system.v:908]
WARNING: [Synth 8-7071] port 'm_axi_gmem2_AWVALID' of module 'system_spike_accel_0_0' is unconnected for instance 'spike_accel_0' [c:/Users/jielu/Desktop/Workspace/SpikeYOLO_FPGA/hw/vivado/out/spike_zybo.gen/sources_1/bd/system/synth/system.v:908]
WARNING: [Synth 8-7071] port 'm_axi_gmem2_BREADY' of module 'system_spike_accel_0_0' is unconnected for instance 'spike_accel_0' [c:/Users/jielu/Desktop/Workspace/SpikeYOLO_FPGA/hw/vivado/out/spike_zybo.gen/sources_1/bd/system/synth/system.v:908]
WARNING: [Synth 8-7071] port 'm_axi_gmem2_WDATA' of module 'system_spike_accel_0_0' is unconnected for instance 'spike_accel_0' [c:/Users/jielu/Desktop/Workspace/SpikeYOLO_FPGA/hw/vivado/out/spike_zybo.gen/sources_1/bd/system/synth/system.v:908]
WARNING: [Synth 8-7071] port 'm_axi_gmem2_WID' of module 'system_spike_accel_0_0' is unconnected for instance 'spike_accel_0' [c:/Users/jielu/Desktop/Workspace/SpikeYOLO_FPGA/hw/vivado/out/spike_zybo.gen/sources_1/bd/system/synth/system.v:908]
WARNING: [Synth 8-7071] port 'm_axi_gmem2_WLAST' of module 'system_spike_accel_0_0' is unconnected for instance 'spike_accel_0' [c:/Users/jielu/Desktop/Workspace/SpikeYOLO_FPGA/hw/vivado/out/spike_zybo.gen/sources_1/bd/system/synth/system.v:908]
WARNING: [Synth 8-7071] port 'm_axi_gmem2_WSTRB' of module 'system_spike_accel_0_0' is unconnected for instance 'spike_accel_0' [c:/Users/jielu/Desktop/Workspace/SpikeYOLO_FPGA/hw/vivado/out/spike_zybo.gen/sources_1/bd/system/synth/system.v:908]
WARNING: [Synth 8-7071] port 'm_axi_gmem2_WVALID' of module 'system_spike_accel_0_0' is unconnected for instance 'spike_accel_0' [c:/Users/jielu/Desktop/Workspace/SpikeYOLO_FPGA/hw/vivado/out/spike_zybo.gen/sources_1/bd/system/synth/system.v:908]
WARNING: [Synth 8-7071] port 'm_axi_gmem3_ARREGION' of module 'system_spike_accel_0_0' is unconnected for instance 'spike_accel_0' [c:/Users/jielu/Desktop/Workspace/SpikeYOLO_FPGA/hw/vivado/out/spike_zybo.gen/sources_1/bd/system/synth/system.v:908]
WARNING: [Synth 8-7071] port 'm_axi_gmem3_AWREGION' of module 'system_spike_accel_0_0' is unconnected for instance 'spike_accel_0' [c:/Users/jielu/Desktop/Workspace/SpikeYOLO_FPGA/hw/vivado/out/spike_zybo.gen/sources_1/bd/system/synth/system.v:908]
WARNING: [Synth 8-7071] port 'm_axi_gmem3_WID' of module 'system_spike_accel_0_0' is unconnected for instance 'spike_accel_0' [c:/Users/jielu/Desktop/Workspace/SpikeYOLO_FPGA/hw/vivado/out/spike_zybo.gen/sources_1/bd/system/synth/system.v:908]
WARNING: [Synth 8-7071] port 'm_axi_gmem4_ARREGION' of module 'system_spike_accel_0_0' is unconnected for instance 'spike_accel_0' [c:/Users/jielu/Desktop/Workspace/SpikeYOLO_FPGA/hw/vivado/out/spike_zybo.gen/sources_1/bd/system/synth/system.v:908]
WARNING: [Synth 8-7071] port 'm_axi_gmem4_AWREGION' of module 'system_spike_accel_0_0' is unconnected for instance 'spike_accel_0' [c:/Users/jielu/Desktop/Workspace/SpikeYOLO_FPGA/hw/vivado/out/spike_zybo.gen/sources_1/bd/system/synth/system.v:908]
WARNING: [Synth 8-7071] port 'm_axi_gmem4_WID' of module 'system_spike_accel_0_0' is unconnected for instance 'spike_accel_0' [c:/Users/jielu/Desktop/Workspace/SpikeYOLO_FPGA/hw/vivado/out/spike_zybo.gen/sources_1/bd/system/synth/system.v:908]
INFO: [Common 17-14] Message 'Synth 8-7071' appears 100 times and further instances of the messages will be disabled. Use the Tcl command set_msg_config to change the current settings.
WARNING: [Synth 8-7023] instance 'spike_accel_0' of module 'system_spike_accel_0_0' has 237 connections declared, but only 173 given [c:/Users/jielu/Desktop/Workspace/SpikeYOLO_FPGA/hw/vivado/out/spike_zybo.gen/sources_1/bd/system/synth/system.v:908]
INFO: [Synth 8-6155] done synthesizing module 'system' (0#1) [c:/Users/jielu/Desktop/Workspace/SpikeYOLO_FPGA/hw/vivado/out/spike_zybo.gen/sources_1/bd/system/synth/system.v:13]
INFO: [Synth 8-6155] done synthesizing module 'system_wrapper' (0#1) [C:/Users/jielu/Desktop/Workspace/SpikeYOLO_FPGA/hw/vivado/out/spike_zybo.gen/sources_1/bd/system/hdl/system_wrapper.v:13]
WARNING: [Synth 8-7129] Port In3[0] in module xlconcat_v2_1_6_xlconcat is either unconnected or has no load
WARNING: [Synth 8-7129] Port In4[0] in module xlconcat_v2_1_6_xlconcat is either unconnected or has no load
WARNING: [Synth 8-7129] Port In5[0] in module xlconcat_v2_1_6_xlconcat is either unconnected or has no load
WARNING: [Synth 8-7129] Port In6[0] in module xlconcat_v2_1_6_xlconcat is either unconnected or has no load
WARNING: [Synth 8-7129] Port In7[0] in module xlconcat_v2_1_6_xlconcat is either unconnected or has no load
WARNING: [Synth 8-7129] Port In8[0] in module xlconcat_v2_1_6_xlconcat is either unconnected or has no load
WARNING: [Synth 8-7129] Port In9[0] in module xlconcat_v2_1_6_xlconcat is either unconnected or has no load
WARNING: [Synth 8-7129] Port In10[0] in module xlconcat_v2_1_6_xlconcat is either unconnected or has no load
WARNING: [Synth 8-7129] Port In11[0] in module xlconcat_v2_1_6_xlconcat is either unconnected or has no load
WARNING: [Synth 8-7129] Port In12[0] in module xlconcat_v2_1_6_xlconcat is either unconnected or has no load
WARNING: [Synth 8-7129] Port In13[0] in module xlconcat_v2_1_6_xlconcat is either unconnected or has no load
WARNING: [Synth 8-7129] Port In14[0] in module xlconcat_v2_1_6_xlconcat is either unconnected or has no load
WARNING: [Synth 8-7129] Port In15[0] in module xlconcat_v2_1_6_xlconcat is either unconnected or has no load
WARNING: [Synth 8-7129] Port In16[0] in module xlconcat_v2_1_6_xlconcat is either unconnected or has no load
WARNING: [Synth 8-7129] Port In17[0] in module xlconcat_v2_1_6_xlconcat is either unconnected or has no load
WARNING: [Synth 8-7129] Port In18[0] in module xlconcat_v2_1_6_xlconcat is either unconnected or has no load
WARNING: [Synth 8-7129] Port In19[0] in module xlconcat_v2_1_6_xlconcat is either unconnected or has no load
WARNING: [Synth 8-7129] Port In20[0] in module xlconcat_v2_1_6_xlconcat is either unconnected or has no load
WARNING: [Synth 8-7129] Port In21[0] in module xlconcat_v2_1_6_xlconcat is either unconnected or has no load
WARNING: [Synth 8-7129] Port In22[0] in module xlconcat_v2_1_6_xlconcat is either unconnected or has no load
WARNING: [Synth 8-7129] Port In23[0] in module xlconcat_v2_1_6_xlconcat is either unconnected or has no load
WARNING: [Synth 8-7129] Port In24[0] in module xlconcat_v2_1_6_xlconcat is either unconnected or has no load
WARNING: [Synth 8-7129] Port In25[0] in module xlconcat_v2_1_6_xlconcat is either unconnected or has no load
WARNING: [Synth 8-7129] Port In26[0] in module xlconcat_v2_1_6_xlconcat is either unconnected or has no load
WARNING: [Synth 8-7129] Port In27[0] in module xlconcat_v2_1_6_xlconcat is either unconnected or has no load
WARNING: [Synth 8-7129] Port In28[0] in module xlconcat_v2_1_6_xlconcat is either unconnected or has no load
WARNING: [Synth 8-7129] Port In29[0] in module xlconcat_v2_1_6_xlconcat is either unconnected or has no load
WARNING: [Synth 8-7129] Port In30[0] in module xlconcat_v2_1_6_xlconcat is either unconnected or has no load
WARNING: [Synth 8-7129] Port In31[0] in module xlconcat_v2_1_6_xlconcat is either unconnected or has no load
WARNING: [Synth 8-7129] Port In32[0] in module xlconcat_v2_1_6_xlconcat is either unconnected or has no load
WARNING: [Synth 8-7129] Port In33[0] in module xlconcat_v2_1_6_xlconcat is either unconnected or has no load
WARNING: [Synth 8-7129] Port In34[0] in module xlconcat_v2_1_6_xlconcat is either unconnected or has no load
WARNING: [Synth 8-7129] Port In35[0] in module xlconcat_v2_1_6_xlconcat is either unconnected or has no load
WARNING: [Synth 8-7129] Port In36[0] in module xlconcat_v2_1_6_xlconcat is either unconnected or has no load
WARNING: [Synth 8-7129] Port In37[0] in module xlconcat_v2_1_6_xlconcat is either unconnected or has no load
WARNING: [Synth 8-7129] Port In38[0] in module xlconcat_v2_1_6_xlconcat is either unconnected or has no load
WARNING: [Synth 8-7129] Port In39[0] in module xlconcat_v2_1_6_xlconcat is either unconnected or has no load
WARNING: [Synth 8-7129] Port In40[0] in module xlconcat_v2_1_6_xlconcat is either unconnected or has no load
WARNING: [Synth 8-7129] Port In41[0] in module xlconcat_v2_1_6_xlconcat is either unconnected or has no load
WARNING: [Synth 8-7129] Port In42[0] in module xlconcat_v2_1_6_xlconcat is either unconnected or has no load
WARNING: [Synth 8-7129] Port In43[0] in module xlconcat_v2_1_6_xlconcat is either unconnected or has no load
WARNING: [Synth 8-7129] Port In44[0] in module xlconcat_v2_1_6_xlconcat is either unconnected or has no load
WARNING: [Synth 8-7129] Port In45[0] in module xlconcat_v2_1_6_xlconcat is either unconnected or has no load
WARNING: [Synth 8-7129] Port In46[0] in module xlconcat_v2_1_6_xlconcat is either unconnected or has no load
WARNING: [Synth 8-7129] Port In47[0] in module xlconcat_v2_1_6_xlconcat is either unconnected or has no load
WARNING: [Synth 8-7129] Port In48[0] in module xlconcat_v2_1_6_xlconcat is either unconnected or has no load
WARNING: [Synth 8-7129] Port In49[0] in module xlconcat_v2_1_6_xlconcat is either unconnected or has no load
WARNING: [Synth 8-7129] Port In50[0] in module xlconcat_v2_1_6_xlconcat is either unconnected or has no load
WARNING: [Synth 8-7129] Port In51[0] in module xlconcat_v2_1_6_xlconcat is either unconnected or has no load
WARNING: [Synth 8-7129] Port In52[0] in module xlconcat_v2_1_6_xlconcat is either unconnected or has no load
WARNING: [Synth 8-7129] Port In53[0] in module xlconcat_v2_1_6_xlconcat is either unconnected or has no load
WARNING: [Synth 8-7129] Port In54[0] in module xlconcat_v2_1_6_xlconcat is either unconnected or has no load
WARNING: [Synth 8-7129] Port In55[0] in module xlconcat_v2_1_6_xlconcat is either unconnected or has no load
WARNING: [Synth 8-7129] Port In56[0] in module xlconcat_v2_1_6_xlconcat is either unconnected or has no load
WARNING: [Synth 8-7129] Port In57[0] in module xlconcat_v2_1_6_xlconcat is either unconnected or has no load
WARNING: [Synth 8-7129] Port In58[0] in module xlconcat_v2_1_6_xlconcat is either unconnected or has no load
WARNING: [Synth 8-7129] Port In59[0] in module xlconcat_v2_1_6_xlconcat is either unconnected or has no load
WARNING: [Synth 8-7129] Port In60[0] in module xlconcat_v2_1_6_xlconcat is either unconnected or has no load
WARNING: [Synth 8-7129] Port In61[0] in module xlconcat_v2_1_6_xlconcat is either unconnected or has no load
WARNING: [Synth 8-7129] Port In62[0] in module xlconcat_v2_1_6_xlconcat is either unconnected or has no load
WARNING: [Synth 8-7129] Port In63[0] in module xlconcat_v2_1_6_xlconcat is either unconnected or has no load
WARNING: [Synth 8-7129] Port In64[0] in module xlconcat_v2_1_6_xlconcat is either unconnected or has no load
WARNING: [Synth 8-7129] Port In65[0] in module xlconcat_v2_1_6_xlconcat is either unconnected or has no load
WARNING: [Synth 8-7129] Port In66[0] in module xlconcat_v2_1_6_xlconcat is either unconnected or has no load
WARNING: [Synth 8-7129] Port In67[0] in module xlconcat_v2_1_6_xlconcat is either unconnected or has no load
WARNING: [Synth 8-7129] Port In68[0] in module xlconcat_v2_1_6_xlconcat is either unconnected or has no load
WARNING: [Synth 8-7129] Port In69[0] in module xlconcat_v2_1_6_xlconcat is either unconnected or has no load
WARNING: [Synth 8-7129] Port In70[0] in module xlconcat_v2_1_6_xlconcat is either unconnected or has no load
WARNING: [Synth 8-7129] Port In71[0] in module xlconcat_v2_1_6_xlconcat is either unconnected or has no load
WARNING: [Synth 8-7129] Port In72[0] in module xlconcat_v2_1_6_xlconcat is either unconnected or has no load
WARNING: [Synth 8-7129] Port In73[0] in module xlconcat_v2_1_6_xlconcat is either unconnected or has no load
WARNING: [Synth 8-7129] Port In74[0] in module xlconcat_v2_1_6_xlconcat is either unconnected or has no load
WARNING: [Synth 8-7129] Port In75[0] in module xlconcat_v2_1_6_xlconcat is either unconnected or has no load
WARNING: [Synth 8-7129] Port In76[0] in module xlconcat_v2_1_6_xlconcat is either unconnected or has no load
WARNING: [Synth 8-7129] Port In77[0] in module xlconcat_v2_1_6_xlconcat is either unconnected or has no load
WARNING: [Synth 8-7129] Port In78[0] in module xlconcat_v2_1_6_xlconcat is either unconnected or has no load
WARNING: [Synth 8-7129] Port In79[0] in module xlconcat_v2_1_6_xlconcat is either unconnected or has no load
WARNING: [Synth 8-7129] Port In80[0] in module xlconcat_v2_1_6_xlconcat is either unconnected or has no load
WARNING: [Synth 8-7129] Port In81[0] in module xlconcat_v2_1_6_xlconcat is either unconnected or has no load
WARNING: [Synth 8-7129] Port In82[0] in module xlconcat_v2_1_6_xlconcat is either unconnected or has no load
WARNING: [Synth 8-7129] Port In83[0] in module xlconcat_v2_1_6_xlconcat is either unconnected or has no load
WARNING: [Synth 8-7129] Port In84[0] in module xlconcat_v2_1_6_xlconcat is either unconnected or has no load
WARNING: [Synth 8-7129] Port In85[0] in module xlconcat_v2_1_6_xlconcat is either unconnected or has no load
WARNING: [Synth 8-7129] Port In86[0] in module xlconcat_v2_1_6_xlconcat is either unconnected or has no load
WARNING: [Synth 8-7129] Port In87[0] in module xlconcat_v2_1_6_xlconcat is either unconnected or has no load
WARNING: [Synth 8-7129] Port In88[0] in module xlconcat_v2_1_6_xlconcat is either unconnected or has no load
WARNING: [Synth 8-7129] Port In89[0] in module xlconcat_v2_1_6_xlconcat is either unconnected or has no load
WARNING: [Synth 8-7129] Port In90[0] in module xlconcat_v2_1_6_xlconcat is either unconnected or has no load
WARNING: [Synth 8-7129] Port In91[0] in module xlconcat_v2_1_6_xlconcat is either unconnected or has no load
WARNING: [Synth 8-7129] Port In92[0] in module xlconcat_v2_1_6_xlconcat is either unconnected or has no load
WARNING: [Synth 8-7129] Port In93[0] in module xlconcat_v2_1_6_xlconcat is either unconnected or has no load
WARNING: [Synth 8-7129] Port In94[0] in module xlconcat_v2_1_6_xlconcat is either unconnected or has no load
WARNING: [Synth 8-7129] Port In95[0] in module xlconcat_v2_1_6_xlconcat is either unconnected or has no load
WARNING: [Synth 8-7129] Port In96[0] in module xlconcat_v2_1_6_xlconcat is either unconnected or has no load
WARNING: [Synth 8-7129] Port In97[0] in module xlconcat_v2_1_6_xlconcat is either unconnected or has no load
WARNING: [Synth 8-7129] Port In98[0] in module xlconcat_v2_1_6_xlconcat is either unconnected or has no load
WARNING: [Synth 8-7129] Port In99[0] in module xlconcat_v2_1_6_xlconcat is either unconnected or has no load
WARNING: [Synth 8-7129] Port In100[0] in module xlconcat_v2_1_6_xlconcat is either unconnected or has no load
WARNING: [Synth 8-7129] Port In101[0] in module xlconcat_v2_1_6_xlconcat is either unconnected or has no load
WARNING: [Synth 8-7129] Port In102[0] in module xlconcat_v2_1_6_xlconcat is either unconnected or has no load
INFO: [Common 17-14] Message 'Synth 8-7129' appears 100 times and further instances of the messages will be disabled. Use the Tcl command set_msg_config to change the current settings.
---------------------------------------------------------------------------------
Finished RTL Elaboration : Time (s): cpu = 00:00:07 ; elapsed = 00:00:07 . Memory (MB): peak = 1795.801 ; gain = 570.355
---------------------------------------------------------------------------------
---------------------------------------------------------------------------------
Start Handling Custom Attributes
---------------------------------------------------------------------------------
---------------------------------------------------------------------------------
Finished Handling Custom Attributes : Time (s): cpu = 00:00:07 ; elapsed = 00:00:07 . Memory (MB): peak = 1795.801 ; gain = 570.355
---------------------------------------------------------------------------------
---------------------------------------------------------------------------------
Finished RTL Optimization Phase 1 : Time (s): cpu = 00:00:07 ; elapsed = 00:00:07 . Memory (MB): peak = 1795.801 ; gain = 570.355
---------------------------------------------------------------------------------
Netlist sorting complete. Time (s): cpu = 00:00:00 ; elapsed = 00:00:00.016 . Memory (MB): peak = 1795.801 ; gain = 0.000
INFO: [Project 1-570] Preparing netlist for logic optimization

Processing XDC Constraints
Initializing timing engine
Parsing XDC File [c:/Users/jielu/Desktop/Workspace/SpikeYOLO_FPGA/hw/vivado/out/spike_zybo.gen/sources_1/bd/system/ip/system_ps_0_0/system_ps_0_0/system_ps_0_0_in_context.xdc] for cell 'system_i/ps_0'
Finished Parsing XDC File [c:/Users/jielu/Desktop/Workspace/SpikeYOLO_FPGA/hw/vivado/out/spike_zybo.gen/sources_1/bd/system/ip/system_ps_0_0/system_ps_0_0/system_ps_0_0_in_context.xdc] for cell 'system_i/ps_0'
Parsing XDC File [c:/Users/jielu/Desktop/Workspace/SpikeYOLO_FPGA/hw/vivado/out/spike_zybo.gen/sources_1/bd/system/ip/system_spike_accel_0_0/system_spike_accel_0_0/system_spike_accel_0_0_in_context.xdc] for cell 'system_i/spike_accel_0'
Finished Parsing XDC File [c:/Users/jielu/Desktop/Workspace/SpikeYOLO_FPGA/hw/vivado/out/spike_zybo.gen/sources_1/bd/system/ip/system_spike_accel_0_0/system_spike_accel_0_0/system_spike_accel_0_0_in_context.xdc] for cell 'system_i/spike_accel_0'
Parsing XDC File [c:/Users/jielu/Desktop/Workspace/SpikeYOLO_FPGA/hw/vivado/out/spike_zybo.gen/sources_1/bd/system/ip/system_axi_dma_feat_0/system_axi_dma_feat_0/system_axi_dma_feat_0_in_context.xdc] for cell 'system_i/axi_dma_feat'
Finished Parsing XDC File [c:/Users/jielu/Desktop/Workspace/SpikeYOLO_FPGA/hw/vivado/out/spike_zybo.gen/sources_1/bd/system/ip/system_axi_dma_feat_0/system_axi_dma_feat_0/system_axi_dma_feat_0_in_context.xdc] for cell 'system_i/axi_dma_feat'
Parsing XDC File [c:/Users/jielu/Desktop/Workspace/SpikeYOLO_FPGA/hw/vivado/out/spike_zybo.gen/sources_1/bd/system/ip/system_ic_ctrl_0/system_ic_ctrl_0/system_ic_ctrl_0_in_context.xdc] for cell 'system_i/ic_ctrl'
Finished Parsing XDC File [c:/Users/jielu/Desktop/Workspace/SpikeYOLO_FPGA/hw/vivado/out/spike_zybo.gen/sources_1/bd/system/ip/system_ic_ctrl_0/system_ic_ctrl_0/system_ic_ctrl_0_in_context.xdc] for cell 'system_i/ic_ctrl'
Parsing XDC File [c:/Users/jielu/Desktop/Workspace/SpikeYOLO_FPGA/hw/vivado/out/spike_zybo.gen/sources_1/bd/system/ip/system_ic_data_hp0_0/system_ic_data_hp0_0/system_ic_data_hp0_0_in_context.xdc] for cell 'system_i/ic_data_hp0'
Finished Parsing XDC File [c:/Users/jielu/Desktop/Workspace/SpikeYOLO_FPGA/hw/vivado/out/spike_zybo.gen/sources_1/bd/system/ip/system_ic_data_hp0_0/system_ic_data_hp0_0/system_ic_data_hp0_0_in_context.xdc] for cell 'system_i/ic_data_hp0'
Parsing XDC File [c:/Users/jielu/Desktop/Workspace/SpikeYOLO_FPGA/hw/vivado/out/spike_zybo.gen/sources_1/bd/system/ip/system_ic_data_hp1_0/system_ic_data_hp1_0/system_ic_data_hp1_0_in_context.xdc] for cell 'system_i/ic_data_hp1'
Finished Parsing XDC File [c:/Users/jielu/Desktop/Workspace/SpikeYOLO_FPGA/hw/vivado/out/spike_zybo.gen/sources_1/bd/system/ip/system_ic_data_hp1_0/system_ic_data_hp1_0/system_ic_data_hp1_0_in_context.xdc] for cell 'system_i/ic_data_hp1'
Parsing XDC File [c:/Users/jielu/Desktop/Workspace/SpikeYOLO_FPGA/hw/vivado/out/spike_zybo.gen/sources_1/bd/system/ip/system_rst_clk0_0/system_rst_clk0_0/system_rst_clk0_0_in_context.xdc] for cell 'system_i/rst_clk0'
Finished Parsing XDC File [c:/Users/jielu/Desktop/Workspace/SpikeYOLO_FPGA/hw/vivado/out/spike_zybo.gen/sources_1/bd/system/ip/system_rst_clk0_0/system_rst_clk0_0/system_rst_clk0_0_in_context.xdc] for cell 'system_i/rst_clk0'
Parsing XDC File [c:/Users/jielu/Desktop/Workspace/SpikeYOLO_FPGA/hw/vivado/out/spike_zybo.gen/sources_1/bd/system/ip/system_rst_clk1_0/system_rst_clk1_0/system_rst_clk1_0_in_context.xdc] for cell 'system_i/rst_clk1'
Finished Parsing XDC File [c:/Users/jielu/Desktop/Workspace/SpikeYOLO_FPGA/hw/vivado/out/spike_zybo.gen/sources_1/bd/system/ip/system_rst_clk1_0/system_rst_clk1_0/system_rst_clk1_0_in_context.xdc] for cell 'system_i/rst_clk1'
Parsing XDC File [C:/Users/jielu/Desktop/Workspace/SpikeYOLO_FPGA/hw/vivado/constraints/zybo_z7_20.xdc]
WARNING: [Vivado 12-584] No ports matched 'sys_clk'. [C:/Users/jielu/Desktop/Workspace/SpikeYOLO_FPGA/hw/vivado/constraints/zybo_z7_20.xdc:11]
WARNING: [Vivado 12-584] No ports matched 'sys_clk'. [C:/Users/jielu/Desktop/Workspace/SpikeYOLO_FPGA/hw/vivado/constraints/zybo_z7_20.xdc:12]
WARNING: [Vivado 12-584] No ports matched 'sw[0]'. [C:/Users/jielu/Desktop/Workspace/SpikeYOLO_FPGA/hw/vivado/constraints/zybo_z7_20.xdc:15]
WARNING: [Vivado 12-584] No ports matched 'sw[1]'. [C:/Users/jielu/Desktop/Workspace/SpikeYOLO_FPGA/hw/vivado/constraints/zybo_z7_20.xdc:16]
WARNING: [Vivado 12-584] No ports matched 'sw[2]'. [C:/Users/jielu/Desktop/Workspace/SpikeYOLO_FPGA/hw/vivado/constraints/zybo_z7_20.xdc:17]
WARNING: [Vivado 12-584] No ports matched 'sw[3]'. [C:/Users/jielu/Desktop/Workspace/SpikeYOLO_FPGA/hw/vivado/constraints/zybo_z7_20.xdc:18]
WARNING: [Vivado 12-584] No ports matched 'led[0]'. [C:/Users/jielu/Desktop/Workspace/SpikeYOLO_FPGA/hw/vivado/constraints/zybo_z7_20.xdc:21]
WARNING: [Vivado 12-584] No ports matched 'led[1]'. [C:/Users/jielu/Desktop/Workspace/SpikeYOLO_FPGA/hw/vivado/constraints/zybo_z7_20.xdc:22]
WARNING: [Vivado 12-584] No ports matched 'led[2]'. [C:/Users/jielu/Desktop/Workspace/SpikeYOLO_FPGA/hw/vivado/constraints/zybo_z7_20.xdc:23]
WARNING: [Vivado 12-584] No ports matched 'led[3]'. [C:/Users/jielu/Desktop/Workspace/SpikeYOLO_FPGA/hw/vivado/constraints/zybo_z7_20.xdc:24]
WARNING: [Vivado 12-584] No ports matched 'hdmi_tx_clk_p'. [C:/Users/jielu/Desktop/Workspace/SpikeYOLO_FPGA/hw/vivado/constraints/zybo_z7_20.xdc:27]
WARNING: [Vivado 12-584] No ports matched 'hdmi_tx_clk_n'. [C:/Users/jielu/Desktop/Workspace/SpikeYOLO_FPGA/hw/vivado/constraints/zybo_z7_20.xdc:28]
WARNING: [Vivado 12-584] No ports matched 'hdmi_tx_data_p[0]'. [C:/Users/jielu/Desktop/Workspace/SpikeYOLO_FPGA/hw/vivado/constraints/zybo_z7_20.xdc:29]
WARNING: [Vivado 12-584] No ports matched 'hdmi_tx_data_n[0]'. [C:/Users/jielu/Desktop/Workspace/SpikeYOLO_FPGA/hw/vivado/constraints/zybo_z7_20.xdc:30]
WARNING: [Vivado 12-584] No ports matched 'hdmi_tx_data_p[1]'. [C:/Users/jielu/Desktop/Workspace/SpikeYOLO_FPGA/hw/vivado/constraints/zybo_z7_20.xdc:31]
WARNING: [Vivado 12-584] No ports matched 'hdmi_tx_data_n[1]'. [C:/Users/jielu/Desktop/Workspace/SpikeYOLO_FPGA/hw/vivado/constraints/zybo_z7_20.xdc:32]
WARNING: [Vivado 12-584] No ports matched 'hdmi_tx_data_p[2]'. [C:/Users/jielu/Desktop/Workspace/SpikeYOLO_FPGA/hw/vivado/constraints/zybo_z7_20.xdc:33]
WARNING: [Vivado 12-584] No ports matched 'hdmi_tx_data_n[2]'. [C:/Users/jielu/Desktop/Workspace/SpikeYOLO_FPGA/hw/vivado/constraints/zybo_z7_20.xdc:34]
WARNING: [Vivado 12-584] No ports matched 'hdmi_tx_hpd'. [C:/Users/jielu/Desktop/Workspace/SpikeYOLO_FPGA/hw/vivado/constraints/zybo_z7_20.xdc:37]
WARNING: [Vivado 12-584] No ports matched 'hdmi_tx_ddc_sda'. [C:/Users/jielu/Desktop/Workspace/SpikeYOLO_FPGA/hw/vivado/constraints/zybo_z7_20.xdc:38]
WARNING: [Vivado 12-584] No ports matched 'hdmi_tx_ddc_scl'. [C:/Users/jielu/Desktop/Workspace/SpikeYOLO_FPGA/hw/vivado/constraints/zybo_z7_20.xdc:39]
CRITICAL WARNING: [Netlist 29-177] Cannot set property 'BITSTREAM.CONFIG.SPI_BUSWIDTH' because the property does not exist. [C:/Users/jielu/Desktop/Workspace/SpikeYOLO_FPGA/hw/vivado/constraints/zybo_z7_20.xdc:54]
Resolution: Create this property using create_property command before setting it.
Finished Parsing XDC File [C:/Users/jielu/Desktop/Workspace/SpikeYOLO_FPGA/hw/vivado/constraints/zybo_z7_20.xdc]
WARNING: [Project 1-498] One or more constraints failed evaluation while reading constraint file [C:/Users/jielu/Desktop/Workspace/SpikeYOLO_FPGA/hw/vivado/constraints/zybo_z7_20.xdc] and the design contains unresolved black boxes. These constraints will be read post-synthesis (as long as their source constraint file is marked as used_in_implementation) and should be applied correctly then. You should review the constraints listed in the file [.Xil/system_wrapper_propImpl.xdc] and check the run log file to verify that these constraints were correctly applied.
Parsing XDC File [C:/Users/jielu/Desktop/Workspace/SpikeYOLO_FPGA/hw/vivado/out/spike_zybo.runs/synth_1/dont_touch.xdc]
Finished Parsing XDC File [C:/Users/jielu/Desktop/Workspace/SpikeYOLO_FPGA/hw/vivado/out/spike_zybo.runs/synth_1/dont_touch.xdc]
Completed Processing XDC Constraints

Netlist sorting complete. Time (s): cpu = 00:00:00 ; elapsed = 00:00:00 . Memory (MB): peak = 1804.469 ; gain = 0.000
INFO: [Project 1-111] Unisim Transformation Summary:
No Unisim elements were transformed.

Constraint Validation Runtime : Time (s): cpu = 00:00:00 ; elapsed = 00:00:00.009 . Memory (MB): peak = 1804.469 ; gain = 0.000
---------------------------------------------------------------------------------
Finished Constraint Validation : Time (s): cpu = 00:00:14 ; elapsed = 00:00:15 . Memory (MB): peak = 1804.469 ; gain = 579.023
---------------------------------------------------------------------------------
---------------------------------------------------------------------------------
Start Loading Part and Timing Information
---------------------------------------------------------------------------------
Loading part: xc7z020clg400-1
---------------------------------------------------------------------------------
Finished Loading Part and Timing Information : Time (s): cpu = 00:00:14 ; elapsed = 00:00:15 . Memory (MB): peak = 1804.469 ; gain = 579.023
---------------------------------------------------------------------------------
---------------------------------------------------------------------------------
Start Applying 'set_property' XDC Constraints
---------------------------------------------------------------------------------
Applied set_property IO_BUFFER_TYPE = NONE for DDR_addr[0]. (constraint file  c:/Users/jielu/Desktop/Workspace/SpikeYOLO_FPGA/hw/vivado/out/spike_zybo.gen/sources_1/bd/system/ip/system_ps_0_0/system_ps_0_0/system_ps_0_0_in_context.xdc, line 3).
Applied set_property CLOCK_BUFFER_TYPE = NONE for DDR_addr[0]. (constraint file  c:/Users/jielu/Desktop/Workspace/SpikeYOLO_FPGA/hw/vivado/out/spike_zybo.gen/sources_1/bd/system/ip/system_ps_0_0/system_ps_0_0/system_ps_0_0_in_context.xdc, line 4).
Applied set_property IO_BUFFER_TYPE = NONE for DDR_addr[10]. (constraint file  c:/Users/jielu/Desktop/Workspace/SpikeYOLO_FPGA/hw/vivado/out/spike_zybo.gen/sources_1/bd/system/ip/system_ps_0_0/system_ps_0_0/system_ps_0_0_in_context.xdc, line 5).
Applied set_property CLOCK_BUFFER_TYPE = NONE for DDR_addr[10]. (constraint file  c:/Users/jielu/Desktop/Workspace/SpikeYOLO_FPGA/hw/vivado/out/spike_zybo.gen/sources_1/bd/system/ip/system_ps_0_0/system_ps_0_0/system_ps_0_0_in_context.xdc, line 6).
Applied set_property IO_BUFFER_TYPE = NONE for DDR_addr[11]. (constraint file  c:/Users/jielu/Desktop/Workspace/SpikeYOLO_FPGA/hw/vivado/out/spike_zybo.gen/sources_1/bd/system/ip/system_ps_0_0/system_ps_0_0/system_ps_0_0_in_context.xdc, line 7).
Applied set_property CLOCK_BUFFER_TYPE = NONE for DDR_addr[11]. (constraint file  c:/Users/jielu/Desktop/Workspace/SpikeYOLO_FPGA/hw/vivado/out/spike_zybo.gen/sources_1/bd/system/ip/system_ps_0_0/system_ps_0_0/system_ps_0_0_in_context.xdc, line 8).
Applied set_property IO_BUFFER_TYPE = NONE for DDR_addr[12]. (constraint file  c:/Users/jielu/Desktop/Workspace/SpikeYOLO_FPGA/hw/vivado/out/spike_zybo.gen/sources_1/bd/system/ip/system_ps_0_0/system_ps_0_0/system_ps_0_0_in_context.xdc, line 9).
Applied set_property CLOCK_BUFFER_TYPE = NONE for DDR_addr[12]. (constraint file  c:/Users/jielu/Desktop/Workspace/SpikeYOLO_FPGA/hw/vivado/out/spike_zybo.gen/sources_1/bd/system/ip/system_ps_0_0/system_ps_0_0/system_ps_0_0_in_context.xdc, line 10).
Applied set_property IO_BUFFER_TYPE = NONE for DDR_addr[13]. (constraint file  c:/Users/jielu/Desktop/Workspace/SpikeYOLO_FPGA/hw/vivado/out/spike_zybo.gen/sources_1/bd/system/ip/system_ps_0_0/system_ps_0_0/system_ps_0_0_in_context.xdc, line 11).
Applied set_property CLOCK_BUFFER_TYPE = NONE for DDR_addr[13]. (constraint file  c:/Users/jielu/Desktop/Workspace/SpikeYOLO_FPGA/hw/vivado/out/spike_zybo.gen/sources_1/bd/system/ip/system_ps_0_0/system_ps_0_0/system_ps_0_0_in_context.xdc, line 12).
Applied set_property IO_BUFFER_TYPE = NONE for DDR_addr[14]. (constraint file  c:/Users/jielu/Desktop/Workspace/SpikeYOLO_FPGA/hw/vivado/out/spike_zybo.gen/sources_1/bd/system/ip/system_ps_0_0/system_ps_0_0/system_ps_0_0_in_context.xdc, line 13).
Applied set_property CLOCK_BUFFER_TYPE = NONE for DDR_addr[14]. (constraint file  c:/Users/jielu/Desktop/Workspace/SpikeYOLO_FPGA/hw/vivado/out/spike_zybo.gen/sources_1/bd/system/ip/system_ps_0_0/system_ps_0_0/system_ps_0_0_in_context.xdc, line 14).
Applied set_property IO_BUFFER_TYPE = NONE for DDR_addr[1]. (constraint file  c:/Users/jielu/Desktop/Workspace/SpikeYOLO_FPGA/hw/vivado/out/spike_zybo.gen/sources_1/bd/system/ip/system_ps_0_0/system_ps_0_0/system_ps_0_0_in_context.xdc, line 15).
Applied set_property CLOCK_BUFFER_TYPE = NONE for DDR_addr[1]. (constraint file  c:/Users/jielu/Desktop/Workspace/SpikeYOLO_FPGA/hw/vivado/out/spike_zybo.gen/sources_1/bd/system/ip/system_ps_0_0/system_ps_0_0/system_ps_0_0_in_context.xdc, line 16).
Applied set_property IO_BUFFER_TYPE = NONE for DDR_addr[2]. (constraint file  c:/Users/jielu/Desktop/Workspace/SpikeYOLO_FPGA/hw/vivado/out/spike_zybo.gen/sources_1/bd/system/ip/system_ps_0_0/system_ps_0_0/system_ps_0_0_in_context.xdc, line 17).
Applied set_property CLOCK_BUFFER_TYPE = NONE for DDR_addr[2]. (constraint file  c:/Users/jielu/Desktop/Workspace/SpikeYOLO_FPGA/hw/vivado/out/spike_zybo.gen/sources_1/bd/system/ip/system_ps_0_0/system_ps_0_0/system_ps_0_0_in_context.xdc, line 18).
Applied set_property IO_BUFFER_TYPE = NONE for DDR_addr[3]. (constraint file  c:/Users/jielu/Desktop/Workspace/SpikeYOLO_FPGA/hw/vivado/out/spike_zybo.gen/sources_1/bd/system/ip/system_ps_0_0/system_ps_0_0/system_ps_0_0_in_context.xdc, line 19).
Applied set_property CLOCK_BUFFER_TYPE = NONE for DDR_addr[3]. (constraint file  c:/Users/jielu/Desktop/Workspace/SpikeYOLO_FPGA/hw/vivado/out/spike_zybo.gen/sources_1/bd/system/ip/system_ps_0_0/system_ps_0_0/system_ps_0_0_in_context.xdc, line 20).
Applied set_property IO_BUFFER_TYPE = NONE for DDR_addr[4]. (constraint file  c:/Users/jielu/Desktop/Workspace/SpikeYOLO_FPGA/hw/vivado/out/spike_zybo.gen/sources_1/bd/system/ip/system_ps_0_0/system_ps_0_0/system_ps_0_0_in_context.xdc, line 21).
Applied set_property CLOCK_BUFFER_TYPE = NONE for DDR_addr[4]. (constraint file  c:/Users/jielu/Desktop/Workspace/SpikeYOLO_FPGA/hw/vivado/out/spike_zybo.gen/sources_1/bd/system/ip/system_ps_0_0/system_ps_0_0/system_ps_0_0_in_context.xdc, line 22).
Applied set_property IO_BUFFER_TYPE = NONE for DDR_addr[5]. (constraint file  c:/Users/jielu/Desktop/Workspace/SpikeYOLO_FPGA/hw/vivado/out/spike_zybo.gen/sources_1/bd/system/ip/system_ps_0_0/system_ps_0_0/system_ps_0_0_in_context.xdc, line 23).
Applied set_property CLOCK_BUFFER_TYPE = NONE for DDR_addr[5]. (constraint file  c:/Users/jielu/Desktop/Workspace/SpikeYOLO_FPGA/hw/vivado/out/spike_zybo.gen/sources_1/bd/system/ip/system_ps_0_0/system_ps_0_0/system_ps_0_0_in_context.xdc, line 24).
Applied set_property IO_BUFFER_TYPE = NONE for DDR_addr[6]. (constraint file  c:/Users/jielu/Desktop/Workspace/SpikeYOLO_FPGA/hw/vivado/out/spike_zybo.gen/sources_1/bd/system/ip/system_ps_0_0/system_ps_0_0/system_ps_0_0_in_context.xdc, line 25).
Applied set_property CLOCK_BUFFER_TYPE = NONE for DDR_addr[6]. (constraint file  c:/Users/jielu/Desktop/Workspace/SpikeYOLO_FPGA/hw/vivado/out/spike_zybo.gen/sources_1/bd/system/ip/system_ps_0_0/system_ps_0_0/system_ps_0_0_in_context.xdc, line 26).
Applied set_property IO_BUFFER_TYPE = NONE for DDR_addr[7]. (constraint file  c:/Users/jielu/Desktop/Workspace/SpikeYOLO_FPGA/hw/vivado/out/spike_zybo.gen/sources_1/bd/system/ip/system_ps_0_0/system_ps_0_0/system_ps_0_0_in_context.xdc, line 27).
Applied set_property CLOCK_BUFFER_TYPE = NONE for DDR_addr[7]. (constraint file  c:/Users/jielu/Desktop/Workspace/SpikeYOLO_FPGA/hw/vivado/out/spike_zybo.gen/sources_1/bd/system/ip/system_ps_0_0/system_ps_0_0/system_ps_0_0_in_context.xdc, line 28).
Applied set_property IO_BUFFER_TYPE = NONE for DDR_addr[8]. (constraint file  c:/Users/jielu/Desktop/Workspace/SpikeYOLO_FPGA/hw/vivado/out/spike_zybo.gen/sources_1/bd/system/ip/system_ps_0_0/system_ps_0_0/system_ps_0_0_in_context.xdc, line 29).
Applied set_property CLOCK_BUFFER_TYPE = NONE for DDR_addr[8]. (constraint file  c:/Users/jielu/Desktop/Workspace/SpikeYOLO_FPGA/hw/vivado/out/spike_zybo.gen/sources_1/bd/system/ip/system_ps_0_0/system_ps_0_0/system_ps_0_0_in_context.xdc, line 30).
Applied set_property IO_BUFFER_TYPE = NONE for DDR_addr[9]. (constraint file  c:/Users/jielu/Desktop/Workspace/SpikeYOLO_FPGA/hw/vivado/out/spike_zybo.gen/sources_1/bd/system/ip/system_ps_0_0/system_ps_0_0/system_ps_0_0_in_context.xdc, line 31).
Applied set_property CLOCK_BUFFER_TYPE = NONE for DDR_addr[9]. (constraint file  c:/Users/jielu/Desktop/Workspace/SpikeYOLO_FPGA/hw/vivado/out/spike_zybo.gen/sources_1/bd/system/ip/system_ps_0_0/system_ps_0_0/system_ps_0_0_in_context.xdc, line 32).
Applied set_property IO_BUFFER_TYPE = NONE for DDR_ba[0]. (constraint file  c:/Users/jielu/Desktop/Workspace/SpikeYOLO_FPGA/hw/vivado/out/spike_zybo.gen/sources_1/bd/system/ip/system_ps_0_0/system_ps_0_0/system_ps_0_0_in_context.xdc, line 33).
Applied set_property CLOCK_BUFFER_TYPE = NONE for DDR_ba[0]. (constraint file  c:/Users/jielu/Desktop/Workspace/SpikeYOLO_FPGA/hw/vivado/out/spike_zybo.gen/sources_1/bd/system/ip/system_ps_0_0/system_ps_0_0/system_ps_0_0_in_context.xdc, line 34).
Applied set_property IO_BUFFER_TYPE = NONE for DDR_ba[1]. (constraint file  c:/Users/jielu/Desktop/Workspace/SpikeYOLO_FPGA/hw/vivado/out/spike_zybo.gen/sources_1/bd/system/ip/system_ps_0_0/system_ps_0_0/system_ps_0_0_in_context.xdc, line 35).
Applied set_property CLOCK_BUFFER_TYPE = NONE for DDR_ba[1]. (constraint file  c:/Users/jielu/Desktop/Workspace/SpikeYOLO_FPGA/hw/vivado/out/spike_zybo.gen/sources_1/bd/system/ip/system_ps_0_0/system_ps_0_0/system_ps_0_0_in_context.xdc, line 36).
Applied set_property IO_BUFFER_TYPE = NONE for DDR_ba[2]. (constraint file  c:/Users/jielu/Desktop/Workspace/SpikeYOLO_FPGA/hw/vivado/out/spike_zybo.gen/sources_1/bd/system/ip/system_ps_0_0/system_ps_0_0/system_ps_0_0_in_context.xdc, line 37).
Applied set_property CLOCK_BUFFER_TYPE = NONE for DDR_ba[2]. (constraint file  c:/Users/jielu/Desktop/Workspace/SpikeYOLO_FPGA/hw/vivado/out/spike_zybo.gen/sources_1/bd/system/ip/system_ps_0_0/system_ps_0_0/system_ps_0_0_in_context.xdc, line 38).
Applied set_property IO_BUFFER_TYPE = NONE for DDR_cas_n. (constraint file  c:/Users/jielu/Desktop/Workspace/SpikeYOLO_FPGA/hw/vivado/out/spike_zybo.gen/sources_1/bd/system/ip/system_ps_0_0/system_ps_0_0/system_ps_0_0_in_context.xdc, line 39).
Applied set_property CLOCK_BUFFER_TYPE = NONE for DDR_cas_n. (constraint file  c:/Users/jielu/Desktop/Workspace/SpikeYOLO_FPGA/hw/vivado/out/spike_zybo.gen/sources_1/bd/system/ip/system_ps_0_0/system_ps_0_0/system_ps_0_0_in_context.xdc, line 40).
Applied set_property IO_BUFFER_TYPE = NONE for DDR_cke. (constraint file  c:/Users/jielu/Desktop/Workspace/SpikeYOLO_FPGA/hw/vivado/out/spike_zybo.gen/sources_1/bd/system/ip/system_ps_0_0/system_ps_0_0/system_ps_0_0_in_context.xdc, line 41).
Applied set_property CLOCK_BUFFER_TYPE = NONE for DDR_cke. (constraint file  c:/Users/jielu/Desktop/Workspace/SpikeYOLO_FPGA/hw/vivado/out/spike_zybo.gen/sources_1/bd/system/ip/system_ps_0_0/system_ps_0_0/system_ps_0_0_in_context.xdc, line 42).
Applied set_property IO_BUFFER_TYPE = NONE for DDR_cs_n. (constraint file  c:/Users/jielu/Desktop/Workspace/SpikeYOLO_FPGA/hw/vivado/out/spike_zybo.gen/sources_1/bd/system/ip/system_ps_0_0/system_ps_0_0/system_ps_0_0_in_context.xdc, line 43).
Applied set_property CLOCK_BUFFER_TYPE = NONE for DDR_cs_n. (constraint file  c:/Users/jielu/Desktop/Workspace/SpikeYOLO_FPGA/hw/vivado/out/spike_zybo.gen/sources_1/bd/system/ip/system_ps_0_0/system_ps_0_0/system_ps_0_0_in_context.xdc, line 44).
Applied set_property IO_BUFFER_TYPE = NONE for DDR_ck_p. (constraint file  c:/Users/jielu/Desktop/Workspace/SpikeYOLO_FPGA/hw/vivado/out/spike_zybo.gen/sources_1/bd/system/ip/system_ps_0_0/system_ps_0_0/system_ps_0_0_in_context.xdc, line 45).
Applied set_property CLOCK_BUFFER_TYPE = NONE for DDR_ck_p. (constraint file  c:/Users/jielu/Desktop/Workspace/SpikeYOLO_FPGA/hw/vivado/out/spike_zybo.gen/sources_1/bd/system/ip/system_ps_0_0/system_ps_0_0/system_ps_0_0_in_context.xdc, line 46).
Applied set_property IO_BUFFER_TYPE = NONE for DDR_ck_n. (constraint file  c:/Users/jielu/Desktop/Workspace/SpikeYOLO_FPGA/hw/vivado/out/spike_zybo.gen/sources_1/bd/system/ip/system_ps_0_0/system_ps_0_0/system_ps_0_0_in_context.xdc, line 47).
Applied set_property CLOCK_BUFFER_TYPE = NONE for DDR_ck_n. (constraint file  c:/Users/jielu/Desktop/Workspace/SpikeYOLO_FPGA/hw/vivado/out/spike_zybo.gen/sources_1/bd/system/ip/system_ps_0_0/system_ps_0_0/system_ps_0_0_in_context.xdc, line 48).
Applied set_property IO_BUFFER_TYPE = NONE for DDR_dm[0]. (constraint file  c:/Users/jielu/Desktop/Workspace/SpikeYOLO_FPGA/hw/vivado/out/spike_zybo.gen/sources_1/bd/system/ip/system_ps_0_0/system_ps_0_0/system_ps_0_0_in_context.xdc, line 49).
Applied set_property CLOCK_BUFFER_TYPE = NONE for DDR_dm[0]. (constraint file  c:/Users/jielu/Desktop/Workspace/SpikeYOLO_FPGA/hw/vivado/out/spike_zybo.gen/sources_1/bd/system/ip/system_ps_0_0/system_ps_0_0/system_ps_0_0_in_context.xdc, line 50).
Applied set_property IO_BUFFER_TYPE = NONE for DDR_dm[1]. (constraint file  c:/Users/jielu/Desktop/Workspace/SpikeYOLO_FPGA/hw/vivado/out/spike_zybo.gen/sources_1/bd/system/ip/system_ps_0_0/system_ps_0_0/system_ps_0_0_in_context.xdc, line 51).
Applied set_property CLOCK_BUFFER_TYPE = NONE for DDR_dm[1]. (constraint file  c:/Users/jielu/Desktop/Workspace/SpikeYOLO_FPGA/hw/vivado/out/spike_zybo.gen/sources_1/bd/system/ip/system_ps_0_0/system_ps_0_0/system_ps_0_0_in_context.xdc, line 52).
Applied set_property IO_BUFFER_TYPE = NONE for DDR_dm[2]. (constraint file  c:/Users/jielu/Desktop/Workspace/SpikeYOLO_FPGA/hw/vivado/out/spike_zybo.gen/sources_1/bd/system/ip/system_ps_0_0/system_ps_0_0/system_ps_0_0_in_context.xdc, line 53).
Applied set_property CLOCK_BUFFER_TYPE = NONE for DDR_dm[2]. (constraint file  c:/Users/jielu/Desktop/Workspace/SpikeYOLO_FPGA/hw/vivado/out/spike_zybo.gen/sources_1/bd/system/ip/system_ps_0_0/system_ps_0_0/system_ps_0_0_in_context.xdc, line 54).
Applied set_property IO_BUFFER_TYPE = NONE for DDR_dm[3]. (constraint file  c:/Users/jielu/Desktop/Workspace/SpikeYOLO_FPGA/hw/vivado/out/spike_zybo.gen/sources_1/bd/system/ip/system_ps_0_0/system_ps_0_0/system_ps_0_0_in_context.xdc, line 55).
Applied set_property CLOCK_BUFFER_TYPE = NONE for DDR_dm[3]. (constraint file  c:/Users/jielu/Desktop/Workspace/SpikeYOLO_FPGA/hw/vivado/out/spike_zybo.gen/sources_1/bd/system/ip/system_ps_0_0/system_ps_0_0/system_ps_0_0_in_context.xdc, line 56).
Applied set_property IO_BUFFER_TYPE = NONE for DDR_dqs_p[0]. (constraint file  c:/Users/jielu/Desktop/Workspace/SpikeYOLO_FPGA/hw/vivado/out/spike_zybo.gen/sources_1/bd/system/ip/system_ps_0_0/system_ps_0_0/system_ps_0_0_in_context.xdc, line 57).
Applied set_property CLOCK_BUFFER_TYPE = NONE for DDR_dqs_p[0]. (constraint file  c:/Users/jielu/Desktop/Workspace/SpikeYOLO_FPGA/hw/vivado/out/spike_zybo.gen/sources_1/bd/system/ip/system_ps_0_0/system_ps_0_0/system_ps_0_0_in_context.xdc, line 58).
Applied set_property IO_BUFFER_TYPE = NONE for DDR_dqs_p[1]. (constraint file  c:/Users/jielu/Desktop/Workspace/SpikeYOLO_FPGA/hw/vivado/out/spike_zybo.gen/sources_1/bd/system/ip/system_ps_0_0/system_ps_0_0/system_ps_0_0_in_context.xdc, line 59).
Applied set_property CLOCK_BUFFER_TYPE = NONE for DDR_dqs_p[1]. (constraint file  c:/Users/jielu/Desktop/Workspace/SpikeYOLO_FPGA/hw/vivado/out/spike_zybo.gen/sources_1/bd/system/ip/system_ps_0_0/system_ps_0_0/system_ps_0_0_in_context.xdc, line 60).
Applied set_property IO_BUFFER_TYPE = NONE for DDR_dqs_p[2]. (constraint file  c:/Users/jielu/Desktop/Workspace/SpikeYOLO_FPGA/hw/vivado/out/spike_zybo.gen/sources_1/bd/system/ip/system_ps_0_0/system_ps_0_0/system_ps_0_0_in_context.xdc, line 61).
Applied set_property CLOCK_BUFFER_TYPE = NONE for DDR_dqs_p[2]. (constraint file  c:/Users/jielu/Desktop/Workspace/SpikeYOLO_FPGA/hw/vivado/out/spike_zybo.gen/sources_1/bd/system/ip/system_ps_0_0/system_ps_0_0/system_ps_0_0_in_context.xdc, line 62).
Applied set_property IO_BUFFER_TYPE = NONE for DDR_dqs_p[3]. (constraint file  c:/Users/jielu/Desktop/Workspace/SpikeYOLO_FPGA/hw/vivado/out/spike_zybo.gen/sources_1/bd/system/ip/system_ps_0_0/system_ps_0_0/system_ps_0_0_in_context.xdc, line 63).
Applied set_property CLOCK_BUFFER_TYPE = NONE for DDR_dqs_p[3]. (constraint file  c:/Users/jielu/Desktop/Workspace/SpikeYOLO_FPGA/hw/vivado/out/spike_zybo.gen/sources_1/bd/system/ip/system_ps_0_0/system_ps_0_0/system_ps_0_0_in_context.xdc, line 64).
Applied set_property IO_BUFFER_TYPE = NONE for DDR_dqs_n[0]. (constraint file  c:/Users/jielu/Desktop/Workspace/SpikeYOLO_FPGA/hw/vivado/out/spike_zybo.gen/sources_1/bd/system/ip/system_ps_0_0/system_ps_0_0/system_ps_0_0_in_context.xdc, line 65).
Applied set_property CLOCK_BUFFER_TYPE = NONE for DDR_dqs_n[0]. (constraint file  c:/Users/jielu/Desktop/Workspace/SpikeYOLO_FPGA/hw/vivado/out/spike_zybo.gen/sources_1/bd/system/ip/system_ps_0_0/system_ps_0_0/system_ps_0_0_in_context.xdc, line 66).
Applied set_property IO_BUFFER_TYPE = NONE for DDR_dqs_n[1]. (constraint file  c:/Users/jielu/Desktop/Workspace/SpikeYOLO_FPGA/hw/vivado/out/spike_zybo.gen/sources_1/bd/system/ip/system_ps_0_0/system_ps_0_0/system_ps_0_0_in_context.xdc, line 67).
Applied set_property CLOCK_BUFFER_TYPE = NONE for DDR_dqs_n[1]. (constraint file  c:/Users/jielu/Desktop/Workspace/SpikeYOLO_FPGA/hw/vivado/out/spike_zybo.gen/sources_1/bd/system/ip/system_ps_0_0/system_ps_0_0/system_ps_0_0_in_context.xdc, line 68).
Applied set_property IO_BUFFER_TYPE = NONE for DDR_dqs_n[2]. (constraint file  c:/Users/jielu/Desktop/Workspace/SpikeYOLO_FPGA/hw/vivado/out/spike_zybo.gen/sources_1/bd/system/ip/system_ps_0_0/system_ps_0_0/system_ps_0_0_in_context.xdc, line 69).
Applied set_property CLOCK_BUFFER_TYPE = NONE for DDR_dqs_n[2]. (constraint file  c:/Users/jielu/Desktop/Workspace/SpikeYOLO_FPGA/hw/vivado/out/spike_zybo.gen/sources_1/bd/system/ip/system_ps_0_0/system_ps_0_0/system_ps_0_0_in_context.xdc, line 70).
Applied set_property IO_BUFFER_TYPE = NONE for DDR_dqs_n[3]. (constraint file  c:/Users/jielu/Desktop/Workspace/SpikeYOLO_FPGA/hw/vivado/out/spike_zybo.gen/sources_1/bd/system/ip/system_ps_0_0/system_ps_0_0/system_ps_0_0_in_context.xdc, line 71).
Applied set_property CLOCK_BUFFER_TYPE = NONE for DDR_dqs_n[3]. (constraint file  c:/Users/jielu/Desktop/Workspace/SpikeYOLO_FPGA/hw/vivado/out/spike_zybo.gen/sources_1/bd/system/ip/system_ps_0_0/system_ps_0_0/system_ps_0_0_in_context.xdc, line 72).
Applied set_property IO_BUFFER_TYPE = NONE for DDR_dq[0]. (constraint file  c:/Users/jielu/Desktop/Workspace/SpikeYOLO_FPGA/hw/vivado/out/spike_zybo.gen/sources_1/bd/system/ip/system_ps_0_0/system_ps_0_0/system_ps_0_0_in_context.xdc, line 73).
Applied set_property CLOCK_BUFFER_TYPE = NONE for DDR_dq[0]. (constraint file  c:/Users/jielu/Desktop/Workspace/SpikeYOLO_FPGA/hw/vivado/out/spike_zybo.gen/sources_1/bd/system/ip/system_ps_0_0/system_ps_0_0/system_ps_0_0_in_context.xdc, line 74).
Applied set_property IO_BUFFER_TYPE = NONE for DDR_dq[10]. (constraint file  c:/Users/jielu/Desktop/Workspace/SpikeYOLO_FPGA/hw/vivado/out/spike_zybo.gen/sources_1/bd/system/ip/system_ps_0_0/system_ps_0_0/system_ps_0_0_in_context.xdc, line 75).
Applied set_property CLOCK_BUFFER_TYPE = NONE for DDR_dq[10]. (constraint file  c:/Users/jielu/Desktop/Workspace/SpikeYOLO_FPGA/hw/vivado/out/spike_zybo.gen/sources_1/bd/system/ip/system_ps_0_0/system_ps_0_0/system_ps_0_0_in_context.xdc, line 76).
Applied set_property IO_BUFFER_TYPE = NONE for DDR_dq[11]. (constraint file  c:/Users/jielu/Desktop/Workspace/SpikeYOLO_FPGA/hw/vivado/out/spike_zybo.gen/sources_1/bd/system/ip/system_ps_0_0/system_ps_0_0/system_ps_0_0_in_context.xdc, line 77).
Applied set_property CLOCK_BUFFER_TYPE = NONE for DDR_dq[11]. (constraint file  c:/Users/jielu/Desktop/Workspace/SpikeYOLO_FPGA/hw/vivado/out/spike_zybo.gen/sources_1/bd/system/ip/system_ps_0_0/system_ps_0_0/system_ps_0_0_in_context.xdc, line 78).
Applied set_property IO_BUFFER_TYPE = NONE for DDR_dq[12]. (constraint file  c:/Users/jielu/Desktop/Workspace/SpikeYOLO_FPGA/hw/vivado/out/spike_zybo.gen/sources_1/bd/system/ip/system_ps_0_0/system_ps_0_0/system_ps_0_0_in_context.xdc, line 79).
Applied set_property CLOCK_BUFFER_TYPE = NONE for DDR_dq[12]. (constraint file  c:/Users/jielu/Desktop/Workspace/SpikeYOLO_FPGA/hw/vivado/out/spike_zybo.gen/sources_1/bd/system/ip/system_ps_0_0/system_ps_0_0/system_ps_0_0_in_context.xdc, line 80).
Applied set_property IO_BUFFER_TYPE = NONE for DDR_dq[13]. (constraint file  c:/Users/jielu/Desktop/Workspace/SpikeYOLO_FPGA/hw/vivado/out/spike_zybo.gen/sources_1/bd/system/ip/system_ps_0_0/system_ps_0_0/system_ps_0_0_in_context.xdc, line 81).
Applied set_property CLOCK_BUFFER_TYPE = NONE for DDR_dq[13]. (constraint file  c:/Users/jielu/Desktop/Workspace/SpikeYOLO_FPGA/hw/vivado/out/spike_zybo.gen/sources_1/bd/system/ip/system_ps_0_0/system_ps_0_0/system_ps_0_0_in_context.xdc, line 82).
Applied set_property IO_BUFFER_TYPE = NONE for DDR_dq[14]. (constraint file  c:/Users/jielu/Desktop/Workspace/SpikeYOLO_FPGA/hw/vivado/out/spike_zybo.gen/sources_1/bd/system/ip/system_ps_0_0/system_ps_0_0/system_ps_0_0_in_context.xdc, line 83).
Applied set_property CLOCK_BUFFER_TYPE = NONE for DDR_dq[14]. (constraint file  c:/Users/jielu/Desktop/Workspace/SpikeYOLO_FPGA/hw/vivado/out/spike_zybo.gen/sources_1/bd/system/ip/system_ps_0_0/system_ps_0_0/system_ps_0_0_in_context.xdc, line 84).
Applied set_property IO_BUFFER_TYPE = NONE for DDR_dq[15]. (constraint file  c:/Users/jielu/Desktop/Workspace/SpikeYOLO_FPGA/hw/vivado/out/spike_zybo.gen/sources_1/bd/system/ip/system_ps_0_0/system_ps_0_0/system_ps_0_0_in_context.xdc, line 85).
Applied set_property CLOCK_BUFFER_TYPE = NONE for DDR_dq[15]. (constraint file  c:/Users/jielu/Desktop/Workspace/SpikeYOLO_FPGA/hw/vivado/out/spike_zybo.gen/sources_1/bd/system/ip/system_ps_0_0/system_ps_0_0/system_ps_0_0_in_context.xdc, line 86).
Applied set_property IO_BUFFER_TYPE = NONE for DDR_dq[16]. (constraint file  c:/Users/jielu/Desktop/Workspace/SpikeYOLO_FPGA/hw/vivado/out/spike_zybo.gen/sources_1/bd/system/ip/system_ps_0_0/system_ps_0_0/system_ps_0_0_in_context.xdc, line 87).
Applied set_property CLOCK_BUFFER_TYPE = NONE for DDR_dq[16]. (constraint file  c:/Users/jielu/Desktop/Workspace/SpikeYOLO_FPGA/hw/vivado/out/spike_zybo.gen/sources_1/bd/system/ip/system_ps_0_0/system_ps_0_0/system_ps_0_0_in_context.xdc, line 88).
Applied set_property IO_BUFFER_TYPE = NONE for DDR_dq[17]. (constraint file  c:/Users/jielu/Desktop/Workspace/SpikeYOLO_FPGA/hw/vivado/out/spike_zybo.gen/sources_1/bd/system/ip/system_ps_0_0/system_ps_0_0/system_ps_0_0_in_context.xdc, line 89).
Applied set_property CLOCK_BUFFER_TYPE = NONE for DDR_dq[17]. (constraint file  c:/Users/jielu/Desktop/Workspace/SpikeYOLO_FPGA/hw/vivado/out/spike_zybo.gen/sources_1/bd/system/ip/system_ps_0_0/system_ps_0_0/system_ps_0_0_in_context.xdc, line 90).
Applied set_property IO_BUFFER_TYPE = NONE for DDR_dq[18]. (constraint file  c:/Users/jielu/Desktop/Workspace/SpikeYOLO_FPGA/hw/vivado/out/spike_zybo.gen/sources_1/bd/system/ip/system_ps_0_0/system_ps_0_0/system_ps_0_0_in_context.xdc, line 91).
Applied set_property CLOCK_BUFFER_TYPE = NONE for DDR_dq[18]. (constraint file  c:/Users/jielu/Desktop/Workspace/SpikeYOLO_FPGA/hw/vivado/out/spike_zybo.gen/sources_1/bd/system/ip/system_ps_0_0/system_ps_0_0/system_ps_0_0_in_context.xdc, line 92).
Applied set_property IO_BUFFER_TYPE = NONE for DDR_dq[19]. (constraint file  c:/Users/jielu/Desktop/Workspace/SpikeYOLO_FPGA/hw/vivado/out/spike_zybo.gen/sources_1/bd/system/ip/system_ps_0_0/system_ps_0_0/system_ps_0_0_in_context.xdc, line 93).
Applied set_property CLOCK_BUFFER_TYPE = NONE for DDR_dq[19]. (constraint file  c:/Users/jielu/Desktop/Workspace/SpikeYOLO_FPGA/hw/vivado/out/spike_zybo.gen/sources_1/bd/system/ip/system_ps_0_0/system_ps_0_0/system_ps_0_0_in_context.xdc, line 94).
Applied set_property IO_BUFFER_TYPE = NONE for DDR_dq[1]. (constraint file  c:/Users/jielu/Desktop/Workspace/SpikeYOLO_FPGA/hw/vivado/out/spike_zybo.gen/sources_1/bd/system/ip/system_ps_0_0/system_ps_0_0/system_ps_0_0_in_context.xdc, line 95).
Applied set_property CLOCK_BUFFER_TYPE = NONE for DDR_dq[1]. (constraint file  c:/Users/jielu/Desktop/Workspace/SpikeYOLO_FPGA/hw/vivado/out/spike_zybo.gen/sources_1/bd/system/ip/system_ps_0_0/system_ps_0_0/system_ps_0_0_in_context.xdc, line 96).
Applied set_property IO_BUFFER_TYPE = NONE for DDR_dq[20]. (constraint file  c:/Users/jielu/Desktop/Workspace/SpikeYOLO_FPGA/hw/vivado/out/spike_zybo.gen/sources_1/bd/system/ip/system_ps_0_0/system_ps_0_0/system_ps_0_0_in_context.xdc, line 97).
Applied set_property CLOCK_BUFFER_TYPE = NONE for DDR_dq[20]. (constraint file  c:/Users/jielu/Desktop/Workspace/SpikeYOLO_FPGA/hw/vivado/out/spike_zybo.gen/sources_1/bd/system/ip/system_ps_0_0/system_ps_0_0/system_ps_0_0_in_context.xdc, line 98).
Applied set_property IO_BUFFER_TYPE = NONE for DDR_dq[21]. (constraint file  c:/Users/jielu/Desktop/Workspace/SpikeYOLO_FPGA/hw/vivado/out/spike_zybo.gen/sources_1/bd/system/ip/system_ps_0_0/system_ps_0_0/system_ps_0_0_in_context.xdc, line 99).
Applied set_property CLOCK_BUFFER_TYPE = NONE for DDR_dq[21]. (constraint file  c:/Users/jielu/Desktop/Workspace/SpikeYOLO_FPGA/hw/vivado/out/spike_zybo.gen/sources_1/bd/system/ip/system_ps_0_0/system_ps_0_0/system_ps_0_0_in_context.xdc, line 100).
Applied set_property IO_BUFFER_TYPE = NONE for DDR_dq[22]. (constraint file  c:/Users/jielu/Desktop/Workspace/SpikeYOLO_FPGA/hw/vivado/out/spike_zybo.gen/sources_1/bd/system/ip/system_ps_0_0/system_ps_0_0/system_ps_0_0_in_context.xdc, line 101).
Applied set_property CLOCK_BUFFER_TYPE = NONE for DDR_dq[22]. (constraint file  c:/Users/jielu/Desktop/Workspace/SpikeYOLO_FPGA/hw/vivado/out/spike_zybo.gen/sources_1/bd/system/ip/system_ps_0_0/system_ps_0_0/system_ps_0_0_in_context.xdc, line 102).
Applied set_property IO_BUFFER_TYPE = NONE for DDR_dq[23]. (constraint file  c:/Users/jielu/Desktop/Workspace/SpikeYOLO_FPGA/hw/vivado/out/spike_zybo.gen/sources_1/bd/system/ip/system_ps_0_0/system_ps_0_0/system_ps_0_0_in_context.xdc, line 103).
Applied set_property CLOCK_BUFFER_TYPE = NONE for DDR_dq[23]. (constraint file  c:/Users/jielu/Desktop/Workspace/SpikeYOLO_FPGA/hw/vivado/out/spike_zybo.gen/sources_1/bd/system/ip/system_ps_0_0/system_ps_0_0/system_ps_0_0_in_context.xdc, line 104).
Applied set_property IO_BUFFER_TYPE = NONE for DDR_dq[24]. (constraint file  c:/Users/jielu/Desktop/Workspace/SpikeYOLO_FPGA/hw/vivado/out/spike_zybo.gen/sources_1/bd/system/ip/system_ps_0_0/system_ps_0_0/system_ps_0_0_in_context.xdc, line 105).
Applied set_property CLOCK_BUFFER_TYPE = NONE for DDR_dq[24]. (constraint file  c:/Users/jielu/Desktop/Workspace/SpikeYOLO_FPGA/hw/vivado/out/spike_zybo.gen/sources_1/bd/system/ip/system_ps_0_0/system_ps_0_0/system_ps_0_0_in_context.xdc, line 106).
Applied set_property IO_BUFFER_TYPE = NONE for DDR_dq[25]. (constraint file  c:/Users/jielu/Desktop/Workspace/SpikeYOLO_FPGA/hw/vivado/out/spike_zybo.gen/sources_1/bd/system/ip/system_ps_0_0/system_ps_0_0/system_ps_0_0_in_context.xdc, line 107).
Applied set_property CLOCK_BUFFER_TYPE = NONE for DDR_dq[25]. (constraint file  c:/Users/jielu/Desktop/Workspace/SpikeYOLO_FPGA/hw/vivado/out/spike_zybo.gen/sources_1/bd/system/ip/system_ps_0_0/system_ps_0_0/system_ps_0_0_in_context.xdc, line 108).
Applied set_property IO_BUFFER_TYPE = NONE for DDR_dq[26]. (constraint file  c:/Users/jielu/Desktop/Workspace/SpikeYOLO_FPGA/hw/vivado/out/spike_zybo.gen/sources_1/bd/system/ip/system_ps_0_0/system_ps_0_0/system_ps_0_0_in_context.xdc, line 109).
Applied set_property CLOCK_BUFFER_TYPE = NONE for DDR_dq[26]. (constraint file  c:/Users/jielu/Desktop/Workspace/SpikeYOLO_FPGA/hw/vivado/out/spike_zybo.gen/sources_1/bd/system/ip/system_ps_0_0/system_ps_0_0/system_ps_0_0_in_context.xdc, line 110).
Applied set_property IO_BUFFER_TYPE = NONE for DDR_dq[27]. (constraint file  c:/Users/jielu/Desktop/Workspace/SpikeYOLO_FPGA/hw/vivado/out/spike_zybo.gen/sources_1/bd/system/ip/system_ps_0_0/system_ps_0_0/system_ps_0_0_in_context.xdc, line 111).
Applied set_property CLOCK_BUFFER_TYPE = NONE for DDR_dq[27]. (constraint file  c:/Users/jielu/Desktop/Workspace/SpikeYOLO_FPGA/hw/vivado/out/spike_zybo.gen/sources_1/bd/system/ip/system_ps_0_0/system_ps_0_0/system_ps_0_0_in_context.xdc, line 112).
Applied set_property IO_BUFFER_TYPE = NONE for DDR_dq[28]. (constraint file  c:/Users/jielu/Desktop/Workspace/SpikeYOLO_FPGA/hw/vivado/out/spike_zybo.gen/sources_1/bd/system/ip/system_ps_0_0/system_ps_0_0/system_ps_0_0_in_context.xdc, line 113).
Applied set_property CLOCK_BUFFER_TYPE = NONE for DDR_dq[28]. (constraint file  c:/Users/jielu/Desktop/Workspace/SpikeYOLO_FPGA/hw/vivado/out/spike_zybo.gen/sources_1/bd/system/ip/system_ps_0_0/system_ps_0_0/system_ps_0_0_in_context.xdc, line 114).
Applied set_property IO_BUFFER_TYPE = NONE for DDR_dq[29]. (constraint file  c:/Users/jielu/Desktop/Workspace/SpikeYOLO_FPGA/hw/vivado/out/spike_zybo.gen/sources_1/bd/system/ip/system_ps_0_0/system_ps_0_0/system_ps_0_0_in_context.xdc, line 115).
Applied set_property CLOCK_BUFFER_TYPE = NONE for DDR_dq[29]. (constraint file  c:/Users/jielu/Desktop/Workspace/SpikeYOLO_FPGA/hw/vivado/out/spike_zybo.gen/sources_1/bd/system/ip/system_ps_0_0/system_ps_0_0/system_ps_0_0_in_context.xdc, line 116).
Applied set_property IO_BUFFER_TYPE = NONE for DDR_dq[2]. (constraint file  c:/Users/jielu/Desktop/Workspace/SpikeYOLO_FPGA/hw/vivado/out/spike_zybo.gen/sources_1/bd/system/ip/system_ps_0_0/system_ps_0_0/system_ps_0_0_in_context.xdc, line 117).
Applied set_property CLOCK_BUFFER_TYPE = NONE for DDR_dq[2]. (constraint file  c:/Users/jielu/Desktop/Workspace/SpikeYOLO_FPGA/hw/vivado/out/spike_zybo.gen/sources_1/bd/system/ip/system_ps_0_0/system_ps_0_0/system_ps_0_0_in_context.xdc, line 118).
Applied set_property IO_BUFFER_TYPE = NONE for DDR_dq[30]. (constraint file  c:/Users/jielu/Desktop/Workspace/SpikeYOLO_FPGA/hw/vivado/out/spike_zybo.gen/sources_1/bd/system/ip/system_ps_0_0/system_ps_0_0/system_ps_0_0_in_context.xdc, line 119).
Applied set_property CLOCK_BUFFER_TYPE = NONE for DDR_dq[30]. (constraint file  c:/Users/jielu/Desktop/Workspace/SpikeYOLO_FPGA/hw/vivado/out/spike_zybo.gen/sources_1/bd/system/ip/system_ps_0_0/system_ps_0_0/system_ps_0_0_in_context.xdc, line 120).
Applied set_property IO_BUFFER_TYPE = NONE for DDR_dq[31]. (constraint file  c:/Users/jielu/Desktop/Workspace/SpikeYOLO_FPGA/hw/vivado/out/spike_zybo.gen/sources_1/bd/system/ip/system_ps_0_0/system_ps_0_0/system_ps_0_0_in_context.xdc, line 121).
Applied set_property CLOCK_BUFFER_TYPE = NONE for DDR_dq[31]. (constraint file  c:/Users/jielu/Desktop/Workspace/SpikeYOLO_FPGA/hw/vivado/out/spike_zybo.gen/sources_1/bd/system/ip/system_ps_0_0/system_ps_0_0/system_ps_0_0_in_context.xdc, line 122).
Applied set_property IO_BUFFER_TYPE = NONE for DDR_dq[3]. (constraint file  c:/Users/jielu/Desktop/Workspace/SpikeYOLO_FPGA/hw/vivado/out/spike_zybo.gen/sources_1/bd/system/ip/system_ps_0_0/system_ps_0_0/system_ps_0_0_in_context.xdc, line 123).
Applied set_property CLOCK_BUFFER_TYPE = NONE for DDR_dq[3]. (constraint file  c:/Users/jielu/Desktop/Workspace/SpikeYOLO_FPGA/hw/vivado/out/spike_zybo.gen/sources_1/bd/system/ip/system_ps_0_0/system_ps_0_0/system_ps_0_0_in_context.xdc, line 124).
Applied set_property IO_BUFFER_TYPE = NONE for DDR_dq[4]. (constraint file  c:/Users/jielu/Desktop/Workspace/SpikeYOLO_FPGA/hw/vivado/out/spike_zybo.gen/sources_1/bd/system/ip/system_ps_0_0/system_ps_0_0/system_ps_0_0_in_context.xdc, line 125).
Applied set_property CLOCK_BUFFER_TYPE = NONE for DDR_dq[4]. (constraint file  c:/Users/jielu/Desktop/Workspace/SpikeYOLO_FPGA/hw/vivado/out/spike_zybo.gen/sources_1/bd/system/ip/system_ps_0_0/system_ps_0_0/system_ps_0_0_in_context.xdc, line 126).
Applied set_property IO_BUFFER_TYPE = NONE for DDR_dq[5]. (constraint file  c:/Users/jielu/Desktop/Workspace/SpikeYOLO_FPGA/hw/vivado/out/spike_zybo.gen/sources_1/bd/system/ip/system_ps_0_0/system_ps_0_0/system_ps_0_0_in_context.xdc, line 127).
Applied set_property CLOCK_BUFFER_TYPE = NONE for DDR_dq[5]. (constraint file  c:/Users/jielu/Desktop/Workspace/SpikeYOLO_FPGA/hw/vivado/out/spike_zybo.gen/sources_1/bd/system/ip/system_ps_0_0/system_ps_0_0/system_ps_0_0_in_context.xdc, line 128).
Applied set_property IO_BUFFER_TYPE = NONE for DDR_dq[6]. (constraint file  c:/Users/jielu/Desktop/Workspace/SpikeYOLO_FPGA/hw/vivado/out/spike_zybo.gen/sources_1/bd/system/ip/system_ps_0_0/system_ps_0_0/system_ps_0_0_in_context.xdc, line 129).
Applied set_property CLOCK_BUFFER_TYPE = NONE for DDR_dq[6]. (constraint file  c:/Users/jielu/Desktop/Workspace/SpikeYOLO_FPGA/hw/vivado/out/spike_zybo.gen/sources_1/bd/system/ip/system_ps_0_0/system_ps_0_0/system_ps_0_0_in_context.xdc, line 130).
Applied set_property IO_BUFFER_TYPE = NONE for DDR_dq[7]. (constraint file  c:/Users/jielu/Desktop/Workspace/SpikeYOLO_FPGA/hw/vivado/out/spike_zybo.gen/sources_1/bd/system/ip/system_ps_0_0/system_ps_0_0/system_ps_0_0_in_context.xdc, line 131).
Applied set_property CLOCK_BUFFER_TYPE = NONE for DDR_dq[7]. (constraint file  c:/Users/jielu/Desktop/Workspace/SpikeYOLO_FPGA/hw/vivado/out/spike_zybo.gen/sources_1/bd/system/ip/system_ps_0_0/system_ps_0_0/system_ps_0_0_in_context.xdc, line 132).
Applied set_property IO_BUFFER_TYPE = NONE for DDR_dq[8]. (constraint file  c:/Users/jielu/Desktop/Workspace/SpikeYOLO_FPGA/hw/vivado/out/spike_zybo.gen/sources_1/bd/system/ip/system_ps_0_0/system_ps_0_0/system_ps_0_0_in_context.xdc, line 133).
Applied set_property CLOCK_BUFFER_TYPE = NONE for DDR_dq[8]. (constraint file  c:/Users/jielu/Desktop/Workspace/SpikeYOLO_FPGA/hw/vivado/out/spike_zybo.gen/sources_1/bd/system/ip/system_ps_0_0/system_ps_0_0/system_ps_0_0_in_context.xdc, line 134).
Applied set_property IO_BUFFER_TYPE = NONE for DDR_dq[9]. (constraint file  c:/Users/jielu/Desktop/Workspace/SpikeYOLO_FPGA/hw/vivado/out/spike_zybo.gen/sources_1/bd/system/ip/system_ps_0_0/system_ps_0_0/system_ps_0_0_in_context.xdc, line 135).
Applied set_property CLOCK_BUFFER_TYPE = NONE for DDR_dq[9]. (constraint file  c:/Users/jielu/Desktop/Workspace/SpikeYOLO_FPGA/hw/vivado/out/spike_zybo.gen/sources_1/bd/system/ip/system_ps_0_0/system_ps_0_0/system_ps_0_0_in_context.xdc, line 136).
Applied set_property IO_BUFFER_TYPE = NONE for DDR_reset_n. (constraint file  c:/Users/jielu/Desktop/Workspace/SpikeYOLO_FPGA/hw/vivado/out/spike_zybo.gen/sources_1/bd/system/ip/system_ps_0_0/system_ps_0_0/system_ps_0_0_in_context.xdc, line 137).
Applied set_property CLOCK_BUFFER_TYPE = NONE for DDR_reset_n. (constraint file  c:/Users/jielu/Desktop/Workspace/SpikeYOLO_FPGA/hw/vivado/out/spike_zybo.gen/sources_1/bd/system/ip/system_ps_0_0/system_ps_0_0/system_ps_0_0_in_context.xdc, line 138).
Applied set_property IO_BUFFER_TYPE = NONE for DDR_odt. (constraint file  c:/Users/jielu/Desktop/Workspace/SpikeYOLO_FPGA/hw/vivado/out/spike_zybo.gen/sources_1/bd/system/ip/system_ps_0_0/system_ps_0_0/system_ps_0_0_in_context.xdc, line 139).
Applied set_property CLOCK_BUFFER_TYPE = NONE for DDR_odt. (constraint file  c:/Users/jielu/Desktop/Workspace/SpikeYOLO_FPGA/hw/vivado/out/spike_zybo.gen/sources_1/bd/system/ip/system_ps_0_0/system_ps_0_0/system_ps_0_0_in_context.xdc, line 140).
Applied set_property IO_BUFFER_TYPE = NONE for DDR_ras_n. (constraint file  c:/Users/jielu/Desktop/Workspace/SpikeYOLO_FPGA/hw/vivado/out/spike_zybo.gen/sources_1/bd/system/ip/system_ps_0_0/system_ps_0_0/system_ps_0_0_in_context.xdc, line 141).
Applied set_property CLOCK_BUFFER_TYPE = NONE for DDR_ras_n. (constraint file  c:/Users/jielu/Desktop/Workspace/SpikeYOLO_FPGA/hw/vivado/out/spike_zybo.gen/sources_1/bd/system/ip/system_ps_0_0/system_ps_0_0/system_ps_0_0_in_context.xdc, line 142).
Applied set_property IO_BUFFER_TYPE = NONE for FIXED_IO_ddr_vrn. (constraint file  c:/Users/jielu/Desktop/Workspace/SpikeYOLO_FPGA/hw/vivado/out/spike_zybo.gen/sources_1/bd/system/ip/system_ps_0_0/system_ps_0_0/system_ps_0_0_in_context.xdc, line 143).
Applied set_property CLOCK_BUFFER_TYPE = NONE for FIXED_IO_ddr_vrn. (constraint file  c:/Users/jielu/Desktop/Workspace/SpikeYOLO_FPGA/hw/vivado/out/spike_zybo.gen/sources_1/bd/system/ip/system_ps_0_0/system_ps_0_0/system_ps_0_0_in_context.xdc, line 144).
Applied set_property IO_BUFFER_TYPE = NONE for FIXED_IO_ddr_vrp. (constraint file  c:/Users/jielu/Desktop/Workspace/SpikeYOLO_FPGA/hw/vivado/out/spike_zybo.gen/sources_1/bd/system/ip/system_ps_0_0/system_ps_0_0/system_ps_0_0_in_context.xdc, line 145).
Applied set_property CLOCK_BUFFER_TYPE = NONE for FIXED_IO_ddr_vrp. (constraint file  c:/Users/jielu/Desktop/Workspace/SpikeYOLO_FPGA/hw/vivado/out/spike_zybo.gen/sources_1/bd/system/ip/system_ps_0_0/system_ps_0_0/system_ps_0_0_in_context.xdc, line 146).
Applied set_property IO_BUFFER_TYPE = NONE for DDR_we_n. (constraint file  c:/Users/jielu/Desktop/Workspace/SpikeYOLO_FPGA/hw/vivado/out/spike_zybo.gen/sources_1/bd/system/ip/system_ps_0_0/system_ps_0_0/system_ps_0_0_in_context.xdc, line 147).
Applied set_property CLOCK_BUFFER_TYPE = NONE for DDR_we_n. (constraint file  c:/Users/jielu/Desktop/Workspace/SpikeYOLO_FPGA/hw/vivado/out/spike_zybo.gen/sources_1/bd/system/ip/system_ps_0_0/system_ps_0_0/system_ps_0_0_in_context.xdc, line 148).
Applied set_property IO_BUFFER_TYPE = NONE for FIXED_IO_mio[0]. (constraint file  c:/Users/jielu/Desktop/Workspace/SpikeYOLO_FPGA/hw/vivado/out/spike_zybo.gen/sources_1/bd/system/ip/system_ps_0_0/system_ps_0_0/system_ps_0_0_in_context.xdc, line 149).
Applied set_property CLOCK_BUFFER_TYPE = NONE for FIXED_IO_mio[0]. (constraint file  c:/Users/jielu/Desktop/Workspace/SpikeYOLO_FPGA/hw/vivado/out/spike_zybo.gen/sources_1/bd/system/ip/system_ps_0_0/system_ps_0_0/system_ps_0_0_in_context.xdc, line 150).
Applied set_property IO_BUFFER_TYPE = NONE for FIXED_IO_mio[10]. (constraint file  c:/Users/jielu/Desktop/Workspace/SpikeYOLO_FPGA/hw/vivado/out/spike_zybo.gen/sources_1/bd/system/ip/system_ps_0_0/system_ps_0_0/system_ps_0_0_in_context.xdc, line 151).
Applied set_property CLOCK_BUFFER_TYPE = NONE for FIXED_IO_mio[10]. (constraint file  c:/Users/jielu/Desktop/Workspace/SpikeYOLO_FPGA/hw/vivado/out/spike_zybo.gen/sources_1/bd/system/ip/system_ps_0_0/system_ps_0_0/system_ps_0_0_in_context.xdc, line 152).
Applied set_property IO_BUFFER_TYPE = NONE for FIXED_IO_mio[11]. (constraint file  c:/Users/jielu/Desktop/Workspace/SpikeYOLO_FPGA/hw/vivado/out/spike_zybo.gen/sources_1/bd/system/ip/system_ps_0_0/system_ps_0_0/system_ps_0_0_in_context.xdc, line 153).
Applied set_property CLOCK_BUFFER_TYPE = NONE for FIXED_IO_mio[11]. (constraint file  c:/Users/jielu/Desktop/Workspace/SpikeYOLO_FPGA/hw/vivado/out/spike_zybo.gen/sources_1/bd/system/ip/system_ps_0_0/system_ps_0_0/system_ps_0_0_in_context.xdc, line 154).
Applied set_property IO_BUFFER_TYPE = NONE for FIXED_IO_mio[12]. (constraint file  c:/Users/jielu/Desktop/Workspace/SpikeYOLO_FPGA/hw/vivado/out/spike_zybo.gen/sources_1/bd/system/ip/system_ps_0_0/system_ps_0_0/system_ps_0_0_in_context.xdc, line 155).
Applied set_property CLOCK_BUFFER_TYPE = NONE for FIXED_IO_mio[12]. (constraint file  c:/Users/jielu/Desktop/Workspace/SpikeYOLO_FPGA/hw/vivado/out/spike_zybo.gen/sources_1/bd/system/ip/system_ps_0_0/system_ps_0_0/system_ps_0_0_in_context.xdc, line 156).
Applied set_property IO_BUFFER_TYPE = NONE for FIXED_IO_mio[13]. (constraint file  c:/Users/jielu/Desktop/Workspace/SpikeYOLO_FPGA/hw/vivado/out/spike_zybo.gen/sources_1/bd/system/ip/system_ps_0_0/system_ps_0_0/system_ps_0_0_in_context.xdc, line 157).
Applied set_property CLOCK_BUFFER_TYPE = NONE for FIXED_IO_mio[13]. (constraint file  c:/Users/jielu/Desktop/Workspace/SpikeYOLO_FPGA/hw/vivado/out/spike_zybo.gen/sources_1/bd/system/ip/system_ps_0_0/system_ps_0_0/system_ps_0_0_in_context.xdc, line 158).
Applied set_property IO_BUFFER_TYPE = NONE for FIXED_IO_mio[14]. (constraint file  c:/Users/jielu/Desktop/Workspace/SpikeYOLO_FPGA/hw/vivado/out/spike_zybo.gen/sources_1/bd/system/ip/system_ps_0_0/system_ps_0_0/system_ps_0_0_in_context.xdc, line 159).
Applied set_property CLOCK_BUFFER_TYPE = NONE for FIXED_IO_mio[14]. (constraint file  c:/Users/jielu/Desktop/Workspace/SpikeYOLO_FPGA/hw/vivado/out/spike_zybo.gen/sources_1/bd/system/ip/system_ps_0_0/system_ps_0_0/system_ps_0_0_in_context.xdc, line 160).
Applied set_property IO_BUFFER_TYPE = NONE for FIXED_IO_mio[15]. (constraint file  c:/Users/jielu/Desktop/Workspace/SpikeYOLO_FPGA/hw/vivado/out/spike_zybo.gen/sources_1/bd/system/ip/system_ps_0_0/system_ps_0_0/system_ps_0_0_in_context.xdc, line 161).
Applied set_property CLOCK_BUFFER_TYPE = NONE for FIXED_IO_mio[15]. (constraint file  c:/Users/jielu/Desktop/Workspace/SpikeYOLO_FPGA/hw/vivado/out/spike_zybo.gen/sources_1/bd/system/ip/system_ps_0_0/system_ps_0_0/system_ps_0_0_in_context.xdc, line 162).
Applied set_property IO_BUFFER_TYPE = NONE for FIXED_IO_mio[16]. (constraint file  c:/Users/jielu/Desktop/Workspace/SpikeYOLO_FPGA/hw/vivado/out/spike_zybo.gen/sources_1/bd/system/ip/system_ps_0_0/system_ps_0_0/system_ps_0_0_in_context.xdc, line 163).
Applied set_property CLOCK_BUFFER_TYPE = NONE for FIXED_IO_mio[16]. (constraint file  c:/Users/jielu/Desktop/Workspace/SpikeYOLO_FPGA/hw/vivado/out/spike_zybo.gen/sources_1/bd/system/ip/system_ps_0_0/system_ps_0_0/system_ps_0_0_in_context.xdc, line 164).
Applied set_property IO_BUFFER_TYPE = NONE for FIXED_IO_mio[17]. (constraint file  c:/Users/jielu/Desktop/Workspace/SpikeYOLO_FPGA/hw/vivado/out/spike_zybo.gen/sources_1/bd/system/ip/system_ps_0_0/system_ps_0_0/system_ps_0_0_in_context.xdc, line 165).
Applied set_property CLOCK_BUFFER_TYPE = NONE for FIXED_IO_mio[17]. (constraint file  c:/Users/jielu/Desktop/Workspace/SpikeYOLO_FPGA/hw/vivado/out/spike_zybo.gen/sources_1/bd/system/ip/system_ps_0_0/system_ps_0_0/system_ps_0_0_in_context.xdc, line 166).
Applied set_property IO_BUFFER_TYPE = NONE for FIXED_IO_mio[18]. (constraint file  c:/Users/jielu/Desktop/Workspace/SpikeYOLO_FPGA/hw/vivado/out/spike_zybo.gen/sources_1/bd/system/ip/system_ps_0_0/system_ps_0_0/system_ps_0_0_in_context.xdc, line 167).
Applied set_property CLOCK_BUFFER_TYPE = NONE for FIXED_IO_mio[18]. (constraint file  c:/Users/jielu/Desktop/Workspace/SpikeYOLO_FPGA/hw/vivado/out/spike_zybo.gen/sources_1/bd/system/ip/system_ps_0_0/system_ps_0_0/system_ps_0_0_in_context.xdc, line 168).
Applied set_property IO_BUFFER_TYPE = NONE for FIXED_IO_mio[19]. (constraint file  c:/Users/jielu/Desktop/Workspace/SpikeYOLO_FPGA/hw/vivado/out/spike_zybo.gen/sources_1/bd/system/ip/system_ps_0_0/system_ps_0_0/system_ps_0_0_in_context.xdc, line 169).
Applied set_property CLOCK_BUFFER_TYPE = NONE for FIXED_IO_mio[19]. (constraint file  c:/Users/jielu/Desktop/Workspace/SpikeYOLO_FPGA/hw/vivado/out/spike_zybo.gen/sources_1/bd/system/ip/system_ps_0_0/system_ps_0_0/system_ps_0_0_in_context.xdc, line 170).
Applied set_property IO_BUFFER_TYPE = NONE for FIXED_IO_mio[1]. (constraint file  c:/Users/jielu/Desktop/Workspace/SpikeYOLO_FPGA/hw/vivado/out/spike_zybo.gen/sources_1/bd/system/ip/system_ps_0_0/system_ps_0_0/system_ps_0_0_in_context.xdc, line 171).
Applied set_property CLOCK_BUFFER_TYPE = NONE for FIXED_IO_mio[1]. (constraint file  c:/Users/jielu/Desktop/Workspace/SpikeYOLO_FPGA/hw/vivado/out/spike_zybo.gen/sources_1/bd/system/ip/system_ps_0_0/system_ps_0_0/system_ps_0_0_in_context.xdc, line 172).
Applied set_property IO_BUFFER_TYPE = NONE for FIXED_IO_mio[20]. (constraint file  c:/Users/jielu/Desktop/Workspace/SpikeYOLO_FPGA/hw/vivado/out/spike_zybo.gen/sources_1/bd/system/ip/system_ps_0_0/system_ps_0_0/system_ps_0_0_in_context.xdc, line 173).
Applied set_property CLOCK_BUFFER_TYPE = NONE for FIXED_IO_mio[20]. (constraint file  c:/Users/jielu/Desktop/Workspace/SpikeYOLO_FPGA/hw/vivado/out/spike_zybo.gen/sources_1/bd/system/ip/system_ps_0_0/system_ps_0_0/system_ps_0_0_in_context.xdc, line 174).
Applied set_property IO_BUFFER_TYPE = NONE for FIXED_IO_mio[21]. (constraint file  c:/Users/jielu/Desktop/Workspace/SpikeYOLO_FPGA/hw/vivado/out/spike_zybo.gen/sources_1/bd/system/ip/system_ps_0_0/system_ps_0_0/system_ps_0_0_in_context.xdc, line 175).
Applied set_property CLOCK_BUFFER_TYPE = NONE for FIXED_IO_mio[21]. (constraint file  c:/Users/jielu/Desktop/Workspace/SpikeYOLO_FPGA/hw/vivado/out/spike_zybo.gen/sources_1/bd/system/ip/system_ps_0_0/system_ps_0_0/system_ps_0_0_in_context.xdc, line 176).
Applied set_property IO_BUFFER_TYPE = NONE for FIXED_IO_mio[22]. (constraint file  c:/Users/jielu/Desktop/Workspace/SpikeYOLO_FPGA/hw/vivado/out/spike_zybo.gen/sources_1/bd/system/ip/system_ps_0_0/system_ps_0_0/system_ps_0_0_in_context.xdc, line 177).
Applied set_property CLOCK_BUFFER_TYPE = NONE for FIXED_IO_mio[22]. (constraint file  c:/Users/jielu/Desktop/Workspace/SpikeYOLO_FPGA/hw/vivado/out/spike_zybo.gen/sources_1/bd/system/ip/system_ps_0_0/system_ps_0_0/system_ps_0_0_in_context.xdc, line 178).
Applied set_property IO_BUFFER_TYPE = NONE for FIXED_IO_mio[23]. (constraint file  c:/Users/jielu/Desktop/Workspace/SpikeYOLO_FPGA/hw/vivado/out/spike_zybo.gen/sources_1/bd/system/ip/system_ps_0_0/system_ps_0_0/system_ps_0_0_in_context.xdc, line 179).
Applied set_property CLOCK_BUFFER_TYPE = NONE for FIXED_IO_mio[23]. (constraint file  c:/Users/jielu/Desktop/Workspace/SpikeYOLO_FPGA/hw/vivado/out/spike_zybo.gen/sources_1/bd/system/ip/system_ps_0_0/system_ps_0_0/system_ps_0_0_in_context.xdc, line 180).
Applied set_property IO_BUFFER_TYPE = NONE for FIXED_IO_mio[24]. (constraint file  c:/Users/jielu/Desktop/Workspace/SpikeYOLO_FPGA/hw/vivado/out/spike_zybo.gen/sources_1/bd/system/ip/system_ps_0_0/system_ps_0_0/system_ps_0_0_in_context.xdc, line 181).
Applied set_property CLOCK_BUFFER_TYPE = NONE for FIXED_IO_mio[24]. (constraint file  c:/Users/jielu/Desktop/Workspace/SpikeYOLO_FPGA/hw/vivado/out/spike_zybo.gen/sources_1/bd/system/ip/system_ps_0_0/system_ps_0_0/system_ps_0_0_in_context.xdc, line 182).
Applied set_property IO_BUFFER_TYPE = NONE for FIXED_IO_mio[25]. (constraint file  c:/Users/jielu/Desktop/Workspace/SpikeYOLO_FPGA/hw/vivado/out/spike_zybo.gen/sources_1/bd/system/ip/system_ps_0_0/system_ps_0_0/system_ps_0_0_in_context.xdc, line 183).
Applied set_property CLOCK_BUFFER_TYPE = NONE for FIXED_IO_mio[25]. (constraint file  c:/Users/jielu/Desktop/Workspace/SpikeYOLO_FPGA/hw/vivado/out/spike_zybo.gen/sources_1/bd/system/ip/system_ps_0_0/system_ps_0_0/system_ps_0_0_in_context.xdc, line 184).
Applied set_property IO_BUFFER_TYPE = NONE for FIXED_IO_mio[26]. (constraint file  c:/Users/jielu/Desktop/Workspace/SpikeYOLO_FPGA/hw/vivado/out/spike_zybo.gen/sources_1/bd/system/ip/system_ps_0_0/system_ps_0_0/system_ps_0_0_in_context.xdc, line 185).
Applied set_property CLOCK_BUFFER_TYPE = NONE for FIXED_IO_mio[26]. (constraint file  c:/Users/jielu/Desktop/Workspace/SpikeYOLO_FPGA/hw/vivado/out/spike_zybo.gen/sources_1/bd/system/ip/system_ps_0_0/system_ps_0_0/system_ps_0_0_in_context.xdc, line 186).
Applied set_property IO_BUFFER_TYPE = NONE for FIXED_IO_mio[27]. (constraint file  c:/Users/jielu/Desktop/Workspace/SpikeYOLO_FPGA/hw/vivado/out/spike_zybo.gen/sources_1/bd/system/ip/system_ps_0_0/system_ps_0_0/system_ps_0_0_in_context.xdc, line 187).
Applied set_property CLOCK_BUFFER_TYPE = NONE for FIXED_IO_mio[27]. (constraint file  c:/Users/jielu/Desktop/Workspace/SpikeYOLO_FPGA/hw/vivado/out/spike_zybo.gen/sources_1/bd/system/ip/system_ps_0_0/system_ps_0_0/system_ps_0_0_in_context.xdc, line 188).
Applied set_property IO_BUFFER_TYPE = NONE for FIXED_IO_mio[28]. (constraint file  c:/Users/jielu/Desktop/Workspace/SpikeYOLO_FPGA/hw/vivado/out/spike_zybo.gen/sources_1/bd/system/ip/system_ps_0_0/system_ps_0_0/system_ps_0_0_in_context.xdc, line 189).
Applied set_property CLOCK_BUFFER_TYPE = NONE for FIXED_IO_mio[28]. (constraint file  c:/Users/jielu/Desktop/Workspace/SpikeYOLO_FPGA/hw/vivado/out/spike_zybo.gen/sources_1/bd/system/ip/system_ps_0_0/system_ps_0_0/system_ps_0_0_in_context.xdc, line 190).
Applied set_property IO_BUFFER_TYPE = NONE for FIXED_IO_mio[29]. (constraint file  c:/Users/jielu/Desktop/Workspace/SpikeYOLO_FPGA/hw/vivado/out/spike_zybo.gen/sources_1/bd/system/ip/system_ps_0_0/system_ps_0_0/system_ps_0_0_in_context.xdc, line 191).
Applied set_property CLOCK_BUFFER_TYPE = NONE for FIXED_IO_mio[29]. (constraint file  c:/Users/jielu/Desktop/Workspace/SpikeYOLO_FPGA/hw/vivado/out/spike_zybo.gen/sources_1/bd/system/ip/system_ps_0_0/system_ps_0_0/system_ps_0_0_in_context.xdc, line 192).
Applied set_property IO_BUFFER_TYPE = NONE for FIXED_IO_mio[2]. (constraint file  c:/Users/jielu/Desktop/Workspace/SpikeYOLO_FPGA/hw/vivado/out/spike_zybo.gen/sources_1/bd/system/ip/system_ps_0_0/system_ps_0_0/system_ps_0_0_in_context.xdc, line 193).
Applied set_property CLOCK_BUFFER_TYPE = NONE for FIXED_IO_mio[2]. (constraint file  c:/Users/jielu/Desktop/Workspace/SpikeYOLO_FPGA/hw/vivado/out/spike_zybo.gen/sources_1/bd/system/ip/system_ps_0_0/system_ps_0_0/system_ps_0_0_in_context.xdc, line 194).
Applied set_property IO_BUFFER_TYPE = NONE for FIXED_IO_mio[30]. (constraint file  c:/Users/jielu/Desktop/Workspace/SpikeYOLO_FPGA/hw/vivado/out/spike_zybo.gen/sources_1/bd/system/ip/system_ps_0_0/system_ps_0_0/system_ps_0_0_in_context.xdc, line 195).
Applied set_property CLOCK_BUFFER_TYPE = NONE for FIXED_IO_mio[30]. (constraint file  c:/Users/jielu/Desktop/Workspace/SpikeYOLO_FPGA/hw/vivado/out/spike_zybo.gen/sources_1/bd/system/ip/system_ps_0_0/system_ps_0_0/system_ps_0_0_in_context.xdc, line 196).
Applied set_property IO_BUFFER_TYPE = NONE for FIXED_IO_mio[31]. (constraint file  c:/Users/jielu/Desktop/Workspace/SpikeYOLO_FPGA/hw/vivado/out/spike_zybo.gen/sources_1/bd/system/ip/system_ps_0_0/system_ps_0_0/system_ps_0_0_in_context.xdc, line 197).
Applied set_property CLOCK_BUFFER_TYPE = NONE for FIXED_IO_mio[31]. (constraint file  c:/Users/jielu/Desktop/Workspace/SpikeYOLO_FPGA/hw/vivado/out/spike_zybo.gen/sources_1/bd/system/ip/system_ps_0_0/system_ps_0_0/system_ps_0_0_in_context.xdc, line 198).
Applied set_property IO_BUFFER_TYPE = NONE for FIXED_IO_mio[32]. (constraint file  c:/Users/jielu/Desktop/Workspace/SpikeYOLO_FPGA/hw/vivado/out/spike_zybo.gen/sources_1/bd/system/ip/system_ps_0_0/system_ps_0_0/system_ps_0_0_in_context.xdc, line 199).
Applied set_property CLOCK_BUFFER_TYPE = NONE for FIXED_IO_mio[32]. (constraint file  c:/Users/jielu/Desktop/Workspace/SpikeYOLO_FPGA/hw/vivado/out/spike_zybo.gen/sources_1/bd/system/ip/system_ps_0_0/system_ps_0_0/system_ps_0_0_in_context.xdc, line 200).
Applied set_property IO_BUFFER_TYPE = NONE for FIXED_IO_mio[33]. (constraint file  c:/Users/jielu/Desktop/Workspace/SpikeYOLO_FPGA/hw/vivado/out/spike_zybo.gen/sources_1/bd/system/ip/system_ps_0_0/system_ps_0_0/system_ps_0_0_in_context.xdc, line 201).
Applied set_property CLOCK_BUFFER_TYPE = NONE for FIXED_IO_mio[33]. (constraint file  c:/Users/jielu/Desktop/Workspace/SpikeYOLO_FPGA/hw/vivado/out/spike_zybo.gen/sources_1/bd/system/ip/system_ps_0_0/system_ps_0_0/system_ps_0_0_in_context.xdc, line 202).
Applied set_property IO_BUFFER_TYPE = NONE for FIXED_IO_mio[34]. (constraint file  c:/Users/jielu/Desktop/Workspace/SpikeYOLO_FPGA/hw/vivado/out/spike_zybo.gen/sources_1/bd/system/ip/system_ps_0_0/system_ps_0_0/system_ps_0_0_in_context.xdc, line 203).
Applied set_property CLOCK_BUFFER_TYPE = NONE for FIXED_IO_mio[34]. (constraint file  c:/Users/jielu/Desktop/Workspace/SpikeYOLO_FPGA/hw/vivado/out/spike_zybo.gen/sources_1/bd/system/ip/system_ps_0_0/system_ps_0_0/system_ps_0_0_in_context.xdc, line 204).
Applied set_property IO_BUFFER_TYPE = NONE for FIXED_IO_mio[35]. (constraint file  c:/Users/jielu/Desktop/Workspace/SpikeYOLO_FPGA/hw/vivado/out/spike_zybo.gen/sources_1/bd/system/ip/system_ps_0_0/system_ps_0_0/system_ps_0_0_in_context.xdc, line 205).
Applied set_property CLOCK_BUFFER_TYPE = NONE for FIXED_IO_mio[35]. (constraint file  c:/Users/jielu/Desktop/Workspace/SpikeYOLO_FPGA/hw/vivado/out/spike_zybo.gen/sources_1/bd/system/ip/system_ps_0_0/system_ps_0_0/system_ps_0_0_in_context.xdc, line 206).
Applied set_property IO_BUFFER_TYPE = NONE for FIXED_IO_mio[36]. (constraint file  c:/Users/jielu/Desktop/Workspace/SpikeYOLO_FPGA/hw/vivado/out/spike_zybo.gen/sources_1/bd/system/ip/system_ps_0_0/system_ps_0_0/system_ps_0_0_in_context.xdc, line 207).
Applied set_property CLOCK_BUFFER_TYPE = NONE for FIXED_IO_mio[36]. (constraint file  c:/Users/jielu/Desktop/Workspace/SpikeYOLO_FPGA/hw/vivado/out/spike_zybo.gen/sources_1/bd/system/ip/system_ps_0_0/system_ps_0_0/system_ps_0_0_in_context.xdc, line 208).
Applied set_property IO_BUFFER_TYPE = NONE for FIXED_IO_mio[37]. (constraint file  c:/Users/jielu/Desktop/Workspace/SpikeYOLO_FPGA/hw/vivado/out/spike_zybo.gen/sources_1/bd/system/ip/system_ps_0_0/system_ps_0_0/system_ps_0_0_in_context.xdc, line 209).
Applied set_property CLOCK_BUFFER_TYPE = NONE for FIXED_IO_mio[37]. (constraint file  c:/Users/jielu/Desktop/Workspace/SpikeYOLO_FPGA/hw/vivado/out/spike_zybo.gen/sources_1/bd/system/ip/system_ps_0_0/system_ps_0_0/system_ps_0_0_in_context.xdc, line 210).
Applied set_property IO_BUFFER_TYPE = NONE for FIXED_IO_mio[38]. (constraint file  c:/Users/jielu/Desktop/Workspace/SpikeYOLO_FPGA/hw/vivado/out/spike_zybo.gen/sources_1/bd/system/ip/system_ps_0_0/system_ps_0_0/system_ps_0_0_in_context.xdc, line 211).
Applied set_property CLOCK_BUFFER_TYPE = NONE for FIXED_IO_mio[38]. (constraint file  c:/Users/jielu/Desktop/Workspace/SpikeYOLO_FPGA/hw/vivado/out/spike_zybo.gen/sources_1/bd/system/ip/system_ps_0_0/system_ps_0_0/system_ps_0_0_in_context.xdc, line 212).
Applied set_property IO_BUFFER_TYPE = NONE for FIXED_IO_mio[39]. (constraint file  c:/Users/jielu/Desktop/Workspace/SpikeYOLO_FPGA/hw/vivado/out/spike_zybo.gen/sources_1/bd/system/ip/system_ps_0_0/system_ps_0_0/system_ps_0_0_in_context.xdc, line 213).
Applied set_property CLOCK_BUFFER_TYPE = NONE for FIXED_IO_mio[39]. (constraint file  c:/Users/jielu/Desktop/Workspace/SpikeYOLO_FPGA/hw/vivado/out/spike_zybo.gen/sources_1/bd/system/ip/system_ps_0_0/system_ps_0_0/system_ps_0_0_in_context.xdc, line 214).
Applied set_property IO_BUFFER_TYPE = NONE for FIXED_IO_mio[3]. (constraint file  c:/Users/jielu/Desktop/Workspace/SpikeYOLO_FPGA/hw/vivado/out/spike_zybo.gen/sources_1/bd/system/ip/system_ps_0_0/system_ps_0_0/system_ps_0_0_in_context.xdc, line 215).
Applied set_property CLOCK_BUFFER_TYPE = NONE for FIXED_IO_mio[3]. (constraint file  c:/Users/jielu/Desktop/Workspace/SpikeYOLO_FPGA/hw/vivado/out/spike_zybo.gen/sources_1/bd/system/ip/system_ps_0_0/system_ps_0_0/system_ps_0_0_in_context.xdc, line 216).
Applied set_property IO_BUFFER_TYPE = NONE for FIXED_IO_mio[40]. (constraint file  c:/Users/jielu/Desktop/Workspace/SpikeYOLO_FPGA/hw/vivado/out/spike_zybo.gen/sources_1/bd/system/ip/system_ps_0_0/system_ps_0_0/system_ps_0_0_in_context.xdc, line 217).
Applied set_property CLOCK_BUFFER_TYPE = NONE for FIXED_IO_mio[40]. (constraint file  c:/Users/jielu/Desktop/Workspace/SpikeYOLO_FPGA/hw/vivado/out/spike_zybo.gen/sources_1/bd/system/ip/system_ps_0_0/system_ps_0_0/system_ps_0_0_in_context.xdc, line 218).
Applied set_property IO_BUFFER_TYPE = NONE for FIXED_IO_mio[41]. (constraint file  c:/Users/jielu/Desktop/Workspace/SpikeYOLO_FPGA/hw/vivado/out/spike_zybo.gen/sources_1/bd/system/ip/system_ps_0_0/system_ps_0_0/system_ps_0_0_in_context.xdc, line 219).
Applied set_property CLOCK_BUFFER_TYPE = NONE for FIXED_IO_mio[41]. (constraint file  c:/Users/jielu/Desktop/Workspace/SpikeYOLO_FPGA/hw/vivado/out/spike_zybo.gen/sources_1/bd/system/ip/system_ps_0_0/system_ps_0_0/system_ps_0_0_in_context.xdc, line 220).
Applied set_property IO_BUFFER_TYPE = NONE for FIXED_IO_mio[42]. (constraint file  c:/Users/jielu/Desktop/Workspace/SpikeYOLO_FPGA/hw/vivado/out/spike_zybo.gen/sources_1/bd/system/ip/system_ps_0_0/system_ps_0_0/system_ps_0_0_in_context.xdc, line 221).
Applied set_property CLOCK_BUFFER_TYPE = NONE for FIXED_IO_mio[42]. (constraint file  c:/Users/jielu/Desktop/Workspace/SpikeYOLO_FPGA/hw/vivado/out/spike_zybo.gen/sources_1/bd/system/ip/system_ps_0_0/system_ps_0_0/system_ps_0_0_in_context.xdc, line 222).
Applied set_property IO_BUFFER_TYPE = NONE for FIXED_IO_mio[43]. (constraint file  c:/Users/jielu/Desktop/Workspace/SpikeYOLO_FPGA/hw/vivado/out/spike_zybo.gen/sources_1/bd/system/ip/system_ps_0_0/system_ps_0_0/system_ps_0_0_in_context.xdc, line 223).
Applied set_property CLOCK_BUFFER_TYPE = NONE for FIXED_IO_mio[43]. (constraint file  c:/Users/jielu/Desktop/Workspace/SpikeYOLO_FPGA/hw/vivado/out/spike_zybo.gen/sources_1/bd/system/ip/system_ps_0_0/system_ps_0_0/system_ps_0_0_in_context.xdc, line 224).
Applied set_property IO_BUFFER_TYPE = NONE for FIXED_IO_mio[44]. (constraint file  c:/Users/jielu/Desktop/Workspace/SpikeYOLO_FPGA/hw/vivado/out/spike_zybo.gen/sources_1/bd/system/ip/system_ps_0_0/system_ps_0_0/system_ps_0_0_in_context.xdc, line 225).
Applied set_property CLOCK_BUFFER_TYPE = NONE for FIXED_IO_mio[44]. (constraint file  c:/Users/jielu/Desktop/Workspace/SpikeYOLO_FPGA/hw/vivado/out/spike_zybo.gen/sources_1/bd/system/ip/system_ps_0_0/system_ps_0_0/system_ps_0_0_in_context.xdc, line 226).
Applied set_property IO_BUFFER_TYPE = NONE for FIXED_IO_mio[45]. (constraint file  c:/Users/jielu/Desktop/Workspace/SpikeYOLO_FPGA/hw/vivado/out/spike_zybo.gen/sources_1/bd/system/ip/system_ps_0_0/system_ps_0_0/system_ps_0_0_in_context.xdc, line 227).
Applied set_property CLOCK_BUFFER_TYPE = NONE for FIXED_IO_mio[45]. (constraint file  c:/Users/jielu/Desktop/Workspace/SpikeYOLO_FPGA/hw/vivado/out/spike_zybo.gen/sources_1/bd/system/ip/system_ps_0_0/system_ps_0_0/system_ps_0_0_in_context.xdc, line 228).
Applied set_property IO_BUFFER_TYPE = NONE for FIXED_IO_mio[46]. (constraint file  c:/Users/jielu/Desktop/Workspace/SpikeYOLO_FPGA/hw/vivado/out/spike_zybo.gen/sources_1/bd/system/ip/system_ps_0_0/system_ps_0_0/system_ps_0_0_in_context.xdc, line 229).
Applied set_property CLOCK_BUFFER_TYPE = NONE for FIXED_IO_mio[46]. (constraint file  c:/Users/jielu/Desktop/Workspace/SpikeYOLO_FPGA/hw/vivado/out/spike_zybo.gen/sources_1/bd/system/ip/system_ps_0_0/system_ps_0_0/system_ps_0_0_in_context.xdc, line 230).
Applied set_property IO_BUFFER_TYPE = NONE for FIXED_IO_mio[47]. (constraint file  c:/Users/jielu/Desktop/Workspace/SpikeYOLO_FPGA/hw/vivado/out/spike_zybo.gen/sources_1/bd/system/ip/system_ps_0_0/system_ps_0_0/system_ps_0_0_in_context.xdc, line 231).
Applied set_property CLOCK_BUFFER_TYPE = NONE for FIXED_IO_mio[47]. (constraint file  c:/Users/jielu/Desktop/Workspace/SpikeYOLO_FPGA/hw/vivado/out/spike_zybo.gen/sources_1/bd/system/ip/system_ps_0_0/system_ps_0_0/system_ps_0_0_in_context.xdc, line 232).
Applied set_property IO_BUFFER_TYPE = NONE for FIXED_IO_mio[48]. (constraint file  c:/Users/jielu/Desktop/Workspace/SpikeYOLO_FPGA/hw/vivado/out/spike_zybo.gen/sources_1/bd/system/ip/system_ps_0_0/system_ps_0_0/system_ps_0_0_in_context.xdc, line 233).
Applied set_property CLOCK_BUFFER_TYPE = NONE for FIXED_IO_mio[48]. (constraint file  c:/Users/jielu/Desktop/Workspace/SpikeYOLO_FPGA/hw/vivado/out/spike_zybo.gen/sources_1/bd/system/ip/system_ps_0_0/system_ps_0_0/system_ps_0_0_in_context.xdc, line 234).
Applied set_property IO_BUFFER_TYPE = NONE for FIXED_IO_mio[49]. (constraint file  c:/Users/jielu/Desktop/Workspace/SpikeYOLO_FPGA/hw/vivado/out/spike_zybo.gen/sources_1/bd/system/ip/system_ps_0_0/system_ps_0_0/system_ps_0_0_in_context.xdc, line 235).
Applied set_property CLOCK_BUFFER_TYPE = NONE for FIXED_IO_mio[49]. (constraint file  c:/Users/jielu/Desktop/Workspace/SpikeYOLO_FPGA/hw/vivado/out/spike_zybo.gen/sources_1/bd/system/ip/system_ps_0_0/system_ps_0_0/system_ps_0_0_in_context.xdc, line 236).
Applied set_property IO_BUFFER_TYPE = NONE for FIXED_IO_mio[4]. (constraint file  c:/Users/jielu/Desktop/Workspace/SpikeYOLO_FPGA/hw/vivado/out/spike_zybo.gen/sources_1/bd/system/ip/system_ps_0_0/system_ps_0_0/system_ps_0_0_in_context.xdc, line 237).
Applied set_property CLOCK_BUFFER_TYPE = NONE for FIXED_IO_mio[4]. (constraint file  c:/Users/jielu/Desktop/Workspace/SpikeYOLO_FPGA/hw/vivado/out/spike_zybo.gen/sources_1/bd/system/ip/system_ps_0_0/system_ps_0_0/system_ps_0_0_in_context.xdc, line 238).
Applied set_property IO_BUFFER_TYPE = NONE for FIXED_IO_mio[50]. (constraint file  c:/Users/jielu/Desktop/Workspace/SpikeYOLO_FPGA/hw/vivado/out/spike_zybo.gen/sources_1/bd/system/ip/system_ps_0_0/system_ps_0_0/system_ps_0_0_in_context.xdc, line 239).
Applied set_property CLOCK_BUFFER_TYPE = NONE for FIXED_IO_mio[50]. (constraint file  c:/Users/jielu/Desktop/Workspace/SpikeYOLO_FPGA/hw/vivado/out/spike_zybo.gen/sources_1/bd/system/ip/system_ps_0_0/system_ps_0_0/system_ps_0_0_in_context.xdc, line 240).
Applied set_property IO_BUFFER_TYPE = NONE for FIXED_IO_mio[51]. (constraint file  c:/Users/jielu/Desktop/Workspace/SpikeYOLO_FPGA/hw/vivado/out/spike_zybo.gen/sources_1/bd/system/ip/system_ps_0_0/system_ps_0_0/system_ps_0_0_in_context.xdc, line 241).
Applied set_property CLOCK_BUFFER_TYPE = NONE for FIXED_IO_mio[51]. (constraint file  c:/Users/jielu/Desktop/Workspace/SpikeYOLO_FPGA/hw/vivado/out/spike_zybo.gen/sources_1/bd/system/ip/system_ps_0_0/system_ps_0_0/system_ps_0_0_in_context.xdc, line 242).
Applied set_property IO_BUFFER_TYPE = NONE for FIXED_IO_mio[52]. (constraint file  c:/Users/jielu/Desktop/Workspace/SpikeYOLO_FPGA/hw/vivado/out/spike_zybo.gen/sources_1/bd/system/ip/system_ps_0_0/system_ps_0_0/system_ps_0_0_in_context.xdc, line 243).
Applied set_property CLOCK_BUFFER_TYPE = NONE for FIXED_IO_mio[52]. (constraint file  c:/Users/jielu/Desktop/Workspace/SpikeYOLO_FPGA/hw/vivado/out/spike_zybo.gen/sources_1/bd/system/ip/system_ps_0_0/system_ps_0_0/system_ps_0_0_in_context.xdc, line 244).
Applied set_property IO_BUFFER_TYPE = NONE for FIXED_IO_mio[53]. (constraint file  c:/Users/jielu/Desktop/Workspace/SpikeYOLO_FPGA/hw/vivado/out/spike_zybo.gen/sources_1/bd/system/ip/system_ps_0_0/system_ps_0_0/system_ps_0_0_in_context.xdc, line 245).
Applied set_property CLOCK_BUFFER_TYPE = NONE for FIXED_IO_mio[53]. (constraint file  c:/Users/jielu/Desktop/Workspace/SpikeYOLO_FPGA/hw/vivado/out/spike_zybo.gen/sources_1/bd/system/ip/system_ps_0_0/system_ps_0_0/system_ps_0_0_in_context.xdc, line 246).
Applied set_property IO_BUFFER_TYPE = NONE for FIXED_IO_mio[5]. (constraint file  c:/Users/jielu/Desktop/Workspace/SpikeYOLO_FPGA/hw/vivado/out/spike_zybo.gen/sources_1/bd/system/ip/system_ps_0_0/system_ps_0_0/system_ps_0_0_in_context.xdc, line 247).
Applied set_property CLOCK_BUFFER_TYPE = NONE for FIXED_IO_mio[5]. (constraint file  c:/Users/jielu/Desktop/Workspace/SpikeYOLO_FPGA/hw/vivado/out/spike_zybo.gen/sources_1/bd/system/ip/system_ps_0_0/system_ps_0_0/system_ps_0_0_in_context.xdc, line 248).
Applied set_property IO_BUFFER_TYPE = NONE for FIXED_IO_mio[6]. (constraint file  c:/Users/jielu/Desktop/Workspace/SpikeYOLO_FPGA/hw/vivado/out/spike_zybo.gen/sources_1/bd/system/ip/system_ps_0_0/system_ps_0_0/system_ps_0_0_in_context.xdc, line 249).
Applied set_property CLOCK_BUFFER_TYPE = NONE for FIXED_IO_mio[6]. (constraint file  c:/Users/jielu/Desktop/Workspace/SpikeYOLO_FPGA/hw/vivado/out/spike_zybo.gen/sources_1/bd/system/ip/system_ps_0_0/system_ps_0_0/system_ps_0_0_in_context.xdc, line 250).
Applied set_property IO_BUFFER_TYPE = NONE for FIXED_IO_mio[7]. (constraint file  c:/Users/jielu/Desktop/Workspace/SpikeYOLO_FPGA/hw/vivado/out/spike_zybo.gen/sources_1/bd/system/ip/system_ps_0_0/system_ps_0_0/system_ps_0_0_in_context.xdc, line 251).
Applied set_property CLOCK_BUFFER_TYPE = NONE for FIXED_IO_mio[7]. (constraint file  c:/Users/jielu/Desktop/Workspace/SpikeYOLO_FPGA/hw/vivado/out/spike_zybo.gen/sources_1/bd/system/ip/system_ps_0_0/system_ps_0_0/system_ps_0_0_in_context.xdc, line 252).
Applied set_property IO_BUFFER_TYPE = NONE for FIXED_IO_mio[8]. (constraint file  c:/Users/jielu/Desktop/Workspace/SpikeYOLO_FPGA/hw/vivado/out/spike_zybo.gen/sources_1/bd/system/ip/system_ps_0_0/system_ps_0_0/system_ps_0_0_in_context.xdc, line 253).
Applied set_property CLOCK_BUFFER_TYPE = NONE for FIXED_IO_mio[8]. (constraint file  c:/Users/jielu/Desktop/Workspace/SpikeYOLO_FPGA/hw/vivado/out/spike_zybo.gen/sources_1/bd/system/ip/system_ps_0_0/system_ps_0_0/system_ps_0_0_in_context.xdc, line 254).
Applied set_property IO_BUFFER_TYPE = NONE for FIXED_IO_mio[9]. (constraint file  c:/Users/jielu/Desktop/Workspace/SpikeYOLO_FPGA/hw/vivado/out/spike_zybo.gen/sources_1/bd/system/ip/system_ps_0_0/system_ps_0_0/system_ps_0_0_in_context.xdc, line 255).
Applied set_property CLOCK_BUFFER_TYPE = NONE for FIXED_IO_mio[9]. (constraint file  c:/Users/jielu/Desktop/Workspace/SpikeYOLO_FPGA/hw/vivado/out/spike_zybo.gen/sources_1/bd/system/ip/system_ps_0_0/system_ps_0_0/system_ps_0_0_in_context.xdc, line 256).
Applied set_property IO_BUFFER_TYPE = NONE for FIXED_IO_ps_clk. (constraint file  c:/Users/jielu/Desktop/Workspace/SpikeYOLO_FPGA/hw/vivado/out/spike_zybo.gen/sources_1/bd/system/ip/system_ps_0_0/system_ps_0_0/system_ps_0_0_in_context.xdc, line 257).
Applied set_property CLOCK_BUFFER_TYPE = NONE for FIXED_IO_ps_clk. (constraint file  c:/Users/jielu/Desktop/Workspace/SpikeYOLO_FPGA/hw/vivado/out/spike_zybo.gen/sources_1/bd/system/ip/system_ps_0_0/system_ps_0_0/system_ps_0_0_in_context.xdc, line 258).
Applied set_property IO_BUFFER_TYPE = NONE for FIXED_IO_ps_porb. (constraint file  c:/Users/jielu/Desktop/Workspace/SpikeYOLO_FPGA/hw/vivado/out/spike_zybo.gen/sources_1/bd/system/ip/system_ps_0_0/system_ps_0_0/system_ps_0_0_in_context.xdc, line 259).
Applied set_property CLOCK_BUFFER_TYPE = NONE for FIXED_IO_ps_porb. (constraint file  c:/Users/jielu/Desktop/Workspace/SpikeYOLO_FPGA/hw/vivado/out/spike_zybo.gen/sources_1/bd/system/ip/system_ps_0_0/system_ps_0_0/system_ps_0_0_in_context.xdc, line 260).
Applied set_property IO_BUFFER_TYPE = NONE for FIXED_IO_ps_srstb. (constraint file  c:/Users/jielu/Desktop/Workspace/SpikeYOLO_FPGA/hw/vivado/out/spike_zybo.gen/sources_1/bd/system/ip/system_ps_0_0/system_ps_0_0/system_ps_0_0_in_context.xdc, line 261).
Applied set_property CLOCK_BUFFER_TYPE = NONE for FIXED_IO_ps_srstb. (constraint file  c:/Users/jielu/Desktop/Workspace/SpikeYOLO_FPGA/hw/vivado/out/spike_zybo.gen/sources_1/bd/system/ip/system_ps_0_0/system_ps_0_0/system_ps_0_0_in_context.xdc, line 262).
Applied set_property KEEP_HIERARCHY = SOFT for system_i. (constraint file  auto generated constraint).
Applied set_property KEEP_HIERARCHY = SOFT for system_i/ps_0. (constraint file  auto generated constraint).
Applied set_property KEEP_HIERARCHY = SOFT for system_i/spike_accel_0. (constraint file  auto generated constraint).
Applied set_property KEEP_HIERARCHY = SOFT for system_i/axi_dma_feat. (constraint file  auto generated constraint).
Applied set_property KEEP_HIERARCHY = SOFT for system_i/ic_ctrl. (constraint file  auto generated constraint).
Applied set_property KEEP_HIERARCHY = SOFT for system_i/ic_data_hp0. (constraint file  auto generated constraint).
Applied set_property KEEP_HIERARCHY = SOFT for system_i/ic_data_hp1. (constraint file  auto generated constraint).
Applied set_property KEEP_HIERARCHY = SOFT for system_i/irq_concat. (constraint file  auto generated constraint).
Applied set_property KEEP_HIERARCHY = SOFT for system_i/rst_clk0. (constraint file  auto generated constraint).
Applied set_property KEEP_HIERARCHY = SOFT for system_i/rst_clk1. (constraint file  auto generated constraint).
---------------------------------------------------------------------------------
Finished applying 'set_property' XDC Constraints : Time (s): cpu = 00:00:14 ; elapsed = 00:00:15 . Memory (MB): peak = 1804.469 ; gain = 579.023
---------------------------------------------------------------------------------
---------------------------------------------------------------------------------
Finished RTL Optimization Phase 2 : Time (s): cpu = 00:00:14 ; elapsed = 00:00:15 . Memory (MB): peak = 1804.469 ; gain = 579.023
---------------------------------------------------------------------------------
---------------------------------------------------------------------------------
Start RTL Component Statistics 
---------------------------------------------------------------------------------
Detailed RTL Component Info : 
---------------------------------------------------------------------------------
Finished RTL Component Statistics 
---------------------------------------------------------------------------------
---------------------------------------------------------------------------------
Start Part Resource Summary
---------------------------------------------------------------------------------
Part Resources:
DSPs: 220 (col length:60)
BRAMs: 280 (col length: RAMB18 60 RAMB36 30)
---------------------------------------------------------------------------------
Finished Part Resource Summary
---------------------------------------------------------------------------------
---------------------------------------------------------------------------------
Start Cross Boundary and Area Optimization
---------------------------------------------------------------------------------
WARNING: [Synth 8-7080] Parallel synthesis criteria is not met
---------------------------------------------------------------------------------
Finished Cross Boundary and Area Optimization : Time (s): cpu = 00:00:16 ; elapsed = 00:00:17 . Memory (MB): peak = 1804.469 ; gain = 579.023
---------------------------------------------------------------------------------
---------------------------------------------------------------------------------
Start Applying XDC Timing Constraints
---------------------------------------------------------------------------------
---------------------------------------------------------------------------------
Finished Applying XDC Timing Constraints : Time (s): cpu = 00:00:21 ; elapsed = 00:00:22 . Memory (MB): peak = 1804.469 ; gain = 579.023
---------------------------------------------------------------------------------
---------------------------------------------------------------------------------
Start Timing Optimization
---------------------------------------------------------------------------------
---------------------------------------------------------------------------------
Finished Timing Optimization : Time (s): cpu = 00:00:21 ; elapsed = 00:00:22 . Memory (MB): peak = 1804.469 ; gain = 579.023
---------------------------------------------------------------------------------
---------------------------------------------------------------------------------
Start Technology Mapping
---------------------------------------------------------------------------------
---------------------------------------------------------------------------------
Finished Technology Mapping : Time (s): cpu = 00:00:21 ; elapsed = 00:00:22 . Memory (MB): peak = 1804.469 ; gain = 579.023
---------------------------------------------------------------------------------
---------------------------------------------------------------------------------
Start IO Insertion
---------------------------------------------------------------------------------
---------------------------------------------------------------------------------
Start Flattening Before IO Insertion
---------------------------------------------------------------------------------
---------------------------------------------------------------------------------
Finished Flattening Before IO Insertion
---------------------------------------------------------------------------------
---------------------------------------------------------------------------------
Start Final Netlist Cleanup
---------------------------------------------------------------------------------
---------------------------------------------------------------------------------
Finished Final Netlist Cleanup
---------------------------------------------------------------------------------
---------------------------------------------------------------------------------
Finished IO Insertion : Time (s): cpu = 00:00:24 ; elapsed = 00:00:26 . Memory (MB): peak = 1804.469 ; gain = 579.023
---------------------------------------------------------------------------------
---------------------------------------------------------------------------------
Start Renaming Generated Instances
---------------------------------------------------------------------------------
---------------------------------------------------------------------------------
Finished Renaming Generated Instances : Time (s): cpu = 00:00:25 ; elapsed = 00:00:26 . Memory (MB): peak = 1804.469 ; gain = 579.023
---------------------------------------------------------------------------------
---------------------------------------------------------------------------------
Start Rebuilding User Hierarchy
---------------------------------------------------------------------------------
---------------------------------------------------------------------------------
Finished Rebuilding User Hierarchy : Time (s): cpu = 00:00:25 ; elapsed = 00:00:26 . Memory (MB): peak = 1804.469 ; gain = 579.023
---------------------------------------------------------------------------------
---------------------------------------------------------------------------------
Start Renaming Generated Ports
---------------------------------------------------------------------------------
---------------------------------------------------------------------------------
Finished Renaming Generated Ports : Time (s): cpu = 00:00:25 ; elapsed = 00:00:26 . Memory (MB): peak = 1804.469 ; gain = 579.023
---------------------------------------------------------------------------------
---------------------------------------------------------------------------------
Start Handling Custom Attributes
---------------------------------------------------------------------------------
---------------------------------------------------------------------------------
Finished Handling Custom Attributes : Time (s): cpu = 00:00:25 ; elapsed = 00:00:26 . Memory (MB): peak = 1804.469 ; gain = 579.023
---------------------------------------------------------------------------------
---------------------------------------------------------------------------------
Start Renaming Generated Nets
---------------------------------------------------------------------------------
---------------------------------------------------------------------------------
Finished Renaming Generated Nets : Time (s): cpu = 00:00:25 ; elapsed = 00:00:26 . Memory (MB): peak = 1804.469 ; gain = 579.023
---------------------------------------------------------------------------------
---------------------------------------------------------------------------------
Start Writing Synthesis Report
---------------------------------------------------------------------------------

Report BlackBoxes: 
+------+-----------------------+----------+
|      |BlackBox name          |Instances |
+------+-----------------------+----------+
|1     |system_axi_dma_feat_0  |         1|
|2     |system_ic_ctrl_0       |         1|
|3     |system_ic_data_hp0_0   |         1|
|4     |system_ic_data_hp1_0   |         1|
|5     |system_ps_0_0          |         1|
|6     |system_rst_clk0_0      |         1|
|7     |system_rst_clk1_0      |         1|
|8     |system_spike_accel_0_0 |         1|
+------+-----------------------+----------+

Report Cell Usage: 
+------+---------------------+------+
|      |Cell                 |Count |
+------+---------------------+------+
|1     |system_axi_dma_feat  |     1|
|2     |system_ic_ctrl       |     1|
|3     |system_ic_data_hp0   |     1|
|4     |system_ic_data_hp1   |     1|
|5     |system_ps_0          |     1|
|6     |system_rst_clk0      |     1|
|7     |system_rst_clk1      |     1|
|8     |system_spike_accel_0 |     1|
+------+---------------------+------+
---------------------------------------------------------------------------------
Finished Writing Synthesis Report : Time (s): cpu = 00:00:25 ; elapsed = 00:00:26 . Memory (MB): peak = 1804.469 ; gain = 579.023
---------------------------------------------------------------------------------
Synthesis finished with 0 errors, 0 critical warnings and 1 warnings.
Synthesis Optimization Runtime : Time (s): cpu = 00:00:16 ; elapsed = 00:00:24 . Memory (MB): peak = 1804.469 ; gain = 570.355
Synthesis Optimization Complete : Time (s): cpu = 00:00:25 ; elapsed = 00:00:26 . Memory (MB): peak = 1804.469 ; gain = 579.023
INFO: [Project 1-571] Translating synthesized netlist
Netlist sorting complete. Time (s): cpu = 00:00:00 ; elapsed = 00:00:00.015 . Memory (MB): peak = 1804.469 ; gain = 0.000
INFO: [Project 1-570] Preparing netlist for logic optimization
INFO: [Opt 31-138] Pushed 0 inverter(s) to 0 load pin(s).
Netlist sorting complete. Time (s): cpu = 00:00:00 ; elapsed = 00:00:00 . Memory (MB): peak = 1804.469 ; gain = 0.000
INFO: [Project 1-111] Unisim Transformation Summary:
No Unisim elements were transformed.

Synth Design complete | Checksum: 12478e11
INFO: [Common 17-83] Releasing license: Synthesis
43 Infos, 233 Warnings, 1 Critical Warnings and 0 Errors encountered.
synth_design completed successfully
synth_design: Time (s): cpu = 00:00:28 ; elapsed = 00:00:32 . Memory (MB): peak = 1804.602 ; gain = 1030.527
INFO: [runtcl-6] Synthesis results are not added to the cache due to CRITICAL_WARNING
INFO: [Common 17-1381] The checkpoint 'C:/Users/jielu/Desktop/Workspace/SpikeYOLO_FPGA/hw/vivado/out/spike_zybo.runs/synth_1/system_wrapper.dcp' has been generated.
INFO: [Vivado 12-24828] Executing command : report_utilization -file system_wrapper_utilization_synth.rpt -pb system_wrapper_utilization_synth.pb
INFO: [Common 17-206] Exiting Vivado at Wed May 13 22:43:04 2026...
[Wed May 13 22:43:07 2026] synth_1 finished
wait_on_runs: Time (s): cpu = 00:00:05 ; elapsed = 00:20:08 . Memory (MB): peak = 784.699 ; gain = 0.000
# launch_runs impl_1 -to_step write_bitstream -jobs 1
[Wed May 13 22:43:10 2026] Launched impl_1...
Run output will be captured here: C:/Users/jielu/Desktop/Workspace/SpikeYOLO_FPGA/hw/vivado/out/spike_zybo.runs/impl_1/runme.log
# wait_on_run impl_1
[Wed May 13 22:43:10 2026] Waiting for impl_1 to finish...


*** Running vivado
    with args -log system_wrapper.vdi -applog -m64 -product Vivado -messageDb vivado.pb -mode batch -source system_wrapper.tcl -notrace



****** Vivado v2024.1 (64-bit)
  **** SW Build 5076996 on Wed May 22 18:37:14 MDT 2024
  **** IP Build 5075265 on Wed May 22 21:45:21 MDT 2024
  **** SharedData Build 5076995 on Wed May 22 18:29:18 MDT 2024
  **** Start of session at: Wed May 13 22:43:19 2026
    ** Copyright 1986-2022 Xilinx, Inc. All Rights Reserved.
    ** Copyright 2022-2024 Advanced Micro Devices, Inc. All Rights Reserved.

source system_wrapper.tcl -notrace
create_project: Time (s): cpu = 00:00:06 ; elapsed = 00:00:07 . Memory (MB): peak = 629.410 ; gain = 200.953
INFO: [IP_Flow 19-234] Refreshing IP repositories
INFO: [IP_Flow 19-1700] Loaded user IP repository 'c:/Users/jielu/Desktop/Workspace/SpikeYOLO_FPGA/hw/hls/build'.
WARNING: [IP_Flow 19-3685] Ignored loading user repository 'c:/Users/jielu/Desktop/Workspace/SpikeYOLO_FPGA/hw/vivado/ip_repo/spike_accel'. The path is contained within another repository.
WARNING: [IP_Flow 19-3685] Ignored loading user repository 'c:/Users/jielu/Desktop/Workspace/SpikeYOLO_FPGA/hw/vivado/ip_repo/digilent/vivado-library'. The path is contained within another repository.
INFO: [IP_Flow 19-1700] Loaded user IP repository 'c:/Users/jielu/Desktop/Workspace/SpikeYOLO_FPGA/hw/vivado/ip_repo'.
INFO: [IP_Flow 19-2313] Loaded Vivado IP repository 'E:/Applaction/Xilinx/Vivado/2024.1/data/ip'.
WARNING: [IP_Flow 19-4995] The host OS only allows 260 characters in a normal path. The IP cache path is more than 80 characters. If you experience issues with IP caching, please consider changing the IP cache to a location with a shorter path. Alternately consider using the OS subst command to map part of the path to a drive letter. 
Current IP cache path is C:/Users/jielu/Desktop/Workspace/SpikeYOLO_FPGA/hw/vivado/out/spike_zybo.cache/ip 
add_files: Time (s): cpu = 00:00:06 ; elapsed = 00:00:08 . Memory (MB): peak = 801.746 ; gain = 91.836
Command: link_design -top system_wrapper -part xc7z020clg400-1
Design is defaulting to srcset: sources_1
Design is defaulting to constrset: constrs_1
INFO: [Device 21-403] Loading part xc7z020clg400-1
INFO: [Device 21-9227] Part: xc7z020clg400-1 does not have CEAM library.
INFO: [Project 1-454] Reading design checkpoint 'c:/Users/jielu/Desktop/Workspace/SpikeYOLO_FPGA/hw/vivado/out/spike_zybo.gen/sources_1/bd/system/ip/system_axi_dma_feat_0/system_axi_dma_feat_0.dcp' for cell 'system_i/axi_dma_feat'
INFO: [Project 1-454] Reading design checkpoint 'c:/Users/jielu/Desktop/Workspace/SpikeYOLO_FPGA/hw/vivado/out/spike_zybo.gen/sources_1/bd/system/ip/system_ic_ctrl_0/system_ic_ctrl_0.dcp' for cell 'system_i/ic_ctrl'
INFO: [Project 1-454] Reading design checkpoint 'c:/Users/jielu/Desktop/Workspace/SpikeYOLO_FPGA/hw/vivado/out/spike_zybo.gen/sources_1/bd/system/ip/system_ic_data_hp0_0/system_ic_data_hp0_0.dcp' for cell 'system_i/ic_data_hp0'
INFO: [Project 1-454] Reading design checkpoint 'c:/Users/jielu/Desktop/Workspace/SpikeYOLO_FPGA/hw/vivado/out/spike_zybo.gen/sources_1/bd/system/ip/system_ic_data_hp1_0/system_ic_data_hp1_0.dcp' for cell 'system_i/ic_data_hp1'
INFO: [Project 1-454] Reading design checkpoint 'c:/Users/jielu/Desktop/Workspace/SpikeYOLO_FPGA/hw/vivado/out/spike_zybo.gen/sources_1/bd/system/ip/system_ps_0_0/system_ps_0_0.dcp' for cell 'system_i/ps_0'
INFO: [Project 1-454] Reading design checkpoint 'c:/Users/jielu/Desktop/Workspace/SpikeYOLO_FPGA/hw/vivado/out/spike_zybo.gen/sources_1/bd/system/ip/system_rst_clk0_0/system_rst_clk0_0.dcp' for cell 'system_i/rst_clk0'
INFO: [Project 1-454] Reading design checkpoint 'c:/Users/jielu/Desktop/Workspace/SpikeYOLO_FPGA/hw/vivado/out/spike_zybo.gen/sources_1/bd/system/ip/system_rst_clk1_0/system_rst_clk1_0.dcp' for cell 'system_i/rst_clk1'
INFO: [Project 1-454] Reading design checkpoint 'c:/Users/jielu/Desktop/Workspace/SpikeYOLO_FPGA/hw/vivado/out/spike_zybo.gen/sources_1/bd/system/ip/system_spike_accel_0_0/system_spike_accel_0_0.dcp' for cell 'system_i/spike_accel_0'
Netlist sorting complete. Time (s): cpu = 00:00:02 ; elapsed = 00:00:02 . Memory (MB): peak = 1522.121 ; gain = 4.711
INFO: [Netlist 29-17] Analyzing 7497 Unisim elements for replacement
INFO: [Netlist 29-28] Unisim Transformation completed in 1 CPU seconds
INFO: [Project 1-479] Netlist was created with Vivado 2024.1
INFO: [Project 1-570] Preparing netlist for logic optimization
Parsing XDC File [c:/Users/jielu/Desktop/Workspace/SpikeYOLO_FPGA/hw/vivado/out/spike_zybo.gen/sources_1/bd/system/ip/system_ps_0_0/system_ps_0_0.xdc] for cell 'system_i/ps_0/inst'
Finished Parsing XDC File [c:/Users/jielu/Desktop/Workspace/SpikeYOLO_FPGA/hw/vivado/out/spike_zybo.gen/sources_1/bd/system/ip/system_ps_0_0/system_ps_0_0.xdc] for cell 'system_i/ps_0/inst'
Parsing XDC File [c:/Users/jielu/Desktop/Workspace/SpikeYOLO_FPGA/hw/vivado/out/spike_zybo.gen/sources_1/bd/system/ip/system_axi_dma_feat_0/system_axi_dma_feat_0.xdc] for cell 'system_i/axi_dma_feat/U0'
WARNING: [Vivado_Tcl 4-921] Waiver ID 'CDC-1' -to list should not be empty. [c:/Users/jielu/Desktop/Workspace/SpikeYOLO_FPGA/hw/vivado/out/spike_zybo.gen/sources_1/bd/system/ip/system_axi_dma_feat_0/system_axi_dma_feat_0.xdc:52]
WARNING: [Vivado_Tcl 4-921] Waiver ID 'CDC-1' -to list should not be empty. [c:/Users/jielu/Desktop/Workspace/SpikeYOLO_FPGA/hw/vivado/out/spike_zybo.gen/sources_1/bd/system/ip/system_axi_dma_feat_0/system_axi_dma_feat_0.xdc:56]
WARNING: [Vivado_Tcl 4-919] Waiver ID 'CDC-1' -from list should not be empty. [c:/Users/jielu/Desktop/Workspace/SpikeYOLO_FPGA/hw/vivado/out/spike_zybo.gen/sources_1/bd/system/ip/system_axi_dma_feat_0/system_axi_dma_feat_0.xdc:61]
Finished Parsing XDC File [c:/Users/jielu/Desktop/Workspace/SpikeYOLO_FPGA/hw/vivado/out/spike_zybo.gen/sources_1/bd/system/ip/system_axi_dma_feat_0/system_axi_dma_feat_0.xdc] for cell 'system_i/axi_dma_feat/U0'
Parsing XDC File [c:/Users/jielu/Desktop/Workspace/SpikeYOLO_FPGA/hw/vivado/out/spike_zybo.gen/sources_1/bd/system/ip/system_ic_ctrl_0/bd_0/ip/ip_1/bd_1315_psr_aclk_0_board.xdc] for cell 'system_i/ic_ctrl/inst/clk_map/psr_aclk/U0'
Finished Parsing XDC File [c:/Users/jielu/Desktop/Workspace/SpikeYOLO_FPGA/hw/vivado/out/spike_zybo.gen/sources_1/bd/system/ip/system_ic_ctrl_0/bd_0/ip/ip_1/bd_1315_psr_aclk_0_board.xdc] for cell 'system_i/ic_ctrl/inst/clk_map/psr_aclk/U0'
Parsing XDC File [c:/Users/jielu/Desktop/Workspace/SpikeYOLO_FPGA/hw/vivado/out/spike_zybo.gen/sources_1/bd/system/ip/system_ic_ctrl_0/bd_0/ip/ip_1/bd_1315_psr_aclk_0.xdc] for cell 'system_i/ic_ctrl/inst/clk_map/psr_aclk/U0'
Finished Parsing XDC File [c:/Users/jielu/Desktop/Workspace/SpikeYOLO_FPGA/hw/vivado/out/spike_zybo.gen/sources_1/bd/system/ip/system_ic_ctrl_0/bd_0/ip/ip_1/bd_1315_psr_aclk_0.xdc] for cell 'system_i/ic_ctrl/inst/clk_map/psr_aclk/U0'
Parsing XDC File [c:/Users/jielu/Desktop/Workspace/SpikeYOLO_FPGA/hw/vivado/out/spike_zybo.gen/sources_1/bd/system/ip/system_ic_ctrl_0/bd_0/ip/ip_12/bd_1315_arni_0_clocks.xdc] for cell 'system_i/ic_ctrl/inst/switchboards/i_nodes/i_ar_node/inst'
WARNING: [Vivado_Tcl 4-921] Waiver ID 'CDC-1' -to list should not be empty. [c:/Users/jielu/Desktop/Workspace/SpikeYOLO_FPGA/hw/vivado/out/spike_zybo.gen/sources_1/bd/system/ip/system_ic_ctrl_0/bd_0/ip/ip_12/bd_1315_arni_0_clocks.xdc:49]
WARNING: [Vivado_Tcl 4-921] Waiver ID 'CDC-1' -to list should not be empty. [c:/Users/jielu/Desktop/Workspace/SpikeYOLO_FPGA/hw/vivado/out/spike_zybo.gen/sources_1/bd/system/ip/system_ic_ctrl_0/bd_0/ip/ip_12/bd_1315_arni_0_clocks.xdc:52]
WARNING: [Vivado_Tcl 4-921] Waiver ID 'CDC-1' -to list should not be empty. [c:/Users/jielu/Desktop/Workspace/SpikeYOLO_FPGA/hw/vivado/out/spike_zybo.gen/sources_1/bd/system/ip/system_ic_ctrl_0/bd_0/ip/ip_12/bd_1315_arni_0_clocks.xdc:55]
WARNING: [Vivado_Tcl 4-921] Waiver ID 'CDC-1' -to list should not be empty. [c:/Users/jielu/Desktop/Workspace/SpikeYOLO_FPGA/hw/vivado/out/spike_zybo.gen/sources_1/bd/system/ip/system_ic_ctrl_0/bd_0/ip/ip_12/bd_1315_arni_0_clocks.xdc:59]
WARNING: [Vivado_Tcl 4-921] Waiver ID 'CDC-1' -to list should not be empty. [c:/Users/jielu/Desktop/Workspace/SpikeYOLO_FPGA/hw/vivado/out/spike_zybo.gen/sources_1/bd/system/ip/system_ic_ctrl_0/bd_0/ip/ip_12/bd_1315_arni_0_clocks.xdc:66]
WARNING: [Vivado_Tcl 4-921] Waiver ID 'CDC-1' -to list should not be empty. [c:/Users/jielu/Desktop/Workspace/SpikeYOLO_FPGA/hw/vivado/out/spike_zybo.gen/sources_1/bd/system/ip/system_ic_ctrl_0/bd_0/ip/ip_12/bd_1315_arni_0_clocks.xdc:70]
WARNING: [Vivado_Tcl 4-921] Waiver ID 'CDC-1' -to list should not be empty. [c:/Users/jielu/Desktop/Workspace/SpikeYOLO_FPGA/hw/vivado/out/spike_zybo.gen/sources_1/bd/system/ip/system_ic_ctrl_0/bd_0/ip/ip_12/bd_1315_arni_0_clocks.xdc:82]
WARNING: [Vivado_Tcl 4-921] Waiver ID 'CDC-4' -to list should not be empty. [c:/Users/jielu/Desktop/Workspace/SpikeYOLO_FPGA/hw/vivado/out/spike_zybo.gen/sources_1/bd/system/ip/system_ic_ctrl_0/bd_0/ip/ip_12/bd_1315_arni_0_clocks.xdc:85]
WARNING: [Vivado_Tcl 4-921] Waiver ID 'CDC-4' -to list should not be empty. [c:/Users/jielu/Desktop/Workspace/SpikeYOLO_FPGA/hw/vivado/out/spike_zybo.gen/sources_1/bd/system/ip/system_ic_ctrl_0/bd_0/ip/ip_12/bd_1315_arni_0_clocks.xdc:88]
WARNING: [Vivado_Tcl 4-921] Waiver ID 'CDC-2' -to list should not be empty. [c:/Users/jielu/Desktop/Workspace/SpikeYOLO_FPGA/hw/vivado/out/spike_zybo.gen/sources_1/bd/system/ip/system_ic_ctrl_0/bd_0/ip/ip_12/bd_1315_arni_0_clocks.xdc:91]
WARNING: [Vivado_Tcl 4-921] Waiver ID 'CDC-2' -to list should not be empty. [c:/Users/jielu/Desktop/Workspace/SpikeYOLO_FPGA/hw/vivado/out/spike_zybo.gen/sources_1/bd/system/ip/system_ic_ctrl_0/bd_0/ip/ip_12/bd_1315_arni_0_clocks.xdc:94]
WARNING: [Vivado_Tcl 4-921] Waiver ID 'CDC-2' -to list should not be empty. [c:/Users/jielu/Desktop/Workspace/SpikeYOLO_FPGA/hw/vivado/out/spike_zybo.gen/sources_1/bd/system/ip/system_ic_ctrl_0/bd_0/ip/ip_12/bd_1315_arni_0_clocks.xdc:97]
WARNING: [Vivado_Tcl 4-921] Waiver ID 'CDC-2' -to list should not be empty. [c:/Users/jielu/Desktop/Workspace/SpikeYOLO_FPGA/hw/vivado/out/spike_zybo.gen/sources_1/bd/system/ip/system_ic_ctrl_0/bd_0/ip/ip_12/bd_1315_arni_0_clocks.xdc:100]
WARNING: [Vivado_Tcl 4-921] Waiver ID 'CDC-1' -to list should not be empty. [c:/Users/jielu/Desktop/Workspace/SpikeYOLO_FPGA/hw/vivado/out/spike_zybo.gen/sources_1/bd/system/ip/system_ic_ctrl_0/bd_0/ip/ip_12/bd_1315_arni_0_clocks.xdc:104]
WARNING: [Vivado_Tcl 4-921] Waiver ID 'CDC-10' -to list should not be empty. [c:/Users/jielu/Desktop/Workspace/SpikeYOLO_FPGA/hw/vivado/out/spike_zybo.gen/sources_1/bd/system/ip/system_ic_ctrl_0/bd_0/ip/ip_12/bd_1315_arni_0_clocks.xdc:107]
WARNING: [Vivado_Tcl 4-921] Waiver ID 'CDC-10' -to list should not be empty. [c:/Users/jielu/Desktop/Workspace/SpikeYOLO_FPGA/hw/vivado/out/spike_zybo.gen/sources_1/bd/system/ip/system_ic_ctrl_0/bd_0/ip/ip_12/bd_1315_arni_0_clocks.xdc:110]
WARNING: [Vivado_Tcl 4-921] Waiver ID 'CDC-1' -to list should not be empty. [c:/Users/jielu/Desktop/Workspace/SpikeYOLO_FPGA/hw/vivado/out/spike_zybo.gen/sources_1/bd/system/ip/system_ic_ctrl_0/bd_0/ip/ip_12/bd_1315_arni_0_clocks.xdc:113]
WARNING: [Vivado_Tcl 4-921] Waiver ID 'CDC-1' -to list should not be empty. [c:/Users/jielu/Desktop/Workspace/SpikeYOLO_FPGA/hw/vivado/out/spike_zybo.gen/sources_1/bd/system/ip/system_ic_ctrl_0/bd_0/ip/ip_12/bd_1315_arni_0_clocks.xdc:116]
WARNING: [Vivado_Tcl 4-921] Waiver ID 'CDC-13' -to list should not be empty. [c:/Users/jielu/Desktop/Workspace/SpikeYOLO_FPGA/hw/vivado/out/spike_zybo.gen/sources_1/bd/system/ip/system_ic_ctrl_0/bd_0/ip/ip_12/bd_1315_arni_0_clocks.xdc:122]
WARNING: [Vivado_Tcl 4-921] Waiver ID 'CDC-1' -to list should not be empty. [c:/Users/jielu/Desktop/Workspace/SpikeYOLO_FPGA/hw/vivado/out/spike_zybo.gen/sources_1/bd/system/ip/system_ic_ctrl_0/bd_0/ip/ip_12/bd_1315_arni_0_clocks.xdc:125]
WARNING: [Vivado_Tcl 4-921] Waiver ID 'CDC-1' -to list should not be empty. [c:/Users/jielu/Desktop/Workspace/SpikeYOLO_FPGA/hw/vivado/out/spike_zybo.gen/sources_1/bd/system/ip/system_ic_ctrl_0/bd_0/ip/ip_12/bd_1315_arni_0_clocks.xdc:128]
WARNING: [Vivado_Tcl 4-921] Waiver ID 'CDC-13' -to list should not be empty. [c:/Users/jielu/Desktop/Workspace/SpikeYOLO_FPGA/hw/vivado/out/spike_zybo.gen/sources_1/bd/system/ip/system_ic_ctrl_0/bd_0/ip/ip_12/bd_1315_arni_0_clocks.xdc:131]
WARNING: [Vivado_Tcl 4-921] Waiver ID 'CDC-1' -to list should not be empty. [c:/Users/jielu/Desktop/Workspace/SpikeYOLO_FPGA/hw/vivado/out/spike_zybo.gen/sources_1/bd/system/ip/system_ic_ctrl_0/bd_0/ip/ip_12/bd_1315_arni_0_clocks.xdc:134]
WARNING: [Vivado_Tcl 4-921] Waiver ID 'CDC-10' -to list should not be empty. [c:/Users/jielu/Desktop/Workspace/SpikeYOLO_FPGA/hw/vivado/out/spike_zybo.gen/sources_1/bd/system/ip/system_ic_ctrl_0/bd_0/ip/ip_12/bd_1315_arni_0_clocks.xdc:137]
WARNING: [Vivado_Tcl 4-921] Waiver ID 'CDC-1' -to list should not be empty. [c:/Users/jielu/Desktop/Workspace/SpikeYOLO_FPGA/hw/vivado/out/spike_zybo.gen/sources_1/bd/system/ip/system_ic_ctrl_0/bd_0/ip/ip_12/bd_1315_arni_0_clocks.xdc:140]
WARNING: [Vivado_Tcl 4-921] Waiver ID 'CDC-1' -to list should not be empty. [c:/Users/jielu/Desktop/Workspace/SpikeYOLO_FPGA/hw/vivado/out/spike_zybo.gen/sources_1/bd/system/ip/system_ic_ctrl_0/bd_0/ip/ip_12/bd_1315_arni_0_clocks.xdc:143]
WARNING: [Vivado_Tcl 4-921] Waiver ID 'CDC-1' -to list should not be empty. [c:/Users/jielu/Desktop/Workspace/SpikeYOLO_FPGA/hw/vivado/out/spike_zybo.gen/sources_1/bd/system/ip/system_ic_ctrl_0/bd_0/ip/ip_12/bd_1315_arni_0_clocks.xdc:146]
WARNING: [Vivado_Tcl 4-921] Waiver ID 'CDC-2' -to list should not be empty. [c:/Users/jielu/Desktop/Workspace/SpikeYOLO_FPGA/hw/vivado/out/spike_zybo.gen/sources_1/bd/system/ip/system_ic_ctrl_0/bd_0/ip/ip_12/bd_1315_arni_0_clocks.xdc:149]
WARNING: [Vivado_Tcl 4-921] Waiver ID 'CDC-1' -to list should not be empty. [c:/Users/jielu/Desktop/Workspace/SpikeYOLO_FPGA/hw/vivado/out/spike_zybo.gen/sources_1/bd/system/ip/system_ic_ctrl_0/bd_0/ip/ip_12/bd_1315_arni_0_clocks.xdc:152]
WARNING: [Vivado_Tcl 4-921] Waiver ID 'CDC-1' -to list should not be empty. [c:/Users/jielu/Desktop/Workspace/SpikeYOLO_FPGA/hw/vivado/out/spike_zybo.gen/sources_1/bd/system/ip/system_ic_ctrl_0/bd_0/ip/ip_12/bd_1315_arni_0_clocks.xdc:155]
WARNING: [Vivado_Tcl 4-921] Waiver ID 'CDC-1' -to list should not be empty. [c:/Users/jielu/Desktop/Workspace/SpikeYOLO_FPGA/hw/vivado/out/spike_zybo.gen/sources_1/bd/system/ip/system_ic_ctrl_0/bd_0/ip/ip_12/bd_1315_arni_0_clocks.xdc:158]
WARNING: [Vivado_Tcl 4-921] Waiver ID 'CDC-10' -to list should not be empty. [c:/Users/jielu/Desktop/Workspace/SpikeYOLO_FPGA/hw/vivado/out/spike_zybo.gen/sources_1/bd/system/ip/system_ic_ctrl_0/bd_0/ip/ip_12/bd_1315_arni_0_clocks.xdc:161]
WARNING: [Vivado_Tcl 4-921] Waiver ID 'CDC-4' -to list should not be empty. [c:/Users/jielu/Desktop/Workspace/SpikeYOLO_FPGA/hw/vivado/out/spike_zybo.gen/sources_1/bd/system/ip/system_ic_ctrl_0/bd_0/ip/ip_12/bd_1315_arni_0_clocks.xdc:164]
WARNING: [Vivado_Tcl 4-921] Waiver ID 'CDC-4' -to list should not be empty. [c:/Users/jielu/Desktop/Workspace/SpikeYOLO_FPGA/hw/vivado/out/spike_zybo.gen/sources_1/bd/system/ip/system_ic_ctrl_0/bd_0/ip/ip_12/bd_1315_arni_0_clocks.xdc:167]
WARNING: [Vivado_Tcl 4-921] Waiver ID 'CDC-4' -to list should not be empty. [c:/Users/jielu/Desktop/Workspace/SpikeYOLO_FPGA/hw/vivado/out/spike_zybo.gen/sources_1/bd/system/ip/system_ic_ctrl_0/bd_0/ip/ip_12/bd_1315_arni_0_clocks.xdc:171]
WARNING: [Vivado_Tcl 4-921] Waiver ID 'CDC-4' -to list should not be empty. [c:/Users/jielu/Desktop/Workspace/SpikeYOLO_FPGA/hw/vivado/out/spike_zybo.gen/sources_1/bd/system/ip/system_ic_ctrl_0/bd_0/ip/ip_12/bd_1315_arni_0_clocks.xdc:174]
WARNING: [Vivado_Tcl 4-921] Waiver ID 'CDC-1' -to list should not be empty. [c:/Users/jielu/Desktop/Workspace/SpikeYOLO_FPGA/hw/vivado/out/spike_zybo.gen/sources_1/bd/system/ip/system_ic_ctrl_0/bd_0/ip/ip_12/bd_1315_arni_0_clocks.xdc:178]
WARNING: [Vivado_Tcl 4-935] Waiver ID 'CDC-1' is a duplicate and will not be added again. [c:/Users/jielu/Desktop/Workspace/SpikeYOLO_FPGA/hw/vivado/out/spike_zybo.gen/sources_1/bd/system/ip/system_ic_ctrl_0/bd_0/ip/ip_12/bd_1315_arni_0_clocks.xdc:181]
WARNING: [Vivado_Tcl 4-921] Waiver ID 'CDC-13' -to list should not be empty. [c:/Users/jielu/Desktop/Workspace/SpikeYOLO_FPGA/hw/vivado/out/spike_zybo.gen/sources_1/bd/system/ip/system_ic_ctrl_0/bd_0/ip/ip_12/bd_1315_arni_0_clocks.xdc:184]
Finished Parsing XDC File [c:/Users/jielu/Desktop/Workspace/SpikeYOLO_FPGA/hw/vivado/out/spike_zybo.gen/sources_1/bd/system/ip/system_ic_ctrl_0/bd_0/ip/ip_12/bd_1315_arni_0_clocks.xdc] for cell 'system_i/ic_ctrl/inst/switchboards/i_nodes/i_ar_node/inst'
Parsing XDC File [c:/Users/jielu/Desktop/Workspace/SpikeYOLO_FPGA/hw/vivado/out/spike_zybo.gen/sources_1/bd/system/ip/system_ic_ctrl_0/bd_0/ip/ip_13/bd_1315_rni_0_clocks.xdc] for cell 'system_i/ic_ctrl/inst/switchboards/i_nodes/i_r_node/inst'
WARNING: [Vivado_Tcl 4-921] Waiver ID 'CDC-1' -to list should not be empty. [c:/Users/jielu/Desktop/Workspace/SpikeYOLO_FPGA/hw/vivado/out/spike_zybo.gen/sources_1/bd/system/ip/system_ic_ctrl_0/bd_0/ip/ip_13/bd_1315_rni_0_clocks.xdc:49]
WARNING: [Vivado_Tcl 4-921] Waiver ID 'CDC-1' -to list should not be empty. [c:/Users/jielu/Desktop/Workspace/SpikeYOLO_FPGA/hw/vivado/out/spike_zybo.gen/sources_1/bd/system/ip/system_ic_ctrl_0/bd_0/ip/ip_13/bd_1315_rni_0_clocks.xdc:52]
WARNING: [Vivado_Tcl 4-921] Waiver ID 'CDC-1' -to list should not be empty. [c:/Users/jielu/Desktop/Workspace/SpikeYOLO_FPGA/hw/vivado/out/spike_zybo.gen/sources_1/bd/system/ip/system_ic_ctrl_0/bd_0/ip/ip_13/bd_1315_rni_0_clocks.xdc:55]
WARNING: [Vivado_Tcl 4-921] Waiver ID 'CDC-1' -to list should not be empty. [c:/Users/jielu/Desktop/Workspace/SpikeYOLO_FPGA/hw/vivado/out/spike_zybo.gen/sources_1/bd/system/ip/system_ic_ctrl_0/bd_0/ip/ip_13/bd_1315_rni_0_clocks.xdc:59]
WARNING: [Vivado_Tcl 4-921] Waiver ID 'CDC-1' -to list should not be empty. [c:/Users/jielu/Desktop/Workspace/SpikeYOLO_FPGA/hw/vivado/out/spike_zybo.gen/sources_1/bd/system/ip/system_ic_ctrl_0/bd_0/ip/ip_13/bd_1315_rni_0_clocks.xdc:66]
WARNING: [Vivado_Tcl 4-921] Waiver ID 'CDC-1' -to list should not be empty. [c:/Users/jielu/Desktop/Workspace/SpikeYOLO_FPGA/hw/vivado/out/spike_zybo.gen/sources_1/bd/system/ip/system_ic_ctrl_0/bd_0/ip/ip_13/bd_1315_rni_0_clocks.xdc:70]
WARNING: [Vivado_Tcl 4-921] Waiver ID 'CDC-1' -to list should not be empty. [c:/Users/jielu/Desktop/Workspace/SpikeYOLO_FPGA/hw/vivado/out/spike_zybo.gen/sources_1/bd/system/ip/system_ic_ctrl_0/bd_0/ip/ip_13/bd_1315_rni_0_clocks.xdc:82]
WARNING: [Vivado_Tcl 4-921] Waiver ID 'CDC-4' -to list should not be empty. [c:/Users/jielu/Desktop/Workspace/SpikeYOLO_FPGA/hw/vivado/out/spike_zybo.gen/sources_1/bd/system/ip/system_ic_ctrl_0/bd_0/ip/ip_13/bd_1315_rni_0_clocks.xdc:85]
WARNING: [Vivado_Tcl 4-921] Waiver ID 'CDC-4' -to list should not be empty. [c:/Users/jielu/Desktop/Workspace/SpikeYOLO_FPGA/hw/vivado/out/spike_zybo.gen/sources_1/bd/system/ip/system_ic_ctrl_0/bd_0/ip/ip_13/bd_1315_rni_0_clocks.xdc:88]
WARNING: [Vivado_Tcl 4-921] Waiver ID 'CDC-2' -to list should not be empty. [c:/Users/jielu/Desktop/Workspace/SpikeYOLO_FPGA/hw/vivado/out/spike_zybo.gen/sources_1/bd/system/ip/system_ic_ctrl_0/bd_0/ip/ip_13/bd_1315_rni_0_clocks.xdc:91]
WARNING: [Vivado_Tcl 4-921] Waiver ID 'CDC-2' -to list should not be empty. [c:/Users/jielu/Desktop/Workspace/SpikeYOLO_FPGA/hw/vivado/out/spike_zybo.gen/sources_1/bd/system/ip/system_ic_ctrl_0/bd_0/ip/ip_13/bd_1315_rni_0_clocks.xdc:94]
WARNING: [Vivado_Tcl 4-921] Waiver ID 'CDC-2' -to list should not be empty. [c:/Users/jielu/Desktop/Workspace/SpikeYOLO_FPGA/hw/vivado/out/spike_zybo.gen/sources_1/bd/system/ip/system_ic_ctrl_0/bd_0/ip/ip_13/bd_1315_rni_0_clocks.xdc:97]
WARNING: [Vivado_Tcl 4-921] Waiver ID 'CDC-2' -to list should not be empty. [c:/Users/jielu/Desktop/Workspace/SpikeYOLO_FPGA/hw/vivado/out/spike_zybo.gen/sources_1/bd/system/ip/system_ic_ctrl_0/bd_0/ip/ip_13/bd_1315_rni_0_clocks.xdc:100]
WARNING: [Vivado_Tcl 4-921] Waiver ID 'CDC-1' -to list should not be empty. [c:/Users/jielu/Desktop/Workspace/SpikeYOLO_FPGA/hw/vivado/out/spike_zybo.gen/sources_1/bd/system/ip/system_ic_ctrl_0/bd_0/ip/ip_13/bd_1315_rni_0_clocks.xdc:104]
WARNING: [Vivado_Tcl 4-921] Waiver ID 'CDC-10' -to list should not be empty. [c:/Users/jielu/Desktop/Workspace/SpikeYOLO_FPGA/hw/vivado/out/spike_zybo.gen/sources_1/bd/system/ip/system_ic_ctrl_0/bd_0/ip/ip_13/bd_1315_rni_0_clocks.xdc:107]
WARNING: [Vivado_Tcl 4-921] Waiver ID 'CDC-10' -to list should not be empty. [c:/Users/jielu/Desktop/Workspace/SpikeYOLO_FPGA/hw/vivado/out/spike_zybo.gen/sources_1/bd/system/ip/system_ic_ctrl_0/bd_0/ip/ip_13/bd_1315_rni_0_clocks.xdc:110]
WARNING: [Vivado_Tcl 4-921] Waiver ID 'CDC-1' -to list should not be empty. [c:/Users/jielu/Desktop/Workspace/SpikeYOLO_FPGA/hw/vivado/out/spike_zybo.gen/sources_1/bd/system/ip/system_ic_ctrl_0/bd_0/ip/ip_13/bd_1315_rni_0_clocks.xdc:113]
WARNING: [Vivado_Tcl 4-921] Waiver ID 'CDC-1' -to list should not be empty. [c:/Users/jielu/Desktop/Workspace/SpikeYOLO_FPGA/hw/vivado/out/spike_zybo.gen/sources_1/bd/system/ip/system_ic_ctrl_0/bd_0/ip/ip_13/bd_1315_rni_0_clocks.xdc:116]
WARNING: [Vivado_Tcl 4-921] Waiver ID 'CDC-13' -to list should not be empty. [c:/Users/jielu/Desktop/Workspace/SpikeYOLO_FPGA/hw/vivado/out/spike_zybo.gen/sources_1/bd/system/ip/system_ic_ctrl_0/bd_0/ip/ip_13/bd_1315_rni_0_clocks.xdc:122]
WARNING: [Vivado_Tcl 4-921] Waiver ID 'CDC-1' -to list should not be empty. [c:/Users/jielu/Desktop/Workspace/SpikeYOLO_FPGA/hw/vivado/out/spike_zybo.gen/sources_1/bd/system/ip/system_ic_ctrl_0/bd_0/ip/ip_13/bd_1315_rni_0_clocks.xdc:125]
WARNING: [Vivado_Tcl 4-921] Waiver ID 'CDC-1' -to list should not be empty. [c:/Users/jielu/Desktop/Workspace/SpikeYOLO_FPGA/hw/vivado/out/spike_zybo.gen/sources_1/bd/system/ip/system_ic_ctrl_0/bd_0/ip/ip_13/bd_1315_rni_0_clocks.xdc:128]
WARNING: [Vivado_Tcl 4-921] Waiver ID 'CDC-13' -to list should not be empty. [c:/Users/jielu/Desktop/Workspace/SpikeYOLO_FPGA/hw/vivado/out/spike_zybo.gen/sources_1/bd/system/ip/system_ic_ctrl_0/bd_0/ip/ip_13/bd_1315_rni_0_clocks.xdc:131]
WARNING: [Vivado_Tcl 4-921] Waiver ID 'CDC-1' -to list should not be empty. [c:/Users/jielu/Desktop/Workspace/SpikeYOLO_FPGA/hw/vivado/out/spike_zybo.gen/sources_1/bd/system/ip/system_ic_ctrl_0/bd_0/ip/ip_13/bd_1315_rni_0_clocks.xdc:134]
WARNING: [Vivado_Tcl 4-921] Waiver ID 'CDC-10' -to list should not be empty. [c:/Users/jielu/Desktop/Workspace/SpikeYOLO_FPGA/hw/vivado/out/spike_zybo.gen/sources_1/bd/system/ip/system_ic_ctrl_0/bd_0/ip/ip_13/bd_1315_rni_0_clocks.xdc:137]
WARNING: [Vivado_Tcl 4-921] Waiver ID 'CDC-1' -to list should not be empty. [c:/Users/jielu/Desktop/Workspace/SpikeYOLO_FPGA/hw/vivado/out/spike_zybo.gen/sources_1/bd/system/ip/system_ic_ctrl_0/bd_0/ip/ip_13/bd_1315_rni_0_clocks.xdc:140]
WARNING: [Vivado_Tcl 4-921] Waiver ID 'CDC-1' -to list should not be empty. [c:/Users/jielu/Desktop/Workspace/SpikeYOLO_FPGA/hw/vivado/out/spike_zybo.gen/sources_1/bd/system/ip/system_ic_ctrl_0/bd_0/ip/ip_13/bd_1315_rni_0_clocks.xdc:143]
WARNING: [Vivado_Tcl 4-921] Waiver ID 'CDC-1' -to list should not be empty. [c:/Users/jielu/Desktop/Workspace/SpikeYOLO_FPGA/hw/vivado/out/spike_zybo.gen/sources_1/bd/system/ip/system_ic_ctrl_0/bd_0/ip/ip_13/bd_1315_rni_0_clocks.xdc:146]
WARNING: [Vivado_Tcl 4-921] Waiver ID 'CDC-2' -to list should not be empty. [c:/Users/jielu/Desktop/Workspace/SpikeYOLO_FPGA/hw/vivado/out/spike_zybo.gen/sources_1/bd/system/ip/system_ic_ctrl_0/bd_0/ip/ip_13/bd_1315_rni_0_clocks.xdc:149]
WARNING: [Vivado_Tcl 4-921] Waiver ID 'CDC-1' -to list should not be empty. [c:/Users/jielu/Desktop/Workspace/SpikeYOLO_FPGA/hw/vivado/out/spike_zybo.gen/sources_1/bd/system/ip/system_ic_ctrl_0/bd_0/ip/ip_13/bd_1315_rni_0_clocks.xdc:152]
WARNING: [Vivado_Tcl 4-921] Waiver ID 'CDC-1' -to list should not be empty. [c:/Users/jielu/Desktop/Workspace/SpikeYOLO_FPGA/hw/vivado/out/spike_zybo.gen/sources_1/bd/system/ip/system_ic_ctrl_0/bd_0/ip/ip_13/bd_1315_rni_0_clocks.xdc:155]
WARNING: [Vivado_Tcl 4-921] Waiver ID 'CDC-1' -to list should not be empty. [c:/Users/jielu/Desktop/Workspace/SpikeYOLO_FPGA/hw/vivado/out/spike_zybo.gen/sources_1/bd/system/ip/system_ic_ctrl_0/bd_0/ip/ip_13/bd_1315_rni_0_clocks.xdc:158]
WARNING: [Vivado_Tcl 4-921] Waiver ID 'CDC-10' -to list should not be empty. [c:/Users/jielu/Desktop/Workspace/SpikeYOLO_FPGA/hw/vivado/out/spike_zybo.gen/sources_1/bd/system/ip/system_ic_ctrl_0/bd_0/ip/ip_13/bd_1315_rni_0_clocks.xdc:161]
WARNING: [Vivado_Tcl 4-921] Waiver ID 'CDC-4' -to list should not be empty. [c:/Users/jielu/Desktop/Workspace/SpikeYOLO_FPGA/hw/vivado/out/spike_zybo.gen/sources_1/bd/system/ip/system_ic_ctrl_0/bd_0/ip/ip_13/bd_1315_rni_0_clocks.xdc:164]
WARNING: [Vivado_Tcl 4-921] Waiver ID 'CDC-4' -to list should not be empty. [c:/Users/jielu/Desktop/Workspace/SpikeYOLO_FPGA/hw/vivado/out/spike_zybo.gen/sources_1/bd/system/ip/system_ic_ctrl_0/bd_0/ip/ip_13/bd_1315_rni_0_clocks.xdc:167]
WARNING: [Vivado_Tcl 4-921] Waiver ID 'CDC-4' -to list should not be empty. [c:/Users/jielu/Desktop/Workspace/SpikeYOLO_FPGA/hw/vivado/out/spike_zybo.gen/sources_1/bd/system/ip/system_ic_ctrl_0/bd_0/ip/ip_13/bd_1315_rni_0_clocks.xdc:171]
WARNING: [Vivado_Tcl 4-921] Waiver ID 'CDC-4' -to list should not be empty. [c:/Users/jielu/Desktop/Workspace/SpikeYOLO_FPGA/hw/vivado/out/spike_zybo.gen/sources_1/bd/system/ip/system_ic_ctrl_0/bd_0/ip/ip_13/bd_1315_rni_0_clocks.xdc:174]
WARNING: [Vivado_Tcl 4-921] Waiver ID 'CDC-1' -to list should not be empty. [c:/Users/jielu/Desktop/Workspace/SpikeYOLO_FPGA/hw/vivado/out/spike_zybo.gen/sources_1/bd/system/ip/system_ic_ctrl_0/bd_0/ip/ip_13/bd_1315_rni_0_clocks.xdc:178]
WARNING: [Vivado_Tcl 4-935] Waiver ID 'CDC-1' is a duplicate and will not be added again. [c:/Users/jielu/Desktop/Workspace/SpikeYOLO_FPGA/hw/vivado/out/spike_zybo.gen/sources_1/bd/system/ip/system_ic_ctrl_0/bd_0/ip/ip_13/bd_1315_rni_0_clocks.xdc:181]
WARNING: [Vivado_Tcl 4-921] Waiver ID 'CDC-13' -to list should not be empty. [c:/Users/jielu/Desktop/Workspace/SpikeYOLO_FPGA/hw/vivado/out/spike_zybo.gen/sources_1/bd/system/ip/system_ic_ctrl_0/bd_0/ip/ip_13/bd_1315_rni_0_clocks.xdc:184]
Finished Parsing XDC File [c:/Users/jielu/Desktop/Workspace/SpikeYOLO_FPGA/hw/vivado/out/spike_zybo.gen/sources_1/bd/system/ip/system_ic_ctrl_0/bd_0/ip/ip_13/bd_1315_rni_0_clocks.xdc] for cell 'system_i/ic_ctrl/inst/switchboards/i_nodes/i_r_node/inst'
Parsing XDC File [c:/Users/jielu/Desktop/Workspace/SpikeYOLO_FPGA/hw/vivado/out/spike_zybo.gen/sources_1/bd/system/ip/system_ic_ctrl_0/bd_0/ip/ip_14/bd_1315_awni_0_clocks.xdc] for cell 'system_i/ic_ctrl/inst/switchboards/i_nodes/i_aw_node/inst'
WARNING: [Vivado_Tcl 4-921] Waiver ID 'CDC-1' -to list should not be empty. [c:/Users/jielu/Desktop/Workspace/SpikeYOLO_FPGA/hw/vivado/out/spike_zybo.gen/sources_1/bd/system/ip/system_ic_ctrl_0/bd_0/ip/ip_14/bd_1315_awni_0_clocks.xdc:49]
WARNING: [Vivado_Tcl 4-921] Waiver ID 'CDC-1' -to list should not be empty. [c:/Users/jielu/Desktop/Workspace/SpikeYOLO_FPGA/hw/vivado/out/spike_zybo.gen/sources_1/bd/system/ip/system_ic_ctrl_0/bd_0/ip/ip_14/bd_1315_awni_0_clocks.xdc:52]
WARNING: [Vivado_Tcl 4-921] Waiver ID 'CDC-1' -to list should not be empty. [c:/Users/jielu/Desktop/Workspace/SpikeYOLO_FPGA/hw/vivado/out/spike_zybo.gen/sources_1/bd/system/ip/system_ic_ctrl_0/bd_0/ip/ip_14/bd_1315_awni_0_clocks.xdc:55]
WARNING: [Vivado_Tcl 4-921] Waiver ID 'CDC-1' -to list should not be empty. [c:/Users/jielu/Desktop/Workspace/SpikeYOLO_FPGA/hw/vivado/out/spike_zybo.gen/sources_1/bd/system/ip/system_ic_ctrl_0/bd_0/ip/ip_14/bd_1315_awni_0_clocks.xdc:59]
WARNING: [Vivado_Tcl 4-921] Waiver ID 'CDC-1' -to list should not be empty. [c:/Users/jielu/Desktop/Workspace/SpikeYOLO_FPGA/hw/vivado/out/spike_zybo.gen/sources_1/bd/system/ip/system_ic_ctrl_0/bd_0/ip/ip_14/bd_1315_awni_0_clocks.xdc:66]
WARNING: [Vivado_Tcl 4-921] Waiver ID 'CDC-1' -to list should not be empty. [c:/Users/jielu/Desktop/Workspace/SpikeYOLO_FPGA/hw/vivado/out/spike_zybo.gen/sources_1/bd/system/ip/system_ic_ctrl_0/bd_0/ip/ip_14/bd_1315_awni_0_clocks.xdc:70]
WARNING: [Vivado_Tcl 4-921] Waiver ID 'CDC-1' -to list should not be empty. [c:/Users/jielu/Desktop/Workspace/SpikeYOLO_FPGA/hw/vivado/out/spike_zybo.gen/sources_1/bd/system/ip/system_ic_ctrl_0/bd_0/ip/ip_14/bd_1315_awni_0_clocks.xdc:82]
WARNING: [Vivado_Tcl 4-921] Waiver ID 'CDC-4' -to list should not be empty. [c:/Users/jielu/Desktop/Workspace/SpikeYOLO_FPGA/hw/vivado/out/spike_zybo.gen/sources_1/bd/system/ip/system_ic_ctrl_0/bd_0/ip/ip_14/bd_1315_awni_0_clocks.xdc:85]
WARNING: [Vivado_Tcl 4-921] Waiver ID 'CDC-4' -to list should not be empty. [c:/Users/jielu/Desktop/Workspace/SpikeYOLO_FPGA/hw/vivado/out/spike_zybo.gen/sources_1/bd/system/ip/system_ic_ctrl_0/bd_0/ip/ip_14/bd_1315_awni_0_clocks.xdc:88]
WARNING: [Vivado_Tcl 4-921] Waiver ID 'CDC-2' -to list should not be empty. [c:/Users/jielu/Desktop/Workspace/SpikeYOLO_FPGA/hw/vivado/out/spike_zybo.gen/sources_1/bd/system/ip/system_ic_ctrl_0/bd_0/ip/ip_14/bd_1315_awni_0_clocks.xdc:91]
WARNING: [Vivado_Tcl 4-921] Waiver ID 'CDC-2' -to list should not be empty. [c:/Users/jielu/Desktop/Workspace/SpikeYOLO_FPGA/hw/vivado/out/spike_zybo.gen/sources_1/bd/system/ip/system_ic_ctrl_0/bd_0/ip/ip_14/bd_1315_awni_0_clocks.xdc:94]
WARNING: [Vivado_Tcl 4-921] Waiver ID 'CDC-2' -to list should not be empty. [c:/Users/jielu/Desktop/Workspace/SpikeYOLO_FPGA/hw/vivado/out/spike_zybo.gen/sources_1/bd/system/ip/system_ic_ctrl_0/bd_0/ip/ip_14/bd_1315_awni_0_clocks.xdc:97]
WARNING: [Vivado_Tcl 4-921] Waiver ID 'CDC-2' -to list should not be empty. [c:/Users/jielu/Desktop/Workspace/SpikeYOLO_FPGA/hw/vivado/out/spike_zybo.gen/sources_1/bd/system/ip/system_ic_ctrl_0/bd_0/ip/ip_14/bd_1315_awni_0_clocks.xdc:100]
WARNING: [Vivado_Tcl 4-921] Waiver ID 'CDC-1' -to list should not be empty. [c:/Users/jielu/Desktop/Workspace/SpikeYOLO_FPGA/hw/vivado/out/spike_zybo.gen/sources_1/bd/system/ip/system_ic_ctrl_0/bd_0/ip/ip_14/bd_1315_awni_0_clocks.xdc:104]
WARNING: [Vivado_Tcl 4-921] Waiver ID 'CDC-10' -to list should not be empty. [c:/Users/jielu/Desktop/Workspace/SpikeYOLO_FPGA/hw/vivado/out/spike_zybo.gen/sources_1/bd/system/ip/system_ic_ctrl_0/bd_0/ip/ip_14/bd_1315_awni_0_clocks.xdc:107]
WARNING: [Vivado_Tcl 4-921] Waiver ID 'CDC-10' -to list should not be empty. [c:/Users/jielu/Desktop/Workspace/SpikeYOLO_FPGA/hw/vivado/out/spike_zybo.gen/sources_1/bd/system/ip/system_ic_ctrl_0/bd_0/ip/ip_14/bd_1315_awni_0_clocks.xdc:110]
WARNING: [Vivado_Tcl 4-921] Waiver ID 'CDC-1' -to list should not be empty. [c:/Users/jielu/Desktop/Workspace/SpikeYOLO_FPGA/hw/vivado/out/spike_zybo.gen/sources_1/bd/system/ip/system_ic_ctrl_0/bd_0/ip/ip_14/bd_1315_awni_0_clocks.xdc:113]
INFO: [Common 17-14] Message 'Vivado 12-180' appears 100 times and further instances of the messages will be disabled. Use the Tcl command set_msg_config to change the current settings. [c:/Users/jielu/Desktop/Workspace/SpikeYOLO_FPGA/hw/vivado/out/spike_zybo.gen/sources_1/bd/system/ip/system_ic_ctrl_0/bd_0/ip/ip_14/bd_1315_awni_0_clocks.xdc:116]
WARNING: [Vivado_Tcl 4-921] Waiver ID 'CDC-1' -to list should not be empty. [c:/Users/jielu/Desktop/Workspace/SpikeYOLO_FPGA/hw/vivado/out/spike_zybo.gen/sources_1/bd/system/ip/system_ic_ctrl_0/bd_0/ip/ip_14/bd_1315_awni_0_clocks.xdc:116]
WARNING: [Vivado_Tcl 4-921] Waiver ID 'CDC-13' -to list should not be empty. [c:/Users/jielu/Desktop/Workspace/SpikeYOLO_FPGA/hw/vivado/out/spike_zybo.gen/sources_1/bd/system/ip/system_ic_ctrl_0/bd_0/ip/ip_14/bd_1315_awni_0_clocks.xdc:122]
WARNING: [Vivado_Tcl 4-921] Waiver ID 'CDC-1' -to list should not be empty. [c:/Users/jielu/Desktop/Workspace/SpikeYOLO_FPGA/hw/vivado/out/spike_zybo.gen/sources_1/bd/system/ip/system_ic_ctrl_0/bd_0/ip/ip_14/bd_1315_awni_0_clocks.xdc:125]
WARNING: [Vivado_Tcl 4-921] Waiver ID 'CDC-1' -to list should not be empty. [c:/Users/jielu/Desktop/Workspace/SpikeYOLO_FPGA/hw/vivado/out/spike_zybo.gen/sources_1/bd/system/ip/system_ic_ctrl_0/bd_0/ip/ip_14/bd_1315_awni_0_clocks.xdc:128]
WARNING: [Vivado_Tcl 4-921] Waiver ID 'CDC-13' -to list should not be empty. [c:/Users/jielu/Desktop/Workspace/SpikeYOLO_FPGA/hw/vivado/out/spike_zybo.gen/sources_1/bd/system/ip/system_ic_ctrl_0/bd_0/ip/ip_14/bd_1315_awni_0_clocks.xdc:131]
INFO: [Common 17-14] Message 'Vivado_Tcl 4-921' appears 100 times and further instances of the messages will be disabled. Use the Tcl command set_msg_config to change the current settings. [c:/Users/jielu/Desktop/Workspace/SpikeYOLO_FPGA/hw/vivado/out/spike_zybo.gen/sources_1/bd/system/ip/system_ic_ctrl_0/bd_0/ip/ip_14/bd_1315_awni_0_clocks.xdc:131]
WARNING: [Vivado_Tcl 4-935] Waiver ID 'CDC-1' is a duplicate and will not be added again. [c:/Users/jielu/Desktop/Workspace/SpikeYOLO_FPGA/hw/vivado/out/spike_zybo.gen/sources_1/bd/system/ip/system_ic_ctrl_0/bd_0/ip/ip_14/bd_1315_awni_0_clocks.xdc:181]
Finished Parsing XDC File [c:/Users/jielu/Desktop/Workspace/SpikeYOLO_FPGA/hw/vivado/out/spike_zybo.gen/sources_1/bd/system/ip/system_ic_ctrl_0/bd_0/ip/ip_14/bd_1315_awni_0_clocks.xdc] for cell 'system_i/ic_ctrl/inst/switchboards/i_nodes/i_aw_node/inst'
Parsing XDC File [c:/Users/jielu/Desktop/Workspace/SpikeYOLO_FPGA/hw/vivado/out/spike_zybo.gen/sources_1/bd/system/ip/system_ic_ctrl_0/bd_0/ip/ip_15/bd_1315_wni_0_clocks.xdc] for cell 'system_i/ic_ctrl/inst/switchboards/i_nodes/i_w_node/inst'
WARNING: [Vivado_Tcl 4-935] Waiver ID 'CDC-1' is a duplicate and will not be added again. [c:/Users/jielu/Desktop/Workspace/SpikeYOLO_FPGA/hw/vivado/out/spike_zybo.gen/sources_1/bd/system/ip/system_ic_ctrl_0/bd_0/ip/ip_15/bd_1315_wni_0_clocks.xdc:181]
Finished Parsing XDC File [c:/Users/jielu/Desktop/Workspace/SpikeYOLO_FPGA/hw/vivado/out/spike_zybo.gen/sources_1/bd/system/ip/system_ic_ctrl_0/bd_0/ip/ip_15/bd_1315_wni_0_clocks.xdc] for cell 'system_i/ic_ctrl/inst/switchboards/i_nodes/i_w_node/inst'
Parsing XDC File [c:/Users/jielu/Desktop/Workspace/SpikeYOLO_FPGA/hw/vivado/out/spike_zybo.gen/sources_1/bd/system/ip/system_ic_ctrl_0/bd_0/ip/ip_16/bd_1315_bni_0_clocks.xdc] for cell 'system_i/ic_ctrl/inst/switchboards/i_nodes/i_b_node/inst'
WARNING: [Vivado_Tcl 4-935] Waiver ID 'CDC-1' is a duplicate and will not be added again. [c:/Users/jielu/Desktop/Workspace/SpikeYOLO_FPGA/hw/vivado/out/spike_zybo.gen/sources_1/bd/system/ip/system_ic_ctrl_0/bd_0/ip/ip_16/bd_1315_bni_0_clocks.xdc:181]
Finished Parsing XDC File [c:/Users/jielu/Desktop/Workspace/SpikeYOLO_FPGA/hw/vivado/out/spike_zybo.gen/sources_1/bd/system/ip/system_ic_ctrl_0/bd_0/ip/ip_16/bd_1315_bni_0_clocks.xdc] for cell 'system_i/ic_ctrl/inst/switchboards/i_nodes/i_b_node/inst'
Parsing XDC File [c:/Users/jielu/Desktop/Workspace/SpikeYOLO_FPGA/hw/vivado/out/spike_zybo.gen/sources_1/bd/system/ip/system_ic_ctrl_0/bd_0/ip/ip_21/bd_1315_sarn_0_clocks.xdc] for cell 'system_i/ic_ctrl/inst/s00_nodes/s00_ar_node/inst'
Finished Parsing XDC File [c:/Users/jielu/Desktop/Workspace/SpikeYOLO_FPGA/hw/vivado/out/spike_zybo.gen/sources_1/bd/system/ip/system_ic_ctrl_0/bd_0/ip/ip_21/bd_1315_sarn_0_clocks.xdc] for cell 'system_i/ic_ctrl/inst/s00_nodes/s00_ar_node/inst'
Parsing XDC File [c:/Users/jielu/Desktop/Workspace/SpikeYOLO_FPGA/hw/vivado/out/spike_zybo.gen/sources_1/bd/system/ip/system_ic_ctrl_0/bd_0/ip/ip_22/bd_1315_srn_0_clocks.xdc] for cell 'system_i/ic_ctrl/inst/s00_nodes/s00_r_node/inst'
Finished Parsing XDC File [c:/Users/jielu/Desktop/Workspace/SpikeYOLO_FPGA/hw/vivado/out/spike_zybo.gen/sources_1/bd/system/ip/system_ic_ctrl_0/bd_0/ip/ip_22/bd_1315_srn_0_clocks.xdc] for cell 'system_i/ic_ctrl/inst/s00_nodes/s00_r_node/inst'
Parsing XDC File [c:/Users/jielu/Desktop/Workspace/SpikeYOLO_FPGA/hw/vivado/out/spike_zybo.gen/sources_1/bd/system/ip/system_ic_ctrl_0/bd_0/ip/ip_23/bd_1315_sawn_0_clocks.xdc] for cell 'system_i/ic_ctrl/inst/s00_nodes/s00_aw_node/inst'
Finished Parsing XDC File [c:/Users/jielu/Desktop/Workspace/SpikeYOLO_FPGA/hw/vivado/out/spike_zybo.gen/sources_1/bd/system/ip/system_ic_ctrl_0/bd_0/ip/ip_23/bd_1315_sawn_0_clocks.xdc] for cell 'system_i/ic_ctrl/inst/s00_nodes/s00_aw_node/inst'
Parsing XDC File [c:/Users/jielu/Desktop/Workspace/SpikeYOLO_FPGA/hw/vivado/out/spike_zybo.gen/sources_1/bd/system/ip/system_ic_ctrl_0/bd_0/ip/ip_24/bd_1315_swn_0_clocks.xdc] for cell 'system_i/ic_ctrl/inst/s00_nodes/s00_w_node/inst'
Finished Parsing XDC File [c:/Users/jielu/Desktop/Workspace/SpikeYOLO_FPGA/hw/vivado/out/spike_zybo.gen/sources_1/bd/system/ip/system_ic_ctrl_0/bd_0/ip/ip_24/bd_1315_swn_0_clocks.xdc] for cell 'system_i/ic_ctrl/inst/s00_nodes/s00_w_node/inst'
Parsing XDC File [c:/Users/jielu/Desktop/Workspace/SpikeYOLO_FPGA/hw/vivado/out/spike_zybo.gen/sources_1/bd/system/ip/system_ic_ctrl_0/bd_0/ip/ip_25/bd_1315_sbn_0_clocks.xdc] for cell 'system_i/ic_ctrl/inst/s00_nodes/s00_b_node/inst'
Finished Parsing XDC File [c:/Users/jielu/Desktop/Workspace/SpikeYOLO_FPGA/hw/vivado/out/spike_zybo.gen/sources_1/bd/system/ip/system_ic_ctrl_0/bd_0/ip/ip_25/bd_1315_sbn_0_clocks.xdc] for cell 'system_i/ic_ctrl/inst/s00_nodes/s00_b_node/inst'
Parsing XDC File [c:/Users/jielu/Desktop/Workspace/SpikeYOLO_FPGA/hw/vivado/out/spike_zybo.gen/sources_1/bd/system/ip/system_ic_ctrl_0/bd_0/ip/ip_27/bd_1315_m00arn_0_clocks.xdc] for cell 'system_i/ic_ctrl/inst/m00_nodes/m00_ar_node/inst'
Finished Parsing XDC File [c:/Users/jielu/Desktop/Workspace/SpikeYOLO_FPGA/hw/vivado/out/spike_zybo.gen/sources_1/bd/system/ip/system_ic_ctrl_0/bd_0/ip/ip_27/bd_1315_m00arn_0_clocks.xdc] for cell 'system_i/ic_ctrl/inst/m00_nodes/m00_ar_node/inst'
Parsing XDC File [c:/Users/jielu/Desktop/Workspace/SpikeYOLO_FPGA/hw/vivado/out/spike_zybo.gen/sources_1/bd/system/ip/system_ic_ctrl_0/bd_0/ip/ip_28/bd_1315_m00rn_0_clocks.xdc] for cell 'system_i/ic_ctrl/inst/m00_nodes/m00_r_node/inst'
Finished Parsing XDC File [c:/Users/jielu/Desktop/Workspace/SpikeYOLO_FPGA/hw/vivado/out/spike_zybo.gen/sources_1/bd/system/ip/system_ic_ctrl_0/bd_0/ip/ip_28/bd_1315_m00rn_0_clocks.xdc] for cell 'system_i/ic_ctrl/inst/m00_nodes/m00_r_node/inst'
Parsing XDC File [c:/Users/jielu/Desktop/Workspace/SpikeYOLO_FPGA/hw/vivado/out/spike_zybo.gen/sources_1/bd/system/ip/system_ic_ctrl_0/bd_0/ip/ip_29/bd_1315_m00awn_0_clocks.xdc] for cell 'system_i/ic_ctrl/inst/m00_nodes/m00_aw_node/inst'
Finished Parsing XDC File [c:/Users/jielu/Desktop/Workspace/SpikeYOLO_FPGA/hw/vivado/out/spike_zybo.gen/sources_1/bd/system/ip/system_ic_ctrl_0/bd_0/ip/ip_29/bd_1315_m00awn_0_clocks.xdc] for cell 'system_i/ic_ctrl/inst/m00_nodes/m00_aw_node/inst'
Parsing XDC File [c:/Users/jielu/Desktop/Workspace/SpikeYOLO_FPGA/hw/vivado/out/spike_zybo.gen/sources_1/bd/system/ip/system_ic_ctrl_0/bd_0/ip/ip_30/bd_1315_m00wn_0_clocks.xdc] for cell 'system_i/ic_ctrl/inst/m00_nodes/m00_w_node/inst'
Finished Parsing XDC File [c:/Users/jielu/Desktop/Workspace/SpikeYOLO_FPGA/hw/vivado/out/spike_zybo.gen/sources_1/bd/system/ip/system_ic_ctrl_0/bd_0/ip/ip_30/bd_1315_m00wn_0_clocks.xdc] for cell 'system_i/ic_ctrl/inst/m00_nodes/m00_w_node/inst'
Parsing XDC File [c:/Users/jielu/Desktop/Workspace/SpikeYOLO_FPGA/hw/vivado/out/spike_zybo.gen/sources_1/bd/system/ip/system_ic_ctrl_0/bd_0/ip/ip_31/bd_1315_m00bn_0_clocks.xdc] for cell 'system_i/ic_ctrl/inst/m00_nodes/m00_b_node/inst'
Finished Parsing XDC File [c:/Users/jielu/Desktop/Workspace/SpikeYOLO_FPGA/hw/vivado/out/spike_zybo.gen/sources_1/bd/system/ip/system_ic_ctrl_0/bd_0/ip/ip_31/bd_1315_m00bn_0_clocks.xdc] for cell 'system_i/ic_ctrl/inst/m00_nodes/m00_b_node/inst'
Parsing XDC File [c:/Users/jielu/Desktop/Workspace/SpikeYOLO_FPGA/hw/vivado/out/spike_zybo.gen/sources_1/bd/system/ip/system_ic_ctrl_0/bd_0/ip/ip_34/bd_1315_m01arn_0_clocks.xdc] for cell 'system_i/ic_ctrl/inst/m01_nodes/m01_ar_node/inst'
Finished Parsing XDC File [c:/Users/jielu/Desktop/Workspace/SpikeYOLO_FPGA/hw/vivado/out/spike_zybo.gen/sources_1/bd/system/ip/system_ic_ctrl_0/bd_0/ip/ip_34/bd_1315_m01arn_0_clocks.xdc] for cell 'system_i/ic_ctrl/inst/m01_nodes/m01_ar_node/inst'
Parsing XDC File [c:/Users/jielu/Desktop/Workspace/SpikeYOLO_FPGA/hw/vivado/out/spike_zybo.gen/sources_1/bd/system/ip/system_ic_ctrl_0/bd_0/ip/ip_35/bd_1315_m01rn_0_clocks.xdc] for cell 'system_i/ic_ctrl/inst/m01_nodes/m01_r_node/inst'
Finished Parsing XDC File [c:/Users/jielu/Desktop/Workspace/SpikeYOLO_FPGA/hw/vivado/out/spike_zybo.gen/sources_1/bd/system/ip/system_ic_ctrl_0/bd_0/ip/ip_35/bd_1315_m01rn_0_clocks.xdc] for cell 'system_i/ic_ctrl/inst/m01_nodes/m01_r_node/inst'
Parsing XDC File [c:/Users/jielu/Desktop/Workspace/SpikeYOLO_FPGA/hw/vivado/out/spike_zybo.gen/sources_1/bd/system/ip/system_ic_ctrl_0/bd_0/ip/ip_36/bd_1315_m01awn_0_clocks.xdc] for cell 'system_i/ic_ctrl/inst/m01_nodes/m01_aw_node/inst'
Finished Parsing XDC File [c:/Users/jielu/Desktop/Workspace/SpikeYOLO_FPGA/hw/vivado/out/spike_zybo.gen/sources_1/bd/system/ip/system_ic_ctrl_0/bd_0/ip/ip_36/bd_1315_m01awn_0_clocks.xdc] for cell 'system_i/ic_ctrl/inst/m01_nodes/m01_aw_node/inst'
Parsing XDC File [c:/Users/jielu/Desktop/Workspace/SpikeYOLO_FPGA/hw/vivado/out/spike_zybo.gen/sources_1/bd/system/ip/system_ic_ctrl_0/bd_0/ip/ip_37/bd_1315_m01wn_0_clocks.xdc] for cell 'system_i/ic_ctrl/inst/m01_nodes/m01_w_node/inst'
Finished Parsing XDC File [c:/Users/jielu/Desktop/Workspace/SpikeYOLO_FPGA/hw/vivado/out/spike_zybo.gen/sources_1/bd/system/ip/system_ic_ctrl_0/bd_0/ip/ip_37/bd_1315_m01wn_0_clocks.xdc] for cell 'system_i/ic_ctrl/inst/m01_nodes/m01_w_node/inst'
Parsing XDC File [c:/Users/jielu/Desktop/Workspace/SpikeYOLO_FPGA/hw/vivado/out/spike_zybo.gen/sources_1/bd/system/ip/system_ic_ctrl_0/bd_0/ip/ip_38/bd_1315_m01bn_0_clocks.xdc] for cell 'system_i/ic_ctrl/inst/m01_nodes/m01_b_node/inst'
Finished Parsing XDC File [c:/Users/jielu/Desktop/Workspace/SpikeYOLO_FPGA/hw/vivado/out/spike_zybo.gen/sources_1/bd/system/ip/system_ic_ctrl_0/bd_0/ip/ip_38/bd_1315_m01bn_0_clocks.xdc] for cell 'system_i/ic_ctrl/inst/m01_nodes/m01_b_node/inst'
Parsing XDC File [c:/Users/jielu/Desktop/Workspace/SpikeYOLO_FPGA/hw/vivado/out/spike_zybo.gen/sources_1/bd/system/ip/system_ic_ctrl_0/smartconnect.xdc] for cell 'system_i/ic_ctrl/inst'
WARNING: [Vivado_Tcl 4-919] Waiver ID 'CDC-1' -from list should not be empty. [c:/Users/jielu/Desktop/Workspace/SpikeYOLO_FPGA/hw/vivado/out/spike_zybo.gen/sources_1/bd/system/ip/system_ic_ctrl_0/smartconnect.xdc:10]
Finished Parsing XDC File [c:/Users/jielu/Desktop/Workspace/SpikeYOLO_FPGA/hw/vivado/out/spike_zybo.gen/sources_1/bd/system/ip/system_ic_ctrl_0/smartconnect.xdc] for cell 'system_i/ic_ctrl/inst'
Parsing XDC File [c:/Users/jielu/Desktop/Workspace/SpikeYOLO_FPGA/hw/vivado/out/spike_zybo.gen/sources_1/bd/system/ip/system_ic_data_hp0_0/bd_0/ip/ip_1/bd_8fe8_psr_aclk_0_board.xdc] for cell 'system_i/ic_data_hp0/inst/clk_map/psr_aclk/U0'
Finished Parsing XDC File [c:/Users/jielu/Desktop/Workspace/SpikeYOLO_FPGA/hw/vivado/out/spike_zybo.gen/sources_1/bd/system/ip/system_ic_data_hp0_0/bd_0/ip/ip_1/bd_8fe8_psr_aclk_0_board.xdc] for cell 'system_i/ic_data_hp0/inst/clk_map/psr_aclk/U0'
Parsing XDC File [c:/Users/jielu/Desktop/Workspace/SpikeYOLO_FPGA/hw/vivado/out/spike_zybo.gen/sources_1/bd/system/ip/system_ic_data_hp0_0/bd_0/ip/ip_1/bd_8fe8_psr_aclk_0.xdc] for cell 'system_i/ic_data_hp0/inst/clk_map/psr_aclk/U0'
Finished Parsing XDC File [c:/Users/jielu/Desktop/Workspace/SpikeYOLO_FPGA/hw/vivado/out/spike_zybo.gen/sources_1/bd/system/ip/system_ic_data_hp0_0/bd_0/ip/ip_1/bd_8fe8_psr_aclk_0.xdc] for cell 'system_i/ic_data_hp0/inst/clk_map/psr_aclk/U0'
Parsing XDC File [c:/Users/jielu/Desktop/Workspace/SpikeYOLO_FPGA/hw/vivado/out/spike_zybo.gen/sources_1/bd/system/ip/system_ic_data_hp0_0/bd_0/ip/ip_11/bd_8fe8_sarn_0_clocks.xdc] for cell 'system_i/ic_data_hp0/inst/s00_nodes/s00_ar_node/inst'
Finished Parsing XDC File [c:/Users/jielu/Desktop/Workspace/SpikeYOLO_FPGA/hw/vivado/out/spike_zybo.gen/sources_1/bd/system/ip/system_ic_data_hp0_0/bd_0/ip/ip_11/bd_8fe8_sarn_0_clocks.xdc] for cell 'system_i/ic_data_hp0/inst/s00_nodes/s00_ar_node/inst'
Parsing XDC File [c:/Users/jielu/Desktop/Workspace/SpikeYOLO_FPGA/hw/vivado/out/spike_zybo.gen/sources_1/bd/system/ip/system_ic_data_hp0_0/bd_0/ip/ip_12/bd_8fe8_srn_0_clocks.xdc] for cell 'system_i/ic_data_hp0/inst/s00_nodes/s00_r_node/inst'
Finished Parsing XDC File [c:/Users/jielu/Desktop/Workspace/SpikeYOLO_FPGA/hw/vivado/out/spike_zybo.gen/sources_1/bd/system/ip/system_ic_data_hp0_0/bd_0/ip/ip_12/bd_8fe8_srn_0_clocks.xdc] for cell 'system_i/ic_data_hp0/inst/s00_nodes/s00_r_node/inst'
Parsing XDC File [c:/Users/jielu/Desktop/Workspace/SpikeYOLO_FPGA/hw/vivado/out/spike_zybo.gen/sources_1/bd/system/ip/system_ic_data_hp0_0/bd_0/ip/ip_17/bd_8fe8_sawn_0_clocks.xdc] for cell 'system_i/ic_data_hp0/inst/s01_nodes/s01_aw_node/inst'
Finished Parsing XDC File [c:/Users/jielu/Desktop/Workspace/SpikeYOLO_FPGA/hw/vivado/out/spike_zybo.gen/sources_1/bd/system/ip/system_ic_data_hp0_0/bd_0/ip/ip_17/bd_8fe8_sawn_0_clocks.xdc] for cell 'system_i/ic_data_hp0/inst/s01_nodes/s01_aw_node/inst'
Parsing XDC File [c:/Users/jielu/Desktop/Workspace/SpikeYOLO_FPGA/hw/vivado/out/spike_zybo.gen/sources_1/bd/system/ip/system_ic_data_hp0_0/bd_0/ip/ip_18/bd_8fe8_swn_0_clocks.xdc] for cell 'system_i/ic_data_hp0/inst/s01_nodes/s01_w_node/inst'
Finished Parsing XDC File [c:/Users/jielu/Desktop/Workspace/SpikeYOLO_FPGA/hw/vivado/out/spike_zybo.gen/sources_1/bd/system/ip/system_ic_data_hp0_0/bd_0/ip/ip_18/bd_8fe8_swn_0_clocks.xdc] for cell 'system_i/ic_data_hp0/inst/s01_nodes/s01_w_node/inst'
Parsing XDC File [c:/Users/jielu/Desktop/Workspace/SpikeYOLO_FPGA/hw/vivado/out/spike_zybo.gen/sources_1/bd/system/ip/system_ic_data_hp0_0/bd_0/ip/ip_19/bd_8fe8_sbn_0_clocks.xdc] for cell 'system_i/ic_data_hp0/inst/s01_nodes/s01_b_node/inst'
Finished Parsing XDC File [c:/Users/jielu/Desktop/Workspace/SpikeYOLO_FPGA/hw/vivado/out/spike_zybo.gen/sources_1/bd/system/ip/system_ic_data_hp0_0/bd_0/ip/ip_19/bd_8fe8_sbn_0_clocks.xdc] for cell 'system_i/ic_data_hp0/inst/s01_nodes/s01_b_node/inst'
Parsing XDC File [c:/Users/jielu/Desktop/Workspace/SpikeYOLO_FPGA/hw/vivado/out/spike_zybo.gen/sources_1/bd/system/ip/system_ic_data_hp0_0/bd_0/ip/ip_24/bd_8fe8_sarn_1_clocks.xdc] for cell 'system_i/ic_data_hp0/inst/s02_nodes/s02_ar_node/inst'
Finished Parsing XDC File [c:/Users/jielu/Desktop/Workspace/SpikeYOLO_FPGA/hw/vivado/out/spike_zybo.gen/sources_1/bd/system/ip/system_ic_data_hp0_0/bd_0/ip/ip_24/bd_8fe8_sarn_1_clocks.xdc] for cell 'system_i/ic_data_hp0/inst/s02_nodes/s02_ar_node/inst'
Parsing XDC File [c:/Users/jielu/Desktop/Workspace/SpikeYOLO_FPGA/hw/vivado/out/spike_zybo.gen/sources_1/bd/system/ip/system_ic_data_hp0_0/bd_0/ip/ip_25/bd_8fe8_srn_1_clocks.xdc] for cell 'system_i/ic_data_hp0/inst/s02_nodes/s02_r_node/inst'
Finished Parsing XDC File [c:/Users/jielu/Desktop/Workspace/SpikeYOLO_FPGA/hw/vivado/out/spike_zybo.gen/sources_1/bd/system/ip/system_ic_data_hp0_0/bd_0/ip/ip_25/bd_8fe8_srn_1_clocks.xdc] for cell 'system_i/ic_data_hp0/inst/s02_nodes/s02_r_node/inst'
Parsing XDC File [c:/Users/jielu/Desktop/Workspace/SpikeYOLO_FPGA/hw/vivado/out/spike_zybo.gen/sources_1/bd/system/ip/system_ic_data_hp0_0/bd_0/ip/ip_30/bd_8fe8_sarn_2_clocks.xdc] for cell 'system_i/ic_data_hp0/inst/s03_nodes/s03_ar_node/inst'
Finished Parsing XDC File [c:/Users/jielu/Desktop/Workspace/SpikeYOLO_FPGA/hw/vivado/out/spike_zybo.gen/sources_1/bd/system/ip/system_ic_data_hp0_0/bd_0/ip/ip_30/bd_8fe8_sarn_2_clocks.xdc] for cell 'system_i/ic_data_hp0/inst/s03_nodes/s03_ar_node/inst'
Parsing XDC File [c:/Users/jielu/Desktop/Workspace/SpikeYOLO_FPGA/hw/vivado/out/spike_zybo.gen/sources_1/bd/system/ip/system_ic_data_hp0_0/bd_0/ip/ip_31/bd_8fe8_srn_2_clocks.xdc] for cell 'system_i/ic_data_hp0/inst/s03_nodes/s03_r_node/inst'
Finished Parsing XDC File [c:/Users/jielu/Desktop/Workspace/SpikeYOLO_FPGA/hw/vivado/out/spike_zybo.gen/sources_1/bd/system/ip/system_ic_data_hp0_0/bd_0/ip/ip_31/bd_8fe8_srn_2_clocks.xdc] for cell 'system_i/ic_data_hp0/inst/s03_nodes/s03_r_node/inst'
Parsing XDC File [c:/Users/jielu/Desktop/Workspace/SpikeYOLO_FPGA/hw/vivado/out/spike_zybo.gen/sources_1/bd/system/ip/system_ic_data_hp0_0/bd_0/ip/ip_32/bd_8fe8_sawn_1_clocks.xdc] for cell 'system_i/ic_data_hp0/inst/s03_nodes/s03_aw_node/inst'
Finished Parsing XDC File [c:/Users/jielu/Desktop/Workspace/SpikeYOLO_FPGA/hw/vivado/out/spike_zybo.gen/sources_1/bd/system/ip/system_ic_data_hp0_0/bd_0/ip/ip_32/bd_8fe8_sawn_1_clocks.xdc] for cell 'system_i/ic_data_hp0/inst/s03_nodes/s03_aw_node/inst'
Parsing XDC File [c:/Users/jielu/Desktop/Workspace/SpikeYOLO_FPGA/hw/vivado/out/spike_zybo.gen/sources_1/bd/system/ip/system_ic_data_hp0_0/bd_0/ip/ip_33/bd_8fe8_swn_1_clocks.xdc] for cell 'system_i/ic_data_hp0/inst/s03_nodes/s03_w_node/inst'
Finished Parsing XDC File [c:/Users/jielu/Desktop/Workspace/SpikeYOLO_FPGA/hw/vivado/out/spike_zybo.gen/sources_1/bd/system/ip/system_ic_data_hp0_0/bd_0/ip/ip_33/bd_8fe8_swn_1_clocks.xdc] for cell 'system_i/ic_data_hp0/inst/s03_nodes/s03_w_node/inst'
Parsing XDC File [c:/Users/jielu/Desktop/Workspace/SpikeYOLO_FPGA/hw/vivado/out/spike_zybo.gen/sources_1/bd/system/ip/system_ic_data_hp0_0/bd_0/ip/ip_34/bd_8fe8_sbn_1_clocks.xdc] for cell 'system_i/ic_data_hp0/inst/s03_nodes/s03_b_node/inst'
Finished Parsing XDC File [c:/Users/jielu/Desktop/Workspace/SpikeYOLO_FPGA/hw/vivado/out/spike_zybo.gen/sources_1/bd/system/ip/system_ic_data_hp0_0/bd_0/ip/ip_34/bd_8fe8_sbn_1_clocks.xdc] for cell 'system_i/ic_data_hp0/inst/s03_nodes/s03_b_node/inst'
Parsing XDC File [c:/Users/jielu/Desktop/Workspace/SpikeYOLO_FPGA/hw/vivado/out/spike_zybo.gen/sources_1/bd/system/ip/system_ic_data_hp0_0/bd_0/ip/ip_39/bd_8fe8_sarn_3_clocks.xdc] for cell 'system_i/ic_data_hp0/inst/s04_nodes/s04_ar_node/inst'
Finished Parsing XDC File [c:/Users/jielu/Desktop/Workspace/SpikeYOLO_FPGA/hw/vivado/out/spike_zybo.gen/sources_1/bd/system/ip/system_ic_data_hp0_0/bd_0/ip/ip_39/bd_8fe8_sarn_3_clocks.xdc] for cell 'system_i/ic_data_hp0/inst/s04_nodes/s04_ar_node/inst'
Parsing XDC File [c:/Users/jielu/Desktop/Workspace/SpikeYOLO_FPGA/hw/vivado/out/spike_zybo.gen/sources_1/bd/system/ip/system_ic_data_hp0_0/bd_0/ip/ip_40/bd_8fe8_srn_3_clocks.xdc] for cell 'system_i/ic_data_hp0/inst/s04_nodes/s04_r_node/inst'
Finished Parsing XDC File [c:/Users/jielu/Desktop/Workspace/SpikeYOLO_FPGA/hw/vivado/out/spike_zybo.gen/sources_1/bd/system/ip/system_ic_data_hp0_0/bd_0/ip/ip_40/bd_8fe8_srn_3_clocks.xdc] for cell 'system_i/ic_data_hp0/inst/s04_nodes/s04_r_node/inst'
Parsing XDC File [c:/Users/jielu/Desktop/Workspace/SpikeYOLO_FPGA/hw/vivado/out/spike_zybo.gen/sources_1/bd/system/ip/system_ic_data_hp0_0/bd_0/ip/ip_41/bd_8fe8_sawn_2_clocks.xdc] for cell 'system_i/ic_data_hp0/inst/s04_nodes/s04_aw_node/inst'
Finished Parsing XDC File [c:/Users/jielu/Desktop/Workspace/SpikeYOLO_FPGA/hw/vivado/out/spike_zybo.gen/sources_1/bd/system/ip/system_ic_data_hp0_0/bd_0/ip/ip_41/bd_8fe8_sawn_2_clocks.xdc] for cell 'system_i/ic_data_hp0/inst/s04_nodes/s04_aw_node/inst'
Parsing XDC File [c:/Users/jielu/Desktop/Workspace/SpikeYOLO_FPGA/hw/vivado/out/spike_zybo.gen/sources_1/bd/system/ip/system_ic_data_hp0_0/bd_0/ip/ip_42/bd_8fe8_swn_2_clocks.xdc] for cell 'system_i/ic_data_hp0/inst/s04_nodes/s04_w_node/inst'
Finished Parsing XDC File [c:/Users/jielu/Desktop/Workspace/SpikeYOLO_FPGA/hw/vivado/out/spike_zybo.gen/sources_1/bd/system/ip/system_ic_data_hp0_0/bd_0/ip/ip_42/bd_8fe8_swn_2_clocks.xdc] for cell 'system_i/ic_data_hp0/inst/s04_nodes/s04_w_node/inst'
Parsing XDC File [c:/Users/jielu/Desktop/Workspace/SpikeYOLO_FPGA/hw/vivado/out/spike_zybo.gen/sources_1/bd/system/ip/system_ic_data_hp0_0/bd_0/ip/ip_43/bd_8fe8_sbn_2_clocks.xdc] for cell 'system_i/ic_data_hp0/inst/s04_nodes/s04_b_node/inst'
Finished Parsing XDC File [c:/Users/jielu/Desktop/Workspace/SpikeYOLO_FPGA/hw/vivado/out/spike_zybo.gen/sources_1/bd/system/ip/system_ic_data_hp0_0/bd_0/ip/ip_43/bd_8fe8_sbn_2_clocks.xdc] for cell 'system_i/ic_data_hp0/inst/s04_nodes/s04_b_node/inst'
Parsing XDC File [c:/Users/jielu/Desktop/Workspace/SpikeYOLO_FPGA/hw/vivado/out/spike_zybo.gen/sources_1/bd/system/ip/system_ic_data_hp0_0/bd_0/ip/ip_45/bd_8fe8_m00arn_0_clocks.xdc] for cell 'system_i/ic_data_hp0/inst/m00_nodes/m00_ar_node/inst'
Finished Parsing XDC File [c:/Users/jielu/Desktop/Workspace/SpikeYOLO_FPGA/hw/vivado/out/spike_zybo.gen/sources_1/bd/system/ip/system_ic_data_hp0_0/bd_0/ip/ip_45/bd_8fe8_m00arn_0_clocks.xdc] for cell 'system_i/ic_data_hp0/inst/m00_nodes/m00_ar_node/inst'
Parsing XDC File [c:/Users/jielu/Desktop/Workspace/SpikeYOLO_FPGA/hw/vivado/out/spike_zybo.gen/sources_1/bd/system/ip/system_ic_data_hp0_0/bd_0/ip/ip_46/bd_8fe8_m00rn_0_clocks.xdc] for cell 'system_i/ic_data_hp0/inst/m00_nodes/m00_r_node/inst'
Finished Parsing XDC File [c:/Users/jielu/Desktop/Workspace/SpikeYOLO_FPGA/hw/vivado/out/spike_zybo.gen/sources_1/bd/system/ip/system_ic_data_hp0_0/bd_0/ip/ip_46/bd_8fe8_m00rn_0_clocks.xdc] for cell 'system_i/ic_data_hp0/inst/m00_nodes/m00_r_node/inst'
Parsing XDC File [c:/Users/jielu/Desktop/Workspace/SpikeYOLO_FPGA/hw/vivado/out/spike_zybo.gen/sources_1/bd/system/ip/system_ic_data_hp0_0/bd_0/ip/ip_47/bd_8fe8_m00awn_0_clocks.xdc] for cell 'system_i/ic_data_hp0/inst/m00_nodes/m00_aw_node/inst'
Finished Parsing XDC File [c:/Users/jielu/Desktop/Workspace/SpikeYOLO_FPGA/hw/vivado/out/spike_zybo.gen/sources_1/bd/system/ip/system_ic_data_hp0_0/bd_0/ip/ip_47/bd_8fe8_m00awn_0_clocks.xdc] for cell 'system_i/ic_data_hp0/inst/m00_nodes/m00_aw_node/inst'
Parsing XDC File [c:/Users/jielu/Desktop/Workspace/SpikeYOLO_FPGA/hw/vivado/out/spike_zybo.gen/sources_1/bd/system/ip/system_ic_data_hp0_0/bd_0/ip/ip_48/bd_8fe8_m00wn_0_clocks.xdc] for cell 'system_i/ic_data_hp0/inst/m00_nodes/m00_w_node/inst'
Finished Parsing XDC File [c:/Users/jielu/Desktop/Workspace/SpikeYOLO_FPGA/hw/vivado/out/spike_zybo.gen/sources_1/bd/system/ip/system_ic_data_hp0_0/bd_0/ip/ip_48/bd_8fe8_m00wn_0_clocks.xdc] for cell 'system_i/ic_data_hp0/inst/m00_nodes/m00_w_node/inst'
Parsing XDC File [c:/Users/jielu/Desktop/Workspace/SpikeYOLO_FPGA/hw/vivado/out/spike_zybo.gen/sources_1/bd/system/ip/system_ic_data_hp0_0/bd_0/ip/ip_49/bd_8fe8_m00bn_0_clocks.xdc] for cell 'system_i/ic_data_hp0/inst/m00_nodes/m00_b_node/inst'
Finished Parsing XDC File [c:/Users/jielu/Desktop/Workspace/SpikeYOLO_FPGA/hw/vivado/out/spike_zybo.gen/sources_1/bd/system/ip/system_ic_data_hp0_0/bd_0/ip/ip_49/bd_8fe8_m00bn_0_clocks.xdc] for cell 'system_i/ic_data_hp0/inst/m00_nodes/m00_b_node/inst'
Parsing XDC File [c:/Users/jielu/Desktop/Workspace/SpikeYOLO_FPGA/hw/vivado/out/spike_zybo.gen/sources_1/bd/system/ip/system_ic_data_hp0_0/smartconnect.xdc] for cell 'system_i/ic_data_hp0/inst'
WARNING: [Vivado_Tcl 4-919] Waiver ID 'CDC-1' -from list should not be empty. [c:/Users/jielu/Desktop/Workspace/SpikeYOLO_FPGA/hw/vivado/out/spike_zybo.gen/sources_1/bd/system/ip/system_ic_data_hp0_0/smartconnect.xdc:1]
Finished Parsing XDC File [c:/Users/jielu/Desktop/Workspace/SpikeYOLO_FPGA/hw/vivado/out/spike_zybo.gen/sources_1/bd/system/ip/system_ic_data_hp0_0/smartconnect.xdc] for cell 'system_i/ic_data_hp0/inst'
Parsing XDC File [c:/Users/jielu/Desktop/Workspace/SpikeYOLO_FPGA/hw/vivado/out/spike_zybo.gen/sources_1/bd/system/ip/system_ic_data_hp1_0/bd_0/ip/ip_1/bd_4fb9_psr_aclk_0_board.xdc] for cell 'system_i/ic_data_hp1/inst/clk_map/psr_aclk/U0'
Finished Parsing XDC File [c:/Users/jielu/Desktop/Workspace/SpikeYOLO_FPGA/hw/vivado/out/spike_zybo.gen/sources_1/bd/system/ip/system_ic_data_hp1_0/bd_0/ip/ip_1/bd_4fb9_psr_aclk_0_board.xdc] for cell 'system_i/ic_data_hp1/inst/clk_map/psr_aclk/U0'
Parsing XDC File [c:/Users/jielu/Desktop/Workspace/SpikeYOLO_FPGA/hw/vivado/out/spike_zybo.gen/sources_1/bd/system/ip/system_ic_data_hp1_0/bd_0/ip/ip_1/bd_4fb9_psr_aclk_0.xdc] for cell 'system_i/ic_data_hp1/inst/clk_map/psr_aclk/U0'
Finished Parsing XDC File [c:/Users/jielu/Desktop/Workspace/SpikeYOLO_FPGA/hw/vivado/out/spike_zybo.gen/sources_1/bd/system/ip/system_ic_data_hp1_0/bd_0/ip/ip_1/bd_4fb9_psr_aclk_0.xdc] for cell 'system_i/ic_data_hp1/inst/clk_map/psr_aclk/U0'
Parsing XDC File [c:/Users/jielu/Desktop/Workspace/SpikeYOLO_FPGA/hw/vivado/out/spike_zybo.gen/sources_1/bd/system/ip/system_ic_data_hp1_0/bd_0/ip/ip_11/bd_4fb9_sarn_0_clocks.xdc] for cell 'system_i/ic_data_hp1/inst/s00_nodes/s00_ar_node/inst'
Finished Parsing XDC File [c:/Users/jielu/Desktop/Workspace/SpikeYOLO_FPGA/hw/vivado/out/spike_zybo.gen/sources_1/bd/system/ip/system_ic_data_hp1_0/bd_0/ip/ip_11/bd_4fb9_sarn_0_clocks.xdc] for cell 'system_i/ic_data_hp1/inst/s00_nodes/s00_ar_node/inst'
Parsing XDC File [c:/Users/jielu/Desktop/Workspace/SpikeYOLO_FPGA/hw/vivado/out/spike_zybo.gen/sources_1/bd/system/ip/system_ic_data_hp1_0/bd_0/ip/ip_12/bd_4fb9_srn_0_clocks.xdc] for cell 'system_i/ic_data_hp1/inst/s00_nodes/s00_r_node/inst'
Finished Parsing XDC File [c:/Users/jielu/Desktop/Workspace/SpikeYOLO_FPGA/hw/vivado/out/spike_zybo.gen/sources_1/bd/system/ip/system_ic_data_hp1_0/bd_0/ip/ip_12/bd_4fb9_srn_0_clocks.xdc] for cell 'system_i/ic_data_hp1/inst/s00_nodes/s00_r_node/inst'
Parsing XDC File [c:/Users/jielu/Desktop/Workspace/SpikeYOLO_FPGA/hw/vivado/out/spike_zybo.gen/sources_1/bd/system/ip/system_ic_data_hp1_0/bd_0/ip/ip_17/bd_4fb9_sawn_0_clocks.xdc] for cell 'system_i/ic_data_hp1/inst/s01_nodes/s01_aw_node/inst'
Finished Parsing XDC File [c:/Users/jielu/Desktop/Workspace/SpikeYOLO_FPGA/hw/vivado/out/spike_zybo.gen/sources_1/bd/system/ip/system_ic_data_hp1_0/bd_0/ip/ip_17/bd_4fb9_sawn_0_clocks.xdc] for cell 'system_i/ic_data_hp1/inst/s01_nodes/s01_aw_node/inst'
Parsing XDC File [c:/Users/jielu/Desktop/Workspace/SpikeYOLO_FPGA/hw/vivado/out/spike_zybo.gen/sources_1/bd/system/ip/system_ic_data_hp1_0/bd_0/ip/ip_18/bd_4fb9_swn_0_clocks.xdc] for cell 'system_i/ic_data_hp1/inst/s01_nodes/s01_w_node/inst'
Finished Parsing XDC File [c:/Users/jielu/Desktop/Workspace/SpikeYOLO_FPGA/hw/vivado/out/spike_zybo.gen/sources_1/bd/system/ip/system_ic_data_hp1_0/bd_0/ip/ip_18/bd_4fb9_swn_0_clocks.xdc] for cell 'system_i/ic_data_hp1/inst/s01_nodes/s01_w_node/inst'
Parsing XDC File [c:/Users/jielu/Desktop/Workspace/SpikeYOLO_FPGA/hw/vivado/out/spike_zybo.gen/sources_1/bd/system/ip/system_ic_data_hp1_0/bd_0/ip/ip_19/bd_4fb9_sbn_0_clocks.xdc] for cell 'system_i/ic_data_hp1/inst/s01_nodes/s01_b_node/inst'
Finished Parsing XDC File [c:/Users/jielu/Desktop/Workspace/SpikeYOLO_FPGA/hw/vivado/out/spike_zybo.gen/sources_1/bd/system/ip/system_ic_data_hp1_0/bd_0/ip/ip_19/bd_4fb9_sbn_0_clocks.xdc] for cell 'system_i/ic_data_hp1/inst/s01_nodes/s01_b_node/inst'
Parsing XDC File [c:/Users/jielu/Desktop/Workspace/SpikeYOLO_FPGA/hw/vivado/out/spike_zybo.gen/sources_1/bd/system/ip/system_ic_data_hp1_0/bd_0/ip/ip_21/bd_4fb9_m00arn_0_clocks.xdc] for cell 'system_i/ic_data_hp1/inst/m00_nodes/m00_ar_node/inst'
Finished Parsing XDC File [c:/Users/jielu/Desktop/Workspace/SpikeYOLO_FPGA/hw/vivado/out/spike_zybo.gen/sources_1/bd/system/ip/system_ic_data_hp1_0/bd_0/ip/ip_21/bd_4fb9_m00arn_0_clocks.xdc] for cell 'system_i/ic_data_hp1/inst/m00_nodes/m00_ar_node/inst'
Parsing XDC File [c:/Users/jielu/Desktop/Workspace/SpikeYOLO_FPGA/hw/vivado/out/spike_zybo.gen/sources_1/bd/system/ip/system_ic_data_hp1_0/bd_0/ip/ip_22/bd_4fb9_m00rn_0_clocks.xdc] for cell 'system_i/ic_data_hp1/inst/m00_nodes/m00_r_node/inst'
Finished Parsing XDC File [c:/Users/jielu/Desktop/Workspace/SpikeYOLO_FPGA/hw/vivado/out/spike_zybo.gen/sources_1/bd/system/ip/system_ic_data_hp1_0/bd_0/ip/ip_22/bd_4fb9_m00rn_0_clocks.xdc] for cell 'system_i/ic_data_hp1/inst/m00_nodes/m00_r_node/inst'
Parsing XDC File [c:/Users/jielu/Desktop/Workspace/SpikeYOLO_FPGA/hw/vivado/out/spike_zybo.gen/sources_1/bd/system/ip/system_ic_data_hp1_0/bd_0/ip/ip_23/bd_4fb9_m00awn_0_clocks.xdc] for cell 'system_i/ic_data_hp1/inst/m00_nodes/m00_aw_node/inst'
Finished Parsing XDC File [c:/Users/jielu/Desktop/Workspace/SpikeYOLO_FPGA/hw/vivado/out/spike_zybo.gen/sources_1/bd/system/ip/system_ic_data_hp1_0/bd_0/ip/ip_23/bd_4fb9_m00awn_0_clocks.xdc] for cell 'system_i/ic_data_hp1/inst/m00_nodes/m00_aw_node/inst'
Parsing XDC File [c:/Users/jielu/Desktop/Workspace/SpikeYOLO_FPGA/hw/vivado/out/spike_zybo.gen/sources_1/bd/system/ip/system_ic_data_hp1_0/bd_0/ip/ip_24/bd_4fb9_m00wn_0_clocks.xdc] for cell 'system_i/ic_data_hp1/inst/m00_nodes/m00_w_node/inst'
Finished Parsing XDC File [c:/Users/jielu/Desktop/Workspace/SpikeYOLO_FPGA/hw/vivado/out/spike_zybo.gen/sources_1/bd/system/ip/system_ic_data_hp1_0/bd_0/ip/ip_24/bd_4fb9_m00wn_0_clocks.xdc] for cell 'system_i/ic_data_hp1/inst/m00_nodes/m00_w_node/inst'
Parsing XDC File [c:/Users/jielu/Desktop/Workspace/SpikeYOLO_FPGA/hw/vivado/out/spike_zybo.gen/sources_1/bd/system/ip/system_ic_data_hp1_0/bd_0/ip/ip_25/bd_4fb9_m00bn_0_clocks.xdc] for cell 'system_i/ic_data_hp1/inst/m00_nodes/m00_b_node/inst'
Finished Parsing XDC File [c:/Users/jielu/Desktop/Workspace/SpikeYOLO_FPGA/hw/vivado/out/spike_zybo.gen/sources_1/bd/system/ip/system_ic_data_hp1_0/bd_0/ip/ip_25/bd_4fb9_m00bn_0_clocks.xdc] for cell 'system_i/ic_data_hp1/inst/m00_nodes/m00_b_node/inst'
Parsing XDC File [c:/Users/jielu/Desktop/Workspace/SpikeYOLO_FPGA/hw/vivado/out/spike_zybo.gen/sources_1/bd/system/ip/system_ic_data_hp1_0/smartconnect.xdc] for cell 'system_i/ic_data_hp1/inst'
WARNING: [Vivado_Tcl 4-919] Waiver ID 'CDC-1' -from list should not be empty. [c:/Users/jielu/Desktop/Workspace/SpikeYOLO_FPGA/hw/vivado/out/spike_zybo.gen/sources_1/bd/system/ip/system_ic_data_hp1_0/smartconnect.xdc:1]
Finished Parsing XDC File [c:/Users/jielu/Desktop/Workspace/SpikeYOLO_FPGA/hw/vivado/out/spike_zybo.gen/sources_1/bd/system/ip/system_ic_data_hp1_0/smartconnect.xdc] for cell 'system_i/ic_data_hp1/inst'
Parsing XDC File [c:/Users/jielu/Desktop/Workspace/SpikeYOLO_FPGA/hw/vivado/out/spike_zybo.gen/sources_1/bd/system/ip/system_rst_clk0_0/system_rst_clk0_0_board.xdc] for cell 'system_i/rst_clk0/U0'
Finished Parsing XDC File [c:/Users/jielu/Desktop/Workspace/SpikeYOLO_FPGA/hw/vivado/out/spike_zybo.gen/sources_1/bd/system/ip/system_rst_clk0_0/system_rst_clk0_0_board.xdc] for cell 'system_i/rst_clk0/U0'
Parsing XDC File [c:/Users/jielu/Desktop/Workspace/SpikeYOLO_FPGA/hw/vivado/out/spike_zybo.gen/sources_1/bd/system/ip/system_rst_clk0_0/system_rst_clk0_0.xdc] for cell 'system_i/rst_clk0/U0'
Finished Parsing XDC File [c:/Users/jielu/Desktop/Workspace/SpikeYOLO_FPGA/hw/vivado/out/spike_zybo.gen/sources_1/bd/system/ip/system_rst_clk0_0/system_rst_clk0_0.xdc] for cell 'system_i/rst_clk0/U0'
Parsing XDC File [c:/Users/jielu/Desktop/Workspace/SpikeYOLO_FPGA/hw/vivado/out/spike_zybo.gen/sources_1/bd/system/ip/system_rst_clk1_0/system_rst_clk1_0_board.xdc] for cell 'system_i/rst_clk1/U0'
Finished Parsing XDC File [c:/Users/jielu/Desktop/Workspace/SpikeYOLO_FPGA/hw/vivado/out/spike_zybo.gen/sources_1/bd/system/ip/system_rst_clk1_0/system_rst_clk1_0_board.xdc] for cell 'system_i/rst_clk1/U0'
Parsing XDC File [c:/Users/jielu/Desktop/Workspace/SpikeYOLO_FPGA/hw/vivado/out/spike_zybo.gen/sources_1/bd/system/ip/system_rst_clk1_0/system_rst_clk1_0.xdc] for cell 'system_i/rst_clk1/U0'
Finished Parsing XDC File [c:/Users/jielu/Desktop/Workspace/SpikeYOLO_FPGA/hw/vivado/out/spike_zybo.gen/sources_1/bd/system/ip/system_rst_clk1_0/system_rst_clk1_0.xdc] for cell 'system_i/rst_clk1/U0'
Parsing XDC File [C:/Users/jielu/Desktop/Workspace/SpikeYOLO_FPGA/hw/vivado/constraints/zybo_z7_20.xdc]
WARNING: [Vivado 12-584] No ports matched 'sys_clk'. [C:/Users/jielu/Desktop/Workspace/SpikeYOLO_FPGA/hw/vivado/constraints/zybo_z7_20.xdc:11]
CRITICAL WARNING: [Common 17-55] 'set_property' expects at least one object. [C:/Users/jielu/Desktop/Workspace/SpikeYOLO_FPGA/hw/vivado/constraints/zybo_z7_20.xdc:11]
Resolution: If [get_<value>] was used to populate the object, check to make sure this command returns at least one valid object.
WARNING: [Vivado 12-584] No ports matched 'sys_clk'. [C:/Users/jielu/Desktop/Workspace/SpikeYOLO_FPGA/hw/vivado/constraints/zybo_z7_20.xdc:12]
CRITICAL WARNING: [Vivado 12-4739] create_clock:No valid object(s) found for '-objects [get_ports sys_clk]'. [C:/Users/jielu/Desktop/Workspace/SpikeYOLO_FPGA/hw/vivado/constraints/zybo_z7_20.xdc:12]
Resolution: Check if the specified object(s) exists in the current design. If it does, ensure that the correct design hierarchy was specified for the object. If you are working with clocks, make sure create_clock was used to create the clock object before it is referenced.
WARNING: [Vivado 12-584] No ports matched 'sw[0]'. [C:/Users/jielu/Desktop/Workspace/SpikeYOLO_FPGA/hw/vivado/constraints/zybo_z7_20.xdc:15]
CRITICAL WARNING: [Common 17-55] 'set_property' expects at least one object. [C:/Users/jielu/Desktop/Workspace/SpikeYOLO_FPGA/hw/vivado/constraints/zybo_z7_20.xdc:15]
Resolution: If [get_<value>] was used to populate the object, check to make sure this command returns at least one valid object.
WARNING: [Vivado 12-584] No ports matched 'sw[1]'. [C:/Users/jielu/Desktop/Workspace/SpikeYOLO_FPGA/hw/vivado/constraints/zybo_z7_20.xdc:16]
CRITICAL WARNING: [Common 17-55] 'set_property' expects at least one object. [C:/Users/jielu/Desktop/Workspace/SpikeYOLO_FPGA/hw/vivado/constraints/zybo_z7_20.xdc:16]
Resolution: If [get_<value>] was used to populate the object, check to make sure this command returns at least one valid object.
WARNING: [Vivado 12-584] No ports matched 'sw[2]'. [C:/Users/jielu/Desktop/Workspace/SpikeYOLO_FPGA/hw/vivado/constraints/zybo_z7_20.xdc:17]
CRITICAL WARNING: [Common 17-55] 'set_property' expects at least one object. [C:/Users/jielu/Desktop/Workspace/SpikeYOLO_FPGA/hw/vivado/constraints/zybo_z7_20.xdc:17]
Resolution: If [get_<value>] was used to populate the object, check to make sure this command returns at least one valid object.
WARNING: [Vivado 12-584] No ports matched 'sw[3]'. [C:/Users/jielu/Desktop/Workspace/SpikeYOLO_FPGA/hw/vivado/constraints/zybo_z7_20.xdc:18]
CRITICAL WARNING: [Common 17-55] 'set_property' expects at least one object. [C:/Users/jielu/Desktop/Workspace/SpikeYOLO_FPGA/hw/vivado/constraints/zybo_z7_20.xdc:18]
Resolution: If [get_<value>] was used to populate the object, check to make sure this command returns at least one valid object.
WARNING: [Vivado 12-584] No ports matched 'led[0]'. [C:/Users/jielu/Desktop/Workspace/SpikeYOLO_FPGA/hw/vivado/constraints/zybo_z7_20.xdc:21]
CRITICAL WARNING: [Common 17-55] 'set_property' expects at least one object. [C:/Users/jielu/Desktop/Workspace/SpikeYOLO_FPGA/hw/vivado/constraints/zybo_z7_20.xdc:21]
Resolution: If [get_<value>] was used to populate the object, check to make sure this command returns at least one valid object.
WARNING: [Vivado 12-584] No ports matched 'led[1]'. [C:/Users/jielu/Desktop/Workspace/SpikeYOLO_FPGA/hw/vivado/constraints/zybo_z7_20.xdc:22]
CRITICAL WARNING: [Common 17-55] 'set_property' expects at least one object. [C:/Users/jielu/Desktop/Workspace/SpikeYOLO_FPGA/hw/vivado/constraints/zybo_z7_20.xdc:22]
Resolution: If [get_<value>] was used to populate the object, check to make sure this command returns at least one valid object.
WARNING: [Vivado 12-584] No ports matched 'led[2]'. [C:/Users/jielu/Desktop/Workspace/SpikeYOLO_FPGA/hw/vivado/constraints/zybo_z7_20.xdc:23]
CRITICAL WARNING: [Common 17-55] 'set_property' expects at least one object. [C:/Users/jielu/Desktop/Workspace/SpikeYOLO_FPGA/hw/vivado/constraints/zybo_z7_20.xdc:23]
Resolution: If [get_<value>] was used to populate the object, check to make sure this command returns at least one valid object.
WARNING: [Vivado 12-584] No ports matched 'led[3]'. [C:/Users/jielu/Desktop/Workspace/SpikeYOLO_FPGA/hw/vivado/constraints/zybo_z7_20.xdc:24]
CRITICAL WARNING: [Common 17-55] 'set_property' expects at least one object. [C:/Users/jielu/Desktop/Workspace/SpikeYOLO_FPGA/hw/vivado/constraints/zybo_z7_20.xdc:24]
Resolution: If [get_<value>] was used to populate the object, check to make sure this command returns at least one valid object.
WARNING: [Vivado 12-584] No ports matched 'hdmi_tx_clk_p'. [C:/Users/jielu/Desktop/Workspace/SpikeYOLO_FPGA/hw/vivado/constraints/zybo_z7_20.xdc:27]
CRITICAL WARNING: [Common 17-55] 'set_property' expects at least one object. [C:/Users/jielu/Desktop/Workspace/SpikeYOLO_FPGA/hw/vivado/constraints/zybo_z7_20.xdc:27]
Resolution: If [get_<value>] was used to populate the object, check to make sure this command returns at least one valid object.
WARNING: [Vivado 12-584] No ports matched 'hdmi_tx_clk_n'. [C:/Users/jielu/Desktop/Workspace/SpikeYOLO_FPGA/hw/vivado/constraints/zybo_z7_20.xdc:28]
CRITICAL WARNING: [Common 17-55] 'set_property' expects at least one object. [C:/Users/jielu/Desktop/Workspace/SpikeYOLO_FPGA/hw/vivado/constraints/zybo_z7_20.xdc:28]
Resolution: If [get_<value>] was used to populate the object, check to make sure this command returns at least one valid object.
WARNING: [Vivado 12-584] No ports matched 'hdmi_tx_data_p[0]'. [C:/Users/jielu/Desktop/Workspace/SpikeYOLO_FPGA/hw/vivado/constraints/zybo_z7_20.xdc:29]
CRITICAL WARNING: [Common 17-55] 'set_property' expects at least one object. [C:/Users/jielu/Desktop/Workspace/SpikeYOLO_FPGA/hw/vivado/constraints/zybo_z7_20.xdc:29]
Resolution: If [get_<value>] was used to populate the object, check to make sure this command returns at least one valid object.
WARNING: [Vivado 12-584] No ports matched 'hdmi_tx_data_n[0]'. [C:/Users/jielu/Desktop/Workspace/SpikeYOLO_FPGA/hw/vivado/constraints/zybo_z7_20.xdc:30]
CRITICAL WARNING: [Common 17-55] 'set_property' expects at least one object. [C:/Users/jielu/Desktop/Workspace/SpikeYOLO_FPGA/hw/vivado/constraints/zybo_z7_20.xdc:30]
Resolution: If [get_<value>] was used to populate the object, check to make sure this command returns at least one valid object.
WARNING: [Vivado 12-584] No ports matched 'hdmi_tx_data_p[1]'. [C:/Users/jielu/Desktop/Workspace/SpikeYOLO_FPGA/hw/vivado/constraints/zybo_z7_20.xdc:31]
CRITICAL WARNING: [Common 17-55] 'set_property' expects at least one object. [C:/Users/jielu/Desktop/Workspace/SpikeYOLO_FPGA/hw/vivado/constraints/zybo_z7_20.xdc:31]
Resolution: If [get_<value>] was used to populate the object, check to make sure this command returns at least one valid object.
WARNING: [Vivado 12-584] No ports matched 'hdmi_tx_data_n[1]'. [C:/Users/jielu/Desktop/Workspace/SpikeYOLO_FPGA/hw/vivado/constraints/zybo_z7_20.xdc:32]
CRITICAL WARNING: [Common 17-55] 'set_property' expects at least one object. [C:/Users/jielu/Desktop/Workspace/SpikeYOLO_FPGA/hw/vivado/constraints/zybo_z7_20.xdc:32]
Resolution: If [get_<value>] was used to populate the object, check to make sure this command returns at least one valid object.
WARNING: [Vivado 12-584] No ports matched 'hdmi_tx_data_p[2]'. [C:/Users/jielu/Desktop/Workspace/SpikeYOLO_FPGA/hw/vivado/constraints/zybo_z7_20.xdc:33]
CRITICAL WARNING: [Common 17-55] 'set_property' expects at least one object. [C:/Users/jielu/Desktop/Workspace/SpikeYOLO_FPGA/hw/vivado/constraints/zybo_z7_20.xdc:33]
Resolution: If [get_<value>] was used to populate the object, check to make sure this command returns at least one valid object.
WARNING: [Vivado 12-584] No ports matched 'hdmi_tx_data_n[2]'. [C:/Users/jielu/Desktop/Workspace/SpikeYOLO_FPGA/hw/vivado/constraints/zybo_z7_20.xdc:34]
CRITICAL WARNING: [Common 17-55] 'set_property' expects at least one object. [C:/Users/jielu/Desktop/Workspace/SpikeYOLO_FPGA/hw/vivado/constraints/zybo_z7_20.xdc:34]
Resolution: If [get_<value>] was used to populate the object, check to make sure this command returns at least one valid object.
WARNING: [Vivado 12-584] No ports matched 'hdmi_tx_hpd'. [C:/Users/jielu/Desktop/Workspace/SpikeYOLO_FPGA/hw/vivado/constraints/zybo_z7_20.xdc:37]
CRITICAL WARNING: [Common 17-55] 'set_property' expects at least one object. [C:/Users/jielu/Desktop/Workspace/SpikeYOLO_FPGA/hw/vivado/constraints/zybo_z7_20.xdc:37]
Resolution: If [get_<value>] was used to populate the object, check to make sure this command returns at least one valid object.
WARNING: [Vivado 12-584] No ports matched 'hdmi_tx_ddc_sda'. [C:/Users/jielu/Desktop/Workspace/SpikeYOLO_FPGA/hw/vivado/constraints/zybo_z7_20.xdc:38]
CRITICAL WARNING: [Common 17-55] 'set_property' expects at least one object. [C:/Users/jielu/Desktop/Workspace/SpikeYOLO_FPGA/hw/vivado/constraints/zybo_z7_20.xdc:38]
Resolution: If [get_<value>] was used to populate the object, check to make sure this command returns at least one valid object.
WARNING: [Vivado 12-584] No ports matched 'hdmi_tx_ddc_scl'. [C:/Users/jielu/Desktop/Workspace/SpikeYOLO_FPGA/hw/vivado/constraints/zybo_z7_20.xdc:39]
CRITICAL WARNING: [Common 17-55] 'set_property' expects at least one object. [C:/Users/jielu/Desktop/Workspace/SpikeYOLO_FPGA/hw/vivado/constraints/zybo_z7_20.xdc:39]
Resolution: If [get_<value>] was used to populate the object, check to make sure this command returns at least one valid object.
CRITICAL WARNING: [Netlist 29-177] Cannot set property 'BITSTREAM.CONFIG.SPI_BUSWIDTH' because the property does not exist. [C:/Users/jielu/Desktop/Workspace/SpikeYOLO_FPGA/hw/vivado/constraints/zybo_z7_20.xdc:54]
Resolution: Create this property using create_property command before setting it.
Finished Parsing XDC File [C:/Users/jielu/Desktop/Workspace/SpikeYOLO_FPGA/hw/vivado/constraints/zybo_z7_20.xdc]
Parsing XDC File [c:/Users/jielu/Desktop/Workspace/SpikeYOLO_FPGA/hw/vivado/out/spike_zybo.gen/sources_1/bd/system/ip/system_axi_dma_feat_0/system_axi_dma_feat_0_clocks.xdc] for cell 'system_i/axi_dma_feat/U0'
Finished Parsing XDC File [c:/Users/jielu/Desktop/Workspace/SpikeYOLO_FPGA/hw/vivado/out/spike_zybo.gen/sources_1/bd/system/ip/system_axi_dma_feat_0/system_axi_dma_feat_0_clocks.xdc] for cell 'system_i/axi_dma_feat/U0'
INFO: [Project 1-1714] 179 XPM XDC files have been applied to the design.
INFO: [Opt 31-138] Pushed 0 inverter(s) to 0 load pin(s).
INFO: [Project 1-1687] 2344 scoped IP constraints or related sub-commands were skipped due to synthesis logic optimizations usually triggered by constant connectivity or unconnected output pins. To review the skipped constraints and messages, run the command 'set_param netlist.IPMsgFiltering false' before opening the design.
Netlist sorting complete. Time (s): cpu = 00:00:00 ; elapsed = 00:00:00.038 . Memory (MB): peak = 2552.848 ; gain = 0.000
INFO: [Project 1-111] Unisim Transformation Summary:
  A total of 391 instances were transformed.
  RAM16X1D => RAM32X1D (RAMD32(x2)): 4 instances
  RAM32M => RAM32M (RAMD32(x6), RAMS32(x2)): 373 instances
  RAM32X1D => RAM32X1D (RAMD32(x2)): 14 instances

24 Infos, 133 Warnings, 22 Critical Warnings and 0 Errors encountered.
link_design completed successfully
link_design: Time (s): cpu = 00:00:46 ; elapsed = 00:00:51 . Memory (MB): peak = 2552.848 ; gain = 1751.102
Command: opt_design
Attempting to get a license for feature 'Implementation' and/or device 'xc7z020'
INFO: [Common 17-349] Got license for feature 'Implementation' and/or device 'xc7z020'
Running DRC as a precondition to command opt_design

Starting DRC Task
INFO: [Project 1-461] DRC finished with 0 Errors
INFO: [Project 1-462] Please refer to the DRC report (report_drc) for more information.

Time (s): cpu = 00:00:01 ; elapsed = 00:00:01 . Memory (MB): peak = 2552.848 ; gain = 0.000

Starting Cache Timing Information Task
INFO: [Timing 38-35] Done setting XDC timing constraints.
Ending Cache Timing Information Task | Checksum: 122f52853

Time (s): cpu = 00:00:07 ; elapsed = 00:00:07 . Memory (MB): peak = 2552.848 ; gain = 0.000

Starting Logic Optimization Task

Phase 1 Initialization

Phase 1.1 Core Generation And Design Setup
Phase 1.1 Core Generation And Design Setup | Checksum: 122f52853

Time (s): cpu = 00:00:01 ; elapsed = 00:00:00.019 . Memory (MB): peak = 2919.863 ; gain = 0.000

Phase 1.2 Setup Constraints And Sort Netlist
Phase 1.2 Setup Constraints And Sort Netlist | Checksum: 122f52853

Time (s): cpu = 00:00:01 ; elapsed = 00:00:00.092 . Memory (MB): peak = 2919.863 ; gain = 0.000
Phase 1 Initialization | Checksum: 122f52853

Time (s): cpu = 00:00:01 ; elapsed = 00:00:00.105 . Memory (MB): peak = 2919.863 ; gain = 0.000

Phase 2 Timer Update And Timing Data Collection

Phase 2.1 Timer Update
Phase 2.1 Timer Update | Checksum: 122f52853

Time (s): cpu = 00:00:04 ; elapsed = 00:00:04 . Memory (MB): peak = 3043.008 ; gain = 123.145

Phase 2.2 Timing Data Collection
Phase 2.2 Timing Data Collection | Checksum: 122f52853

Time (s): cpu = 00:00:04 ; elapsed = 00:00:04 . Memory (MB): peak = 3043.008 ; gain = 123.145
Phase 2 Timer Update And Timing Data Collection | Checksum: 122f52853

Time (s): cpu = 00:00:04 ; elapsed = 00:00:04 . Memory (MB): peak = 3043.008 ; gain = 123.145

Phase 3 Retarget
INFO: [Opt 31-1834] Total Chains To Be Transformed Were: 0 AND Number of Transformed insts Created are: 0
INFO: [Opt 31-1566] Pulled 37 inverters resulting in an inversion of 336 pins
INFO: [Opt 31-138] Pushed 49 inverter(s) to 254 load pin(s).
INFO: [Opt 31-49] Retargeted 0 cell(s).
Phase 3 Retarget | Checksum: 1397f2913

Time (s): cpu = 00:00:07 ; elapsed = 00:00:06 . Memory (MB): peak = 3043.008 ; gain = 123.145
Retarget | Checksum: 1397f2913
INFO: [Opt 31-389] Phase Retarget created 703 cells and removed 1192 cells
INFO: [Opt 31-1021] In phase Retarget, 208 netlist objects are constrained preventing optimization. Please run opt_design with -debug_log to get more detail. 

Phase 4 Constant propagation
INFO: [Opt 31-138] Pushed 25 inverter(s) to 27 load pin(s).
Phase 4 Constant propagation | Checksum: 12d92fc87

Time (s): cpu = 00:00:19 ; elapsed = 00:00:20 . Memory (MB): peak = 3043.008 ; gain = 123.145
Constant propagation | Checksum: 12d92fc87
INFO: [Opt 31-389] Phase Constant propagation created 4078 cells and removed 26358 cells
INFO: [Opt 31-1021] In phase Constant propagation, 208 netlist objects are constrained preventing optimization. Please run opt_design with -debug_log to get more detail. 

Phase 5 Sweep
Phase 5 Sweep | Checksum: 124f36ea4

Time (s): cpu = 00:00:24 ; elapsed = 00:00:24 . Memory (MB): peak = 3043.008 ; gain = 123.145
Sweep | Checksum: 124f36ea4
INFO: [Opt 31-389] Phase Sweep created 0 cells and removed 901 cells
INFO: [Opt 31-1021] In phase Sweep, 261 netlist objects are constrained preventing optimization. Please run opt_design with -debug_log to get more detail. 

Phase 6 BUFG optimization
Phase 6 BUFG optimization | Checksum: 124f36ea4

Time (s): cpu = 00:00:25 ; elapsed = 00:00:25 . Memory (MB): peak = 3043.008 ; gain = 123.145
BUFG optimization | Checksum: 124f36ea4
INFO: [Opt 31-662] Phase BUFG optimization created 0 cells of which 0 are BUFGs and removed 0 cells.

Phase 7 Shift Register Optimization
INFO: [Opt 31-1064] SRL Remap converted 0 SRLs to 0 registers and converted 0 registers of register chains to 0 SRLs
Phase 7 Shift Register Optimization | Checksum: 124f36ea4

Time (s): cpu = 00:00:26 ; elapsed = 00:00:25 . Memory (MB): peak = 3043.008 ; gain = 123.145
Shift Register Optimization | Checksum: 124f36ea4
INFO: [Opt 31-389] Phase Shift Register Optimization created 0 cells and removed 0 cells

Phase 8 Post Processing Netlist
Phase 8 Post Processing Netlist | Checksum: 11c0d0c9a

Time (s): cpu = 00:00:26 ; elapsed = 00:00:26 . Memory (MB): peak = 3043.008 ; gain = 123.145
Post Processing Netlist | Checksum: 11c0d0c9a
INFO: [Opt 31-389] Phase Post Processing Netlist created 0 cells and removed 0 cells
INFO: [Opt 31-1021] In phase Post Processing Netlist, 223 netlist objects are constrained preventing optimization. Please run opt_design with -debug_log to get more detail. 

Phase 9 Finalization

Phase 9.1 Finalizing Design Cores and Updating Shapes
Phase 9.1 Finalizing Design Cores and Updating Shapes | Checksum: 217a66e4e

Time (s): cpu = 00:00:29 ; elapsed = 00:00:29 . Memory (MB): peak = 3043.008 ; gain = 123.145

Phase 9.2 Verifying Netlist Connectivity

Starting Connectivity Check Task

Time (s): cpu = 00:00:00 ; elapsed = 00:00:00.178 . Memory (MB): peak = 3043.008 ; gain = 0.000
Phase 9.2 Verifying Netlist Connectivity | Checksum: 217a66e4e

Time (s): cpu = 00:00:29 ; elapsed = 00:00:29 . Memory (MB): peak = 3043.008 ; gain = 123.145
Phase 9 Finalization | Checksum: 217a66e4e

Time (s): cpu = 00:00:29 ; elapsed = 00:00:29 . Memory (MB): peak = 3043.008 ; gain = 123.145
Opt_design Change Summary
=========================


-------------------------------------------------------------------------------------------------------------------------
|  Phase                        |  #Cells created  |  #Cells Removed  |  #Constrained objects preventing optimizations  |
-------------------------------------------------------------------------------------------------------------------------
|  Retarget                     |             703  |            1192  |                                            208  |
|  Constant propagation         |            4078  |           26358  |                                            208  |
|  Sweep                        |               0  |             901  |                                            261  |
|  BUFG optimization            |               0  |               0  |                                              0  |
|  Shift Register Optimization  |               0  |               0  |                                              0  |
|  Post Processing Netlist      |               0  |               0  |                                            223  |
-------------------------------------------------------------------------------------------------------------------------


Ending Logic Optimization Task | Checksum: 217a66e4e

Time (s): cpu = 00:00:29 ; elapsed = 00:00:29 . Memory (MB): peak = 3043.008 ; gain = 123.145

Starting Power Optimization Task
INFO: [Pwropt 34-132] Skipping clock gating for clocks with a period < 2.00 ns.
INFO: [Timing 38-35] Done setting XDC timing constraints.
Running Vector-less Activity Propagation...

Finished Running Vector-less Activity Propagation
INFO: [Pwropt 34-9] Applying IDT optimizations ...
INFO: [Pwropt 34-10] Applying ODC optimizations ...


Starting PowerOpt Patch Enables Task
INFO: [Pwropt 34-162] WRITE_MODE attribute of 0 BRAM(s) out of a total of 11 has been updated to save power. Run report_power_opt to get a complete listing of the BRAMs updated.
INFO: [Pwropt 34-201] Structural ODC has moved 2 WE to EN ports
Number of BRAM Ports augmented: 11 newly gated: 6 Total Ports: 22
Ending PowerOpt Patch Enables Task | Checksum: 168e15f22

Time (s): cpu = 00:00:00 ; elapsed = 00:00:00.295 . Memory (MB): peak = 3654.652 ; gain = 0.000
Ending Power Optimization Task | Checksum: 168e15f22

Time (s): cpu = 00:00:22 ; elapsed = 00:00:20 . Memory (MB): peak = 3654.652 ; gain = 611.645

Starting Final Cleanup Task

Starting Logic Optimization Task
INFO: [Timing 38-35] Done setting XDC timing constraints.
Ending Logic Optimization Task | Checksum: 16d88fee9

Time (s): cpu = 00:00:18 ; elapsed = 00:00:32 . Memory (MB): peak = 3654.652 ; gain = 0.000
Ending Final Cleanup Task | Checksum: 16d88fee9

Time (s): cpu = 00:00:24 ; elapsed = 00:00:40 . Memory (MB): peak = 3654.652 ; gain = 0.000

Starting Netlist Obfuscation Task
Netlist sorting complete. Time (s): cpu = 00:00:00 ; elapsed = 00:00:00.080 . Memory (MB): peak = 3654.652 ; gain = 0.000
Ending Netlist Obfuscation Task | Checksum: 16d88fee9

Time (s): cpu = 00:00:00 ; elapsed = 00:00:00.123 . Memory (MB): peak = 3654.652 ; gain = 0.000
INFO: [Common 17-83] Releasing license: Implementation
52 Infos, 133 Warnings, 22 Critical Warnings and 0 Errors encountered.
opt_design completed successfully
opt_design: Time (s): cpu = 00:01:25 ; elapsed = 00:01:40 . Memory (MB): peak = 3654.652 ; gain = 1101.805
INFO: [Vivado 12-24828] Executing command : report_drc -file system_wrapper_drc_opted.rpt -pb system_wrapper_drc_opted.pb -rpx system_wrapper_drc_opted.rpx
Command: report_drc -file system_wrapper_drc_opted.rpt -pb system_wrapper_drc_opted.pb -rpx system_wrapper_drc_opted.rpx
INFO: [IP_Flow 19-1839] IP Catalog is up to date.
INFO: [Vivado_Tcl 2-168] The results of DRC are in file C:/Users/jielu/Desktop/Workspace/SpikeYOLO_FPGA/hw/vivado/out/spike_zybo.runs/impl_1/system_wrapper_drc_opted.rpt.
report_drc completed successfully
report_drc: Time (s): cpu = 00:00:11 ; elapsed = 00:00:16 . Memory (MB): peak = 3654.652 ; gain = 0.000
generate_parallel_reports: Time (s): cpu = 00:00:11 ; elapsed = 00:00:16 . Memory (MB): peak = 3654.652 ; gain = 0.000
INFO: [Timing 38-480] Writing timing data to binary archive.
Write ShapeDB Complete: Time (s): cpu = 00:00:00 ; elapsed = 00:00:00.271 . Memory (MB): peak = 3654.652 ; gain = 0.000
Wrote PlaceDB: Time (s): cpu = 00:00:00 ; elapsed = 00:00:00.026 . Memory (MB): peak = 3654.652 ; gain = 0.000
Wrote PulsedLatchDB: Time (s): cpu = 00:00:00 ; elapsed = 00:00:00 . Memory (MB): peak = 3654.652 ; gain = 0.000
Writing XDEF routing.
Writing XDEF routing logical nets.
Writing XDEF routing special nets.
Wrote RouteStorage: Time (s): cpu = 00:00:00 ; elapsed = 00:00:00.200 . Memory (MB): peak = 3654.652 ; gain = 0.000
Wrote Netlist Cache: Time (s): cpu = 00:00:00 ; elapsed = 00:00:00.001 . Memory (MB): peak = 3654.652 ; gain = 0.000
Wrote Device Cache: Time (s): cpu = 00:00:00 ; elapsed = 00:00:00.014 . Memory (MB): peak = 3654.652 ; gain = 0.000
Write Physdb Complete: Time (s): cpu = 00:00:00 ; elapsed = 00:00:00.257 . Memory (MB): peak = 3654.652 ; gain = 0.000
INFO: [Common 17-1381] The checkpoint 'C:/Users/jielu/Desktop/Workspace/SpikeYOLO_FPGA/hw/vivado/out/spike_zybo.runs/impl_1/system_wrapper_opt.dcp' has been generated.
write_checkpoint: Time (s): cpu = 00:00:16 ; elapsed = 00:00:17 . Memory (MB): peak = 3654.652 ; gain = 0.000
Command: place_design
Attempting to get a license for feature 'Implementation' and/or device 'xc7z020'
INFO: [Common 17-349] Got license for feature 'Implementation' and/or device 'xc7z020'
INFO: [Common 17-83] Releasing license: Implementation
INFO: [Vivado_Tcl 4-198] DRC finished with 0 Errors
INFO: [Vivado_Tcl 4-199] Please refer to the DRC report (report_drc) for more information.
Running DRC as a precondition to command place_design
INFO: [Vivado_Tcl 4-198] DRC finished with 0 Errors
INFO: [Vivado_Tcl 4-199] Please refer to the DRC report (report_drc) for more information.

Starting Placer Task

Phase 1 Placer Initialization

Phase 1.1 Placer Initialization Netlist Sorting
Netlist sorting complete. Time (s): cpu = 00:00:00 ; elapsed = 00:00:00.037 . Memory (MB): peak = 3654.652 ; gain = 0.000
Phase 1.1 Placer Initialization Netlist Sorting | Checksum: f474140e

Time (s): cpu = 00:00:00 ; elapsed = 00:00:00.068 . Memory (MB): peak = 3654.652 ; gain = 0.000
Netlist sorting complete. Time (s): cpu = 00:00:00 ; elapsed = 00:00:00.044 . Memory (MB): peak = 3654.652 ; gain = 0.000

Phase 1.2 IO Placement/ Clock Placement/ Build Placer Device
INFO: [Timing 38-35] Done setting XDC timing constraints.
Phase 1.2 IO Placement/ Clock Placement/ Build Placer Device | Checksum: 80ca81d8

Time (s): cpu = 00:00:13 ; elapsed = 00:00:14 . Memory (MB): peak = 3654.652 ; gain = 0.000

Phase 1.3 Build Placer Netlist Model
Phase 1.3 Build Placer Netlist Model | Checksum: b4a710a7

Time (s): cpu = 00:00:39 ; elapsed = 00:00:40 . Memory (MB): peak = 3930.312 ; gain = 275.660

Phase 1.4 Constrain Clocks/Macros
Phase 1.4 Constrain Clocks/Macros | Checksum: b4a710a7

Time (s): cpu = 00:00:39 ; elapsed = 00:00:40 . Memory (MB): peak = 3930.312 ; gain = 275.660
Phase 1 Placer Initialization | Checksum: b4a710a7

Time (s): cpu = 00:00:40 ; elapsed = 00:00:41 . Memory (MB): peak = 3930.312 ; gain = 275.660

Phase 2 Global Placement

Phase 2.1 Floorplanning
Phase 2.1 Floorplanning | Checksum: 15b5c9d29

Time (s): cpu = 00:00:47 ; elapsed = 00:00:48 . Memory (MB): peak = 3930.312 ; gain = 275.660

Phase 2.2 Update Timing before SLR Path Opt
Phase 2.2 Update Timing before SLR Path Opt | Checksum: 600555a0

Time (s): cpu = 00:00:53 ; elapsed = 00:00:54 . Memory (MB): peak = 3930.312 ; gain = 275.660

Phase 2.3 Post-Processing in Floorplanning
Phase 2.3 Post-Processing in Floorplanning | Checksum: 600555a0

Time (s): cpu = 00:00:53 ; elapsed = 00:00:54 . Memory (MB): peak = 3930.312 ; gain = 275.660

Phase 2.4 Global Placement Core

Phase 2.4.1 UpdateTiming Before Physical Synthesis
Phase 2.4.1 UpdateTiming Before Physical Synthesis | Checksum: 147af4f8f

Time (s): cpu = 00:01:50 ; elapsed = 00:01:52 . Memory (MB): peak = 3930.312 ; gain = 275.660

Phase 2.4.2 Physical Synthesis In Placer
INFO: [Physopt 32-1035] Found 10 LUTNM shape to break, 3537 LUT instances to create LUTNM shape
INFO: [Physopt 32-1044] Break lutnm for timing: one critical 9, two critical 1, total 0, new lutff created 0
INFO: [Physopt 32-1138] End 1 Pass. Optimized 1475 nets or LUTs. Breaked 0 LUT, combined 1475 existing LUTs and moved 0 existing LUT
INFO: [Physopt 32-65] No nets found for high-fanout optimization.
INFO: [Physopt 32-232] Optimized 0 net. Created 0 new instance.
INFO: [Physopt 32-775] End 1 Pass. Optimized 0 net or cell. Created 0 new cell, deleted 0 existing cell and moved 0 existing cell
INFO: [Physopt 32-457] Pass 1. Identified 3 candidate cells for DSP register optimization.
INFO: [Physopt 32-665] Processed cell system_i/spike_accel_0/inst/grp_sa_ms_all_conv_block_185_1_fu_481/grp_sa_ms_standard_conv_inplace_1_fu_570/grp_sa_conv2d_bn_40_71_118_240_333_426_535_1_fu_197/grp_sa_conv2d_bn_40_71_118_240_333_426_535_1_Pipeline_VITIS_LOOP_95_2_VITIS_LOOP_96_s_fu_1030/ama_addmuladd_15ns_13ns_7ns_7ns_21_4_1_U99/sa_tiny_fpga_top_ama_addmuladd_15ns_13ns_7ns_7ns_21_4_1_DSP48_0_U/p_reg_reg. 21 registers were pushed out.
INFO: [Physopt 32-665] Processed cell system_i/spike_accel_0/inst/grp_sa_ms_all_conv_block_185_1_fu_481/grp_sa_ms_standard_conv_inplace_fu_485/grp_sa_conv2d_bn_40_71_118_240_333_426_535_1_fu_221/grp_sa_conv2d_bn_40_71_118_240_333_426_535_1_Pipeline_VITIS_LOOP_95_2_VITIS_LOOP_96_s_fu_1030/ama_addmuladd_15ns_13ns_7ns_7ns_21_4_1_U99/sa_tiny_fpga_top_ama_addmuladd_15ns_13ns_7ns_7ns_21_4_1_DSP48_0_U/p_reg_reg. 21 registers were pushed out.
INFO: [Physopt 32-665] Processed cell system_i/spike_accel_0/inst/grp_sa_ms_all_conv_block_185_1_fu_481/grp_sa_ms_standard_conv_inplace_1_fu_570/grp_sa_conv2d_bn_40_71_118_240_333_426_535_1_fu_197/grp_sa_conv2d_bn_40_71_118_240_333_426_535_1_Pipeline_VITIS_LOOP_95_2_VITIS_LOOP_96_s_fu_1030/ama_addmuladd_16ns_13ns_7ns_7ns_23_4_1_U101/sa_tiny_fpga_top_ama_addmuladd_16ns_13ns_7ns_7ns_23_4_1_DSP48_0_U/p_reg_reg. 23 registers were pushed out.
INFO: [Physopt 32-775] End 2 Pass. Optimized 3 nets or cells. Created 65 new cells, deleted 0 existing cell and moved 0 existing cell
Netlist sorting complete. Time (s): cpu = 00:00:01 ; elapsed = 00:00:00.078 . Memory (MB): peak = 3930.312 ; gain = 0.000
INFO: [Physopt 32-1123] No candidate cells found for Shift Register to Pipeline optimization
INFO: [Physopt 32-775] End 2 Pass. Optimized 0 net or cell. Created 0 new cell, deleted 0 existing cell and moved 0 existing cell
INFO: [Physopt 32-1402] Pass 1: Identified 44 candidate cells for Shift Register optimization.
INFO: [Physopt 32-775] End 1 Pass. Optimized 0 net or cell. Created 0 new cell, deleted 0 existing cell and moved 0 existing cell
Netlist sorting complete. Time (s): cpu = 00:00:00 ; elapsed = 00:00:00.034 . Memory (MB): peak = 3930.312 ; gain = 0.000
INFO: [Physopt 32-526] No candidate cells for BRAM register optimization found in the design
INFO: [Physopt 32-775] End 1 Pass. Optimized 0 net or cell. Created 0 new cell, deleted 0 existing cell and moved 0 existing cell
INFO: [Physopt 32-846] No candidate cells for URAM register optimization found in the design
INFO: [Physopt 32-775] End 1 Pass. Optimized 0 net or cell. Created 0 new cell, deleted 0 existing cell and moved 0 existing cell
INFO: [Physopt 32-846] No candidate cells for URAM register optimization found in the design
INFO: [Physopt 32-775] End 1 Pass. Optimized 0 net or cell. Created 0 new cell, deleted 0 existing cell and moved 0 existing cell
INFO: [Physopt 32-949] No candidate nets found for dynamic/static region interface net replication
INFO: [Physopt 32-775] End 1 Pass. Optimized 0 net or cell. Created 0 new cell, deleted 0 existing cell and moved 0 existing cell
Netlist sorting complete. Time (s): cpu = 00:00:00 ; elapsed = 00:00:00.032 . Memory (MB): peak = 3930.312 ; gain = 0.000

Summary of Physical Synthesis Optimizations
============================================


-----------------------------------------------------------------------------------------------------------------------------------------------------------
|  Optimization                                     |  Added Cells  |  Removed Cells  |  Optimized Cells/Nets  |  Dont Touch  |  Iterations  |  Elapsed   |
-----------------------------------------------------------------------------------------------------------------------------------------------------------
|  LUT Combining                                    |            0  |           1475  |                  1475  |           0  |           1  |  00:00:02  |
|  Retime                                           |            0  |              0  |                     0  |           0  |           1  |  00:00:00  |
|  Very High Fanout                                 |            0  |              0  |                     0  |           0  |           1  |  00:00:00  |
|  DSP Register                                     |           65  |              0  |                     3  |           0  |           1  |  00:00:00  |
|  Shift Register to Pipeline                       |            0  |              0  |                     0  |           0  |           1  |  00:00:00  |
|  Shift Register                                   |            0  |              0  |                     0  |           0  |           1  |  00:00:00  |
|  BRAM Register                                    |            0  |              0  |                     0  |           0  |           1  |  00:00:00  |
|  URAM Register                                    |            0  |              0  |                     0  |           0  |           1  |  00:00:00  |
|  Dynamic/Static Region Interface Net Replication  |            0  |              0  |                     0  |           0  |           1  |  00:00:00  |
|  Total                                            |           65  |           1475  |                  1478  |           0  |           9  |  00:00:03  |
-----------------------------------------------------------------------------------------------------------------------------------------------------------


Phase 2.4.2 Physical Synthesis In Placer | Checksum: 152924e04

Time (s): cpu = 00:02:01 ; elapsed = 00:02:03 . Memory (MB): peak = 3930.312 ; gain = 275.660
Phase 2.4 Global Placement Core | Checksum: 1d4598a45

Time (s): cpu = 00:02:03 ; elapsed = 00:02:06 . Memory (MB): peak = 3930.312 ; gain = 275.660
Phase 2 Global Placement | Checksum: 1d4598a45

Time (s): cpu = 00:02:03 ; elapsed = 00:02:06 . Memory (MB): peak = 3930.312 ; gain = 275.660

Phase 3 Detail Placement

Phase 3.1 Commit Multi Column Macros
Phase 3.1 Commit Multi Column Macros | Checksum: 1af5f1d62

Time (s): cpu = 00:02:10 ; elapsed = 00:02:12 . Memory (MB): peak = 3930.312 ; gain = 275.660

Phase 3.2 Commit Most Macros & LUTRAMs
Phase 3.2 Commit Most Macros & LUTRAMs | Checksum: 27ba6647b

Time (s): cpu = 00:02:26 ; elapsed = 00:02:29 . Memory (MB): peak = 3930.312 ; gain = 275.660

Phase 3.3 Area Swap Optimization
Phase 3.3 Area Swap Optimization | Checksum: 1fbece8cd

Time (s): cpu = 00:02:27 ; elapsed = 00:02:30 . Memory (MB): peak = 3930.312 ; gain = 275.660

Phase 3.4 Pipeline Register Optimization
Phase 3.4 Pipeline Register Optimization | Checksum: 25b26174e

Time (s): cpu = 00:02:27 ; elapsed = 00:02:30 . Memory (MB): peak = 3930.312 ; gain = 275.660

Phase 3.5 Fast Optimization
Phase 3.5 Fast Optimization | Checksum: 1db2de1b9

Time (s): cpu = 00:02:43 ; elapsed = 00:02:46 . Memory (MB): peak = 3930.312 ; gain = 275.660

Phase 3.6 Small Shape Detail Placement
Phase 3.6 Small Shape Detail Placement | Checksum: 2274f62aa

Time (s): cpu = 00:03:07 ; elapsed = 00:03:11 . Memory (MB): peak = 3930.312 ; gain = 275.660

Phase 3.7 Re-assign LUT pins
Phase 3.7 Re-assign LUT pins | Checksum: 227600914

Time (s): cpu = 00:03:10 ; elapsed = 00:03:14 . Memory (MB): peak = 3930.312 ; gain = 275.660

Phase 3.8 Pipeline Register Optimization
Phase 3.8 Pipeline Register Optimization | Checksum: 206afdfdb

Time (s): cpu = 00:03:11 ; elapsed = 00:03:15 . Memory (MB): peak = 3930.312 ; gain = 275.660

Phase 3.9 Fast Optimization
Phase 3.9 Fast Optimization | Checksum: 1d9212670

Time (s): cpu = 00:03:34 ; elapsed = 00:03:38 . Memory (MB): peak = 3930.312 ; gain = 275.660
Phase 3 Detail Placement | Checksum: 1d9212670

Time (s): cpu = 00:03:34 ; elapsed = 00:03:39 . Memory (MB): peak = 3930.312 ; gain = 275.660

Phase 4 Post Placement Optimization and Clean-Up

Phase 4.1 Post Commit Optimization
INFO: [Timing 38-35] Done setting XDC timing constraints.

Phase 4.1.1 Post Placement Optimization
Post Placement Optimization Initialization | Checksum: 17f525fa1

Phase 4.1.1.1 BUFG Insertion

Starting Physical Synthesis Task

Phase 1 Physical Synthesis Initialization
INFO: [Physopt 32-721] Multithreading enabled for phys_opt_design using a maximum of 1 CPUs
INFO: [Physopt 32-619] Estimated Timing Summary | WNS=-1.736 | TNS=-46.449 |
Phase 1 Physical Synthesis Initialization | Checksum: 15823bf61

Time (s): cpu = 00:00:04 ; elapsed = 00:00:04 . Memory (MB): peak = 4160.324 ; gain = 135.520
INFO: [Place 46-33] Processed net system_i/spike_accel_0/inst/gmem3_m_axi_U/bus_write/wreq_burst_conv/rs_req/SR[0], BUFG insertion was skipped due to placement/routing conflicts.
INFO: [Place 46-33] Processed net system_i/spike_accel_0/inst/grp_sa_conv2d_bn_40_71_118_240_333_426_1_fu_666/grp_sa_conv2d_int_43_74_429_1_fu_366/grp_sa_conv2d_int_43_74_429_1_Pipeline_VITIS_LOOP_97_7_VITIS_LOOP_98_8_VITIS_LOOP_99_fu_97/mul_8s_8s_16_4_1_U403/ce363_out, BUFG insertion was skipped due to placement/routing conflicts.
INFO: [Place 46-56] BUFG insertion identified 2 candidate nets. Inserted BUFG: 0, Replicated BUFG Driver: 0, Skipped due to Placement/Routing Conflicts: 2, Skipped due to Timing Degradation: 0, Skipped due to netlist editing failed: 0.
Ending Physical Synthesis Task | Checksum: 1a8d45c13

Time (s): cpu = 00:00:05 ; elapsed = 00:00:06 . Memory (MB): peak = 4185.098 ; gain = 160.293
Phase 4.1.1.1 BUFG Insertion | Checksum: 17f525fa1

Time (s): cpu = 00:04:03 ; elapsed = 00:04:08 . Memory (MB): peak = 4185.098 ; gain = 530.445

Phase 4.1.1.2 Post Placement Timing Optimization
INFO: [Place 30-746] Post Placement Timing Summary WNS=-0.028. For the most accurate timing information please run report_timing.
Phase 4.1.1.2 Post Placement Timing Optimization | Checksum: 11dd73022

Time (s): cpu = 00:04:26 ; elapsed = 00:04:32 . Memory (MB): peak = 4197.117 ; gain = 542.465

Time (s): cpu = 00:04:26 ; elapsed = 00:04:32 . Memory (MB): peak = 4197.117 ; gain = 542.465
Phase 4.1 Post Commit Optimization | Checksum: 11dd73022

Time (s): cpu = 00:04:27 ; elapsed = 00:04:32 . Memory (MB): peak = 4197.117 ; gain = 542.465

Phase 4.2 Post Placement Cleanup
Phase 4.2 Post Placement Cleanup | Checksum: 11dd73022

Time (s): cpu = 00:04:28 ; elapsed = 00:04:33 . Memory (MB): peak = 4197.117 ; gain = 542.465

Phase 4.3 Placer Reporting

Phase 4.3.1 Print Estimated Congestion
INFO: [Place 30-612] Post-Placement Estimated Congestion 
 ____________________________________________________
|           | Global Congestion | Short Congestion  |
| Direction | Region Size       | Region Size       |
|___________|___________________|___________________|
|      North|                2x2|                8x8|
|___________|___________________|___________________|
|      South|                1x1|                4x4|
|___________|___________________|___________________|
|       East|                2x2|                4x4|
|___________|___________________|___________________|
|       West|                2x2|                4x4|
|___________|___________________|___________________|

Phase 4.3.1 Print Estimated Congestion | Checksum: 11dd73022

Time (s): cpu = 00:04:28 ; elapsed = 00:04:34 . Memory (MB): peak = 4198.109 ; gain = 543.457
Phase 4.3 Placer Reporting | Checksum: 11dd73022

Time (s): cpu = 00:04:29 ; elapsed = 00:04:34 . Memory (MB): peak = 4198.109 ; gain = 543.457

Phase 4.4 Final Placement Cleanup
Netlist sorting complete. Time (s): cpu = 00:00:00 ; elapsed = 00:00:00.034 . Memory (MB): peak = 4198.109 ; gain = 0.000

Time (s): cpu = 00:04:29 ; elapsed = 00:04:34 . Memory (MB): peak = 4198.109 ; gain = 543.457
Phase 4 Post Placement Optimization and Clean-Up | Checksum: 1af03f2c4

Time (s): cpu = 00:04:29 ; elapsed = 00:04:35 . Memory (MB): peak = 4198.109 ; gain = 543.457
Ending Placer Task | Checksum: 19dabce80

Time (s): cpu = 00:04:30 ; elapsed = 00:04:35 . Memory (MB): peak = 4198.109 ; gain = 543.457
95 Infos, 133 Warnings, 22 Critical Warnings and 0 Errors encountered.
place_design completed successfully
place_design: Time (s): cpu = 00:04:34 ; elapsed = 00:04:40 . Memory (MB): peak = 4198.109 ; gain = 543.457
INFO: [Vivado 12-24838] Running report commands "report_control_sets, report_io, report_utilization" in parallel.
Running report generation with 1 threads.
INFO: [Vivado 12-24828] Executing command : report_io -file system_wrapper_io_placed.rpt
report_io: Time (s): cpu = 00:00:00 ; elapsed = 00:00:00.052 . Memory (MB): peak = 4198.109 ; gain = 0.000
INFO: [Vivado 12-24828] Executing command : report_utilization -file system_wrapper_utilization_placed.rpt -pb system_wrapper_utilization_placed.pb
INFO: [Vivado 12-24828] Executing command : report_control_sets -verbose -file system_wrapper_control_sets_placed.rpt
report_control_sets: Time (s): cpu = 00:00:01 ; elapsed = 00:00:00.221 . Memory (MB): peak = 4198.109 ; gain = 0.000
INFO: [Timing 38-480] Writing timing data to binary archive.
Write ShapeDB Complete: Time (s): cpu = 00:00:00 ; elapsed = 00:00:00.341 . Memory (MB): peak = 4198.109 ; gain = 0.000
Wrote PlaceDB: Time (s): cpu = 00:00:04 ; elapsed = 00:00:05 . Memory (MB): peak = 4198.109 ; gain = 0.000
Wrote PulsedLatchDB: Time (s): cpu = 00:00:00 ; elapsed = 00:00:00 . Memory (MB): peak = 4198.109 ; gain = 0.000
Writing XDEF routing.
Writing XDEF routing logical nets.
Writing XDEF routing special nets.
Wrote RouteStorage: Time (s): cpu = 00:00:01 ; elapsed = 00:00:00.169 . Memory (MB): peak = 4198.109 ; gain = 0.000
Wrote Netlist Cache: Time (s): cpu = 00:00:00 ; elapsed = 00:00:00.137 . Memory (MB): peak = 4198.109 ; gain = 0.000
Wrote Device Cache: Time (s): cpu = 00:00:00 ; elapsed = 00:00:00.014 . Memory (MB): peak = 4198.109 ; gain = 0.000
Write Physdb Complete: Time (s): cpu = 00:00:05 ; elapsed = 00:00:06 . Memory (MB): peak = 4198.109 ; gain = 0.000
report_design_analysis: Time (s): cpu = 00:00:06 ; elapsed = 00:00:07 . Memory (MB): peak = 4198.109 ; gain = 0.000
INFO: [Common 17-1381] The checkpoint 'C:/Users/jielu/Desktop/Workspace/SpikeYOLO_FPGA/hw/vivado/out/spike_zybo.runs/impl_1/system_wrapper_placed.dcp' has been generated.
write_checkpoint: Time (s): cpu = 00:00:23 ; elapsed = 00:00:25 . Memory (MB): peak = 4198.109 ; gain = 0.000
Command: phys_opt_design
Attempting to get a license for feature 'Implementation' and/or device 'xc7z020'
INFO: [Common 17-349] Got license for feature 'Implementation' and/or device 'xc7z020'

Starting Initial Update Timing Task

Time (s): cpu = 00:00:17 ; elapsed = 00:00:17 . Memory (MB): peak = 4198.109 ; gain = 0.000
INFO: [Vivado_Tcl 4-1435] PhysOpt_Tcl_Interface Runtime Before Starting Physical Synthesis Task | CPU: 17.00s |  WALL: 17.43s
Netlist sorting complete. Time (s): cpu = 00:00:00 ; elapsed = 00:00:00.035 . Memory (MB): peak = 4198.109 ; gain = 0.000

Starting Physical Synthesis Task

Phase 1 Physical Synthesis Initialization
INFO: [Physopt 32-721] Multithreading enabled for phys_opt_design using a maximum of 1 CPUs
INFO: [Physopt 32-619] Estimated Timing Summary | WNS=-0.028 | TNS=-0.029 |
Phase 1 Physical Synthesis Initialization | Checksum: 16f5ff756

Time (s): cpu = 00:00:11 ; elapsed = 00:00:11 . Memory (MB): peak = 4265.547 ; gain = 67.438
INFO: [Physopt 32-619] Estimated Timing Summary | WNS=-0.028 | TNS=-0.029 |

Phase 2 DSP Register Optimization
INFO: [Physopt 32-457] Pass 1. Identified 1 candidate cell for DSP register optimization.
INFO: [Physopt 32-666] Processed cell system_i/spike_accel_0/inst/grp_sa_spike_sppf_1_fu_684/grp_sa_ms_standard_conv_inplace_2_fu_249/grp_sa_conv2d_bn_40_71_118_240_333_426_535_1_fu_169/grp_sa_conv2d_bn_40_71_118_240_333_426_535_1_Pipeline_VITIS_LOOP_95_2_VITIS_LOOP_96_s_fu_1030/ama_addmuladd_16ns_13ns_7ns_7ns_23_4_1_U101/sa_tiny_fpga_top_ama_addmuladd_16ns_13ns_7ns_7ns_23_4_1_DSP48_0_U/p_reg_reg. No change.
INFO: [Physopt 32-775] End 2 Pass. Optimized 0 net or cell. Created 0 new cell, deleted 0 existing cell and moved 0 existing cell
Netlist sorting complete. Time (s): cpu = 00:00:00 ; elapsed = 00:00:00.037 . Memory (MB): peak = 4275.871 ; gain = 0.000
Phase 2 DSP Register Optimization | Checksum: 16f5ff756

Time (s): cpu = 00:00:12 ; elapsed = 00:00:13 . Memory (MB): peak = 4275.871 ; gain = 77.762

Phase 3 Critical Path Optimization
INFO: [Physopt 32-619] Estimated Timing Summary | WNS=-0.028 | TNS=-0.029 |
INFO: [Physopt 32-702] Processed net system_i/spike_accel_0/inst/gmem2_m_axi_U/load_unit_0/fifo_rreq/U_fifo_srl/mem_reg[5][61]_srl6_n_2. Optimizations did not improve timing on the net.
INFO: [Physopt 32-702] Processed net system_i/ps_0/inst/FCLK_CLK_unbuffered[0]. Optimizations did not improve timing on the net.
INFO: [Physopt 32-710] Processed net system_i/spike_accel_0/inst/grp_sa_ms_all_conv_block_185_1_fu_481/grp_sa_ms_standard_conv_inplace_1_fu_570/grp_sa_conv2d_bn_40_71_118_240_333_426_535_1_fu_197/grp_sa_conv2d_int_43_74_429_536_1_fu_1003/in[61]. Critical path length was reduced through logic transformation on cell system_i/spike_accel_0/inst/grp_sa_ms_all_conv_block_185_1_fu_481/grp_sa_ms_standard_conv_inplace_1_fu_570/grp_sa_conv2d_bn_40_71_118_240_333_426_535_1_fu_197/grp_sa_conv2d_int_43_74_429_536_1_fu_1003/mem_reg[5][61]_srl6_i_1__0_comp.
INFO: [Physopt 32-735] Processed net system_i/spike_accel_0/inst/grp_sa_ms_all_conv_block_185_1_fu_481/grp_sa_ms_standard_conv_inplace_1_fu_570/grp_sa_conv2d_bn_40_71_118_240_333_426_535_1_fu_197/grp_sa_conv2d_int_43_74_429_536_1_fu_1003/mem_reg[5][61]_srl6_i_2__0_n_2. Optimization improves timing on the net.
INFO: [Physopt 32-619] Estimated Timing Summary | WNS=-0.002 | TNS=-0.002 |
INFO: [Physopt 32-702] Processed net system_i/spike_accel_0/inst/gmem2_m_axi_U/load_unit_0/fifo_rreq/U_fifo_srl/mem_reg[5][36]_srl6_n_2. Optimizations did not improve timing on the net.
INFO: [Physopt 32-710] Processed net system_i/spike_accel_0/inst/grp_sa_ms_all_conv_block_185_1_fu_481/grp_sa_ms_standard_conv_inplace_1_fu_570/grp_sa_conv2d_bn_40_71_118_240_333_426_535_1_fu_197/grp_sa_conv2d_int_43_74_429_536_1_fu_1003/in[36]. Critical path length was reduced through logic transformation on cell system_i/spike_accel_0/inst/grp_sa_ms_all_conv_block_185_1_fu_481/grp_sa_ms_standard_conv_inplace_1_fu_570/grp_sa_conv2d_bn_40_71_118_240_333_426_535_1_fu_197/grp_sa_conv2d_int_43_74_429_536_1_fu_1003/mem_reg[5][36]_srl6_i_1__0_comp.
INFO: [Physopt 32-735] Processed net system_i/spike_accel_0/inst/grp_sa_ms_all_conv_block_185_1_fu_481/grp_sa_ms_standard_conv_inplace_1_fu_570/grp_sa_conv2d_bn_40_71_118_240_333_426_535_1_fu_197/grp_sa_conv2d_int_43_74_429_536_1_fu_1003/mem_reg[5][36]_srl6_i_2__0_n_2. Optimization improves timing on the net.
INFO: [Physopt 32-619] Estimated Timing Summary | WNS=0.071 | TNS=0.000 |
INFO: [Physopt 32-619] Estimated Timing Summary | WNS=0.071 | TNS=0.000 |
Netlist sorting complete. Time (s): cpu = 00:00:00 ; elapsed = 00:00:00.054 . Memory (MB): peak = 4289.441 ; gain = 0.000
Phase 3 Critical Path Optimization | Checksum: 16f5ff756

Time (s): cpu = 00:00:14 ; elapsed = 00:00:15 . Memory (MB): peak = 4289.441 ; gain = 91.332

Phase 4 Critical Path Optimization
INFO: [Physopt 32-619] Estimated Timing Summary | WNS=0.071 | TNS=0.000 |
INFO: [Physopt 32-619] Estimated Timing Summary | WNS=0.071 | TNS=0.000 |
Netlist sorting complete. Time (s): cpu = 00:00:00 ; elapsed = 00:00:00.035 . Memory (MB): peak = 4289.441 ; gain = 0.000
Phase 4 Critical Path Optimization | Checksum: 16f5ff756

Time (s): cpu = 00:00:14 ; elapsed = 00:00:15 . Memory (MB): peak = 4289.441 ; gain = 91.332
Netlist sorting complete. Time (s): cpu = 00:00:00 ; elapsed = 00:00:00.034 . Memory (MB): peak = 4289.441 ; gain = 0.000
INFO: [Physopt 32-603] Post Physical Optimization Timing Summary | WNS=0.071 | TNS=0.000 |

Summary of Physical Synthesis Optimizations
============================================


-------------------------------------------------------------------------------------------------------------------------------------------------------------
|  Optimization   |  WNS Gain (ns)  |  TNS Gain (ns)  |  Added Cells  |  Removed Cells  |  Optimized Cells/Nets  |  Dont Touch  |  Iterations  |  Elapsed   |
-------------------------------------------------------------------------------------------------------------------------------------------------------------
|  DSP Register   |          0.000  |          0.000  |            0  |              0  |                     0  |           0  |           1  |  00:00:01  |
|  Critical Path  |          0.099  |          0.029  |            0  |              0  |                     2  |           0  |           2  |  00:00:02  |
|  Total          |          0.099  |          0.029  |            0  |              0  |                     2  |           0  |           3  |  00:00:03  |
-------------------------------------------------------------------------------------------------------------------------------------------------------------


Netlist sorting complete. Time (s): cpu = 00:00:00 ; elapsed = 00:00:00.036 . Memory (MB): peak = 4289.441 ; gain = 0.000
Ending Physical Synthesis Task | Checksum: 10c4a9eff

Time (s): cpu = 00:00:15 ; elapsed = 00:00:15 . Memory (MB): peak = 4289.441 ; gain = 91.332
INFO: [Common 17-83] Releasing license: Implementation
124 Infos, 133 Warnings, 22 Critical Warnings and 0 Errors encountered.
phys_opt_design completed successfully
phys_opt_design: Time (s): cpu = 00:00:32 ; elapsed = 00:00:33 . Memory (MB): peak = 4289.441 ; gain = 91.332
INFO: [Timing 38-480] Writing timing data to binary archive.
Write ShapeDB Complete: Time (s): cpu = 00:00:00 ; elapsed = 00:00:00.225 . Memory (MB): peak = 4289.441 ; gain = 0.000
Wrote PlaceDB: Time (s): cpu = 00:00:05 ; elapsed = 00:00:05 . Memory (MB): peak = 4289.441 ; gain = 0.000
Wrote PulsedLatchDB: Time (s): cpu = 00:00:00 ; elapsed = 00:00:00 . Memory (MB): peak = 4289.441 ; gain = 0.000
Writing XDEF routing.
Writing XDEF routing logical nets.
Writing XDEF routing special nets.
Wrote RouteStorage: Time (s): cpu = 00:00:00 ; elapsed = 00:00:00.170 . Memory (MB): peak = 4289.441 ; gain = 0.000
Wrote Netlist Cache: Time (s): cpu = 00:00:00 ; elapsed = 00:00:00.132 . Memory (MB): peak = 4289.441 ; gain = 0.000
Wrote Device Cache: Time (s): cpu = 00:00:00 ; elapsed = 00:00:00.013 . Memory (MB): peak = 4289.441 ; gain = 0.000
Write Physdb Complete: Time (s): cpu = 00:00:05 ; elapsed = 00:00:06 . Memory (MB): peak = 4289.441 ; gain = 0.000
INFO: [Common 17-1381] The checkpoint 'C:/Users/jielu/Desktop/Workspace/SpikeYOLO_FPGA/hw/vivado/out/spike_zybo.runs/impl_1/system_wrapper_physopt.dcp' has been generated.
write_checkpoint: Time (s): cpu = 00:00:20 ; elapsed = 00:00:22 . Memory (MB): peak = 4289.441 ; gain = 0.000
Command: route_design
Attempting to get a license for feature 'Implementation' and/or device 'xc7z020'
INFO: [Common 17-349] Got license for feature 'Implementation' and/or device 'xc7z020'
INFO: [Vivado_Tcl 4-198] DRC finished with 0 Errors
INFO: [Vivado_Tcl 4-199] Please refer to the DRC report (report_drc) for more information.
Running DRC as a precondition to command route_design
INFO: [Vivado_Tcl 4-198] DRC finished with 0 Errors
INFO: [Vivado_Tcl 4-199] Please refer to the DRC report (report_drc) for more information.


Starting Routing Task

Phase 1 Build RT Design
Checksum: PlaceDB: 25f455b4 ConstDB: 0 ShapeSum: b6e77e56 RouteDB: 15f972f0
Post Restoration Checksum: NetGraph: 7dc26ddf | NumContArr: 50af9d71 | Constraints: c2a8fa9d | Timing: c2a8fa9d
Phase 1 Build RT Design | Checksum: 253c4008a

Time (s): cpu = 00:00:38 ; elapsed = 00:00:39 . Memory (MB): peak = 4356.816 ; gain = 31.547

Phase 2 Router Initialization

Phase 2.1 Fix Topology Constraints
Phase 2.1 Fix Topology Constraints | Checksum: 253c4008a

Time (s): cpu = 00:00:39 ; elapsed = 00:00:40 . Memory (MB): peak = 4356.816 ; gain = 31.547

Phase 2.2 Pre Route Cleanup
Phase 2.2 Pre Route Cleanup | Checksum: 253c4008a

Time (s): cpu = 00:00:39 ; elapsed = 00:00:40 . Memory (MB): peak = 4356.816 ; gain = 31.547
 Number of Nodes with overlaps = 0

Phase 2.3 Update Timing
Phase 2.3 Update Timing | Checksum: 2ac08f5b3

Time (s): cpu = 00:01:06 ; elapsed = 00:01:07 . Memory (MB): peak = 4370.410 ; gain = 45.141
INFO: [Route 35-416] Intermediate Timing Summary | WNS=0.077  | TNS=0.000  | WHS=-0.353 | THS=-652.616|


Router Utilization Summary
  Global Vertical Routing Utilization    = 0 %
  Global Horizontal Routing Utilization  = 0 %
  Routable Net Status*
  *Does not include unroutable nets such as driverless and loadless.
  Run report_route_status for detailed report.
  Number of Failed Nets               = 81914
    (Failed Nets is the sum of unrouted and partially routed nets)
  Number of Unrouted Nets             = 81913
  Number of Partially Routed Nets     = 1
  Number of Node Overlaps             = 0

Phase 2 Router Initialization | Checksum: 2f0df2fff

Time (s): cpu = 00:01:19 ; elapsed = 00:01:21 . Memory (MB): peak = 4847.605 ; gain = 522.336

Phase 3 Global Routing
Phase 3 Global Routing | Checksum: 2f0df2fff

Time (s): cpu = 00:01:19 ; elapsed = 00:01:21 . Memory (MB): peak = 4847.605 ; gain = 522.336

Phase 4 Initial Routing

Phase 4.1 Initial Net Routing Pass
Phase 4.1 Initial Net Routing Pass | Checksum: 1bf083d86

Time (s): cpu = 00:01:33 ; elapsed = 00:01:36 . Memory (MB): peak = 4847.605 ; gain = 522.336
Phase 4 Initial Routing | Checksum: 1bf083d86

Time (s): cpu = 00:01:34 ; elapsed = 00:01:36 . Memory (MB): peak = 4847.605 ; gain = 522.336

Phase 5 Rip-up And Reroute

Phase 5.1 Global Iteration 0
 Number of Nodes with overlaps = 12507
 Number of Nodes with overlaps = 3534
 Number of Nodes with overlaps = 1556
 Number of Nodes with overlaps = 555
 Number of Nodes with overlaps = 243
 Number of Nodes with overlaps = 108
 Number of Nodes with overlaps = 45
 Number of Nodes with overlaps = 20
 Number of Nodes with overlaps = 6
 Number of Nodes with overlaps = 5
 Number of Nodes with overlaps = 2
 Number of Nodes with overlaps = 0
INFO: [Route 35-416] Intermediate Timing Summary | WNS=-0.646 | TNS=-5.889 | WHS=N/A    | THS=N/A    |

Phase 5.1 Global Iteration 0 | Checksum: 177c14f27

Time (s): cpu = 00:04:10 ; elapsed = 00:04:15 . Memory (MB): peak = 4859.328 ; gain = 534.059

Phase 5.2 Global Iteration 1
 Number of Nodes with overlaps = 1548
 Number of Nodes with overlaps = 470
 Number of Nodes with overlaps = 161
 Number of Nodes with overlaps = 81
 Number of Nodes with overlaps = 30
 Number of Nodes with overlaps = 9
 Number of Nodes with overlaps = 7
 Number of Nodes with overlaps = 0
INFO: [Route 35-416] Intermediate Timing Summary | WNS=-0.315 | TNS=-1.470 | WHS=N/A    | THS=N/A    |

Phase 5.2 Global Iteration 1 | Checksum: 31d781e05

Time (s): cpu = 00:05:00 ; elapsed = 00:05:06 . Memory (MB): peak = 4870.762 ; gain = 545.492

Phase 5.3 Global Iteration 2
 Number of Nodes with overlaps = 1460
 Number of Nodes with overlaps = 495
 Number of Nodes with overlaps = 185
 Number of Nodes with overlaps = 95
 Number of Nodes with overlaps = 38
 Number of Nodes with overlaps = 15
 Number of Nodes with overlaps = 12
 Number of Nodes with overlaps = 6
 Number of Nodes with overlaps = 6
 Number of Nodes with overlaps = 3
 Number of Nodes with overlaps = 3
 Number of Nodes with overlaps = 0
INFO: [Route 35-416] Intermediate Timing Summary | WNS=-0.374 | TNS=-1.201 | WHS=N/A    | THS=N/A    |

Phase 5.3 Global Iteration 2 | Checksum: 1e5cd7b68

Time (s): cpu = 00:05:54 ; elapsed = 00:06:01 . Memory (MB): peak = 4870.762 ; gain = 545.492
Phase 5 Rip-up And Reroute | Checksum: 1e5cd7b68

Time (s): cpu = 00:05:54 ; elapsed = 00:06:01 . Memory (MB): peak = 4870.762 ; gain = 545.492

Phase 6 Delay and Skew Optimization

Phase 6.1 Delay CleanUp

Phase 6.1.1 Update Timing
Phase 6.1.1 Update Timing | Checksum: 1c160bbd5

Time (s): cpu = 00:06:00 ; elapsed = 00:06:08 . Memory (MB): peak = 4948.285 ; gain = 623.016
INFO: [Route 35-416] Intermediate Timing Summary | WNS=-0.200 | TNS=-0.589 | WHS=N/A    | THS=N/A    |

 Number of Nodes with overlaps = 0
Phase 6.1 Delay CleanUp | Checksum: 18aaa3961

Time (s): cpu = 00:06:01 ; elapsed = 00:06:09 . Memory (MB): peak = 4948.285 ; gain = 623.016

Phase 6.2 Clock Skew Optimization
Phase 6.2 Clock Skew Optimization | Checksum: 18aaa3961

Time (s): cpu = 00:06:02 ; elapsed = 00:06:09 . Memory (MB): peak = 4948.285 ; gain = 623.016
Phase 6 Delay and Skew Optimization | Checksum: 18aaa3961

Time (s): cpu = 00:06:02 ; elapsed = 00:06:09 . Memory (MB): peak = 4948.285 ; gain = 623.016

Phase 7 Post Hold Fix

Phase 7.1 Hold Fix Iter
INFO: [Route 35-416] Intermediate Timing Summary | WNS=-0.200 | TNS=-0.589 | WHS=0.016  | THS=0.000  |

Phase 7.1 Hold Fix Iter | Checksum: 23e096c6d

Time (s): cpu = 00:06:09 ; elapsed = 00:06:16 . Memory (MB): peak = 5158.512 ; gain = 833.242
Phase 7 Post Hold Fix | Checksum: 23e096c6d

Time (s): cpu = 00:06:09 ; elapsed = 00:06:16 . Memory (MB): peak = 5158.512 ; gain = 833.242

Phase 8 Route finalize

Router Utilization Summary
  Global Vertical Routing Utilization    = 27.399 %
  Global Horizontal Routing Utilization  = 31.8781 %
  Routable Net Status*
  *Does not include unroutable nets such as driverless and loadless.
  Run report_route_status for detailed report.
  Number of Failed Nets               = 0
    (Failed Nets is the sum of unrouted and partially routed nets)
  Number of Unrouted Nets             = 0
  Number of Partially Routed Nets     = 0
  Number of Node Overlaps             = 0


--GLOBAL Congestion:
Utilization threshold used for congestion level computation: 0.85
Congestion Report
North Dir 1x1 Area, Max Cong = 86.4865%, Congestion bounded by tiles (Lower Left Tile -> Upper Right Tile):
   INT_R_X41Y118 -> INT_R_X41Y118
South Dir 2x2 Area, Max Cong = 85.8108%, Congestion bounded by tiles (Lower Left Tile -> Upper Right Tile):
   INT_L_X18Y48 -> INT_R_X19Y49
   INT_L_X18Y44 -> INT_R_X19Y45
East Dir 1x1 Area, Max Cong = 88.2353%, Congestion bounded by tiles (Lower Left Tile -> Upper Right Tile):
   INT_R_X29Y96 -> INT_R_X29Y96
   INT_R_X41Y79 -> INT_R_X41Y79
   INT_R_X41Y72 -> INT_R_X41Y72
   INT_L_X38Y70 -> INT_L_X38Y70
   INT_R_X39Y44 -> INT_R_X39Y44
West Dir 2x2 Area, Max Cong = 94.8529%, Congestion bounded by tiles (Lower Left Tile -> Upper Right Tile):
   INT_L_X18Y48 -> INT_R_X19Y49
   INT_L_X20Y48 -> INT_R_X21Y49
   INT_L_X20Y46 -> INT_R_X21Y47

------------------------------
Reporting congestion hotspots
------------------------------
Direction: North
----------------
Congested clusters found at Level 0
Effective congestion level: 0 Aspect Ratio: 1 Sparse Ratio: 1
Direction: South
----------------
Congested clusters found at Level 0
Effective congestion level: 1 Aspect Ratio: 0.666667 Sparse Ratio: 1
Direction: East
----------------
Congested clusters found at Level 0
Effective congestion level: 0 Aspect Ratio: 1 Sparse Ratio: 1
Direction: West
----------------
Congested clusters found at Level 1
Effective congestion level: 2 Aspect Ratio: 1 Sparse Ratio: 1.5

Phase 8 Route finalize | Checksum: 23e096c6d

Time (s): cpu = 00:06:09 ; elapsed = 00:06:17 . Memory (MB): peak = 5159.078 ; gain = 833.809

Phase 9 Verifying routed nets

 Verification completed successfully
Phase 9 Verifying routed nets | Checksum: 23e096c6d

Time (s): cpu = 00:06:10 ; elapsed = 00:06:17 . Memory (MB): peak = 5164.121 ; gain = 838.852

Phase 10 Depositing Routes
Phase 10 Depositing Routes | Checksum: 272686dd6

Time (s): cpu = 00:06:16 ; elapsed = 00:06:23 . Memory (MB): peak = 5172.977 ; gain = 847.707

Phase 11 Post Process Routing
Phase 11 Post Process Routing | Checksum: 272686dd6

Time (s): cpu = 00:06:16 ; elapsed = 00:06:23 . Memory (MB): peak = 5172.977 ; gain = 847.707

Phase 12 Post Router Timing
INFO: [Route 35-57] Estimated Timing Summary | WNS=-0.200 | TNS=-0.589 | WHS=0.016  | THS=0.000  |

WARNING: [Route 35-328] Router estimated timing not met.
Resolution: For a complete and accurate timing signoff, report_timing_summary must be run after route_design. Alternatively, route_design can be run with the -timing_summary option to enable a complete timing signoff at the end of route_design.
Phase 12 Post Router Timing | Checksum: 272686dd6

Time (s): cpu = 00:06:16 ; elapsed = 00:06:24 . Memory (MB): peak = 5172.977 ; gain = 847.707
Total Elapsed time in route_design: 383.71 secs

Phase 13 Post-Route Event Processing
Phase 13 Post-Route Event Processing | Checksum: 25c7ca28a

Time (s): cpu = 00:06:17 ; elapsed = 00:06:24 . Memory (MB): peak = 5172.977 ; gain = 847.707
INFO: [Route 35-16] Router Completed Successfully
Ending Routing Task | Checksum: 25c7ca28a

Time (s): cpu = 00:06:18 ; elapsed = 00:06:26 . Memory (MB): peak = 5172.977 ; gain = 847.707

Routing Is Done.
INFO: [Common 17-83] Releasing license: Implementation
140 Infos, 134 Warnings, 22 Critical Warnings and 0 Errors encountered.
route_design completed successfully
route_design: Time (s): cpu = 00:06:25 ; elapsed = 00:06:33 . Memory (MB): peak = 5172.977 ; gain = 883.535
INFO: [Vivado 12-24828] Executing command : report_drc -file system_wrapper_drc_routed.rpt -pb system_wrapper_drc_routed.pb -rpx system_wrapper_drc_routed.rpx
Command: report_drc -file system_wrapper_drc_routed.rpt -pb system_wrapper_drc_routed.pb -rpx system_wrapper_drc_routed.rpx
INFO: [IP_Flow 19-1839] IP Catalog is up to date.
INFO: [Vivado_Tcl 2-168] The results of DRC are in file C:/Users/jielu/Desktop/Workspace/SpikeYOLO_FPGA/hw/vivado/out/spike_zybo.runs/impl_1/system_wrapper_drc_routed.rpt.
report_drc completed successfully
report_drc: Time (s): cpu = 00:00:16 ; elapsed = 00:00:16 . Memory (MB): peak = 5199.754 ; gain = 26.777
INFO: [Vivado 12-24828] Executing command : report_methodology -file system_wrapper_methodology_drc_routed.rpt -pb system_wrapper_methodology_drc_routed.pb -rpx system_wrapper_methodology_drc_routed.rpx
Command: report_methodology -file system_wrapper_methodology_drc_routed.rpt -pb system_wrapper_methodology_drc_routed.pb -rpx system_wrapper_methodology_drc_routed.rpx
INFO: [Timing 38-35] Done setting XDC timing constraints.
INFO: [Vivado_Tcl 2-1520] The results of Report Methodology are in file C:/Users/jielu/Desktop/Workspace/SpikeYOLO_FPGA/hw/vivado/out/spike_zybo.runs/impl_1/system_wrapper_methodology_drc_routed.rpt.
report_methodology completed successfully
report_methodology: Time (s): cpu = 00:00:37 ; elapsed = 00:00:39 . Memory (MB): peak = 5630.648 ; gain = 430.895
INFO: [Vivado 12-24828] Executing command : report_timing_summary -max_paths 10 -report_unconstrained -file system_wrapper_timing_summary_routed.rpt -pb system_wrapper_timing_summary_routed.pb -rpx system_wrapper_timing_summary_routed.rpx -warn_on_violation 
INFO: [Timing 38-35] Done setting XDC timing constraints.
INFO: [Timing 38-91] UpdateTimingParams: Speed grade: -1, Delay Type: min_max.
CRITICAL WARNING: [Timing 38-282] The design failed to meet the timing requirements. Please see the timing summary report for details on the timing violations.
report_timing_summary: Time (s): cpu = 00:00:16 ; elapsed = 00:00:16 . Memory (MB): peak = 6095.305 ; gain = 464.656
INFO: [Vivado 12-24838] Running report commands "report_incremental_reuse, report_route_status" in parallel.
Running report generation with 1 threads.
INFO: [Vivado 12-24828] Executing command : report_route_status -file system_wrapper_route_status.rpt -pb system_wrapper_route_status.pb
INFO: [Vivado 12-24828] Executing command : report_incremental_reuse -file system_wrapper_incremental_reuse_routed.rpt
INFO: [Vivado_Tcl 4-1062] Incremental flow is disabled. No incremental reuse Info to report.
INFO: [Vivado 12-24828] Executing command : report_power -file system_wrapper_power_routed.rpt -pb system_wrapper_power_summary_routed.pb -rpx system_wrapper_power_routed.rpx
Command: report_power -file system_wrapper_power_routed.rpt -pb system_wrapper_power_summary_routed.pb -rpx system_wrapper_power_routed.rpx
Running Vector-less Activity Propagation...

Finished Running Vector-less Activity Propagation
WARNING: [Power 33-332] Found switching activity that implies high-fanout reset nets being asserted for excessive periods of time which may result in inaccurate power analysis.
Resolution: To review and fix problems, please run Power Constraints Advisor in the GUI from Tools > Power Constraints Advisor or run report_power with the -advisory option to generate a text report.
154 Infos, 135 Warnings, 23 Critical Warnings and 0 Errors encountered.
report_power completed successfully
report_power: Time (s): cpu = 00:00:18 ; elapsed = 00:00:14 . Memory (MB): peak = 6151.266 ; gain = 47.098
INFO: [Vivado 12-24828] Executing command : report_clock_utilization -file system_wrapper_clock_utilization_routed.rpt
WARNING: [Device 21-9320] Failed to find the Oracle tile group with name 'HSR_BOUNDARY_TOP'. This is required for Clock regions and Virtual grid.
WARNING: [Device 21-2174] Failed to initialize Virtual grid.
INFO: [Vivado 12-24828] Executing command : report_bus_skew -warn_on_violation -file system_wrapper_bus_skew_routed.rpt -pb system_wrapper_bus_skew_routed.pb -rpx system_wrapper_bus_skew_routed.rpx
INFO: [Timing 38-91] UpdateTimingParams: Speed grade: -1, Delay Type: min_max.
generate_parallel_reports: Time (s): cpu = 00:01:31 ; elapsed = 00:01:29 . Memory (MB): peak = 6151.266 ; gain = 978.289
INFO: [Timing 38-480] Writing timing data to binary archive.
Write ShapeDB Complete: Time (s): cpu = 00:00:00 ; elapsed = 00:00:00.216 . Memory (MB): peak = 6151.266 ; gain = 0.000
Wrote PlaceDB: Time (s): cpu = 00:00:05 ; elapsed = 00:00:05 . Memory (MB): peak = 6151.266 ; gain = 0.000
Wrote PulsedLatchDB: Time (s): cpu = 00:00:00 ; elapsed = 00:00:00 . Memory (MB): peak = 6151.266 ; gain = 0.000
Writing XDEF routing.
Writing XDEF routing logical nets.
Writing XDEF routing special nets.
Wrote RouteStorage: Time (s): cpu = 00:00:01 ; elapsed = 00:00:01 . Memory (MB): peak = 6151.266 ; gain = 0.000
Wrote Netlist Cache: Time (s): cpu = 00:00:00 ; elapsed = 00:00:00.134 . Memory (MB): peak = 6151.266 ; gain = 0.000
Wrote Device Cache: Time (s): cpu = 00:00:00 ; elapsed = 00:00:00.012 . Memory (MB): peak = 6151.266 ; gain = 0.000
Write Physdb Complete: Time (s): cpu = 00:00:06 ; elapsed = 00:00:07 . Memory (MB): peak = 6151.266 ; gain = 0.000
INFO: [Common 17-1381] The checkpoint 'C:/Users/jielu/Desktop/Workspace/SpikeYOLO_FPGA/hw/vivado/out/spike_zybo.runs/impl_1/system_wrapper_routed.dcp' has been generated.
write_checkpoint: Time (s): cpu = 00:00:18 ; elapsed = 00:00:20 . Memory (MB): peak = 6151.266 ; gain = 0.000
INFO: [Memdata 28-167] Found XPM memory block system_i/ic_data_hp1/inst/s01_nodes/s01_w_node/inst/inst_mi_handler/gen_normal_area.inst_fifo_node_payld/gen_xpm_memory_fifo.inst_fifo/gen_mem_rep[0].inst_xpm_memory/xpm_memory_base_inst with a P_MEMORY_PRIMITIVE property set to distributed. A value of block is required. You will not be able to use the updatemem program to update the bitstream with new data for the system_i/ic_data_hp1/inst/s01_nodes/s01_w_node/inst/inst_mi_handler/gen_normal_area.inst_fifo_node_payld/gen_xpm_memory_fifo.inst_fifo/gen_mem_rep[0].inst_xpm_memory/xpm_memory_base_inst block.
INFO: [Memdata 28-167] Found XPM memory block system_i/ic_data_hp1/inst/s01_nodes/s01_w_node/inst/inst_mi_handler/gen_normal_area.gen_fifo_req.inst_fifo_req/gen_xpm_memory_fifo.inst_fifo/gen_mem_rep[0].inst_xpm_memory/xpm_memory_base_inst with a P_MEMORY_PRIMITIVE property set to distributed. A value of block is required. You will not be able to use the updatemem program to update the bitstream with new data for the system_i/ic_data_hp1/inst/s01_nodes/s01_w_node/inst/inst_mi_handler/gen_normal_area.gen_fifo_req.inst_fifo_req/gen_xpm_memory_fifo.inst_fifo/gen_mem_rep[0].inst_xpm_memory/xpm_memory_base_inst block.
INFO: [Memdata 28-167] Found XPM memory block system_i/ic_data_hp1/inst/s01_nodes/s01_b_node/inst/inst_mi_handler/gen_normal_area.inst_fifo_node_payld/gen_xpm_memory_fifo.inst_fifo/gen_mem_rep[0].inst_xpm_memory/xpm_memory_base_inst with a P_MEMORY_PRIMITIVE property set to distributed. A value of block is required. You will not be able to use the updatemem program to update the bitstream with new data for the system_i/ic_data_hp1/inst/s01_nodes/s01_b_node/inst/inst_mi_handler/gen_normal_area.inst_fifo_node_payld/gen_xpm_memory_fifo.inst_fifo/gen_mem_rep[0].inst_xpm_memory/xpm_memory_base_inst block.
INFO: [Memdata 28-167] Found XPM memory block system_i/ic_data_hp1/inst/s01_nodes/s01_aw_node/inst/inst_mi_handler/gen_normal_area.inst_fifo_node_payld/gen_xpm_memory_fifo.inst_fifo/gen_mem_rep[0].inst_xpm_memory/xpm_memory_base_inst with a P_MEMORY_PRIMITIVE property set to distributed. A value of block is required. You will not be able to use the updatemem program to update the bitstream with new data for the system_i/ic_data_hp1/inst/s01_nodes/s01_aw_node/inst/inst_mi_handler/gen_normal_area.inst_fifo_node_payld/gen_xpm_memory_fifo.inst_fifo/gen_mem_rep[0].inst_xpm_memory/xpm_memory_base_inst block.
INFO: [Memdata 28-167] Found XPM memory block system_i/ic_data_hp1/inst/s00_nodes/s00_r_node/inst/inst_mi_handler/gen_normal_area.inst_fifo_node_payld/gen_xpm_memory_fifo.inst_fifo/gen_mem_rep[0].inst_xpm_memory/xpm_memory_base_inst with a P_MEMORY_PRIMITIVE property set to distributed. A value of block is required. You will not be able to use the updatemem program to update the bitstream with new data for the system_i/ic_data_hp1/inst/s00_nodes/s00_r_node/inst/inst_mi_handler/gen_normal_area.inst_fifo_node_payld/gen_xpm_memory_fifo.inst_fifo/gen_mem_rep[0].inst_xpm_memory/xpm_memory_base_inst block.
INFO: [Memdata 28-167] Found XPM memory block system_i/ic_data_hp1/inst/s00_nodes/s00_ar_node/inst/inst_mi_handler/gen_normal_area.inst_fifo_node_payld/gen_xpm_memory_fifo.inst_fifo/gen_mem_rep[0].inst_xpm_memory/xpm_memory_base_inst with a P_MEMORY_PRIMITIVE property set to distributed. A value of block is required. You will not be able to use the updatemem program to update the bitstream with new data for the system_i/ic_data_hp1/inst/s00_nodes/s00_ar_node/inst/inst_mi_handler/gen_normal_area.inst_fifo_node_payld/gen_xpm_memory_fifo.inst_fifo/gen_mem_rep[0].inst_xpm_memory/xpm_memory_base_inst block.
INFO: [Memdata 28-167] Found XPM memory block system_i/ic_data_hp1/inst/m00_nodes/m00_w_node/inst/inst_si_handler/gen_si_handler.gen_request_fifos.gen_req_fifo[1].inst_req_fifo/gen_xpm_memory_fifo.inst_fifo/gen_mem_rep[0].inst_xpm_memory/xpm_memory_base_inst with a P_MEMORY_PRIMITIVE property set to distributed. A value of block is required. You will not be able to use the updatemem program to update the bitstream with new data for the system_i/ic_data_hp1/inst/m00_nodes/m00_w_node/inst/inst_si_handler/gen_si_handler.gen_request_fifos.gen_req_fifo[1].inst_req_fifo/gen_xpm_memory_fifo.inst_fifo/gen_mem_rep[0].inst_xpm_memory/xpm_memory_base_inst block.
INFO: [Memdata 28-167] Found XPM memory block system_i/ic_data_hp1/inst/m00_nodes/m00_w_node/inst/inst_mi_handler/gen_normal_area.inst_fifo_node_payld/gen_xpm_memory_fifo.inst_fifo/gen_mem_rep[0].inst_xpm_memory/xpm_memory_base_inst with a P_MEMORY_PRIMITIVE property set to distributed. A value of block is required. You will not be able to use the updatemem program to update the bitstream with new data for the system_i/ic_data_hp1/inst/m00_nodes/m00_w_node/inst/inst_mi_handler/gen_normal_area.inst_fifo_node_payld/gen_xpm_memory_fifo.inst_fifo/gen_mem_rep[0].inst_xpm_memory/xpm_memory_base_inst block.
INFO: [Memdata 28-167] Found XPM memory block system_i/ic_data_hp1/inst/m00_nodes/m00_r_node/inst/inst_mi_handler/gen_normal_area.inst_fifo_node_payld/gen_xpm_memory_fifo.inst_fifo/gen_mem_rep[0].inst_xpm_memory/xpm_memory_base_inst with a P_MEMORY_PRIMITIVE property set to distributed. A value of block is required. You will not be able to use the updatemem program to update the bitstream with new data for the system_i/ic_data_hp1/inst/m00_nodes/m00_r_node/inst/inst_mi_handler/gen_normal_area.inst_fifo_node_payld/gen_xpm_memory_fifo.inst_fifo/gen_mem_rep[0].inst_xpm_memory/xpm_memory_base_inst block.
INFO: [Memdata 28-167] Found XPM memory block system_i/ic_data_hp1/inst/m00_nodes/m00_r_node/inst/inst_mi_handler/gen_normal_area.gen_fifo_req.inst_fifo_req/gen_xpm_memory_fifo.inst_fifo/gen_mem_rep[0].inst_xpm_memory/xpm_memory_base_inst with a P_MEMORY_PRIMITIVE property set to distributed. A value of block is required. You will not be able to use the updatemem program to update the bitstream with new data for the system_i/ic_data_hp1/inst/m00_nodes/m00_r_node/inst/inst_mi_handler/gen_normal_area.gen_fifo_req.inst_fifo_req/gen_xpm_memory_fifo.inst_fifo/gen_mem_rep[0].inst_xpm_memory/xpm_memory_base_inst block.
INFO: [Memdata 28-167] Found XPM memory block system_i/ic_data_hp1/inst/m00_nodes/m00_b_node/inst/inst_mi_handler/gen_normal_area.inst_fifo_node_payld/gen_xpm_memory_fifo.inst_fifo/gen_mem_rep[0].inst_xpm_memory/xpm_memory_base_inst with a P_MEMORY_PRIMITIVE property set to distributed. A value of block is required. You will not be able to use the updatemem program to update the bitstream with new data for the system_i/ic_data_hp1/inst/m00_nodes/m00_b_node/inst/inst_mi_handler/gen_normal_area.inst_fifo_node_payld/gen_xpm_memory_fifo.inst_fifo/gen_mem_rep[0].inst_xpm_memory/xpm_memory_base_inst block.
INFO: [Memdata 28-167] Found XPM memory block system_i/ic_data_hp1/inst/m00_nodes/m00_b_node/inst/inst_mi_handler/gen_normal_area.gen_fifo_req.inst_fifo_req/gen_xpm_memory_fifo.inst_fifo/gen_mem_rep[0].inst_xpm_memory/xpm_memory_base_inst with a P_MEMORY_PRIMITIVE property set to distributed. A value of block is required. You will not be able to use the updatemem program to update the bitstream with new data for the system_i/ic_data_hp1/inst/m00_nodes/m00_b_node/inst/inst_mi_handler/gen_normal_area.gen_fifo_req.inst_fifo_req/gen_xpm_memory_fifo.inst_fifo/gen_mem_rep[0].inst_xpm_memory/xpm_memory_base_inst block.
INFO: [Memdata 28-167] Found XPM memory block system_i/ic_data_hp1/inst/m00_nodes/m00_aw_node/inst/inst_mi_handler/gen_normal_area.inst_fifo_node_payld/gen_xpm_memory_fifo.inst_fifo/gen_mem_rep[0].inst_xpm_memory/xpm_memory_base_inst with a P_MEMORY_PRIMITIVE property set to distributed. A value of block is required. You will not be able to use the updatemem program to update the bitstream with new data for the system_i/ic_data_hp1/inst/m00_nodes/m00_aw_node/inst/inst_mi_handler/gen_normal_area.inst_fifo_node_payld/gen_xpm_memory_fifo.inst_fifo/gen_mem_rep[0].inst_xpm_memory/xpm_memory_base_inst block.
INFO: [Memdata 28-167] Found XPM memory block system_i/ic_data_hp1/inst/m00_nodes/m00_ar_node/inst/inst_mi_handler/gen_normal_area.inst_fifo_node_payld/gen_xpm_memory_fifo.inst_fifo/gen_mem_rep[0].inst_xpm_memory/xpm_memory_base_inst with a P_MEMORY_PRIMITIVE property set to distributed. A value of block is required. You will not be able to use the updatemem program to update the bitstream with new data for the system_i/ic_data_hp1/inst/m00_nodes/m00_ar_node/inst/inst_mi_handler/gen_normal_area.inst_fifo_node_payld/gen_xpm_memory_fifo.inst_fifo/gen_mem_rep[0].inst_xpm_memory/xpm_memory_base_inst block.
INFO: [Memdata 28-167] Found XPM memory block system_i/ic_data_hp0/inst/s04_nodes/s04_w_node/inst/inst_mi_handler/gen_normal_area.inst_fifo_node_payld/gen_xpm_memory_fifo.inst_fifo/gen_mem_rep[0].inst_xpm_memory/xpm_memory_base_inst with a P_MEMORY_PRIMITIVE property set to distributed. A value of block is required. You will not be able to use the updatemem program to update the bitstream with new data for the system_i/ic_data_hp0/inst/s04_nodes/s04_w_node/inst/inst_mi_handler/gen_normal_area.inst_fifo_node_payld/gen_xpm_memory_fifo.inst_fifo/gen_mem_rep[0].inst_xpm_memory/xpm_memory_base_inst block.
INFO: [Memdata 28-167] Found XPM memory block system_i/ic_data_hp0/inst/s04_nodes/s04_w_node/inst/inst_mi_handler/gen_normal_area.gen_fifo_req.inst_fifo_req/gen_xpm_memory_fifo.inst_fifo/gen_mem_rep[0].inst_xpm_memory/xpm_memory_base_inst with a P_MEMORY_PRIMITIVE property set to distributed. A value of block is required. You will not be able to use the updatemem program to update the bitstream with new data for the system_i/ic_data_hp0/inst/s04_nodes/s04_w_node/inst/inst_mi_handler/gen_normal_area.gen_fifo_req.inst_fifo_req/gen_xpm_memory_fifo.inst_fifo/gen_mem_rep[0].inst_xpm_memory/xpm_memory_base_inst block.
INFO: [Memdata 28-167] Found XPM memory block system_i/ic_data_hp0/inst/s04_nodes/s04_r_node/inst/inst_mi_handler/gen_normal_area.inst_fifo_node_payld/gen_xpm_memory_fifo.inst_fifo/gen_mem_rep[0].inst_xpm_memory/xpm_memory_base_inst with a P_MEMORY_PRIMITIVE property set to distributed. A value of block is required. You will not be able to use the updatemem program to update the bitstream with new data for the system_i/ic_data_hp0/inst/s04_nodes/s04_r_node/inst/inst_mi_handler/gen_normal_area.inst_fifo_node_payld/gen_xpm_memory_fifo.inst_fifo/gen_mem_rep[0].inst_xpm_memory/xpm_memory_base_inst block.
INFO: [Memdata 28-167] Found XPM memory block system_i/ic_data_hp0/inst/s04_nodes/s04_aw_node/inst/inst_mi_handler/gen_normal_area.inst_fifo_node_payld/gen_xpm_memory_fifo.inst_fifo/gen_mem_rep[0].inst_xpm_memory/xpm_memory_base_inst with a P_MEMORY_PRIMITIVE property set to distributed. A value of block is required. You will not be able to use the updatemem program to update the bitstream with new data for the system_i/ic_data_hp0/inst/s04_nodes/s04_aw_node/inst/inst_mi_handler/gen_normal_area.inst_fifo_node_payld/gen_xpm_memory_fifo.inst_fifo/gen_mem_rep[0].inst_xpm_memory/xpm_memory_base_inst block.
INFO: [Memdata 28-167] Found XPM memory block system_i/ic_data_hp0/inst/s04_nodes/s04_ar_node/inst/inst_mi_handler/gen_normal_area.inst_fifo_node_payld/gen_xpm_memory_fifo.inst_fifo/gen_mem_rep[0].inst_xpm_memory/xpm_memory_base_inst with a P_MEMORY_PRIMITIVE property set to distributed. A value of block is required. You will not be able to use the updatemem program to update the bitstream with new data for the system_i/ic_data_hp0/inst/s04_nodes/s04_ar_node/inst/inst_mi_handler/gen_normal_area.inst_fifo_node_payld/gen_xpm_memory_fifo.inst_fifo/gen_mem_rep[0].inst_xpm_memory/xpm_memory_base_inst block.
INFO: [Memdata 28-167] Found XPM memory block system_i/ic_data_hp0/inst/s03_nodes/s03_w_node/inst/inst_mi_handler/gen_normal_area.inst_fifo_node_payld/gen_xpm_memory_fifo.inst_fifo/gen_mem_rep[0].inst_xpm_memory/xpm_memory_base_inst with a P_MEMORY_PRIMITIVE property set to distributed. A value of block is required. You will not be able to use the updatemem program to update the bitstream with new data for the system_i/ic_data_hp0/inst/s03_nodes/s03_w_node/inst/inst_mi_handler/gen_normal_area.inst_fifo_node_payld/gen_xpm_memory_fifo.inst_fifo/gen_mem_rep[0].inst_xpm_memory/xpm_memory_base_inst block.
INFO: [Memdata 28-167] Found XPM memory block system_i/ic_data_hp0/inst/s03_nodes/s03_w_node/inst/inst_mi_handler/gen_normal_area.gen_fifo_req.inst_fifo_req/gen_xpm_memory_fifo.inst_fifo/gen_mem_rep[0].inst_xpm_memory/xpm_memory_base_inst with a P_MEMORY_PRIMITIVE property set to distributed. A value of block is required. You will not be able to use the updatemem program to update the bitstream with new data for the system_i/ic_data_hp0/inst/s03_nodes/s03_w_node/inst/inst_mi_handler/gen_normal_area.gen_fifo_req.inst_fifo_req/gen_xpm_memory_fifo.inst_fifo/gen_mem_rep[0].inst_xpm_memory/xpm_memory_base_inst block.
INFO: [Memdata 28-167] Found XPM memory block system_i/ic_data_hp0/inst/s03_nodes/s03_r_node/inst/inst_mi_handler/gen_normal_area.inst_fifo_node_payld/gen_xpm_memory_fifo.inst_fifo/gen_mem_rep[0].inst_xpm_memory/xpm_memory_base_inst with a P_MEMORY_PRIMITIVE property set to distributed. A value of block is required. You will not be able to use the updatemem program to update the bitstream with new data for the system_i/ic_data_hp0/inst/s03_nodes/s03_r_node/inst/inst_mi_handler/gen_normal_area.inst_fifo_node_payld/gen_xpm_memory_fifo.inst_fifo/gen_mem_rep[0].inst_xpm_memory/xpm_memory_base_inst block.
INFO: [Memdata 28-167] Found XPM memory block system_i/ic_data_hp0/inst/s03_nodes/s03_aw_node/inst/inst_mi_handler/gen_normal_area.inst_fifo_node_payld/gen_xpm_memory_fifo.inst_fifo/gen_mem_rep[0].inst_xpm_memory/xpm_memory_base_inst with a P_MEMORY_PRIMITIVE property set to distributed. A value of block is required. You will not be able to use the updatemem program to update the bitstream with new data for the system_i/ic_data_hp0/inst/s03_nodes/s03_aw_node/inst/inst_mi_handler/gen_normal_area.inst_fifo_node_payld/gen_xpm_memory_fifo.inst_fifo/gen_mem_rep[0].inst_xpm_memory/xpm_memory_base_inst block.
INFO: [Memdata 28-167] Found XPM memory block system_i/ic_data_hp0/inst/s03_nodes/s03_ar_node/inst/inst_mi_handler/gen_normal_area.inst_fifo_node_payld/gen_xpm_memory_fifo.inst_fifo/gen_mem_rep[0].inst_xpm_memory/xpm_memory_base_inst with a P_MEMORY_PRIMITIVE property set to distributed. A value of block is required. You will not be able to use the updatemem program to update the bitstream with new data for the system_i/ic_data_hp0/inst/s03_nodes/s03_ar_node/inst/inst_mi_handler/gen_normal_area.inst_fifo_node_payld/gen_xpm_memory_fifo.inst_fifo/gen_mem_rep[0].inst_xpm_memory/xpm_memory_base_inst block.
INFO: [Memdata 28-167] Found XPM memory block system_i/ic_data_hp0/inst/s02_nodes/s02_r_node/inst/inst_mi_handler/gen_normal_area.inst_fifo_node_payld/gen_xpm_memory_fifo.inst_fifo/gen_mem_rep[0].inst_xpm_memory/xpm_memory_base_inst with a P_MEMORY_PRIMITIVE property set to distributed. A value of block is required. You will not be able to use the updatemem program to update the bitstream with new data for the system_i/ic_data_hp0/inst/s02_nodes/s02_r_node/inst/inst_mi_handler/gen_normal_area.inst_fifo_node_payld/gen_xpm_memory_fifo.inst_fifo/gen_mem_rep[0].inst_xpm_memory/xpm_memory_base_inst block.
INFO: [Memdata 28-167] Found XPM memory block system_i/ic_data_hp0/inst/s02_nodes/s02_ar_node/inst/inst_mi_handler/gen_normal_area.inst_fifo_node_payld/gen_xpm_memory_fifo.inst_fifo/gen_mem_rep[0].inst_xpm_memory/xpm_memory_base_inst with a P_MEMORY_PRIMITIVE property set to distributed. A value of block is required. You will not be able to use the updatemem program to update the bitstream with new data for the system_i/ic_data_hp0/inst/s02_nodes/s02_ar_node/inst/inst_mi_handler/gen_normal_area.inst_fifo_node_payld/gen_xpm_memory_fifo.inst_fifo/gen_mem_rep[0].inst_xpm_memory/xpm_memory_base_inst block.
INFO: [Memdata 28-167] Found XPM memory block system_i/ic_data_hp0/inst/s01_nodes/s01_w_node/inst/inst_mi_handler/gen_normal_area.inst_fifo_node_payld/gen_xpm_memory_fifo.inst_fifo/gen_mem_rep[0].inst_xpm_memory/xpm_memory_base_inst with a P_MEMORY_PRIMITIVE property set to distributed. A value of block is required. You will not be able to use the updatemem program to update the bitstream with new data for the system_i/ic_data_hp0/inst/s01_nodes/s01_w_node/inst/inst_mi_handler/gen_normal_area.inst_fifo_node_payld/gen_xpm_memory_fifo.inst_fifo/gen_mem_rep[0].inst_xpm_memory/xpm_memory_base_inst block.
INFO: [Memdata 28-167] Found XPM memory block system_i/ic_data_hp0/inst/s01_nodes/s01_w_node/inst/inst_mi_handler/gen_normal_area.gen_fifo_req.inst_fifo_req/gen_xpm_memory_fifo.inst_fifo/gen_mem_rep[0].inst_xpm_memory/xpm_memory_base_inst with a P_MEMORY_PRIMITIVE property set to distributed. A value of block is required. You will not be able to use the updatemem program to update the bitstream with new data for the system_i/ic_data_hp0/inst/s01_nodes/s01_w_node/inst/inst_mi_handler/gen_normal_area.gen_fifo_req.inst_fifo_req/gen_xpm_memory_fifo.inst_fifo/gen_mem_rep[0].inst_xpm_memory/xpm_memory_base_inst block.
INFO: [Memdata 28-167] Found XPM memory block system_i/ic_data_hp0/inst/s01_nodes/s01_aw_node/inst/inst_mi_handler/gen_normal_area.inst_fifo_node_payld/gen_xpm_memory_fifo.inst_fifo/gen_mem_rep[0].inst_xpm_memory/xpm_memory_base_inst with a P_MEMORY_PRIMITIVE property set to distributed. A value of block is required. You will not be able to use the updatemem program to update the bitstream with new data for the system_i/ic_data_hp0/inst/s01_nodes/s01_aw_node/inst/inst_mi_handler/gen_normal_area.inst_fifo_node_payld/gen_xpm_memory_fifo.inst_fifo/gen_mem_rep[0].inst_xpm_memory/xpm_memory_base_inst block.
INFO: [Memdata 28-167] Found XPM memory block system_i/ic_data_hp0/inst/s00_nodes/s00_r_node/inst/inst_mi_handler/gen_normal_area.inst_fifo_node_payld/gen_xpm_memory_fifo.inst_fifo/gen_mem_rep[0].inst_xpm_memory/xpm_memory_base_inst with a P_MEMORY_PRIMITIVE property set to distributed. A value of block is required. You will not be able to use the updatemem program to update the bitstream with new data for the system_i/ic_data_hp0/inst/s00_nodes/s00_r_node/inst/inst_mi_handler/gen_normal_area.inst_fifo_node_payld/gen_xpm_memory_fifo.inst_fifo/gen_mem_rep[0].inst_xpm_memory/xpm_memory_base_inst block.
INFO: [Memdata 28-167] Found XPM memory block system_i/ic_data_hp0/inst/s00_nodes/s00_ar_node/inst/inst_mi_handler/gen_normal_area.inst_fifo_node_payld/gen_xpm_memory_fifo.inst_fifo/gen_mem_rep[0].inst_xpm_memory/xpm_memory_base_inst with a P_MEMORY_PRIMITIVE property set to distributed. A value of block is required. You will not be able to use the updatemem program to update the bitstream with new data for the system_i/ic_data_hp0/inst/s00_nodes/s00_ar_node/inst/inst_mi_handler/gen_normal_area.inst_fifo_node_payld/gen_xpm_memory_fifo.inst_fifo/gen_mem_rep[0].inst_xpm_memory/xpm_memory_base_inst block.
INFO: [Memdata 28-167] Found XPM memory block system_i/ic_data_hp0/inst/m00_nodes/m00_w_node/inst/inst_si_handler/gen_si_handler.gen_request_fifos.gen_req_fifo[4].inst_req_fifo/gen_xpm_memory_fifo.inst_fifo/gen_mem_rep[0].inst_xpm_memory/xpm_memory_base_inst with a P_MEMORY_PRIMITIVE property set to distributed. A value of block is required. You will not be able to use the updatemem program to update the bitstream with new data for the system_i/ic_data_hp0/inst/m00_nodes/m00_w_node/inst/inst_si_handler/gen_si_handler.gen_request_fifos.gen_req_fifo[4].inst_req_fifo/gen_xpm_memory_fifo.inst_fifo/gen_mem_rep[0].inst_xpm_memory/xpm_memory_base_inst block.
INFO: [Memdata 28-167] Found XPM memory block system_i/ic_data_hp0/inst/m00_nodes/m00_w_node/inst/inst_si_handler/gen_si_handler.gen_request_fifos.gen_req_fifo[3].inst_req_fifo/gen_xpm_memory_fifo.inst_fifo/gen_mem_rep[0].inst_xpm_memory/xpm_memory_base_inst with a P_MEMORY_PRIMITIVE property set to distributed. A value of block is required. You will not be able to use the updatemem program to update the bitstream with new data for the system_i/ic_data_hp0/inst/m00_nodes/m00_w_node/inst/inst_si_handler/gen_si_handler.gen_request_fifos.gen_req_fifo[3].inst_req_fifo/gen_xpm_memory_fifo.inst_fifo/gen_mem_rep[0].inst_xpm_memory/xpm_memory_base_inst block.
INFO: [Memdata 28-167] Found XPM memory block system_i/ic_data_hp0/inst/m00_nodes/m00_w_node/inst/inst_si_handler/gen_si_handler.gen_request_fifos.gen_req_fifo[1].inst_req_fifo/gen_xpm_memory_fifo.inst_fifo/gen_mem_rep[0].inst_xpm_memory/xpm_memory_base_inst with a P_MEMORY_PRIMITIVE property set to distributed. A value of block is required. You will not be able to use the updatemem program to update the bitstream with new data for the system_i/ic_data_hp0/inst/m00_nodes/m00_w_node/inst/inst_si_handler/gen_si_handler.gen_request_fifos.gen_req_fifo[1].inst_req_fifo/gen_xpm_memory_fifo.inst_fifo/gen_mem_rep[0].inst_xpm_memory/xpm_memory_base_inst block.
INFO: [Memdata 28-167] Found XPM memory block system_i/ic_data_hp0/inst/m00_nodes/m00_w_node/inst/inst_mi_handler/gen_normal_area.inst_fifo_node_payld/gen_xpm_memory_fifo.inst_fifo/gen_mem_rep[0].inst_xpm_memory/xpm_memory_base_inst with a P_MEMORY_PRIMITIVE property set to distributed. A value of block is required. You will not be able to use the updatemem program to update the bitstream with new data for the system_i/ic_data_hp0/inst/m00_nodes/m00_w_node/inst/inst_mi_handler/gen_normal_area.inst_fifo_node_payld/gen_xpm_memory_fifo.inst_fifo/gen_mem_rep[0].inst_xpm_memory/xpm_memory_base_inst block.
INFO: [Memdata 28-167] Found XPM memory block system_i/ic_data_hp0/inst/m00_nodes/m00_r_node/inst/inst_mi_handler/gen_normal_area.inst_fifo_node_payld/gen_xpm_memory_fifo.inst_fifo/gen_mem_rep[0].inst_xpm_memory/xpm_memory_base_inst with a P_MEMORY_PRIMITIVE property set to distributed. A value of block is required. You will not be able to use the updatemem program to update the bitstream with new data for the system_i/ic_data_hp0/inst/m00_nodes/m00_r_node/inst/inst_mi_handler/gen_normal_area.inst_fifo_node_payld/gen_xpm_memory_fifo.inst_fifo/gen_mem_rep[0].inst_xpm_memory/xpm_memory_base_inst block.
INFO: [Memdata 28-167] Found XPM memory block system_i/ic_data_hp0/inst/m00_nodes/m00_r_node/inst/inst_mi_handler/gen_normal_area.gen_fifo_req.inst_fifo_req/gen_xpm_memory_fifo.inst_fifo/gen_mem_rep[0].inst_xpm_memory/xpm_memory_base_inst with a P_MEMORY_PRIMITIVE property set to distributed. A value of block is required. You will not be able to use the updatemem program to update the bitstream with new data for the system_i/ic_data_hp0/inst/m00_nodes/m00_r_node/inst/inst_mi_handler/gen_normal_area.gen_fifo_req.inst_fifo_req/gen_xpm_memory_fifo.inst_fifo/gen_mem_rep[0].inst_xpm_memory/xpm_memory_base_inst block.
INFO: [Memdata 28-167] Found XPM memory block system_i/ic_data_hp0/inst/m00_nodes/m00_b_node/inst/inst_mi_handler/gen_normal_area.gen_fifo_req.inst_fifo_req/gen_xpm_memory_fifo.inst_fifo/gen_mem_rep[0].inst_xpm_memory/xpm_memory_base_inst with a P_MEMORY_PRIMITIVE property set to distributed. A value of block is required. You will not be able to use the updatemem program to update the bitstream with new data for the system_i/ic_data_hp0/inst/m00_nodes/m00_b_node/inst/inst_mi_handler/gen_normal_area.gen_fifo_req.inst_fifo_req/gen_xpm_memory_fifo.inst_fifo/gen_mem_rep[0].inst_xpm_memory/xpm_memory_base_inst block.
INFO: [Memdata 28-167] Found XPM memory block system_i/ic_data_hp0/inst/m00_nodes/m00_aw_node/inst/inst_mi_handler/gen_normal_area.inst_fifo_node_payld/gen_xpm_memory_fifo.inst_fifo/gen_mem_rep[0].inst_xpm_memory/xpm_memory_base_inst with a P_MEMORY_PRIMITIVE property set to distributed. A value of block is required. You will not be able to use the updatemem program to update the bitstream with new data for the system_i/ic_data_hp0/inst/m00_nodes/m00_aw_node/inst/inst_mi_handler/gen_normal_area.inst_fifo_node_payld/gen_xpm_memory_fifo.inst_fifo/gen_mem_rep[0].inst_xpm_memory/xpm_memory_base_inst block.
INFO: [Memdata 28-167] Found XPM memory block system_i/ic_data_hp0/inst/m00_nodes/m00_ar_node/inst/inst_mi_handler/gen_normal_area.inst_fifo_node_payld/gen_xpm_memory_fifo.inst_fifo/gen_mem_rep[0].inst_xpm_memory/xpm_memory_base_inst with a P_MEMORY_PRIMITIVE property set to distributed. A value of block is required. You will not be able to use the updatemem program to update the bitstream with new data for the system_i/ic_data_hp0/inst/m00_nodes/m00_ar_node/inst/inst_mi_handler/gen_normal_area.inst_fifo_node_payld/gen_xpm_memory_fifo.inst_fifo/gen_mem_rep[0].inst_xpm_memory/xpm_memory_base_inst block.
INFO: [Memdata 28-167] Found XPM memory block system_i/axi_dma_feat/U0/I_PRMRY_DATAMOVER/GEN_S2MM_FULL.I_S2MM_FULL_WRAPPER/GEN_ENABLE_INDET_BTT_SF.I_INDET_BTT/I_XD_FIFO/NON_BLK_MEM.I_SYNC_FIFOGEN_FIFO/xpm_fifo_instance.xpm_fifo_sync_inst/xpm_fifo_base_inst/gen_sdpram.xpm_memory_base_inst with a P_MEMORY_PRIMITIVE property set to auto. A value of block is required. You will not be able to use the updatemem program to update the bitstream with new data for the system_i/axi_dma_feat/U0/I_PRMRY_DATAMOVER/GEN_S2MM_FULL.I_S2MM_FULL_WRAPPER/GEN_ENABLE_INDET_BTT_SF.I_INDET_BTT/I_XD_FIFO/NON_BLK_MEM.I_SYNC_FIFOGEN_FIFO/xpm_fifo_instance.xpm_fifo_sync_inst/xpm_fifo_base_inst/gen_sdpram.xpm_memory_base_inst block.
INFO: [Memdata 28-208] The XPM instance: <system_i/axi_dma_feat/U0/I_PRMRY_DATAMOVER/GEN_S2MM_FULL.I_S2MM_FULL_WRAPPER/GEN_ENABLE_INDET_BTT_SF.I_INDET_BTT/I_DATA_FIFO/BLK_MEM.I_SYNC_FIFOGEN_FIFO/xpm_fifo_instance.xpm_fifo_sync_inst/xpm_fifo_base_inst/gen_sdpram.xpm_memory_base_inst> is part of IP: <system_i/axi_dma_feat>. This XPM instance will be excluded from the .mmi because updatemem is prohibited from making changes to an XPM that is part of an IP.
INFO: [Memdata 28-208] The XPM instance: <system_i/axi_dma_feat/U0/I_PRMRY_DATAMOVER/GEN_MM2S_FULL.I_MM2S_FULL_WRAPPER/GEN_INCLUDE_MM2S_SF.I_RD_SF/I_DATA_FIFO/BLK_MEM.I_SYNC_FIFOGEN_FIFO/xpm_fifo_instance.xpm_fifo_sync_inst/xpm_fifo_base_inst/gen_sdpram.xpm_memory_base_inst> is part of IP: <system_i/axi_dma_feat>. This XPM instance will be excluded from the .mmi because updatemem is prohibited from making changes to an XPM that is part of an IP.
Command: write_bitstream -force system_wrapper.bit
Attempting to get a license for feature 'Implementation' and/or device 'xc7z020'
INFO: [Common 17-349] Got license for feature 'Implementation' and/or device 'xc7z020'
Running DRC as a precondition to command write_bitstream
INFO: [IP_Flow 19-1839] IP Catalog is up to date.
WARNING: [DRC DPIP-1] Input pipelining: DSP system_i/spike_accel_0/inst/grp_sa_conv2d_bn_40_71_118_240_333_426_535_1_fu_721/bound_reg_710_reg input system_i/spike_accel_0/inst/grp_sa_conv2d_bn_40_71_118_240_333_426_535_1_fu_721/bound_reg_710_reg/A[29:0] is not pipelined. Pipelining DSP48 input will improve performance.
WARNING: [DRC DPIP-1] Input pipelining: DSP system_i/spike_accel_0/inst/grp_sa_conv2d_bn_40_71_118_240_333_426_535_1_fu_721/grp_sa_conv2d_int_43_74_429_536_1_fu_1003/mul_9ns_14ns_23_1_1_U60/tmp_product input system_i/spike_accel_0/inst/grp_sa_conv2d_bn_40_71_118_240_333_426_535_1_fu_721/grp_sa_conv2d_int_43_74_429_536_1_fu_1003/mul_9ns_14ns_23_1_1_U60/tmp_product/A[29:0] is not pipelined. Pipelining DSP48 input will improve performance.
WARNING: [DRC DPIP-1] Input pipelining: DSP system_i/spike_accel_0/inst/grp_sa_conv2d_bn_40_71_118_240_333_426_535_1_fu_721/grp_sa_conv2d_int_43_74_429_536_1_fu_1003/mul_ln80_reg_1859_reg input system_i/spike_accel_0/inst/grp_sa_conv2d_bn_40_71_118_240_333_426_535_1_fu_721/grp_sa_conv2d_int_43_74_429_536_1_fu_1003/mul_ln80_reg_1859_reg/A[29:0] is not pipelined. Pipelining DSP48 input will improve performance.
WARNING: [DRC DPIP-1] Input pipelining: DSP system_i/spike_accel_0/inst/grp_sa_conv2d_bn_40_71_118_240_333_426_535_1_fu_721/mul_ln95_reg_716_reg input system_i/spike_accel_0/inst/grp_sa_conv2d_bn_40_71_118_240_333_426_535_1_fu_721/mul_ln95_reg_716_reg/A[29:0] is not pipelined. Pipelining DSP48 input will improve performance.
WARNING: [DRC DPIP-1] Input pipelining: DSP system_i/spike_accel_0/inst/grp_sa_conv2d_bn_40_71_118_240_333_426_535_1_fu_721/mul_ln95_reg_716_reg input system_i/spike_accel_0/inst/grp_sa_conv2d_bn_40_71_118_240_333_426_535_1_fu_721/mul_ln95_reg_716_reg/B[17:0] is not pipelined. Pipelining DSP48 input will improve performance.
WARNING: [DRC DPIP-1] Input pipelining: DSP system_i/spike_accel_0/inst/grp_sa_ms_all_conv_block_185_1_fu_481/grp_sa_ms_standard_conv_inplace_1_fu_570/grp_sa_conv2d_bn_40_71_118_240_333_426_535_1_fu_197/bound_reg_710_reg input system_i/spike_accel_0/inst/grp_sa_ms_all_conv_block_185_1_fu_481/grp_sa_ms_standard_conv_inplace_1_fu_570/grp_sa_conv2d_bn_40_71_118_240_333_426_535_1_fu_197/bound_reg_710_reg/A[29:0] is not pipelined. Pipelining DSP48 input will improve performance.
WARNING: [DRC DPIP-1] Input pipelining: DSP system_i/spike_accel_0/inst/grp_sa_ms_all_conv_block_185_1_fu_481/grp_sa_ms_standard_conv_inplace_1_fu_570/grp_sa_conv2d_bn_40_71_118_240_333_426_535_1_fu_197/bound_reg_710_reg input system_i/spike_accel_0/inst/grp_sa_ms_all_conv_block_185_1_fu_481/grp_sa_ms_standard_conv_inplace_1_fu_570/grp_sa_conv2d_bn_40_71_118_240_333_426_535_1_fu_197/bound_reg_710_reg/B[17:0] is not pipelined. Pipelining DSP48 input will improve performance.
WARNING: [DRC DPIP-1] Input pipelining: DSP system_i/spike_accel_0/inst/grp_sa_ms_all_conv_block_185_1_fu_481/grp_sa_ms_standard_conv_inplace_1_fu_570/grp_sa_conv2d_bn_40_71_118_240_333_426_535_1_fu_197/grp_sa_conv2d_int_43_74_429_536_1_fu_1003/mul_9ns_14ns_23_1_1_U60/tmp_product input system_i/spike_accel_0/inst/grp_sa_ms_all_conv_block_185_1_fu_481/grp_sa_ms_standard_conv_inplace_1_fu_570/grp_sa_conv2d_bn_40_71_118_240_333_426_535_1_fu_197/grp_sa_conv2d_int_43_74_429_536_1_fu_1003/mul_9ns_14ns_23_1_1_U60/tmp_product/A[29:0] is not pipelined. Pipelining DSP48 input will improve performance.
WARNING: [DRC DPIP-1] Input pipelining: DSP system_i/spike_accel_0/inst/grp_sa_ms_all_conv_block_185_1_fu_481/grp_sa_ms_standard_conv_inplace_1_fu_570/grp_sa_conv2d_bn_40_71_118_240_333_426_535_1_fu_197/grp_sa_conv2d_int_43_74_429_536_1_fu_1003/mul_9ns_14ns_23_1_1_U60/tmp_product input system_i/spike_accel_0/inst/grp_sa_ms_all_conv_block_185_1_fu_481/grp_sa_ms_standard_conv_inplace_1_fu_570/grp_sa_conv2d_bn_40_71_118_240_333_426_535_1_fu_197/grp_sa_conv2d_int_43_74_429_536_1_fu_1003/mul_9ns_14ns_23_1_1_U60/tmp_product/B[17:0] is not pipelined. Pipelining DSP48 input will improve performance.
WARNING: [DRC DPIP-1] Input pipelining: DSP system_i/spike_accel_0/inst/grp_sa_ms_all_conv_block_185_1_fu_481/grp_sa_ms_standard_conv_inplace_1_fu_570/grp_sa_conv2d_bn_40_71_118_240_333_426_535_1_fu_197/grp_sa_conv2d_int_43_74_429_536_1_fu_1003/mul_ln80_reg_1859_reg input system_i/spike_accel_0/inst/grp_sa_ms_all_conv_block_185_1_fu_481/grp_sa_ms_standard_conv_inplace_1_fu_570/grp_sa_conv2d_bn_40_71_118_240_333_426_535_1_fu_197/grp_sa_conv2d_int_43_74_429_536_1_fu_1003/mul_ln80_reg_1859_reg/A[29:0] is not pipelined. Pipelining DSP48 input will improve performance.
WARNING: [DRC DPIP-1] Input pipelining: DSP system_i/spike_accel_0/inst/grp_sa_ms_all_conv_block_185_1_fu_481/grp_sa_ms_standard_conv_inplace_1_fu_570/grp_sa_conv2d_bn_40_71_118_240_333_426_535_1_fu_197/grp_sa_conv2d_int_43_74_429_536_1_fu_1003/tmp2_reg_1798_reg input system_i/spike_accel_0/inst/grp_sa_ms_all_conv_block_185_1_fu_481/grp_sa_ms_standard_conv_inplace_1_fu_570/grp_sa_conv2d_bn_40_71_118_240_333_426_535_1_fu_197/grp_sa_conv2d_int_43_74_429_536_1_fu_1003/tmp2_reg_1798_reg/A[29:0] is not pipelined. Pipelining DSP48 input will improve performance.
WARNING: [DRC DPIP-1] Input pipelining: DSP system_i/spike_accel_0/inst/grp_sa_ms_all_conv_block_185_1_fu_481/grp_sa_ms_standard_conv_inplace_1_fu_570/grp_sa_conv2d_bn_40_71_118_240_333_426_535_1_fu_197/mul_ln95_reg_716_reg input system_i/spike_accel_0/inst/grp_sa_ms_all_conv_block_185_1_fu_481/grp_sa_ms_standard_conv_inplace_1_fu_570/grp_sa_conv2d_bn_40_71_118_240_333_426_535_1_fu_197/mul_ln95_reg_716_reg/A[29:0] is not pipelined. Pipelining DSP48 input will improve performance.
WARNING: [DRC DPIP-1] Input pipelining: DSP system_i/spike_accel_0/inst/grp_sa_ms_all_conv_block_185_1_fu_481/grp_sa_ms_standard_conv_inplace_1_fu_570/grp_sa_conv2d_bn_40_71_118_240_333_426_535_1_fu_197/mul_ln95_reg_716_reg input system_i/spike_accel_0/inst/grp_sa_ms_all_conv_block_185_1_fu_481/grp_sa_ms_standard_conv_inplace_1_fu_570/grp_sa_conv2d_bn_40_71_118_240_333_426_535_1_fu_197/mul_ln95_reg_716_reg/B[17:0] is not pipelined. Pipelining DSP48 input will improve performance.
WARNING: [DRC DPIP-1] Input pipelining: DSP system_i/spike_accel_0/inst/grp_sa_ms_all_conv_block_185_1_fu_481/grp_sa_ms_standard_conv_inplace_1_fu_570/grp_sa_ms_standard_conv_inplace_1_Pipeline_VITIS_LOOP_36_1_VITIS_LOOP_37_2_fu_172/mul10_i_reg_1031_reg input system_i/spike_accel_0/inst/grp_sa_ms_all_conv_block_185_1_fu_481/grp_sa_ms_standard_conv_inplace_1_fu_570/grp_sa_ms_standard_conv_inplace_1_Pipeline_VITIS_LOOP_36_1_VITIS_LOOP_37_2_fu_172/mul10_i_reg_1031_reg/A[29:0] is not pipelined. Pipelining DSP48 input will improve performance.
WARNING: [DRC DPIP-1] Input pipelining: DSP system_i/spike_accel_0/inst/grp_sa_ms_all_conv_block_185_1_fu_481/grp_sa_ms_standard_conv_inplace_1_fu_570/mul_7ns_7ns_14_1_1_U224/tmp_product input system_i/spike_accel_0/inst/grp_sa_ms_all_conv_block_185_1_fu_481/grp_sa_ms_standard_conv_inplace_1_fu_570/mul_7ns_7ns_14_1_1_U224/tmp_product/A[29:0] is not pipelined. Pipelining DSP48 input will improve performance.
WARNING: [DRC DPIP-1] Input pipelining: DSP system_i/spike_accel_0/inst/grp_sa_ms_all_conv_block_185_1_fu_481/grp_sa_ms_standard_conv_inplace_1_fu_570/mul_7ns_7ns_14_1_1_U224/tmp_product input system_i/spike_accel_0/inst/grp_sa_ms_all_conv_block_185_1_fu_481/grp_sa_ms_standard_conv_inplace_1_fu_570/mul_7ns_7ns_14_1_1_U224/tmp_product/B[17:0] is not pipelined. Pipelining DSP48 input will improve performance.
WARNING: [DRC DPIP-1] Input pipelining: DSP system_i/spike_accel_0/inst/grp_sa_ms_all_conv_block_185_1_fu_481/grp_sa_ms_standard_conv_inplace_1_fu_570/mul_ln36_reg_338_reg input system_i/spike_accel_0/inst/grp_sa_ms_all_conv_block_185_1_fu_481/grp_sa_ms_standard_conv_inplace_1_fu_570/mul_ln36_reg_338_reg/B[17:0] is not pipelined. Pipelining DSP48 input will improve performance.
WARNING: [DRC DPIP-1] Input pipelining: DSP system_i/spike_accel_0/inst/grp_sa_ms_all_conv_block_185_1_fu_481/grp_sa_ms_standard_conv_inplace_fu_485/grp_sa_conv2d_bn_40_71_118_240_333_426_535_1_fu_221/bound_reg_710_reg input system_i/spike_accel_0/inst/grp_sa_ms_all_conv_block_185_1_fu_481/grp_sa_ms_standard_conv_inplace_fu_485/grp_sa_conv2d_bn_40_71_118_240_333_426_535_1_fu_221/bound_reg_710_reg/A[29:0] is not pipelined. Pipelining DSP48 input will improve performance.
WARNING: [DRC DPIP-1] Input pipelining: DSP system_i/spike_accel_0/inst/grp_sa_ms_all_conv_block_185_1_fu_481/grp_sa_ms_standard_conv_inplace_fu_485/grp_sa_conv2d_bn_40_71_118_240_333_426_535_1_fu_221/grp_sa_conv2d_int_43_74_429_536_1_fu_1003/mul_9ns_14ns_23_1_1_U60/tmp_product input system_i/spike_accel_0/inst/grp_sa_ms_all_conv_block_185_1_fu_481/grp_sa_ms_standard_conv_inplace_fu_485/grp_sa_conv2d_bn_40_71_118_240_333_426_535_1_fu_221/grp_sa_conv2d_int_43_74_429_536_1_fu_1003/mul_9ns_14ns_23_1_1_U60/tmp_product/A[29:0] is not pipelined. Pipelining DSP48 input will improve performance.
WARNING: [DRC DPIP-1] Input pipelining: DSP system_i/spike_accel_0/inst/grp_sa_ms_all_conv_block_185_1_fu_481/grp_sa_ms_standard_conv_inplace_fu_485/grp_sa_conv2d_bn_40_71_118_240_333_426_535_1_fu_221/grp_sa_conv2d_int_43_74_429_536_1_fu_1003/mul_ln80_reg_1859_reg input system_i/spike_accel_0/inst/grp_sa_ms_all_conv_block_185_1_fu_481/grp_sa_ms_standard_conv_inplace_fu_485/grp_sa_conv2d_bn_40_71_118_240_333_426_535_1_fu_221/grp_sa_conv2d_int_43_74_429_536_1_fu_1003/mul_ln80_reg_1859_reg/A[29:0] is not pipelined. Pipelining DSP48 input will improve performance.
WARNING: [DRC DPIP-1] Input pipelining: DSP system_i/spike_accel_0/inst/grp_sa_ms_all_conv_block_185_1_fu_481/grp_sa_ms_standard_conv_inplace_fu_485/grp_sa_conv2d_bn_40_71_118_240_333_426_535_1_fu_221/mul_ln95_reg_716_reg input system_i/spike_accel_0/inst/grp_sa_ms_all_conv_block_185_1_fu_481/grp_sa_ms_standard_conv_inplace_fu_485/grp_sa_conv2d_bn_40_71_118_240_333_426_535_1_fu_221/mul_ln95_reg_716_reg/A[29:0] is not pipelined. Pipelining DSP48 input will improve performance.
WARNING: [DRC DPIP-1] Input pipelining: DSP system_i/spike_accel_0/inst/grp_sa_ms_all_conv_block_185_1_fu_481/grp_sa_ms_standard_conv_inplace_fu_485/grp_sa_conv2d_bn_40_71_118_240_333_426_535_1_fu_221/mul_ln95_reg_716_reg input system_i/spike_accel_0/inst/grp_sa_ms_all_conv_block_185_1_fu_481/grp_sa_ms_standard_conv_inplace_fu_485/grp_sa_conv2d_bn_40_71_118_240_333_426_535_1_fu_221/mul_ln95_reg_716_reg/B[17:0] is not pipelined. Pipelining DSP48 input will improve performance.
WARNING: [DRC DPIP-1] Input pipelining: DSP system_i/spike_accel_0/inst/grp_sa_ms_all_conv_block_185_1_fu_481/grp_sa_ms_standard_conv_inplace_fu_485/mul_7ns_7ns_14_1_1_U165/tmp_product input system_i/spike_accel_0/inst/grp_sa_ms_all_conv_block_185_1_fu_481/grp_sa_ms_standard_conv_inplace_fu_485/mul_7ns_7ns_14_1_1_U165/tmp_product/A[29:0] is not pipelined. Pipelining DSP48 input will improve performance.
WARNING: [DRC DPIP-1] Input pipelining: DSP system_i/spike_accel_0/inst/grp_sa_ms_all_conv_block_185_1_fu_481/grp_sa_ms_standard_conv_inplace_fu_485/mul_7ns_7ns_14_1_1_U165/tmp_product input system_i/spike_accel_0/inst/grp_sa_ms_all_conv_block_185_1_fu_481/grp_sa_ms_standard_conv_inplace_fu_485/mul_7ns_7ns_14_1_1_U165/tmp_product/B[17:0] is not pipelined. Pipelining DSP48 input will improve performance.
WARNING: [DRC DPIP-1] Input pipelining: DSP system_i/spike_accel_0/inst/grp_sa_ms_all_conv_block_185_1_fu_481/grp_sa_ms_standard_conv_inplace_fu_485/mul_ln36_reg_362_reg input system_i/spike_accel_0/inst/grp_sa_ms_all_conv_block_185_1_fu_481/grp_sa_ms_standard_conv_inplace_fu_485/mul_ln36_reg_362_reg/B[17:0] is not pipelined. Pipelining DSP48 input will improve performance.
WARNING: [DRC DPIP-1] Input pipelining: DSP system_i/spike_accel_0/inst/grp_sa_ms_all_conv_block_185_1_fu_481/mul_ln105_reg_933_reg input system_i/spike_accel_0/inst/grp_sa_ms_all_conv_block_185_1_fu_481/mul_ln105_reg_933_reg/A[29:0] is not pipelined. Pipelining DSP48 input will improve performance.
WARNING: [DRC DPIP-1] Input pipelining: DSP system_i/spike_accel_0/inst/grp_sa_ms_all_conv_block_185_1_fu_481/mul_ln105_reg_933_reg input system_i/spike_accel_0/inst/grp_sa_ms_all_conv_block_185_1_fu_481/mul_ln105_reg_933_reg/B[17:0] is not pipelined. Pipelining DSP48 input will improve performance.
WARNING: [DRC DPIP-1] Input pipelining: DSP system_i/spike_accel_0/inst/grp_sa_ms_all_conv_block_185_1_fu_481/mul_ln85_1_reg_1060_reg input system_i/spike_accel_0/inst/grp_sa_ms_all_conv_block_185_1_fu_481/mul_ln85_1_reg_1060_reg/A[29:0] is not pipelined. Pipelining DSP48 input will improve performance.
WARNING: [DRC DPIP-1] Input pipelining: DSP system_i/spike_accel_0/inst/grp_sa_ms_all_conv_block_185_1_fu_481/mul_ln85_1_reg_1060_reg input system_i/spike_accel_0/inst/grp_sa_ms_all_conv_block_185_1_fu_481/mul_ln85_1_reg_1060_reg/B[17:0] is not pipelined. Pipelining DSP48 input will improve performance.
WARNING: [DRC DPIP-1] Input pipelining: DSP system_i/spike_accel_0/inst/grp_sa_ms_all_conv_block_185_1_fu_481/mul_ln85_reg_1019_reg input system_i/spike_accel_0/inst/grp_sa_ms_all_conv_block_185_1_fu_481/mul_ln85_reg_1019_reg/A[29:0] is not pipelined. Pipelining DSP48 input will improve performance.
WARNING: [DRC DPIP-1] Input pipelining: DSP system_i/spike_accel_0/inst/grp_sa_ms_all_conv_block_185_1_fu_481/trunc_ln85_reg_949_reg input system_i/spike_accel_0/inst/grp_sa_ms_all_conv_block_185_1_fu_481/trunc_ln85_reg_949_reg/A[29:0] is not pipelined. Pipelining DSP48 input will improve performance.
WARNING: [DRC DPIP-1] Input pipelining: DSP system_i/spike_accel_0/inst/grp_sa_ms_all_conv_block_185_1_fu_481/trunc_ln85_reg_949_reg input system_i/spike_accel_0/inst/grp_sa_ms_all_conv_block_185_1_fu_481/trunc_ln85_reg_949_reg/B[17:0] is not pipelined. Pipelining DSP48 input will improve performance.
WARNING: [DRC DPIP-1] Input pipelining: DSP system_i/spike_accel_0/inst/grp_sa_ms_downsampling_199_1_fu_628/grp_sa_conv2d_bn_40_71_118_240_333_426_535_1_fu_199/bound_reg_710_reg input system_i/spike_accel_0/inst/grp_sa_ms_downsampling_199_1_fu_628/grp_sa_conv2d_bn_40_71_118_240_333_426_535_1_fu_199/bound_reg_710_reg/A[29:0] is not pipelined. Pipelining DSP48 input will improve performance.
WARNING: [DRC DPIP-1] Input pipelining: DSP system_i/spike_accel_0/inst/grp_sa_ms_downsampling_199_1_fu_628/grp_sa_conv2d_bn_40_71_118_240_333_426_535_1_fu_199/bound_reg_710_reg input system_i/spike_accel_0/inst/grp_sa_ms_downsampling_199_1_fu_628/grp_sa_conv2d_bn_40_71_118_240_333_426_535_1_fu_199/bound_reg_710_reg/B[17:0] is not pipelined. Pipelining DSP48 input will improve performance.
WARNING: [DRC DPIP-1] Input pipelining: DSP system_i/spike_accel_0/inst/grp_sa_ms_downsampling_199_1_fu_628/grp_sa_conv2d_bn_40_71_118_240_333_426_535_1_fu_199/grp_sa_conv2d_int_43_74_429_536_1_fu_1003/mul_9ns_14ns_23_1_1_U60/tmp_product input system_i/spike_accel_0/inst/grp_sa_ms_downsampling_199_1_fu_628/grp_sa_conv2d_bn_40_71_118_240_333_426_535_1_fu_199/grp_sa_conv2d_int_43_74_429_536_1_fu_1003/mul_9ns_14ns_23_1_1_U60/tmp_product/A[29:0] is not pipelined. Pipelining DSP48 input will improve performance.
WARNING: [DRC DPIP-1] Input pipelining: DSP system_i/spike_accel_0/inst/grp_sa_ms_downsampling_199_1_fu_628/grp_sa_conv2d_bn_40_71_118_240_333_426_535_1_fu_199/grp_sa_conv2d_int_43_74_429_536_1_fu_1003/mul_9ns_14ns_23_1_1_U60/tmp_product input system_i/spike_accel_0/inst/grp_sa_ms_downsampling_199_1_fu_628/grp_sa_conv2d_bn_40_71_118_240_333_426_535_1_fu_199/grp_sa_conv2d_int_43_74_429_536_1_fu_1003/mul_9ns_14ns_23_1_1_U60/tmp_product/B[17:0] is not pipelined. Pipelining DSP48 input will improve performance.
WARNING: [DRC DPIP-1] Input pipelining: DSP system_i/spike_accel_0/inst/grp_sa_ms_downsampling_199_1_fu_628/grp_sa_conv2d_bn_40_71_118_240_333_426_535_1_fu_199/grp_sa_conv2d_int_43_74_429_536_1_fu_1003/mul_ln80_reg_1859_reg input system_i/spike_accel_0/inst/grp_sa_ms_downsampling_199_1_fu_628/grp_sa_conv2d_bn_40_71_118_240_333_426_535_1_fu_199/grp_sa_conv2d_int_43_74_429_536_1_fu_1003/mul_ln80_reg_1859_reg/A[29:0] is not pipelined. Pipelining DSP48 input will improve performance.
WARNING: [DRC DPIP-1] Input pipelining: DSP system_i/spike_accel_0/inst/grp_sa_ms_downsampling_199_1_fu_628/grp_sa_conv2d_bn_40_71_118_240_333_426_535_1_fu_199/grp_sa_conv2d_int_43_74_429_536_1_fu_1003/tmp2_reg_1798_reg input system_i/spike_accel_0/inst/grp_sa_ms_downsampling_199_1_fu_628/grp_sa_conv2d_bn_40_71_118_240_333_426_535_1_fu_199/grp_sa_conv2d_int_43_74_429_536_1_fu_1003/tmp2_reg_1798_reg/A[29:0] is not pipelined. Pipelining DSP48 input will improve performance.
WARNING: [DRC DPIP-1] Input pipelining: DSP system_i/spike_accel_0/inst/grp_sa_ms_downsampling_199_1_fu_628/grp_sa_conv2d_bn_40_71_118_240_333_426_535_1_fu_199/mul_ln95_reg_716_reg input system_i/spike_accel_0/inst/grp_sa_ms_downsampling_199_1_fu_628/grp_sa_conv2d_bn_40_71_118_240_333_426_535_1_fu_199/mul_ln95_reg_716_reg/A[29:0] is not pipelined. Pipelining DSP48 input will improve performance.
WARNING: [DRC DPIP-1] Input pipelining: DSP system_i/spike_accel_0/inst/grp_sa_ms_downsampling_199_1_fu_628/grp_sa_conv2d_bn_40_71_118_240_333_426_535_1_fu_199/mul_ln95_reg_716_reg input system_i/spike_accel_0/inst/grp_sa_ms_downsampling_199_1_fu_628/grp_sa_conv2d_bn_40_71_118_240_333_426_535_1_fu_199/mul_ln95_reg_716_reg/B[17:0] is not pipelined. Pipelining DSP48 input will improve performance.
WARNING: [DRC DPIP-1] Input pipelining: DSP system_i/spike_accel_0/inst/grp_sa_ms_downsampling_199_1_fu_628/grp_sa_ms_downsampling_199_1_Pipeline_VITIS_LOOP_36_1_VITIS_LOOP_37_2_fu_174/mul10_i_reg_1029_reg input system_i/spike_accel_0/inst/grp_sa_ms_downsampling_199_1_fu_628/grp_sa_ms_downsampling_199_1_Pipeline_VITIS_LOOP_36_1_VITIS_LOOP_37_2_fu_174/mul10_i_reg_1029_reg/B[17:0] is not pipelined. Pipelining DSP48 input will improve performance.
WARNING: [DRC DPIP-1] Input pipelining: DSP system_i/spike_accel_0/inst/grp_sa_ms_downsampling_199_1_fu_628/mul_7ns_7ns_14_1_1_U338/tmp_product input system_i/spike_accel_0/inst/grp_sa_ms_downsampling_199_1_fu_628/mul_7ns_7ns_14_1_1_U338/tmp_product/A[29:0] is not pipelined. Pipelining DSP48 input will improve performance.
WARNING: [DRC DPIP-1] Input pipelining: DSP system_i/spike_accel_0/inst/grp_sa_ms_downsampling_199_1_fu_628/mul_7ns_7ns_14_1_1_U338/tmp_product input system_i/spike_accel_0/inst/grp_sa_ms_downsampling_199_1_fu_628/mul_7ns_7ns_14_1_1_U338/tmp_product/B[17:0] is not pipelined. Pipelining DSP48 input will improve performance.
WARNING: [DRC DPIP-1] Input pipelining: DSP system_i/spike_accel_0/inst/grp_sa_ms_downsampling_199_1_fu_628/mul_ln36_reg_356_reg input system_i/spike_accel_0/inst/grp_sa_ms_downsampling_199_1_fu_628/mul_ln36_reg_356_reg/B[17:0] is not pipelined. Pipelining DSP48 input will improve performance.
WARNING: [DRC DPIP-1] Input pipelining: DSP system_i/spike_accel_0/inst/grp_sa_spike_sppf_1_fu_684/grp_sa_ms_standard_conv_inplace_2_fu_249/grp_sa_conv2d_bn_40_71_118_240_333_426_535_1_fu_169/bound_reg_710_reg input system_i/spike_accel_0/inst/grp_sa_spike_sppf_1_fu_684/grp_sa_ms_standard_conv_inplace_2_fu_249/grp_sa_conv2d_bn_40_71_118_240_333_426_535_1_fu_169/bound_reg_710_reg/A[29:0] is not pipelined. Pipelining DSP48 input will improve performance.
WARNING: [DRC DPIP-1] Input pipelining: DSP system_i/spike_accel_0/inst/grp_sa_spike_sppf_1_fu_684/grp_sa_ms_standard_conv_inplace_2_fu_249/grp_sa_conv2d_bn_40_71_118_240_333_426_535_1_fu_169/grp_sa_conv2d_int_43_74_429_536_1_fu_1003/mul_9ns_14ns_23_1_1_U60/tmp_product input system_i/spike_accel_0/inst/grp_sa_spike_sppf_1_fu_684/grp_sa_ms_standard_conv_inplace_2_fu_249/grp_sa_conv2d_bn_40_71_118_240_333_426_535_1_fu_169/grp_sa_conv2d_int_43_74_429_536_1_fu_1003/mul_9ns_14ns_23_1_1_U60/tmp_product/A[29:0] is not pipelined. Pipelining DSP48 input will improve performance.
WARNING: [DRC DPIP-1] Input pipelining: DSP system_i/spike_accel_0/inst/grp_sa_spike_sppf_1_fu_684/grp_sa_ms_standard_conv_inplace_2_fu_249/grp_sa_conv2d_bn_40_71_118_240_333_426_535_1_fu_169/grp_sa_conv2d_int_43_74_429_536_1_fu_1003/mul_ln80_reg_1859_reg input system_i/spike_accel_0/inst/grp_sa_spike_sppf_1_fu_684/grp_sa_ms_standard_conv_inplace_2_fu_249/grp_sa_conv2d_bn_40_71_118_240_333_426_535_1_fu_169/grp_sa_conv2d_int_43_74_429_536_1_fu_1003/mul_ln80_reg_1859_reg/A[29:0] is not pipelined. Pipelining DSP48 input will improve performance.
WARNING: [DRC DPIP-1] Input pipelining: DSP system_i/spike_accel_0/inst/grp_sa_spike_sppf_1_fu_684/grp_sa_ms_standard_conv_inplace_2_fu_249/grp_sa_conv2d_bn_40_71_118_240_333_426_535_1_fu_169/mul_ln95_reg_716_reg input system_i/spike_accel_0/inst/grp_sa_spike_sppf_1_fu_684/grp_sa_ms_standard_conv_inplace_2_fu_249/grp_sa_conv2d_bn_40_71_118_240_333_426_535_1_fu_169/mul_ln95_reg_716_reg/A[29:0] is not pipelined. Pipelining DSP48 input will improve performance.
WARNING: [DRC DPIP-1] Input pipelining: DSP system_i/spike_accel_0/inst/grp_sa_spike_sppf_1_fu_684/grp_sa_ms_standard_conv_inplace_2_fu_249/grp_sa_conv2d_bn_40_71_118_240_333_426_535_1_fu_169/mul_ln95_reg_716_reg input system_i/spike_accel_0/inst/grp_sa_spike_sppf_1_fu_684/grp_sa_ms_standard_conv_inplace_2_fu_249/grp_sa_conv2d_bn_40_71_118_240_333_426_535_1_fu_169/mul_ln95_reg_716_reg/B[17:0] is not pipelined. Pipelining DSP48 input will improve performance.
WARNING: [DRC DPOP-1] PREG Output pipelining: DSP system_i/spike_accel_0/inst/grp_sa_conv2d_bn_40_71_118_240_333_426_535_1_fu_721/grp_sa_conv2d_bn_40_71_118_240_333_426_535_1_Pipeline_VITIS_LOOP_95_2_VITIS_LOOP_96_s_fu_1030/mul_9ns_7ns_15_1_1_U95/tmp_product output system_i/spike_accel_0/inst/grp_sa_conv2d_bn_40_71_118_240_333_426_535_1_fu_721/grp_sa_conv2d_bn_40_71_118_240_333_426_535_1_Pipeline_VITIS_LOOP_95_2_VITIS_LOOP_96_s_fu_1030/mul_9ns_7ns_15_1_1_U95/tmp_product/P[47:0] is not pipelined (PREG=0). Pipelining the DSP48 output will improve performance and often saves power so it is suggested whenever possible to fully pipeline this function.  If this DSP48 function was inferred, it is suggested to describe an additional register stage after this function.  If the DSP48 was instantiated in the design, it is suggested to set the PREG attribute to 1.
WARNING: [DRC DPOP-1] PREG Output pipelining: DSP system_i/spike_accel_0/inst/grp_sa_conv2d_bn_40_71_118_240_333_426_535_1_fu_721/grp_sa_conv2d_int_43_74_429_536_1_fu_1003/mul_14ns_16ns_29_1_1_U55/tmp_product output system_i/spike_accel_0/inst/grp_sa_conv2d_bn_40_71_118_240_333_426_535_1_fu_721/grp_sa_conv2d_int_43_74_429_536_1_fu_1003/mul_14ns_16ns_29_1_1_U55/tmp_product/P[47:0] is not pipelined (PREG=0). Pipelining the DSP48 output will improve performance and often saves power so it is suggested whenever possible to fully pipeline this function.  If this DSP48 function was inferred, it is suggested to describe an additional register stage after this function.  If the DSP48 was instantiated in the design, it is suggested to set the PREG attribute to 1.
WARNING: [DRC DPOP-1] PREG Output pipelining: DSP system_i/spike_accel_0/inst/grp_sa_conv2d_bn_40_71_118_240_333_426_535_1_fu_721/grp_sa_conv2d_int_43_74_429_536_1_fu_1003/mul_16ns_7ns_23_1_1_U62/tmp_product output system_i/spike_accel_0/inst/grp_sa_conv2d_bn_40_71_118_240_333_426_535_1_fu_721/grp_sa_conv2d_int_43_74_429_536_1_fu_1003/mul_16ns_7ns_23_1_1_U62/tmp_product/P[47:0] is not pipelined (PREG=0). Pipelining the DSP48 output will improve performance and often saves power so it is suggested whenever possible to fully pipeline this function.  If this DSP48 function was inferred, it is suggested to describe an additional register stage after this function.  If the DSP48 was instantiated in the design, it is suggested to set the PREG attribute to 1.
WARNING: [DRC DPOP-1] PREG Output pipelining: DSP system_i/spike_accel_0/inst/grp_sa_conv2d_bn_40_71_118_240_333_426_535_1_fu_721/grp_sa_conv2d_int_43_74_429_536_1_fu_1003/mul_16ns_9ns_24_1_1_U54/tmp_product output system_i/spike_accel_0/inst/grp_sa_conv2d_bn_40_71_118_240_333_426_535_1_fu_721/grp_sa_conv2d_int_43_74_429_536_1_fu_1003/mul_16ns_9ns_24_1_1_U54/tmp_product/P[47:0] is not pipelined (PREG=0). Pipelining the DSP48 output will improve performance and often saves power so it is suggested whenever possible to fully pipeline this function.  If this DSP48 function was inferred, it is suggested to describe an additional register stage after this function.  If the DSP48 was instantiated in the design, it is suggested to set the PREG attribute to 1.
WARNING: [DRC DPOP-1] PREG Output pipelining: DSP system_i/spike_accel_0/inst/grp_sa_conv2d_bn_40_71_118_240_333_426_535_1_fu_721/grp_sa_conv2d_int_43_74_429_536_1_fu_1003/mul_6ns_24ns_30_1_1_U57/tmp_product output system_i/spike_accel_0/inst/grp_sa_conv2d_bn_40_71_118_240_333_426_535_1_fu_721/grp_sa_conv2d_int_43_74_429_536_1_fu_1003/mul_6ns_24ns_30_1_1_U57/tmp_product/P[47:0] is not pipelined (PREG=0). Pipelining the DSP48 output will improve performance and often saves power so it is suggested whenever possible to fully pipeline this function.  If this DSP48 function was inferred, it is suggested to describe an additional register stage after this function.  If the DSP48 was instantiated in the design, it is suggested to set the PREG attribute to 1.
WARNING: [DRC DPOP-1] PREG Output pipelining: DSP system_i/spike_accel_0/inst/grp_sa_conv2d_bn_40_71_118_240_333_426_535_1_fu_721/grp_sa_conv2d_int_43_74_429_536_1_fu_1003/mul_9ns_14ns_23_1_1_U60/tmp_product output system_i/spike_accel_0/inst/grp_sa_conv2d_bn_40_71_118_240_333_426_535_1_fu_721/grp_sa_conv2d_int_43_74_429_536_1_fu_1003/mul_9ns_14ns_23_1_1_U60/tmp_product/P[47:0] is not pipelined (PREG=0). Pipelining the DSP48 output will improve performance and often saves power so it is suggested whenever possible to fully pipeline this function.  If this DSP48 function was inferred, it is suggested to describe an additional register stage after this function.  If the DSP48 was instantiated in the design, it is suggested to set the PREG attribute to 1.
WARNING: [DRC DPOP-1] PREG Output pipelining: DSP system_i/spike_accel_0/inst/grp_sa_ms_all_conv_block_185_1_fu_481/grp_sa_ms_standard_conv_inplace_1_fu_570/grp_sa_conv2d_bn_40_71_118_240_333_426_535_1_fu_197/grp_sa_conv2d_bn_40_71_118_240_333_426_535_1_Pipeline_VITIS_LOOP_95_2_VITIS_LOOP_96_s_fu_1030/ama_addmuladd_15ns_13ns_7ns_7ns_21_4_1_U99/sa_tiny_fpga_top_ama_addmuladd_15ns_13ns_7ns_7ns_21_4_1_DSP48_0_U/p_reg_reg output system_i/spike_accel_0/inst/grp_sa_ms_all_conv_block_185_1_fu_481/grp_sa_ms_standard_conv_inplace_1_fu_570/grp_sa_conv2d_bn_40_71_118_240_333_426_535_1_fu_197/grp_sa_conv2d_bn_40_71_118_240_333_426_535_1_Pipeline_VITIS_LOOP_95_2_VITIS_LOOP_96_s_fu_1030/ama_addmuladd_15ns_13ns_7ns_7ns_21_4_1_U99/sa_tiny_fpga_top_ama_addmuladd_15ns_13ns_7ns_7ns_21_4_1_DSP48_0_U/p_reg_reg/P[47:0] is not pipelined (PREG=0). Pipelining the DSP48 output will improve performance and often saves power so it is suggested whenever possible to fully pipeline this function.  If this DSP48 function was inferred, it is suggested to describe an additional register stage after this function.  If the DSP48 was instantiated in the design, it is suggested to set the PREG attribute to 1.
WARNING: [DRC DPOP-1] PREG Output pipelining: DSP system_i/spike_accel_0/inst/grp_sa_ms_all_conv_block_185_1_fu_481/grp_sa_ms_standard_conv_inplace_1_fu_570/grp_sa_conv2d_bn_40_71_118_240_333_426_535_1_fu_197/grp_sa_conv2d_bn_40_71_118_240_333_426_535_1_Pipeline_VITIS_LOOP_95_2_VITIS_LOOP_96_s_fu_1030/ama_addmuladd_16ns_13ns_7ns_7ns_23_4_1_U101/sa_tiny_fpga_top_ama_addmuladd_16ns_13ns_7ns_7ns_23_4_1_DSP48_0_U/p_reg_reg output system_i/spike_accel_0/inst/grp_sa_ms_all_conv_block_185_1_fu_481/grp_sa_ms_standard_conv_inplace_1_fu_570/grp_sa_conv2d_bn_40_71_118_240_333_426_535_1_fu_197/grp_sa_conv2d_bn_40_71_118_240_333_426_535_1_Pipeline_VITIS_LOOP_95_2_VITIS_LOOP_96_s_fu_1030/ama_addmuladd_16ns_13ns_7ns_7ns_23_4_1_U101/sa_tiny_fpga_top_ama_addmuladd_16ns_13ns_7ns_7ns_23_4_1_DSP48_0_U/p_reg_reg/P[47:0] is not pipelined (PREG=0). Pipelining the DSP48 output will improve performance and often saves power so it is suggested whenever possible to fully pipeline this function.  If this DSP48 function was inferred, it is suggested to describe an additional register stage after this function.  If the DSP48 was instantiated in the design, it is suggested to set the PREG attribute to 1.
WARNING: [DRC DPOP-1] PREG Output pipelining: DSP system_i/spike_accel_0/inst/grp_sa_ms_all_conv_block_185_1_fu_481/grp_sa_ms_standard_conv_inplace_1_fu_570/grp_sa_conv2d_bn_40_71_118_240_333_426_535_1_fu_197/grp_sa_conv2d_bn_40_71_118_240_333_426_535_1_Pipeline_VITIS_LOOP_95_2_VITIS_LOOP_96_s_fu_1030/mul_9ns_7ns_15_1_1_U95/tmp_product output system_i/spike_accel_0/inst/grp_sa_ms_all_conv_block_185_1_fu_481/grp_sa_ms_standard_conv_inplace_1_fu_570/grp_sa_conv2d_bn_40_71_118_240_333_426_535_1_fu_197/grp_sa_conv2d_bn_40_71_118_240_333_426_535_1_Pipeline_VITIS_LOOP_95_2_VITIS_LOOP_96_s_fu_1030/mul_9ns_7ns_15_1_1_U95/tmp_product/P[47:0] is not pipelined (PREG=0). Pipelining the DSP48 output will improve performance and often saves power so it is suggested whenever possible to fully pipeline this function.  If this DSP48 function was inferred, it is suggested to describe an additional register stage after this function.  If the DSP48 was instantiated in the design, it is suggested to set the PREG attribute to 1.
WARNING: [DRC DPOP-1] PREG Output pipelining: DSP system_i/spike_accel_0/inst/grp_sa_ms_all_conv_block_185_1_fu_481/grp_sa_ms_standard_conv_inplace_1_fu_570/grp_sa_conv2d_bn_40_71_118_240_333_426_535_1_fu_197/grp_sa_conv2d_int_43_74_429_536_1_fu_1003/mul_14ns_16ns_29_1_1_U55/tmp_product output system_i/spike_accel_0/inst/grp_sa_ms_all_conv_block_185_1_fu_481/grp_sa_ms_standard_conv_inplace_1_fu_570/grp_sa_conv2d_bn_40_71_118_240_333_426_535_1_fu_197/grp_sa_conv2d_int_43_74_429_536_1_fu_1003/mul_14ns_16ns_29_1_1_U55/tmp_product/P[47:0] is not pipelined (PREG=0). Pipelining the DSP48 output will improve performance and often saves power so it is suggested whenever possible to fully pipeline this function.  If this DSP48 function was inferred, it is suggested to describe an additional register stage after this function.  If the DSP48 was instantiated in the design, it is suggested to set the PREG attribute to 1.
WARNING: [DRC DPOP-1] PREG Output pipelining: DSP system_i/spike_accel_0/inst/grp_sa_ms_all_conv_block_185_1_fu_481/grp_sa_ms_standard_conv_inplace_1_fu_570/grp_sa_conv2d_bn_40_71_118_240_333_426_535_1_fu_197/grp_sa_conv2d_int_43_74_429_536_1_fu_1003/mul_16ns_7ns_23_1_1_U62/tmp_product output system_i/spike_accel_0/inst/grp_sa_ms_all_conv_block_185_1_fu_481/grp_sa_ms_standard_conv_inplace_1_fu_570/grp_sa_conv2d_bn_40_71_118_240_333_426_535_1_fu_197/grp_sa_conv2d_int_43_74_429_536_1_fu_1003/mul_16ns_7ns_23_1_1_U62/tmp_product/P[47:0] is not pipelined (PREG=0). Pipelining the DSP48 output will improve performance and often saves power so it is suggested whenever possible to fully pipeline this function.  If this DSP48 function was inferred, it is suggested to describe an additional register stage after this function.  If the DSP48 was instantiated in the design, it is suggested to set the PREG attribute to 1.
WARNING: [DRC DPOP-1] PREG Output pipelining: DSP system_i/spike_accel_0/inst/grp_sa_ms_all_conv_block_185_1_fu_481/grp_sa_ms_standard_conv_inplace_1_fu_570/grp_sa_conv2d_bn_40_71_118_240_333_426_535_1_fu_197/grp_sa_conv2d_int_43_74_429_536_1_fu_1003/mul_16ns_9ns_24_1_1_U54/tmp_product output system_i/spike_accel_0/inst/grp_sa_ms_all_conv_block_185_1_fu_481/grp_sa_ms_standard_conv_inplace_1_fu_570/grp_sa_conv2d_bn_40_71_118_240_333_426_535_1_fu_197/grp_sa_conv2d_int_43_74_429_536_1_fu_1003/mul_16ns_9ns_24_1_1_U54/tmp_product/P[47:0] is not pipelined (PREG=0). Pipelining the DSP48 output will improve performance and often saves power so it is suggested whenever possible to fully pipeline this function.  If this DSP48 function was inferred, it is suggested to describe an additional register stage after this function.  If the DSP48 was instantiated in the design, it is suggested to set the PREG attribute to 1.
WARNING: [DRC DPOP-1] PREG Output pipelining: DSP system_i/spike_accel_0/inst/grp_sa_ms_all_conv_block_185_1_fu_481/grp_sa_ms_standard_conv_inplace_1_fu_570/grp_sa_conv2d_bn_40_71_118_240_333_426_535_1_fu_197/grp_sa_conv2d_int_43_74_429_536_1_fu_1003/mul_6ns_24ns_30_1_1_U57/tmp_product output system_i/spike_accel_0/inst/grp_sa_ms_all_conv_block_185_1_fu_481/grp_sa_ms_standard_conv_inplace_1_fu_570/grp_sa_conv2d_bn_40_71_118_240_333_426_535_1_fu_197/grp_sa_conv2d_int_43_74_429_536_1_fu_1003/mul_6ns_24ns_30_1_1_U57/tmp_product/P[47:0] is not pipelined (PREG=0). Pipelining the DSP48 output will improve performance and often saves power so it is suggested whenever possible to fully pipeline this function.  If this DSP48 function was inferred, it is suggested to describe an additional register stage after this function.  If the DSP48 was instantiated in the design, it is suggested to set the PREG attribute to 1.
WARNING: [DRC DPOP-1] PREG Output pipelining: DSP system_i/spike_accel_0/inst/grp_sa_ms_all_conv_block_185_1_fu_481/grp_sa_ms_standard_conv_inplace_1_fu_570/grp_sa_conv2d_bn_40_71_118_240_333_426_535_1_fu_197/grp_sa_conv2d_int_43_74_429_536_1_fu_1003/mul_9ns_14ns_23_1_1_U60/tmp_product output system_i/spike_accel_0/inst/grp_sa_ms_all_conv_block_185_1_fu_481/grp_sa_ms_standard_conv_inplace_1_fu_570/grp_sa_conv2d_bn_40_71_118_240_333_426_535_1_fu_197/grp_sa_conv2d_int_43_74_429_536_1_fu_1003/mul_9ns_14ns_23_1_1_U60/tmp_product/P[47:0] is not pipelined (PREG=0). Pipelining the DSP48 output will improve performance and often saves power so it is suggested whenever possible to fully pipeline this function.  If this DSP48 function was inferred, it is suggested to describe an additional register stage after this function.  If the DSP48 was instantiated in the design, it is suggested to set the PREG attribute to 1.
WARNING: [DRC DPOP-1] PREG Output pipelining: DSP system_i/spike_accel_0/inst/grp_sa_ms_all_conv_block_185_1_fu_481/grp_sa_ms_standard_conv_inplace_1_fu_570/mul_7ns_7ns_14_1_1_U224/tmp_product output system_i/spike_accel_0/inst/grp_sa_ms_all_conv_block_185_1_fu_481/grp_sa_ms_standard_conv_inplace_1_fu_570/mul_7ns_7ns_14_1_1_U224/tmp_product/P[47:0] is not pipelined (PREG=0). Pipelining the DSP48 output will improve performance and often saves power so it is suggested whenever possible to fully pipeline this function.  If this DSP48 function was inferred, it is suggested to describe an additional register stage after this function.  If the DSP48 was instantiated in the design, it is suggested to set the PREG attribute to 1.
WARNING: [DRC DPOP-1] PREG Output pipelining: DSP system_i/spike_accel_0/inst/grp_sa_ms_all_conv_block_185_1_fu_481/grp_sa_ms_standard_conv_inplace_fu_485/grp_sa_conv2d_bn_40_71_118_240_333_426_535_1_fu_221/grp_sa_conv2d_bn_40_71_118_240_333_426_535_1_Pipeline_VITIS_LOOP_95_2_VITIS_LOOP_96_s_fu_1030/ama_addmuladd_15ns_13ns_7ns_7ns_21_4_1_U99/sa_tiny_fpga_top_ama_addmuladd_15ns_13ns_7ns_7ns_21_4_1_DSP48_0_U/p_reg_reg output system_i/spike_accel_0/inst/grp_sa_ms_all_conv_block_185_1_fu_481/grp_sa_ms_standard_conv_inplace_fu_485/grp_sa_conv2d_bn_40_71_118_240_333_426_535_1_fu_221/grp_sa_conv2d_bn_40_71_118_240_333_426_535_1_Pipeline_VITIS_LOOP_95_2_VITIS_LOOP_96_s_fu_1030/ama_addmuladd_15ns_13ns_7ns_7ns_21_4_1_U99/sa_tiny_fpga_top_ama_addmuladd_15ns_13ns_7ns_7ns_21_4_1_DSP48_0_U/p_reg_reg/P[47:0] is not pipelined (PREG=0). Pipelining the DSP48 output will improve performance and often saves power so it is suggested whenever possible to fully pipeline this function.  If this DSP48 function was inferred, it is suggested to describe an additional register stage after this function.  If the DSP48 was instantiated in the design, it is suggested to set the PREG attribute to 1.
WARNING: [DRC DPOP-1] PREG Output pipelining: DSP system_i/spike_accel_0/inst/grp_sa_ms_all_conv_block_185_1_fu_481/grp_sa_ms_standard_conv_inplace_fu_485/grp_sa_conv2d_bn_40_71_118_240_333_426_535_1_fu_221/grp_sa_conv2d_bn_40_71_118_240_333_426_535_1_Pipeline_VITIS_LOOP_95_2_VITIS_LOOP_96_s_fu_1030/mul_9ns_7ns_15_1_1_U95/tmp_product output system_i/spike_accel_0/inst/grp_sa_ms_all_conv_block_185_1_fu_481/grp_sa_ms_standard_conv_inplace_fu_485/grp_sa_conv2d_bn_40_71_118_240_333_426_535_1_fu_221/grp_sa_conv2d_bn_40_71_118_240_333_426_535_1_Pipeline_VITIS_LOOP_95_2_VITIS_LOOP_96_s_fu_1030/mul_9ns_7ns_15_1_1_U95/tmp_product/P[47:0] is not pipelined (PREG=0). Pipelining the DSP48 output will improve performance and often saves power so it is suggested whenever possible to fully pipeline this function.  If this DSP48 function was inferred, it is suggested to describe an additional register stage after this function.  If the DSP48 was instantiated in the design, it is suggested to set the PREG attribute to 1.
WARNING: [DRC DPOP-1] PREG Output pipelining: DSP system_i/spike_accel_0/inst/grp_sa_ms_all_conv_block_185_1_fu_481/grp_sa_ms_standard_conv_inplace_fu_485/grp_sa_conv2d_bn_40_71_118_240_333_426_535_1_fu_221/grp_sa_conv2d_int_43_74_429_536_1_fu_1003/mul_14ns_16ns_29_1_1_U55/tmp_product output system_i/spike_accel_0/inst/grp_sa_ms_all_conv_block_185_1_fu_481/grp_sa_ms_standard_conv_inplace_fu_485/grp_sa_conv2d_bn_40_71_118_240_333_426_535_1_fu_221/grp_sa_conv2d_int_43_74_429_536_1_fu_1003/mul_14ns_16ns_29_1_1_U55/tmp_product/P[47:0] is not pipelined (PREG=0). Pipelining the DSP48 output will improve performance and often saves power so it is suggested whenever possible to fully pipeline this function.  If this DSP48 function was inferred, it is suggested to describe an additional register stage after this function.  If the DSP48 was instantiated in the design, it is suggested to set the PREG attribute to 1.
WARNING: [DRC DPOP-1] PREG Output pipelining: DSP system_i/spike_accel_0/inst/grp_sa_ms_all_conv_block_185_1_fu_481/grp_sa_ms_standard_conv_inplace_fu_485/grp_sa_conv2d_bn_40_71_118_240_333_426_535_1_fu_221/grp_sa_conv2d_int_43_74_429_536_1_fu_1003/mul_16ns_7ns_23_1_1_U62/tmp_product output system_i/spike_accel_0/inst/grp_sa_ms_all_conv_block_185_1_fu_481/grp_sa_ms_standard_conv_inplace_fu_485/grp_sa_conv2d_bn_40_71_118_240_333_426_535_1_fu_221/grp_sa_conv2d_int_43_74_429_536_1_fu_1003/mul_16ns_7ns_23_1_1_U62/tmp_product/P[47:0] is not pipelined (PREG=0). Pipelining the DSP48 output will improve performance and often saves power so it is suggested whenever possible to fully pipeline this function.  If this DSP48 function was inferred, it is suggested to describe an additional register stage after this function.  If the DSP48 was instantiated in the design, it is suggested to set the PREG attribute to 1.
WARNING: [DRC DPOP-1] PREG Output pipelining: DSP system_i/spike_accel_0/inst/grp_sa_ms_all_conv_block_185_1_fu_481/grp_sa_ms_standard_conv_inplace_fu_485/grp_sa_conv2d_bn_40_71_118_240_333_426_535_1_fu_221/grp_sa_conv2d_int_43_74_429_536_1_fu_1003/mul_16ns_9ns_24_1_1_U54/tmp_product output system_i/spike_accel_0/inst/grp_sa_ms_all_conv_block_185_1_fu_481/grp_sa_ms_standard_conv_inplace_fu_485/grp_sa_conv2d_bn_40_71_118_240_333_426_535_1_fu_221/grp_sa_conv2d_int_43_74_429_536_1_fu_1003/mul_16ns_9ns_24_1_1_U54/tmp_product/P[47:0] is not pipelined (PREG=0). Pipelining the DSP48 output will improve performance and often saves power so it is suggested whenever possible to fully pipeline this function.  If this DSP48 function was inferred, it is suggested to describe an additional register stage after this function.  If the DSP48 was instantiated in the design, it is suggested to set the PREG attribute to 1.
WARNING: [DRC DPOP-1] PREG Output pipelining: DSP system_i/spike_accel_0/inst/grp_sa_ms_all_conv_block_185_1_fu_481/grp_sa_ms_standard_conv_inplace_fu_485/grp_sa_conv2d_bn_40_71_118_240_333_426_535_1_fu_221/grp_sa_conv2d_int_43_74_429_536_1_fu_1003/mul_6ns_24ns_30_1_1_U57/tmp_product output system_i/spike_accel_0/inst/grp_sa_ms_all_conv_block_185_1_fu_481/grp_sa_ms_standard_conv_inplace_fu_485/grp_sa_conv2d_bn_40_71_118_240_333_426_535_1_fu_221/grp_sa_conv2d_int_43_74_429_536_1_fu_1003/mul_6ns_24ns_30_1_1_U57/tmp_product/P[47:0] is not pipelined (PREG=0). Pipelining the DSP48 output will improve performance and often saves power so it is suggested whenever possible to fully pipeline this function.  If this DSP48 function was inferred, it is suggested to describe an additional register stage after this function.  If the DSP48 was instantiated in the design, it is suggested to set the PREG attribute to 1.
WARNING: [DRC DPOP-1] PREG Output pipelining: DSP system_i/spike_accel_0/inst/grp_sa_ms_all_conv_block_185_1_fu_481/grp_sa_ms_standard_conv_inplace_fu_485/grp_sa_conv2d_bn_40_71_118_240_333_426_535_1_fu_221/grp_sa_conv2d_int_43_74_429_536_1_fu_1003/mul_9ns_14ns_23_1_1_U60/tmp_product output system_i/spike_accel_0/inst/grp_sa_ms_all_conv_block_185_1_fu_481/grp_sa_ms_standard_conv_inplace_fu_485/grp_sa_conv2d_bn_40_71_118_240_333_426_535_1_fu_221/grp_sa_conv2d_int_43_74_429_536_1_fu_1003/mul_9ns_14ns_23_1_1_U60/tmp_product/P[47:0] is not pipelined (PREG=0). Pipelining the DSP48 output will improve performance and often saves power so it is suggested whenever possible to fully pipeline this function.  If this DSP48 function was inferred, it is suggested to describe an additional register stage after this function.  If the DSP48 was instantiated in the design, it is suggested to set the PREG attribute to 1.
WARNING: [DRC DPOP-1] PREG Output pipelining: DSP system_i/spike_accel_0/inst/grp_sa_ms_all_conv_block_185_1_fu_481/grp_sa_ms_standard_conv_inplace_fu_485/mul_7ns_7ns_14_1_1_U165/tmp_product output system_i/spike_accel_0/inst/grp_sa_ms_all_conv_block_185_1_fu_481/grp_sa_ms_standard_conv_inplace_fu_485/mul_7ns_7ns_14_1_1_U165/tmp_product/P[47:0] is not pipelined (PREG=0). Pipelining the DSP48 output will improve performance and often saves power so it is suggested whenever possible to fully pipeline this function.  If this DSP48 function was inferred, it is suggested to describe an additional register stage after this function.  If the DSP48 was instantiated in the design, it is suggested to set the PREG attribute to 1.
WARNING: [DRC DPOP-1] PREG Output pipelining: DSP system_i/spike_accel_0/inst/grp_sa_ms_downsampling_199_1_fu_628/grp_sa_conv2d_bn_40_71_118_240_333_426_535_1_fu_199/grp_sa_conv2d_bn_40_71_118_240_333_426_535_1_Pipeline_VITIS_LOOP_95_2_VITIS_LOOP_96_s_fu_1030/mul_9ns_7ns_15_1_1_U95/tmp_product output system_i/spike_accel_0/inst/grp_sa_ms_downsampling_199_1_fu_628/grp_sa_conv2d_bn_40_71_118_240_333_426_535_1_fu_199/grp_sa_conv2d_bn_40_71_118_240_333_426_535_1_Pipeline_VITIS_LOOP_95_2_VITIS_LOOP_96_s_fu_1030/mul_9ns_7ns_15_1_1_U95/tmp_product/P[47:0] is not pipelined (PREG=0). Pipelining the DSP48 output will improve performance and often saves power so it is suggested whenever possible to fully pipeline this function.  If this DSP48 function was inferred, it is suggested to describe an additional register stage after this function.  If the DSP48 was instantiated in the design, it is suggested to set the PREG attribute to 1.
WARNING: [DRC DPOP-1] PREG Output pipelining: DSP system_i/spike_accel_0/inst/grp_sa_ms_downsampling_199_1_fu_628/grp_sa_conv2d_bn_40_71_118_240_333_426_535_1_fu_199/grp_sa_conv2d_int_43_74_429_536_1_fu_1003/mul_14ns_16ns_29_1_1_U55/tmp_product output system_i/spike_accel_0/inst/grp_sa_ms_downsampling_199_1_fu_628/grp_sa_conv2d_bn_40_71_118_240_333_426_535_1_fu_199/grp_sa_conv2d_int_43_74_429_536_1_fu_1003/mul_14ns_16ns_29_1_1_U55/tmp_product/P[47:0] is not pipelined (PREG=0). Pipelining the DSP48 output will improve performance and often saves power so it is suggested whenever possible to fully pipeline this function.  If this DSP48 function was inferred, it is suggested to describe an additional register stage after this function.  If the DSP48 was instantiated in the design, it is suggested to set the PREG attribute to 1.
WARNING: [DRC DPOP-1] PREG Output pipelining: DSP system_i/spike_accel_0/inst/grp_sa_ms_downsampling_199_1_fu_628/grp_sa_conv2d_bn_40_71_118_240_333_426_535_1_fu_199/grp_sa_conv2d_int_43_74_429_536_1_fu_1003/mul_16ns_7ns_23_1_1_U62/tmp_product output system_i/spike_accel_0/inst/grp_sa_ms_downsampling_199_1_fu_628/grp_sa_conv2d_bn_40_71_118_240_333_426_535_1_fu_199/grp_sa_conv2d_int_43_74_429_536_1_fu_1003/mul_16ns_7ns_23_1_1_U62/tmp_product/P[47:0] is not pipelined (PREG=0). Pipelining the DSP48 output will improve performance and often saves power so it is suggested whenever possible to fully pipeline this function.  If this DSP48 function was inferred, it is suggested to describe an additional register stage after this function.  If the DSP48 was instantiated in the design, it is suggested to set the PREG attribute to 1.
WARNING: [DRC DPOP-1] PREG Output pipelining: DSP system_i/spike_accel_0/inst/grp_sa_ms_downsampling_199_1_fu_628/grp_sa_conv2d_bn_40_71_118_240_333_426_535_1_fu_199/grp_sa_conv2d_int_43_74_429_536_1_fu_1003/mul_16ns_9ns_24_1_1_U54/tmp_product output system_i/spike_accel_0/inst/grp_sa_ms_downsampling_199_1_fu_628/grp_sa_conv2d_bn_40_71_118_240_333_426_535_1_fu_199/grp_sa_conv2d_int_43_74_429_536_1_fu_1003/mul_16ns_9ns_24_1_1_U54/tmp_product/P[47:0] is not pipelined (PREG=0). Pipelining the DSP48 output will improve performance and often saves power so it is suggested whenever possible to fully pipeline this function.  If this DSP48 function was inferred, it is suggested to describe an additional register stage after this function.  If the DSP48 was instantiated in the design, it is suggested to set the PREG attribute to 1.
WARNING: [DRC DPOP-1] PREG Output pipelining: DSP system_i/spike_accel_0/inst/grp_sa_ms_downsampling_199_1_fu_628/grp_sa_conv2d_bn_40_71_118_240_333_426_535_1_fu_199/grp_sa_conv2d_int_43_74_429_536_1_fu_1003/mul_6ns_24ns_30_1_1_U57/tmp_product output system_i/spike_accel_0/inst/grp_sa_ms_downsampling_199_1_fu_628/grp_sa_conv2d_bn_40_71_118_240_333_426_535_1_fu_199/grp_sa_conv2d_int_43_74_429_536_1_fu_1003/mul_6ns_24ns_30_1_1_U57/tmp_product/P[47:0] is not pipelined (PREG=0). Pipelining the DSP48 output will improve performance and often saves power so it is suggested whenever possible to fully pipeline this function.  If this DSP48 function was inferred, it is suggested to describe an additional register stage after this function.  If the DSP48 was instantiated in the design, it is suggested to set the PREG attribute to 1.
WARNING: [DRC DPOP-1] PREG Output pipelining: DSP system_i/spike_accel_0/inst/grp_sa_ms_downsampling_199_1_fu_628/grp_sa_conv2d_bn_40_71_118_240_333_426_535_1_fu_199/grp_sa_conv2d_int_43_74_429_536_1_fu_1003/mul_9ns_14ns_23_1_1_U60/tmp_product output system_i/spike_accel_0/inst/grp_sa_ms_downsampling_199_1_fu_628/grp_sa_conv2d_bn_40_71_118_240_333_426_535_1_fu_199/grp_sa_conv2d_int_43_74_429_536_1_fu_1003/mul_9ns_14ns_23_1_1_U60/tmp_product/P[47:0] is not pipelined (PREG=0). Pipelining the DSP48 output will improve performance and often saves power so it is suggested whenever possible to fully pipeline this function.  If this DSP48 function was inferred, it is suggested to describe an additional register stage after this function.  If the DSP48 was instantiated in the design, it is suggested to set the PREG attribute to 1.
WARNING: [DRC DPOP-1] PREG Output pipelining: DSP system_i/spike_accel_0/inst/grp_sa_ms_downsampling_199_1_fu_628/mul_7ns_7ns_14_1_1_U338/tmp_product output system_i/spike_accel_0/inst/grp_sa_ms_downsampling_199_1_fu_628/mul_7ns_7ns_14_1_1_U338/tmp_product/P[47:0] is not pipelined (PREG=0). Pipelining the DSP48 output will improve performance and often saves power so it is suggested whenever possible to fully pipeline this function.  If this DSP48 function was inferred, it is suggested to describe an additional register stage after this function.  If the DSP48 was instantiated in the design, it is suggested to set the PREG attribute to 1.
WARNING: [DRC DPOP-1] PREG Output pipelining: DSP system_i/spike_accel_0/inst/grp_sa_spike_sppf_1_fu_684/grp_sa_ms_standard_conv_inplace_2_fu_249/grp_sa_conv2d_bn_40_71_118_240_333_426_535_1_fu_169/grp_sa_conv2d_bn_40_71_118_240_333_426_535_1_Pipeline_VITIS_LOOP_95_2_VITIS_LOOP_96_s_fu_1030/mul_9ns_7ns_15_1_1_U95/tmp_product output system_i/spike_accel_0/inst/grp_sa_spike_sppf_1_fu_684/grp_sa_ms_standard_conv_inplace_2_fu_249/grp_sa_conv2d_bn_40_71_118_240_333_426_535_1_fu_169/grp_sa_conv2d_bn_40_71_118_240_333_426_535_1_Pipeline_VITIS_LOOP_95_2_VITIS_LOOP_96_s_fu_1030/mul_9ns_7ns_15_1_1_U95/tmp_product/P[47:0] is not pipelined (PREG=0). Pipelining the DSP48 output will improve performance and often saves power so it is suggested whenever possible to fully pipeline this function.  If this DSP48 function was inferred, it is suggested to describe an additional register stage after this function.  If the DSP48 was instantiated in the design, it is suggested to set the PREG attribute to 1.
WARNING: [DRC DPOP-1] PREG Output pipelining: DSP system_i/spike_accel_0/inst/grp_sa_spike_sppf_1_fu_684/grp_sa_ms_standard_conv_inplace_2_fu_249/grp_sa_conv2d_bn_40_71_118_240_333_426_535_1_fu_169/grp_sa_conv2d_int_43_74_429_536_1_fu_1003/mul_14ns_16ns_29_1_1_U55/tmp_product output system_i/spike_accel_0/inst/grp_sa_spike_sppf_1_fu_684/grp_sa_ms_standard_conv_inplace_2_fu_249/grp_sa_conv2d_bn_40_71_118_240_333_426_535_1_fu_169/grp_sa_conv2d_int_43_74_429_536_1_fu_1003/mul_14ns_16ns_29_1_1_U55/tmp_product/P[47:0] is not pipelined (PREG=0). Pipelining the DSP48 output will improve performance and often saves power so it is suggested whenever possible to fully pipeline this function.  If this DSP48 function was inferred, it is suggested to describe an additional register stage after this function.  If the DSP48 was instantiated in the design, it is suggested to set the PREG attribute to 1.
WARNING: [DRC DPOP-1] PREG Output pipelining: DSP system_i/spike_accel_0/inst/grp_sa_spike_sppf_1_fu_684/grp_sa_ms_standard_conv_inplace_2_fu_249/grp_sa_conv2d_bn_40_71_118_240_333_426_535_1_fu_169/grp_sa_conv2d_int_43_74_429_536_1_fu_1003/mul_16ns_7ns_23_1_1_U62/tmp_product output system_i/spike_accel_0/inst/grp_sa_spike_sppf_1_fu_684/grp_sa_ms_standard_conv_inplace_2_fu_249/grp_sa_conv2d_bn_40_71_118_240_333_426_535_1_fu_169/grp_sa_conv2d_int_43_74_429_536_1_fu_1003/mul_16ns_7ns_23_1_1_U62/tmp_product/P[47:0] is not pipelined (PREG=0). Pipelining the DSP48 output will improve performance and often saves power so it is suggested whenever possible to fully pipeline this function.  If this DSP48 function was inferred, it is suggested to describe an additional register stage after this function.  If the DSP48 was instantiated in the design, it is suggested to set the PREG attribute to 1.
WARNING: [DRC DPOP-1] PREG Output pipelining: DSP system_i/spike_accel_0/inst/grp_sa_spike_sppf_1_fu_684/grp_sa_ms_standard_conv_inplace_2_fu_249/grp_sa_conv2d_bn_40_71_118_240_333_426_535_1_fu_169/grp_sa_conv2d_int_43_74_429_536_1_fu_1003/mul_16ns_9ns_24_1_1_U54/tmp_product output system_i/spike_accel_0/inst/grp_sa_spike_sppf_1_fu_684/grp_sa_ms_standard_conv_inplace_2_fu_249/grp_sa_conv2d_bn_40_71_118_240_333_426_535_1_fu_169/grp_sa_conv2d_int_43_74_429_536_1_fu_1003/mul_16ns_9ns_24_1_1_U54/tmp_product/P[47:0] is not pipelined (PREG=0). Pipelining the DSP48 output will improve performance and often saves power so it is suggested whenever possible to fully pipeline this function.  If this DSP48 function was inferred, it is suggested to describe an additional register stage after this function.  If the DSP48 was instantiated in the design, it is suggested to set the PREG attribute to 1.
WARNING: [DRC DPOP-1] PREG Output pipelining: DSP system_i/spike_accel_0/inst/grp_sa_spike_sppf_1_fu_684/grp_sa_ms_standard_conv_inplace_2_fu_249/grp_sa_conv2d_bn_40_71_118_240_333_426_535_1_fu_169/grp_sa_conv2d_int_43_74_429_536_1_fu_1003/mul_6ns_24ns_30_1_1_U57/tmp_product output system_i/spike_accel_0/inst/grp_sa_spike_sppf_1_fu_684/grp_sa_ms_standard_conv_inplace_2_fu_249/grp_sa_conv2d_bn_40_71_118_240_333_426_535_1_fu_169/grp_sa_conv2d_int_43_74_429_536_1_fu_1003/mul_6ns_24ns_30_1_1_U57/tmp_product/P[47:0] is not pipelined (PREG=0). Pipelining the DSP48 output will improve performance and often saves power so it is suggested whenever possible to fully pipeline this function.  If this DSP48 function was inferred, it is suggested to describe an additional register stage after this function.  If the DSP48 was instantiated in the design, it is suggested to set the PREG attribute to 1.
WARNING: [DRC DPOP-1] PREG Output pipelining: DSP system_i/spike_accel_0/inst/grp_sa_spike_sppf_1_fu_684/grp_sa_ms_standard_conv_inplace_2_fu_249/grp_sa_conv2d_bn_40_71_118_240_333_426_535_1_fu_169/grp_sa_conv2d_int_43_74_429_536_1_fu_1003/mul_9ns_14ns_23_1_1_U60/tmp_product output system_i/spike_accel_0/inst/grp_sa_spike_sppf_1_fu_684/grp_sa_ms_standard_conv_inplace_2_fu_249/grp_sa_conv2d_bn_40_71_118_240_333_426_535_1_fu_169/grp_sa_conv2d_int_43_74_429_536_1_fu_1003/mul_9ns_14ns_23_1_1_U60/tmp_product/P[47:0] is not pipelined (PREG=0). Pipelining the DSP48 output will improve performance and often saves power so it is suggested whenever possible to fully pipeline this function.  If this DSP48 function was inferred, it is suggested to describe an additional register stage after this function.  If the DSP48 was instantiated in the design, it is suggested to set the PREG attribute to 1.
WARNING: [DRC DPOP-2] MREG Output pipelining: DSP system_i/spike_accel_0/inst/grp_sa_conv2d_bn_40_71_118_240_333_426_1_fu_666/grp_sa_conv2d_int_43_74_429_1_fu_366/grp_sa_conv2d_int_43_74_429_1_Pipeline_VITIS_LOOP_97_7_VITIS_LOOP_98_8_VITIS_LOOP_99_fu_97/empty_196_reg_7522_reg multiplier stage system_i/spike_accel_0/inst/grp_sa_conv2d_bn_40_71_118_240_333_426_1_fu_666/grp_sa_conv2d_int_43_74_429_1_fu_366/grp_sa_conv2d_int_43_74_429_1_Pipeline_VITIS_LOOP_97_7_VITIS_LOOP_98_8_VITIS_LOOP_99_fu_97/empty_196_reg_7522_reg/P[47:0] is not pipelined (MREG=0). Pipelining the multiplier function will improve performance and will save significant power so it is suggested whenever possible to fully pipeline this function.  If this multiplier was inferred, it is suggested to describe an additional register stage after this function.  If there is no registered adder/accumulator following the multiply function, two pipeline stages are suggested to allow both the MREG and PREG registers to be used.  If the DSP48 was instantiated in the design, it is suggested to set both the MREG and PREG attributes to 1 when performing multiply functions.
WARNING: [DRC DPOP-2] MREG Output pipelining: DSP system_i/spike_accel_0/inst/grp_sa_conv2d_bn_40_71_118_240_333_426_535_1_fu_721/bound_reg_710_reg multiplier stage system_i/spike_accel_0/inst/grp_sa_conv2d_bn_40_71_118_240_333_426_535_1_fu_721/bound_reg_710_reg/P[47:0] is not pipelined (MREG=0). Pipelining the multiplier function will improve performance and will save significant power so it is suggested whenever possible to fully pipeline this function.  If this multiplier was inferred, it is suggested to describe an additional register stage after this function.  If there is no registered adder/accumulator following the multiply function, two pipeline stages are suggested to allow both the MREG and PREG registers to be used.  If the DSP48 was instantiated in the design, it is suggested to set both the MREG and PREG attributes to 1 when performing multiply functions.
WARNING: [DRC DPOP-2] MREG Output pipelining: DSP system_i/spike_accel_0/inst/grp_sa_conv2d_bn_40_71_118_240_333_426_535_1_fu_721/grp_sa_conv2d_bn_40_71_118_240_333_426_535_1_Pipeline_VITIS_LOOP_95_2_VITIS_LOOP_96_s_fu_1030/mul26_2_cast_reg_788_reg multiplier stage system_i/spike_accel_0/inst/grp_sa_conv2d_bn_40_71_118_240_333_426_535_1_fu_721/grp_sa_conv2d_bn_40_71_118_240_333_426_535_1_Pipeline_VITIS_LOOP_95_2_VITIS_LOOP_96_s_fu_1030/mul26_2_cast_reg_788_reg/P[47:0] is not pipelined (MREG=0). Pipelining the multiplier function will improve performance and will save significant power so it is suggested whenever possible to fully pipeline this function.  If this multiplier was inferred, it is suggested to describe an additional register stage after this function.  If there is no registered adder/accumulator following the multiply function, two pipeline stages are suggested to allow both the MREG and PREG registers to be used.  If the DSP48 was instantiated in the design, it is suggested to set both the MREG and PREG attributes to 1 when performing multiply functions.
WARNING: [DRC DPOP-2] MREG Output pipelining: DSP system_i/spike_accel_0/inst/grp_sa_conv2d_bn_40_71_118_240_333_426_535_1_fu_721/grp_sa_conv2d_bn_40_71_118_240_333_426_535_1_Pipeline_VITIS_LOOP_95_2_VITIS_LOOP_96_s_fu_1030/mul_9ns_7ns_15_1_1_U95/tmp_product multiplier stage system_i/spike_accel_0/inst/grp_sa_conv2d_bn_40_71_118_240_333_426_535_1_fu_721/grp_sa_conv2d_bn_40_71_118_240_333_426_535_1_Pipeline_VITIS_LOOP_95_2_VITIS_LOOP_96_s_fu_1030/mul_9ns_7ns_15_1_1_U95/tmp_product/P[47:0] is not pipelined (MREG=0). Pipelining the multiplier function will improve performance and will save significant power so it is suggested whenever possible to fully pipeline this function.  If this multiplier was inferred, it is suggested to describe an additional register stage after this function.  If there is no registered adder/accumulator following the multiply function, two pipeline stages are suggested to allow both the MREG and PREG registers to be used.  If the DSP48 was instantiated in the design, it is suggested to set both the MREG and PREG attributes to 1 when performing multiply functions.
WARNING: [DRC DPOP-2] MREG Output pipelining: DSP system_i/spike_accel_0/inst/grp_sa_conv2d_bn_40_71_118_240_333_426_535_1_fu_721/grp_sa_conv2d_int_43_74_429_536_1_fu_1003/mul_14ns_16ns_29_1_1_U55/tmp_product multiplier stage system_i/spike_accel_0/inst/grp_sa_conv2d_bn_40_71_118_240_333_426_535_1_fu_721/grp_sa_conv2d_int_43_74_429_536_1_fu_1003/mul_14ns_16ns_29_1_1_U55/tmp_product/P[47:0] is not pipelined (MREG=0). Pipelining the multiplier function will improve performance and will save significant power so it is suggested whenever possible to fully pipeline this function.  If this multiplier was inferred, it is suggested to describe an additional register stage after this function.  If there is no registered adder/accumulator following the multiply function, two pipeline stages are suggested to allow both the MREG and PREG registers to be used.  If the DSP48 was instantiated in the design, it is suggested to set both the MREG and PREG attributes to 1 when performing multiply functions.
WARNING: [DRC DPOP-2] MREG Output pipelining: DSP system_i/spike_accel_0/inst/grp_sa_conv2d_bn_40_71_118_240_333_426_535_1_fu_721/grp_sa_conv2d_int_43_74_429_536_1_fu_1003/mul_16ns_7ns_23_1_1_U62/tmp_product multiplier stage system_i/spike_accel_0/inst/grp_sa_conv2d_bn_40_71_118_240_333_426_535_1_fu_721/grp_sa_conv2d_int_43_74_429_536_1_fu_1003/mul_16ns_7ns_23_1_1_U62/tmp_product/P[47:0] is not pipelined (MREG=0). Pipelining the multiplier function will improve performance and will save significant power so it is suggested whenever possible to fully pipeline this function.  If this multiplier was inferred, it is suggested to describe an additional register stage after this function.  If there is no registered adder/accumulator following the multiply function, two pipeline stages are suggested to allow both the MREG and PREG registers to be used.  If the DSP48 was instantiated in the design, it is suggested to set both the MREG and PREG attributes to 1 when performing multiply functions.
WARNING: [DRC DPOP-2] MREG Output pipelining: DSP system_i/spike_accel_0/inst/grp_sa_conv2d_bn_40_71_118_240_333_426_535_1_fu_721/grp_sa_conv2d_int_43_74_429_536_1_fu_1003/mul_16ns_9ns_24_1_1_U54/tmp_product multiplier stage system_i/spike_accel_0/inst/grp_sa_conv2d_bn_40_71_118_240_333_426_535_1_fu_721/grp_sa_conv2d_int_43_74_429_536_1_fu_1003/mul_16ns_9ns_24_1_1_U54/tmp_product/P[47:0] is not pipelined (MREG=0). Pipelining the multiplier function will improve performance and will save significant power so it is suggested whenever possible to fully pipeline this function.  If this multiplier was inferred, it is suggested to describe an additional register stage after this function.  If there is no registered adder/accumulator following the multiply function, two pipeline stages are suggested to allow both the MREG and PREG registers to be used.  If the DSP48 was instantiated in the design, it is suggested to set both the MREG and PREG attributes to 1 when performing multiply functions.
WARNING: [DRC DPOP-2] MREG Output pipelining: DSP system_i/spike_accel_0/inst/grp_sa_conv2d_bn_40_71_118_240_333_426_535_1_fu_721/grp_sa_conv2d_int_43_74_429_536_1_fu_1003/mul_23s_7ns_30_1_1_U59/tmp_product multiplier stage system_i/spike_accel_0/inst/grp_sa_conv2d_bn_40_71_118_240_333_426_535_1_fu_721/grp_sa_conv2d_int_43_74_429_536_1_fu_1003/mul_23s_7ns_30_1_1_U59/tmp_product/P[47:0] is not pipelined (MREG=0). Pipelining the multiplier function will improve performance and will save significant power so it is suggested whenever possible to fully pipeline this function.  If this multiplier was inferred, it is suggested to describe an additional register stage after this function.  If there is no registered adder/accumulator following the multiply function, two pipeline stages are suggested to allow both the MREG and PREG registers to be used.  If the DSP48 was instantiated in the design, it is suggested to set both the MREG and PREG attributes to 1 when performing multiply functions.
WARNING: [DRC DPOP-2] MREG Output pipelining: DSP system_i/spike_accel_0/inst/grp_sa_conv2d_bn_40_71_118_240_333_426_535_1_fu_721/grp_sa_conv2d_int_43_74_429_536_1_fu_1003/mul_6ns_24ns_30_1_1_U57/tmp_product multiplier stage system_i/spike_accel_0/inst/grp_sa_conv2d_bn_40_71_118_240_333_426_535_1_fu_721/grp_sa_conv2d_int_43_74_429_536_1_fu_1003/mul_6ns_24ns_30_1_1_U57/tmp_product/P[47:0] is not pipelined (MREG=0). Pipelining the multiplier function will improve performance and will save significant power so it is suggested whenever possible to fully pipeline this function.  If this multiplier was inferred, it is suggested to describe an additional register stage after this function.  If there is no registered adder/accumulator following the multiply function, two pipeline stages are suggested to allow both the MREG and PREG registers to be used.  If the DSP48 was instantiated in the design, it is suggested to set both the MREG and PREG attributes to 1 when performing multiply functions.
WARNING: [DRC DPOP-2] MREG Output pipelining: DSP system_i/spike_accel_0/inst/grp_sa_conv2d_bn_40_71_118_240_333_426_535_1_fu_721/grp_sa_conv2d_int_43_74_429_536_1_fu_1003/mul_9ns_14ns_23_1_1_U60/tmp_product multiplier stage system_i/spike_accel_0/inst/grp_sa_conv2d_bn_40_71_118_240_333_426_535_1_fu_721/grp_sa_conv2d_int_43_74_429_536_1_fu_1003/mul_9ns_14ns_23_1_1_U60/tmp_product/P[47:0] is not pipelined (MREG=0). Pipelining the multiplier function will improve performance and will save significant power so it is suggested whenever possible to fully pipeline this function.  If this multiplier was inferred, it is suggested to describe an additional register stage after this function.  If there is no registered adder/accumulator following the multiply function, two pipeline stages are suggested to allow both the MREG and PREG registers to be used.  If the DSP48 was instantiated in the design, it is suggested to set both the MREG and PREG attributes to 1 when performing multiply functions.
WARNING: [DRC DPOP-2] MREG Output pipelining: DSP system_i/spike_accel_0/inst/grp_sa_conv2d_bn_40_71_118_240_333_426_535_1_fu_721/grp_sa_conv2d_int_43_74_429_536_1_fu_1003/mul_ln80_reg_1859_reg multiplier stage system_i/spike_accel_0/inst/grp_sa_conv2d_bn_40_71_118_240_333_426_535_1_fu_721/grp_sa_conv2d_int_43_74_429_536_1_fu_1003/mul_ln80_reg_1859_reg/P[47:0] is not pipelined (MREG=0). Pipelining the multiplier function will improve performance and will save significant power so it is suggested whenever possible to fully pipeline this function.  If this multiplier was inferred, it is suggested to describe an additional register stage after this function.  If there is no registered adder/accumulator following the multiply function, two pipeline stages are suggested to allow both the MREG and PREG registers to be used.  If the DSP48 was instantiated in the design, it is suggested to set both the MREG and PREG attributes to 1 when performing multiply functions.
WARNING: [DRC DPOP-2] MREG Output pipelining: DSP system_i/spike_accel_0/inst/grp_sa_conv2d_bn_40_71_118_240_333_426_535_1_fu_721/grp_sa_conv2d_int_43_74_429_536_1_fu_1003/tmp2_reg_1798_reg multiplier stage system_i/spike_accel_0/inst/grp_sa_conv2d_bn_40_71_118_240_333_426_535_1_fu_721/grp_sa_conv2d_int_43_74_429_536_1_fu_1003/tmp2_reg_1798_reg/P[47:0] is not pipelined (MREG=0). Pipelining the multiplier function will improve performance and will save significant power so it is suggested whenever possible to fully pipeline this function.  If this multiplier was inferred, it is suggested to describe an additional register stage after this function.  If there is no registered adder/accumulator following the multiply function, two pipeline stages are suggested to allow both the MREG and PREG registers to be used.  If the DSP48 was instantiated in the design, it is suggested to set both the MREG and PREG attributes to 1 when performing multiply functions.
WARNING: [DRC DPOP-2] MREG Output pipelining: DSP system_i/spike_accel_0/inst/grp_sa_conv2d_bn_40_71_118_240_333_426_535_1_fu_721/mul_ln116_reg_713_reg multiplier stage system_i/spike_accel_0/inst/grp_sa_conv2d_bn_40_71_118_240_333_426_535_1_fu_721/mul_ln116_reg_713_reg/P[47:0] is not pipelined (MREG=0). Pipelining the multiplier function will improve performance and will save significant power so it is suggested whenever possible to fully pipeline this function.  If this multiplier was inferred, it is suggested to describe an additional register stage after this function.  If there is no registered adder/accumulator following the multiply function, two pipeline stages are suggested to allow both the MREG and PREG registers to be used.  If the DSP48 was instantiated in the design, it is suggested to set both the MREG and PREG attributes to 1 when performing multiply functions.
WARNING: [DRC DPOP-2] MREG Output pipelining: DSP system_i/spike_accel_0/inst/grp_sa_conv2d_bn_40_71_118_240_333_426_535_1_fu_721/mul_ln95_reg_716_reg multiplier stage system_i/spike_accel_0/inst/grp_sa_conv2d_bn_40_71_118_240_333_426_535_1_fu_721/mul_ln95_reg_716_reg/P[47:0] is not pipelined (MREG=0). Pipelining the multiplier function will improve performance and will save significant power so it is suggested whenever possible to fully pipeline this function.  If this multiplier was inferred, it is suggested to describe an additional register stage after this function.  If there is no registered adder/accumulator following the multiply function, two pipeline stages are suggested to allow both the MREG and PREG registers to be used.  If the DSP48 was instantiated in the design, it is suggested to set both the MREG and PREG attributes to 1 when performing multiply functions.
WARNING: [DRC DPOP-2] MREG Output pipelining: DSP system_i/spike_accel_0/inst/grp_sa_ms_all_conv_block_185_1_fu_481/grp_sa_ms_standard_conv_inplace_1_fu_570/grp_sa_conv2d_bn_40_71_118_240_333_426_535_1_fu_197/bound_reg_710_reg multiplier stage system_i/spike_accel_0/inst/grp_sa_ms_all_conv_block_185_1_fu_481/grp_sa_ms_standard_conv_inplace_1_fu_570/grp_sa_conv2d_bn_40_71_118_240_333_426_535_1_fu_197/bound_reg_710_reg/P[47:0] is not pipelined (MREG=0). Pipelining the multiplier function will improve performance and will save significant power so it is suggested whenever possible to fully pipeline this function.  If this multiplier was inferred, it is suggested to describe an additional register stage after this function.  If there is no registered adder/accumulator following the multiply function, two pipeline stages are suggested to allow both the MREG and PREG registers to be used.  If the DSP48 was instantiated in the design, it is suggested to set both the MREG and PREG attributes to 1 when performing multiply functions.
WARNING: [DRC DPOP-2] MREG Output pipelining: DSP system_i/spike_accel_0/inst/grp_sa_ms_all_conv_block_185_1_fu_481/grp_sa_ms_standard_conv_inplace_1_fu_570/grp_sa_conv2d_bn_40_71_118_240_333_426_535_1_fu_197/grp_sa_conv2d_bn_40_71_118_240_333_426_535_1_Pipeline_VITIS_LOOP_95_2_VITIS_LOOP_96_s_fu_1030/mul26_2_cast_reg_788_reg multiplier stage system_i/spike_accel_0/inst/grp_sa_ms_all_conv_block_185_1_fu_481/grp_sa_ms_standard_conv_inplace_1_fu_570/grp_sa_conv2d_bn_40_71_118_240_333_426_535_1_fu_197/grp_sa_conv2d_bn_40_71_118_240_333_426_535_1_Pipeline_VITIS_LOOP_95_2_VITIS_LOOP_96_s_fu_1030/mul26_2_cast_reg_788_reg/P[47:0] is not pipelined (MREG=0). Pipelining the multiplier function will improve performance and will save significant power so it is suggested whenever possible to fully pipeline this function.  If this multiplier was inferred, it is suggested to describe an additional register stage after this function.  If there is no registered adder/accumulator following the multiply function, two pipeline stages are suggested to allow both the MREG and PREG registers to be used.  If the DSP48 was instantiated in the design, it is suggested to set both the MREG and PREG attributes to 1 when performing multiply functions.
WARNING: [DRC DPOP-2] MREG Output pipelining: DSP system_i/spike_accel_0/inst/grp_sa_ms_all_conv_block_185_1_fu_481/grp_sa_ms_standard_conv_inplace_1_fu_570/grp_sa_conv2d_bn_40_71_118_240_333_426_535_1_fu_197/grp_sa_conv2d_bn_40_71_118_240_333_426_535_1_Pipeline_VITIS_LOOP_95_2_VITIS_LOOP_96_s_fu_1030/mul_9ns_7ns_15_1_1_U95/tmp_product multiplier stage system_i/spike_accel_0/inst/grp_sa_ms_all_conv_block_185_1_fu_481/grp_sa_ms_standard_conv_inplace_1_fu_570/grp_sa_conv2d_bn_40_71_118_240_333_426_535_1_fu_197/grp_sa_conv2d_bn_40_71_118_240_333_426_535_1_Pipeline_VITIS_LOOP_95_2_VITIS_LOOP_96_s_fu_1030/mul_9ns_7ns_15_1_1_U95/tmp_product/P[47:0] is not pipelined (MREG=0). Pipelining the multiplier function will improve performance and will save significant power so it is suggested whenever possible to fully pipeline this function.  If this multiplier was inferred, it is suggested to describe an additional register stage after this function.  If there is no registered adder/accumulator following the multiply function, two pipeline stages are suggested to allow both the MREG and PREG registers to be used.  If the DSP48 was instantiated in the design, it is suggested to set both the MREG and PREG attributes to 1 when performing multiply functions.
WARNING: [DRC DPOP-2] MREG Output pipelining: DSP system_i/spike_accel_0/inst/grp_sa_ms_all_conv_block_185_1_fu_481/grp_sa_ms_standard_conv_inplace_1_fu_570/grp_sa_conv2d_bn_40_71_118_240_333_426_535_1_fu_197/grp_sa_conv2d_int_43_74_429_536_1_fu_1003/mul_14ns_16ns_29_1_1_U55/tmp_product multiplier stage system_i/spike_accel_0/inst/grp_sa_ms_all_conv_block_185_1_fu_481/grp_sa_ms_standard_conv_inplace_1_fu_570/grp_sa_conv2d_bn_40_71_118_240_333_426_535_1_fu_197/grp_sa_conv2d_int_43_74_429_536_1_fu_1003/mul_14ns_16ns_29_1_1_U55/tmp_product/P[47:0] is not pipelined (MREG=0). Pipelining the multiplier function will improve performance and will save significant power so it is suggested whenever possible to fully pipeline this function.  If this multiplier was inferred, it is suggested to describe an additional register stage after this function.  If there is no registered adder/accumulator following the multiply function, two pipeline stages are suggested to allow both the MREG and PREG registers to be used.  If the DSP48 was instantiated in the design, it is suggested to set both the MREG and PREG attributes to 1 when performing multiply functions.
WARNING: [DRC DPOP-2] MREG Output pipelining: DSP system_i/spike_accel_0/inst/grp_sa_ms_all_conv_block_185_1_fu_481/grp_sa_ms_standard_conv_inplace_1_fu_570/grp_sa_conv2d_bn_40_71_118_240_333_426_535_1_fu_197/grp_sa_conv2d_int_43_74_429_536_1_fu_1003/mul_16ns_7ns_23_1_1_U62/tmp_product multiplier stage system_i/spike_accel_0/inst/grp_sa_ms_all_conv_block_185_1_fu_481/grp_sa_ms_standard_conv_inplace_1_fu_570/grp_sa_conv2d_bn_40_71_118_240_333_426_535_1_fu_197/grp_sa_conv2d_int_43_74_429_536_1_fu_1003/mul_16ns_7ns_23_1_1_U62/tmp_product/P[47:0] is not pipelined (MREG=0). Pipelining the multiplier function will improve performance and will save significant power so it is suggested whenever possible to fully pipeline this function.  If this multiplier was inferred, it is suggested to describe an additional register stage after this function.  If there is no registered adder/accumulator following the multiply function, two pipeline stages are suggested to allow both the MREG and PREG registers to be used.  If the DSP48 was instantiated in the design, it is suggested to set both the MREG and PREG attributes to 1 when performing multiply functions.
WARNING: [DRC DPOP-2] MREG Output pipelining: DSP system_i/spike_accel_0/inst/grp_sa_ms_all_conv_block_185_1_fu_481/grp_sa_ms_standard_conv_inplace_1_fu_570/grp_sa_conv2d_bn_40_71_118_240_333_426_535_1_fu_197/grp_sa_conv2d_int_43_74_429_536_1_fu_1003/mul_16ns_9ns_24_1_1_U54/tmp_product multiplier stage system_i/spike_accel_0/inst/grp_sa_ms_all_conv_block_185_1_fu_481/grp_sa_ms_standard_conv_inplace_1_fu_570/grp_sa_conv2d_bn_40_71_118_240_333_426_535_1_fu_197/grp_sa_conv2d_int_43_74_429_536_1_fu_1003/mul_16ns_9ns_24_1_1_U54/tmp_product/P[47:0] is not pipelined (MREG=0). Pipelining the multiplier function will improve performance and will save significant power so it is suggested whenever possible to fully pipeline this function.  If this multiplier was inferred, it is suggested to describe an additional register stage after this function.  If there is no registered adder/accumulator following the multiply function, two pipeline stages are suggested to allow both the MREG and PREG registers to be used.  If the DSP48 was instantiated in the design, it is suggested to set both the MREG and PREG attributes to 1 when performing multiply functions.
WARNING: [DRC DPOP-2] MREG Output pipelining: DSP system_i/spike_accel_0/inst/grp_sa_ms_all_conv_block_185_1_fu_481/grp_sa_ms_standard_conv_inplace_1_fu_570/grp_sa_conv2d_bn_40_71_118_240_333_426_535_1_fu_197/grp_sa_conv2d_int_43_74_429_536_1_fu_1003/mul_23s_7ns_30_1_1_U59/tmp_product multiplier stage system_i/spike_accel_0/inst/grp_sa_ms_all_conv_block_185_1_fu_481/grp_sa_ms_standard_conv_inplace_1_fu_570/grp_sa_conv2d_bn_40_71_118_240_333_426_535_1_fu_197/grp_sa_conv2d_int_43_74_429_536_1_fu_1003/mul_23s_7ns_30_1_1_U59/tmp_product/P[47:0] is not pipelined (MREG=0). Pipelining the multiplier function will improve performance and will save significant power so it is suggested whenever possible to fully pipeline this function.  If this multiplier was inferred, it is suggested to describe an additional register stage after this function.  If there is no registered adder/accumulator following the multiply function, two pipeline stages are suggested to allow both the MREG and PREG registers to be used.  If the DSP48 was instantiated in the design, it is suggested to set both the MREG and PREG attributes to 1 when performing multiply functions.
WARNING: [DRC DPOP-2] MREG Output pipelining: DSP system_i/spike_accel_0/inst/grp_sa_ms_all_conv_block_185_1_fu_481/grp_sa_ms_standard_conv_inplace_1_fu_570/grp_sa_conv2d_bn_40_71_118_240_333_426_535_1_fu_197/grp_sa_conv2d_int_43_74_429_536_1_fu_1003/mul_6ns_24ns_30_1_1_U57/tmp_product multiplier stage system_i/spike_accel_0/inst/grp_sa_ms_all_conv_block_185_1_fu_481/grp_sa_ms_standard_conv_inplace_1_fu_570/grp_sa_conv2d_bn_40_71_118_240_333_426_535_1_fu_197/grp_sa_conv2d_int_43_74_429_536_1_fu_1003/mul_6ns_24ns_30_1_1_U57/tmp_product/P[47:0] is not pipelined (MREG=0). Pipelining the multiplier function will improve performance and will save significant power so it is suggested whenever possible to fully pipeline this function.  If this multiplier was inferred, it is suggested to describe an additional register stage after this function.  If there is no registered adder/accumulator following the multiply function, two pipeline stages are suggested to allow both the MREG and PREG registers to be used.  If the DSP48 was instantiated in the design, it is suggested to set both the MREG and PREG attributes to 1 when performing multiply functions.
WARNING: [DRC DPOP-2] MREG Output pipelining: DSP system_i/spike_accel_0/inst/grp_sa_ms_all_conv_block_185_1_fu_481/grp_sa_ms_standard_conv_inplace_1_fu_570/grp_sa_conv2d_bn_40_71_118_240_333_426_535_1_fu_197/grp_sa_conv2d_int_43_74_429_536_1_fu_1003/mul_9ns_14ns_23_1_1_U60/tmp_product multiplier stage system_i/spike_accel_0/inst/grp_sa_ms_all_conv_block_185_1_fu_481/grp_sa_ms_standard_conv_inplace_1_fu_570/grp_sa_conv2d_bn_40_71_118_240_333_426_535_1_fu_197/grp_sa_conv2d_int_43_74_429_536_1_fu_1003/mul_9ns_14ns_23_1_1_U60/tmp_product/P[47:0] is not pipelined (MREG=0). Pipelining the multiplier function will improve performance and will save significant power so it is suggested whenever possible to fully pipeline this function.  If this multiplier was inferred, it is suggested to describe an additional register stage after this function.  If there is no registered adder/accumulator following the multiply function, two pipeline stages are suggested to allow both the MREG and PREG registers to be used.  If the DSP48 was instantiated in the design, it is suggested to set both the MREG and PREG attributes to 1 when performing multiply functions.
WARNING: [DRC DPOP-2] MREG Output pipelining: DSP system_i/spike_accel_0/inst/grp_sa_ms_all_conv_block_185_1_fu_481/grp_sa_ms_standard_conv_inplace_1_fu_570/grp_sa_conv2d_bn_40_71_118_240_333_426_535_1_fu_197/grp_sa_conv2d_int_43_74_429_536_1_fu_1003/mul_ln80_reg_1859_reg multiplier stage system_i/spike_accel_0/inst/grp_sa_ms_all_conv_block_185_1_fu_481/grp_sa_ms_standard_conv_inplace_1_fu_570/grp_sa_conv2d_bn_40_71_118_240_333_426_535_1_fu_197/grp_sa_conv2d_int_43_74_429_536_1_fu_1003/mul_ln80_reg_1859_reg/P[47:0] is not pipelined (MREG=0). Pipelining the multiplier function will improve performance and will save significant power so it is suggested whenever possible to fully pipeline this function.  If this multiplier was inferred, it is suggested to describe an additional register stage after this function.  If there is no registered adder/accumulator following the multiply function, two pipeline stages are suggested to allow both the MREG and PREG registers to be used.  If the DSP48 was instantiated in the design, it is suggested to set both the MREG and PREG attributes to 1 when performing multiply functions.
WARNING: [DRC DPOP-2] MREG Output pipelining: DSP system_i/spike_accel_0/inst/grp_sa_ms_all_conv_block_185_1_fu_481/grp_sa_ms_standard_conv_inplace_1_fu_570/grp_sa_conv2d_bn_40_71_118_240_333_426_535_1_fu_197/grp_sa_conv2d_int_43_74_429_536_1_fu_1003/tmp2_reg_1798_reg multiplier stage system_i/spike_accel_0/inst/grp_sa_ms_all_conv_block_185_1_fu_481/grp_sa_ms_standard_conv_inplace_1_fu_570/grp_sa_conv2d_bn_40_71_118_240_333_426_535_1_fu_197/grp_sa_conv2d_int_43_74_429_536_1_fu_1003/tmp2_reg_1798_reg/P[47:0] is not pipelined (MREG=0). Pipelining the multiplier function will improve performance and will save significant power so it is suggested whenever possible to fully pipeline this function.  If this multiplier was inferred, it is suggested to describe an additional register stage after this function.  If there is no registered adder/accumulator following the multiply function, two pipeline stages are suggested to allow both the MREG and PREG registers to be used.  If the DSP48 was instantiated in the design, it is suggested to set both the MREG and PREG attributes to 1 when performing multiply functions.
WARNING: [DRC DPOP-2] MREG Output pipelining: DSP system_i/spike_accel_0/inst/grp_sa_ms_all_conv_block_185_1_fu_481/grp_sa_ms_standard_conv_inplace_1_fu_570/grp_sa_conv2d_bn_40_71_118_240_333_426_535_1_fu_197/mul_ln116_reg_713_reg multiplier stage system_i/spike_accel_0/inst/grp_sa_ms_all_conv_block_185_1_fu_481/grp_sa_ms_standard_conv_inplace_1_fu_570/grp_sa_conv2d_bn_40_71_118_240_333_426_535_1_fu_197/mul_ln116_reg_713_reg/P[47:0] is not pipelined (MREG=0). Pipelining the multiplier function will improve performance and will save significant power so it is suggested whenever possible to fully pipeline this function.  If this multiplier was inferred, it is suggested to describe an additional register stage after this function.  If there is no registered adder/accumulator following the multiply function, two pipeline stages are suggested to allow both the MREG and PREG registers to be used.  If the DSP48 was instantiated in the design, it is suggested to set both the MREG and PREG attributes to 1 when performing multiply functions.
WARNING: [DRC DPOP-2] MREG Output pipelining: DSP system_i/spike_accel_0/inst/grp_sa_ms_all_conv_block_185_1_fu_481/grp_sa_ms_standard_conv_inplace_1_fu_570/grp_sa_conv2d_bn_40_71_118_240_333_426_535_1_fu_197/mul_ln95_reg_716_reg multiplier stage system_i/spike_accel_0/inst/grp_sa_ms_all_conv_block_185_1_fu_481/grp_sa_ms_standard_conv_inplace_1_fu_570/grp_sa_conv2d_bn_40_71_118_240_333_426_535_1_fu_197/mul_ln95_reg_716_reg/P[47:0] is not pipelined (MREG=0). Pipelining the multiplier function will improve performance and will save significant power so it is suggested whenever possible to fully pipeline this function.  If this multiplier was inferred, it is suggested to describe an additional register stage after this function.  If there is no registered adder/accumulator following the multiply function, two pipeline stages are suggested to allow both the MREG and PREG registers to be used.  If the DSP48 was instantiated in the design, it is suggested to set both the MREG and PREG attributes to 1 when performing multiply functions.
WARNING: [DRC DPOP-2] MREG Output pipelining: DSP system_i/spike_accel_0/inst/grp_sa_ms_all_conv_block_185_1_fu_481/grp_sa_ms_standard_conv_inplace_1_fu_570/grp_sa_ms_standard_conv_inplace_1_Pipeline_VITIS_LOOP_36_1_VITIS_LOOP_37_2_fu_172/mul10_i_reg_1031_reg multiplier stage system_i/spike_accel_0/inst/grp_sa_ms_all_conv_block_185_1_fu_481/grp_sa_ms_standard_conv_inplace_1_fu_570/grp_sa_ms_standard_conv_inplace_1_Pipeline_VITIS_LOOP_36_1_VITIS_LOOP_37_2_fu_172/mul10_i_reg_1031_reg/P[47:0] is not pipelined (MREG=0). Pipelining the multiplier function will improve performance and will save significant power so it is suggested whenever possible to fully pipeline this function.  If this multiplier was inferred, it is suggested to describe an additional register stage after this function.  If there is no registered adder/accumulator following the multiply function, two pipeline stages are suggested to allow both the MREG and PREG registers to be used.  If the DSP48 was instantiated in the design, it is suggested to set both the MREG and PREG attributes to 1 when performing multiply functions.
WARNING: [DRC DPOP-2] MREG Output pipelining: DSP system_i/spike_accel_0/inst/grp_sa_ms_all_conv_block_185_1_fu_481/grp_sa_ms_standard_conv_inplace_1_fu_570/grp_sa_ms_standard_conv_inplace_1_Pipeline_VITIS_LOOP_36_1_VITIS_LOOP_37_2_fu_172/mul28_2_i_cast_reg_1041_reg multiplier stage system_i/spike_accel_0/inst/grp_sa_ms_all_conv_block_185_1_fu_481/grp_sa_ms_standard_conv_inplace_1_fu_570/grp_sa_ms_standard_conv_inplace_1_Pipeline_VITIS_LOOP_36_1_VITIS_LOOP_37_2_fu_172/mul28_2_i_cast_reg_1041_reg/P[47:0] is not pipelined (MREG=0). Pipelining the multiplier function will improve performance and will save significant power so it is suggested whenever possible to fully pipeline this function.  If this multiplier was inferred, it is suggested to describe an additional register stage after this function.  If there is no registered adder/accumulator following the multiply function, two pipeline stages are suggested to allow both the MREG and PREG registers to be used.  If the DSP48 was instantiated in the design, it is suggested to set both the MREG and PREG attributes to 1 when performing multiply functions.
WARNING: [DRC DPOP-2] MREG Output pipelining: DSP system_i/spike_accel_0/inst/grp_sa_ms_all_conv_block_185_1_fu_481/grp_sa_ms_standard_conv_inplace_1_fu_570/mul_7ns_7ns_14_1_1_U224/tmp_product multiplier stage system_i/spike_accel_0/inst/grp_sa_ms_all_conv_block_185_1_fu_481/grp_sa_ms_standard_conv_inplace_1_fu_570/mul_7ns_7ns_14_1_1_U224/tmp_product/P[47:0] is not pipelined (MREG=0). Pipelining the multiplier function will improve performance and will save significant power so it is suggested whenever possible to fully pipeline this function.  If this multiplier was inferred, it is suggested to describe an additional register stage after this function.  If there is no registered adder/accumulator following the multiply function, two pipeline stages are suggested to allow both the MREG and PREG registers to be used.  If the DSP48 was instantiated in the design, it is suggested to set both the MREG and PREG attributes to 1 when performing multiply functions.
WARNING: [DRC DPOP-2] MREG Output pipelining: DSP system_i/spike_accel_0/inst/grp_sa_ms_all_conv_block_185_1_fu_481/grp_sa_ms_standard_conv_inplace_1_fu_570/mul_ln36_reg_338_reg multiplier stage system_i/spike_accel_0/inst/grp_sa_ms_all_conv_block_185_1_fu_481/grp_sa_ms_standard_conv_inplace_1_fu_570/mul_ln36_reg_338_reg/P[47:0] is not pipelined (MREG=0). Pipelining the multiplier function will improve performance and will save significant power so it is suggested whenever possible to fully pipeline this function.  If this multiplier was inferred, it is suggested to describe an additional register stage after this function.  If there is no registered adder/accumulator following the multiply function, two pipeline stages are suggested to allow both the MREG and PREG registers to be used.  If the DSP48 was instantiated in the design, it is suggested to set both the MREG and PREG attributes to 1 when performing multiply functions.
WARNING: [DRC DPOP-2] MREG Output pipelining: DSP system_i/spike_accel_0/inst/grp_sa_ms_all_conv_block_185_1_fu_481/grp_sa_ms_standard_conv_inplace_fu_485/grp_sa_conv2d_bn_40_71_118_240_333_426_535_1_fu_221/bound_reg_710_reg multiplier stage system_i/spike_accel_0/inst/grp_sa_ms_all_conv_block_185_1_fu_481/grp_sa_ms_standard_conv_inplace_fu_485/grp_sa_conv2d_bn_40_71_118_240_333_426_535_1_fu_221/bound_reg_710_reg/P[47:0] is not pipelined (MREG=0). Pipelining the multiplier function will improve performance and will save significant power so it is suggested whenever possible to fully pipeline this function.  If this multiplier was inferred, it is suggested to describe an additional register stage after this function.  If there is no registered adder/accumulator following the multiply function, two pipeline stages are suggested to allow both the MREG and PREG registers to be used.  If the DSP48 was instantiated in the design, it is suggested to set both the MREG and PREG attributes to 1 when performing multiply functions.
WARNING: [DRC DPOP-2] MREG Output pipelining: DSP system_i/spike_accel_0/inst/grp_sa_ms_all_conv_block_185_1_fu_481/grp_sa_ms_standard_conv_inplace_fu_485/grp_sa_conv2d_bn_40_71_118_240_333_426_535_1_fu_221/grp_sa_conv2d_bn_40_71_118_240_333_426_535_1_Pipeline_VITIS_LOOP_95_2_VITIS_LOOP_96_s_fu_1030/mul26_2_cast_reg_788_reg multiplier stage system_i/spike_accel_0/inst/grp_sa_ms_all_conv_block_185_1_fu_481/grp_sa_ms_standard_conv_inplace_fu_485/grp_sa_conv2d_bn_40_71_118_240_333_426_535_1_fu_221/grp_sa_conv2d_bn_40_71_118_240_333_426_535_1_Pipeline_VITIS_LOOP_95_2_VITIS_LOOP_96_s_fu_1030/mul26_2_cast_reg_788_reg/P[47:0] is not pipelined (MREG=0). Pipelining the multiplier function will improve performance and will save significant power so it is suggested whenever possible to fully pipeline this function.  If this multiplier was inferred, it is suggested to describe an additional register stage after this function.  If there is no registered adder/accumulator following the multiply function, two pipeline stages are suggested to allow both the MREG and PREG registers to be used.  If the DSP48 was instantiated in the design, it is suggested to set both the MREG and PREG attributes to 1 when performing multiply functions.
WARNING: [DRC DPOP-2] MREG Output pipelining: DSP system_i/spike_accel_0/inst/grp_sa_ms_all_conv_block_185_1_fu_481/grp_sa_ms_standard_conv_inplace_fu_485/grp_sa_conv2d_bn_40_71_118_240_333_426_535_1_fu_221/grp_sa_conv2d_bn_40_71_118_240_333_426_535_1_Pipeline_VITIS_LOOP_95_2_VITIS_LOOP_96_s_fu_1030/mul_9ns_7ns_15_1_1_U95/tmp_product multiplier stage system_i/spike_accel_0/inst/grp_sa_ms_all_conv_block_185_1_fu_481/grp_sa_ms_standard_conv_inplace_fu_485/grp_sa_conv2d_bn_40_71_118_240_333_426_535_1_fu_221/grp_sa_conv2d_bn_40_71_118_240_333_426_535_1_Pipeline_VITIS_LOOP_95_2_VITIS_LOOP_96_s_fu_1030/mul_9ns_7ns_15_1_1_U95/tmp_product/P[47:0] is not pipelined (MREG=0). Pipelining the multiplier function will improve performance and will save significant power so it is suggested whenever possible to fully pipeline this function.  If this multiplier was inferred, it is suggested to describe an additional register stage after this function.  If there is no registered adder/accumulator following the multiply function, two pipeline stages are suggested to allow both the MREG and PREG registers to be used.  If the DSP48 was instantiated in the design, it is suggested to set both the MREG and PREG attributes to 1 when performing multiply functions.
WARNING: [DRC DPOP-2] MREG Output pipelining: DSP system_i/spike_accel_0/inst/grp_sa_ms_all_conv_block_185_1_fu_481/grp_sa_ms_standard_conv_inplace_fu_485/grp_sa_conv2d_bn_40_71_118_240_333_426_535_1_fu_221/grp_sa_conv2d_int_43_74_429_536_1_fu_1003/mul_14ns_16ns_29_1_1_U55/tmp_product multiplier stage system_i/spike_accel_0/inst/grp_sa_ms_all_conv_block_185_1_fu_481/grp_sa_ms_standard_conv_inplace_fu_485/grp_sa_conv2d_bn_40_71_118_240_333_426_535_1_fu_221/grp_sa_conv2d_int_43_74_429_536_1_fu_1003/mul_14ns_16ns_29_1_1_U55/tmp_product/P[47:0] is not pipelined (MREG=0). Pipelining the multiplier function will improve performance and will save significant power so it is suggested whenever possible to fully pipeline this function.  If this multiplier was inferred, it is suggested to describe an additional register stage after this function.  If there is no registered adder/accumulator following the multiply function, two pipeline stages are suggested to allow both the MREG and PREG registers to be used.  If the DSP48 was instantiated in the design, it is suggested to set both the MREG and PREG attributes to 1 when performing multiply functions.
WARNING: [DRC DPOP-2] MREG Output pipelining: DSP system_i/spike_accel_0/inst/grp_sa_ms_all_conv_block_185_1_fu_481/grp_sa_ms_standard_conv_inplace_fu_485/grp_sa_conv2d_bn_40_71_118_240_333_426_535_1_fu_221/grp_sa_conv2d_int_43_74_429_536_1_fu_1003/mul_16ns_7ns_23_1_1_U62/tmp_product multiplier stage system_i/spike_accel_0/inst/grp_sa_ms_all_conv_block_185_1_fu_481/grp_sa_ms_standard_conv_inplace_fu_485/grp_sa_conv2d_bn_40_71_118_240_333_426_535_1_fu_221/grp_sa_conv2d_int_43_74_429_536_1_fu_1003/mul_16ns_7ns_23_1_1_U62/tmp_product/P[47:0] is not pipelined (MREG=0). Pipelining the multiplier function will improve performance and will save significant power so it is suggested whenever possible to fully pipeline this function.  If this multiplier was inferred, it is suggested to describe an additional register stage after this function.  If there is no registered adder/accumulator following the multiply function, two pipeline stages are suggested to allow both the MREG and PREG registers to be used.  If the DSP48 was instantiated in the design, it is suggested to set both the MREG and PREG attributes to 1 when performing multiply functions.
WARNING: [DRC DPOP-2] MREG Output pipelining: DSP system_i/spike_accel_0/inst/grp_sa_ms_all_conv_block_185_1_fu_481/grp_sa_ms_standard_conv_inplace_fu_485/grp_sa_conv2d_bn_40_71_118_240_333_426_535_1_fu_221/grp_sa_conv2d_int_43_74_429_536_1_fu_1003/mul_16ns_9ns_24_1_1_U54/tmp_product multiplier stage system_i/spike_accel_0/inst/grp_sa_ms_all_conv_block_185_1_fu_481/grp_sa_ms_standard_conv_inplace_fu_485/grp_sa_conv2d_bn_40_71_118_240_333_426_535_1_fu_221/grp_sa_conv2d_int_43_74_429_536_1_fu_1003/mul_16ns_9ns_24_1_1_U54/tmp_product/P[47:0] is not pipelined (MREG=0). Pipelining the multiplier function will improve performance and will save significant power so it is suggested whenever possible to fully pipeline this function.  If this multiplier was inferred, it is suggested to describe an additional register stage after this function.  If there is no registered adder/accumulator following the multiply function, two pipeline stages are suggested to allow both the MREG and PREG registers to be used.  If the DSP48 was instantiated in the design, it is suggested to set both the MREG and PREG attributes to 1 when performing multiply functions.
WARNING: [DRC DPOP-2] MREG Output pipelining: DSP system_i/spike_accel_0/inst/grp_sa_ms_all_conv_block_185_1_fu_481/grp_sa_ms_standard_conv_inplace_fu_485/grp_sa_conv2d_bn_40_71_118_240_333_426_535_1_fu_221/grp_sa_conv2d_int_43_74_429_536_1_fu_1003/mul_23s_7ns_30_1_1_U59/tmp_product multiplier stage system_i/spike_accel_0/inst/grp_sa_ms_all_conv_block_185_1_fu_481/grp_sa_ms_standard_conv_inplace_fu_485/grp_sa_conv2d_bn_40_71_118_240_333_426_535_1_fu_221/grp_sa_conv2d_int_43_74_429_536_1_fu_1003/mul_23s_7ns_30_1_1_U59/tmp_product/P[47:0] is not pipelined (MREG=0). Pipelining the multiplier function will improve performance and will save significant power so it is suggested whenever possible to fully pipeline this function.  If this multiplier was inferred, it is suggested to describe an additional register stage after this function.  If there is no registered adder/accumulator following the multiply function, two pipeline stages are suggested to allow both the MREG and PREG registers to be used.  If the DSP48 was instantiated in the design, it is suggested to set both the MREG and PREG attributes to 1 when performing multiply functions.
WARNING: [DRC DPOP-2] MREG Output pipelining: DSP system_i/spike_accel_0/inst/grp_sa_ms_all_conv_block_185_1_fu_481/grp_sa_ms_standard_conv_inplace_fu_485/grp_sa_conv2d_bn_40_71_118_240_333_426_535_1_fu_221/grp_sa_conv2d_int_43_74_429_536_1_fu_1003/mul_6ns_24ns_30_1_1_U57/tmp_product multiplier stage system_i/spike_accel_0/inst/grp_sa_ms_all_conv_block_185_1_fu_481/grp_sa_ms_standard_conv_inplace_fu_485/grp_sa_conv2d_bn_40_71_118_240_333_426_535_1_fu_221/grp_sa_conv2d_int_43_74_429_536_1_fu_1003/mul_6ns_24ns_30_1_1_U57/tmp_product/P[47:0] is not pipelined (MREG=0). Pipelining the multiplier function will improve performance and will save significant power so it is suggested whenever possible to fully pipeline this function.  If this multiplier was inferred, it is suggested to describe an additional register stage after this function.  If there is no registered adder/accumulator following the multiply function, two pipeline stages are suggested to allow both the MREG and PREG registers to be used.  If the DSP48 was instantiated in the design, it is suggested to set both the MREG and PREG attributes to 1 when performing multiply functions.
WARNING: [DRC DPOP-2] MREG Output pipelining: DSP system_i/spike_accel_0/inst/grp_sa_ms_all_conv_block_185_1_fu_481/grp_sa_ms_standard_conv_inplace_fu_485/grp_sa_conv2d_bn_40_71_118_240_333_426_535_1_fu_221/grp_sa_conv2d_int_43_74_429_536_1_fu_1003/mul_9ns_14ns_23_1_1_U60/tmp_product multiplier stage system_i/spike_accel_0/inst/grp_sa_ms_all_conv_block_185_1_fu_481/grp_sa_ms_standard_conv_inplace_fu_485/grp_sa_conv2d_bn_40_71_118_240_333_426_535_1_fu_221/grp_sa_conv2d_int_43_74_429_536_1_fu_1003/mul_9ns_14ns_23_1_1_U60/tmp_product/P[47:0] is not pipelined (MREG=0). Pipelining the multiplier function will improve performance and will save significant power so it is suggested whenever possible to fully pipeline this function.  If this multiplier was inferred, it is suggested to describe an additional register stage after this function.  If there is no registered adder/accumulator following the multiply function, two pipeline stages are suggested to allow both the MREG and PREG registers to be used.  If the DSP48 was instantiated in the design, it is suggested to set both the MREG and PREG attributes to 1 when performing multiply functions.
WARNING: [DRC DPOP-2] MREG Output pipelining: DSP system_i/spike_accel_0/inst/grp_sa_ms_all_conv_block_185_1_fu_481/grp_sa_ms_standard_conv_inplace_fu_485/grp_sa_conv2d_bn_40_71_118_240_333_426_535_1_fu_221/grp_sa_conv2d_int_43_74_429_536_1_fu_1003/mul_ln80_reg_1859_reg multiplier stage system_i/spike_accel_0/inst/grp_sa_ms_all_conv_block_185_1_fu_481/grp_sa_ms_standard_conv_inplace_fu_485/grp_sa_conv2d_bn_40_71_118_240_333_426_535_1_fu_221/grp_sa_conv2d_int_43_74_429_536_1_fu_1003/mul_ln80_reg_1859_reg/P[47:0] is not pipelined (MREG=0). Pipelining the multiplier function will improve performance and will save significant power so it is suggested whenever possible to fully pipeline this function.  If this multiplier was inferred, it is suggested to describe an additional register stage after this function.  If there is no registered adder/accumulator following the multiply function, two pipeline stages are suggested to allow both the MREG and PREG registers to be used.  If the DSP48 was instantiated in the design, it is suggested to set both the MREG and PREG attributes to 1 when performing multiply functions.
WARNING: [DRC DPOP-2] MREG Output pipelining: DSP system_i/spike_accel_0/inst/grp_sa_ms_all_conv_block_185_1_fu_481/grp_sa_ms_standard_conv_inplace_fu_485/grp_sa_conv2d_bn_40_71_118_240_333_426_535_1_fu_221/grp_sa_conv2d_int_43_74_429_536_1_fu_1003/tmp2_reg_1798_reg multiplier stage system_i/spike_accel_0/inst/grp_sa_ms_all_conv_block_185_1_fu_481/grp_sa_ms_standard_conv_inplace_fu_485/grp_sa_conv2d_bn_40_71_118_240_333_426_535_1_fu_221/grp_sa_conv2d_int_43_74_429_536_1_fu_1003/tmp2_reg_1798_reg/P[47:0] is not pipelined (MREG=0). Pipelining the multiplier function will improve performance and will save significant power so it is suggested whenever possible to fully pipeline this function.  If this multiplier was inferred, it is suggested to describe an additional register stage after this function.  If there is no registered adder/accumulator following the multiply function, two pipeline stages are suggested to allow both the MREG and PREG registers to be used.  If the DSP48 was instantiated in the design, it is suggested to set both the MREG and PREG attributes to 1 when performing multiply functions.
WARNING: [DRC DPOP-2] MREG Output pipelining: DSP system_i/spike_accel_0/inst/grp_sa_ms_all_conv_block_185_1_fu_481/grp_sa_ms_standard_conv_inplace_fu_485/grp_sa_conv2d_bn_40_71_118_240_333_426_535_1_fu_221/mul_ln116_reg_713_reg multiplier stage system_i/spike_accel_0/inst/grp_sa_ms_all_conv_block_185_1_fu_481/grp_sa_ms_standard_conv_inplace_fu_485/grp_sa_conv2d_bn_40_71_118_240_333_426_535_1_fu_221/mul_ln116_reg_713_reg/P[47:0] is not pipelined (MREG=0). Pipelining the multiplier function will improve performance and will save significant power so it is suggested whenever possible to fully pipeline this function.  If this multiplier was inferred, it is suggested to describe an additional register stage after this function.  If there is no registered adder/accumulator following the multiply function, two pipeline stages are suggested to allow both the MREG and PREG registers to be used.  If the DSP48 was instantiated in the design, it is suggested to set both the MREG and PREG attributes to 1 when performing multiply functions.
WARNING: [DRC DPOP-2] MREG Output pipelining: DSP system_i/spike_accel_0/inst/grp_sa_ms_all_conv_block_185_1_fu_481/grp_sa_ms_standard_conv_inplace_fu_485/grp_sa_conv2d_bn_40_71_118_240_333_426_535_1_fu_221/mul_ln95_reg_716_reg multiplier stage system_i/spike_accel_0/inst/grp_sa_ms_all_conv_block_185_1_fu_481/grp_sa_ms_standard_conv_inplace_fu_485/grp_sa_conv2d_bn_40_71_118_240_333_426_535_1_fu_221/mul_ln95_reg_716_reg/P[47:0] is not pipelined (MREG=0). Pipelining the multiplier function will improve performance and will save significant power so it is suggested whenever possible to fully pipeline this function.  If this multiplier was inferred, it is suggested to describe an additional register stage after this function.  If there is no registered adder/accumulator following the multiply function, two pipeline stages are suggested to allow both the MREG and PREG registers to be used.  If the DSP48 was instantiated in the design, it is suggested to set both the MREG and PREG attributes to 1 when performing multiply functions.
WARNING: [DRC DPOP-2] MREG Output pipelining: DSP system_i/spike_accel_0/inst/grp_sa_ms_all_conv_block_185_1_fu_481/grp_sa_ms_standard_conv_inplace_fu_485/grp_sa_ms_standard_conv_inplace_Pipeline_VITIS_LOOP_36_1_VITIS_LOOP_37_2_fu_196/mul10_i_reg_1039_reg multiplier stage system_i/spike_accel_0/inst/grp_sa_ms_all_conv_block_185_1_fu_481/grp_sa_ms_standard_conv_inplace_fu_485/grp_sa_ms_standard_conv_inplace_Pipeline_VITIS_LOOP_36_1_VITIS_LOOP_37_2_fu_196/mul10_i_reg_1039_reg/P[47:0] is not pipelined (MREG=0). Pipelining the multiplier function will improve performance and will save significant power so it is suggested whenever possible to fully pipeline this function.  If this multiplier was inferred, it is suggested to describe an additional register stage after this function.  If there is no registered adder/accumulator following the multiply function, two pipeline stages are suggested to allow both the MREG and PREG registers to be used.  If the DSP48 was instantiated in the design, it is suggested to set both the MREG and PREG attributes to 1 when performing multiply functions.
WARNING: [DRC DPOP-2] MREG Output pipelining: DSP system_i/spike_accel_0/inst/grp_sa_ms_all_conv_block_185_1_fu_481/grp_sa_ms_standard_conv_inplace_fu_485/grp_sa_ms_standard_conv_inplace_Pipeline_VITIS_LOOP_36_1_VITIS_LOOP_37_2_fu_196/mul_ln37_reg_1049_reg multiplier stage system_i/spike_accel_0/inst/grp_sa_ms_all_conv_block_185_1_fu_481/grp_sa_ms_standard_conv_inplace_fu_485/grp_sa_ms_standard_conv_inplace_Pipeline_VITIS_LOOP_36_1_VITIS_LOOP_37_2_fu_196/mul_ln37_reg_1049_reg/P[47:0] is not pipelined (MREG=0). Pipelining the multiplier function will improve performance and will save significant power so it is suggested whenever possible to fully pipeline this function.  If this multiplier was inferred, it is suggested to describe an additional register stage after this function.  If there is no registered adder/accumulator following the multiply function, two pipeline stages are suggested to allow both the MREG and PREG registers to be used.  If the DSP48 was instantiated in the design, it is suggested to set both the MREG and PREG attributes to 1 when performing multiply functions.
WARNING: [DRC DPOP-2] MREG Output pipelining: DSP system_i/spike_accel_0/inst/grp_sa_ms_all_conv_block_185_1_fu_481/grp_sa_ms_standard_conv_inplace_fu_485/mul_7ns_7ns_14_1_1_U165/tmp_product multiplier stage system_i/spike_accel_0/inst/grp_sa_ms_all_conv_block_185_1_fu_481/grp_sa_ms_standard_conv_inplace_fu_485/mul_7ns_7ns_14_1_1_U165/tmp_product/P[47:0] is not pipelined (MREG=0). Pipelining the multiplier function will improve performance and will save significant power so it is suggested whenever possible to fully pipeline this function.  If this multiplier was inferred, it is suggested to describe an additional register stage after this function.  If there is no registered adder/accumulator following the multiply function, two pipeline stages are suggested to allow both the MREG and PREG registers to be used.  If the DSP48 was instantiated in the design, it is suggested to set both the MREG and PREG attributes to 1 when performing multiply functions.
WARNING: [DRC DPOP-2] MREG Output pipelining: DSP system_i/spike_accel_0/inst/grp_sa_ms_all_conv_block_185_1_fu_481/grp_sa_ms_standard_conv_inplace_fu_485/mul_ln36_reg_362_reg multiplier stage system_i/spike_accel_0/inst/grp_sa_ms_all_conv_block_185_1_fu_481/grp_sa_ms_standard_conv_inplace_fu_485/mul_ln36_reg_362_reg/P[47:0] is not pipelined (MREG=0). Pipelining the multiplier function will improve performance and will save significant power so it is suggested whenever possible to fully pipeline this function.  If this multiplier was inferred, it is suggested to describe an additional register stage after this function.  If there is no registered adder/accumulator following the multiply function, two pipeline stages are suggested to allow both the MREG and PREG registers to be used.  If the DSP48 was instantiated in the design, it is suggested to set both the MREG and PREG attributes to 1 when performing multiply functions.
WARNING: [DRC DPOP-2] MREG Output pipelining: DSP system_i/spike_accel_0/inst/grp_sa_ms_all_conv_block_185_1_fu_481/mul_ln105_reg_933_reg multiplier stage system_i/spike_accel_0/inst/grp_sa_ms_all_conv_block_185_1_fu_481/mul_ln105_reg_933_reg/P[47:0] is not pipelined (MREG=0). Pipelining the multiplier function will improve performance and will save significant power so it is suggested whenever possible to fully pipeline this function.  If this multiplier was inferred, it is suggested to describe an additional register stage after this function.  If there is no registered adder/accumulator following the multiply function, two pipeline stages are suggested to allow both the MREG and PREG registers to be used.  If the DSP48 was instantiated in the design, it is suggested to set both the MREG and PREG attributes to 1 when performing multiply functions.
WARNING: [DRC DPOP-2] MREG Output pipelining: DSP system_i/spike_accel_0/inst/grp_sa_ms_all_conv_block_185_1_fu_481/mul_ln85_1_reg_1060_reg multiplier stage system_i/spike_accel_0/inst/grp_sa_ms_all_conv_block_185_1_fu_481/mul_ln85_1_reg_1060_reg/P[47:0] is not pipelined (MREG=0). Pipelining the multiplier function will improve performance and will save significant power so it is suggested whenever possible to fully pipeline this function.  If this multiplier was inferred, it is suggested to describe an additional register stage after this function.  If there is no registered adder/accumulator following the multiply function, two pipeline stages are suggested to allow both the MREG and PREG registers to be used.  If the DSP48 was instantiated in the design, it is suggested to set both the MREG and PREG attributes to 1 when performing multiply functions.
WARNING: [DRC DPOP-2] MREG Output pipelining: DSP system_i/spike_accel_0/inst/grp_sa_ms_all_conv_block_185_1_fu_481/mul_ln85_reg_1019_reg multiplier stage system_i/spike_accel_0/inst/grp_sa_ms_all_conv_block_185_1_fu_481/mul_ln85_reg_1019_reg/P[47:0] is not pipelined (MREG=0). Pipelining the multiplier function will improve performance and will save significant power so it is suggested whenever possible to fully pipeline this function.  If this multiplier was inferred, it is suggested to describe an additional register stage after this function.  If there is no registered adder/accumulator following the multiply function, two pipeline stages are suggested to allow both the MREG and PREG registers to be used.  If the DSP48 was instantiated in the design, it is suggested to set both the MREG and PREG attributes to 1 when performing multiply functions.
WARNING: [DRC DPOP-2] MREG Output pipelining: DSP system_i/spike_accel_0/inst/grp_sa_ms_all_conv_block_185_1_fu_481/trunc_ln85_reg_949_reg multiplier stage system_i/spike_accel_0/inst/grp_sa_ms_all_conv_block_185_1_fu_481/trunc_ln85_reg_949_reg/P[47:0] is not pipelined (MREG=0). Pipelining the multiplier function will improve performance and will save significant power so it is suggested whenever possible to fully pipeline this function.  If this multiplier was inferred, it is suggested to describe an additional register stage after this function.  If there is no registered adder/accumulator following the multiply function, two pipeline stages are suggested to allow both the MREG and PREG registers to be used.  If the DSP48 was instantiated in the design, it is suggested to set both the MREG and PREG attributes to 1 when performing multiply functions.
WARNING: [DRC DPOP-2] MREG Output pipelining: DSP system_i/spike_accel_0/inst/grp_sa_ms_downsampling_199_1_fu_628/grp_sa_conv2d_bn_40_71_118_240_333_426_535_1_fu_199/bound_reg_710_reg multiplier stage system_i/spike_accel_0/inst/grp_sa_ms_downsampling_199_1_fu_628/grp_sa_conv2d_bn_40_71_118_240_333_426_535_1_fu_199/bound_reg_710_reg/P[47:0] is not pipelined (MREG=0). Pipelining the multiplier function will improve performance and will save significant power so it is suggested whenever possible to fully pipeline this function.  If this multiplier was inferred, it is suggested to describe an additional register stage after this function.  If there is no registered adder/accumulator following the multiply function, two pipeline stages are suggested to allow both the MREG and PREG registers to be used.  If the DSP48 was instantiated in the design, it is suggested to set both the MREG and PREG attributes to 1 when performing multiply functions.
WARNING: [DRC DPOP-2] MREG Output pipelining: DSP system_i/spike_accel_0/inst/grp_sa_ms_downsampling_199_1_fu_628/grp_sa_conv2d_bn_40_71_118_240_333_426_535_1_fu_199/grp_sa_conv2d_bn_40_71_118_240_333_426_535_1_Pipeline_VITIS_LOOP_95_2_VITIS_LOOP_96_s_fu_1030/mul26_2_cast_reg_788_reg multiplier stage system_i/spike_accel_0/inst/grp_sa_ms_downsampling_199_1_fu_628/grp_sa_conv2d_bn_40_71_118_240_333_426_535_1_fu_199/grp_sa_conv2d_bn_40_71_118_240_333_426_535_1_Pipeline_VITIS_LOOP_95_2_VITIS_LOOP_96_s_fu_1030/mul26_2_cast_reg_788_reg/P[47:0] is not pipelined (MREG=0). Pipelining the multiplier function will improve performance and will save significant power so it is suggested whenever possible to fully pipeline this function.  If this multiplier was inferred, it is suggested to describe an additional register stage after this function.  If there is no registered adder/accumulator following the multiply function, two pipeline stages are suggested to allow both the MREG and PREG registers to be used.  If the DSP48 was instantiated in the design, it is suggested to set both the MREG and PREG attributes to 1 when performing multiply functions.
WARNING: [DRC DPOP-2] MREG Output pipelining: DSP system_i/spike_accel_0/inst/grp_sa_ms_downsampling_199_1_fu_628/grp_sa_conv2d_bn_40_71_118_240_333_426_535_1_fu_199/grp_sa_conv2d_bn_40_71_118_240_333_426_535_1_Pipeline_VITIS_LOOP_95_2_VITIS_LOOP_96_s_fu_1030/mul_9ns_7ns_15_1_1_U95/tmp_product multiplier stage system_i/spike_accel_0/inst/grp_sa_ms_downsampling_199_1_fu_628/grp_sa_conv2d_bn_40_71_118_240_333_426_535_1_fu_199/grp_sa_conv2d_bn_40_71_118_240_333_426_535_1_Pipeline_VITIS_LOOP_95_2_VITIS_LOOP_96_s_fu_1030/mul_9ns_7ns_15_1_1_U95/tmp_product/P[47:0] is not pipelined (MREG=0). Pipelining the multiplier function will improve performance and will save significant power so it is suggested whenever possible to fully pipeline this function.  If this multiplier was inferred, it is suggested to describe an additional register stage after this function.  If there is no registered adder/accumulator following the multiply function, two pipeline stages are suggested to allow both the MREG and PREG registers to be used.  If the DSP48 was instantiated in the design, it is suggested to set both the MREG and PREG attributes to 1 when performing multiply functions.
WARNING: [DRC DPOP-2] MREG Output pipelining: DSP system_i/spike_accel_0/inst/grp_sa_ms_downsampling_199_1_fu_628/grp_sa_conv2d_bn_40_71_118_240_333_426_535_1_fu_199/grp_sa_conv2d_int_43_74_429_536_1_fu_1003/mul_14ns_16ns_29_1_1_U55/tmp_product multiplier stage system_i/spike_accel_0/inst/grp_sa_ms_downsampling_199_1_fu_628/grp_sa_conv2d_bn_40_71_118_240_333_426_535_1_fu_199/grp_sa_conv2d_int_43_74_429_536_1_fu_1003/mul_14ns_16ns_29_1_1_U55/tmp_product/P[47:0] is not pipelined (MREG=0). Pipelining the multiplier function will improve performance and will save significant power so it is suggested whenever possible to fully pipeline this function.  If this multiplier was inferred, it is suggested to describe an additional register stage after this function.  If there is no registered adder/accumulator following the multiply function, two pipeline stages are suggested to allow both the MREG and PREG registers to be used.  If the DSP48 was instantiated in the design, it is suggested to set both the MREG and PREG attributes to 1 when performing multiply functions.
WARNING: [DRC DPOP-2] MREG Output pipelining: DSP system_i/spike_accel_0/inst/grp_sa_ms_downsampling_199_1_fu_628/grp_sa_conv2d_bn_40_71_118_240_333_426_535_1_fu_199/grp_sa_conv2d_int_43_74_429_536_1_fu_1003/mul_16ns_7ns_23_1_1_U62/tmp_product multiplier stage system_i/spike_accel_0/inst/grp_sa_ms_downsampling_199_1_fu_628/grp_sa_conv2d_bn_40_71_118_240_333_426_535_1_fu_199/grp_sa_conv2d_int_43_74_429_536_1_fu_1003/mul_16ns_7ns_23_1_1_U62/tmp_product/P[47:0] is not pipelined (MREG=0). Pipelining the multiplier function will improve performance and will save significant power so it is suggested whenever possible to fully pipeline this function.  If this multiplier was inferred, it is suggested to describe an additional register stage after this function.  If there is no registered adder/accumulator following the multiply function, two pipeline stages are suggested to allow both the MREG and PREG registers to be used.  If the DSP48 was instantiated in the design, it is suggested to set both the MREG and PREG attributes to 1 when performing multiply functions.
WARNING: [DRC DPOP-2] MREG Output pipelining: DSP system_i/spike_accel_0/inst/grp_sa_ms_downsampling_199_1_fu_628/grp_sa_conv2d_bn_40_71_118_240_333_426_535_1_fu_199/grp_sa_conv2d_int_43_74_429_536_1_fu_1003/mul_16ns_9ns_24_1_1_U54/tmp_product multiplier stage system_i/spike_accel_0/inst/grp_sa_ms_downsampling_199_1_fu_628/grp_sa_conv2d_bn_40_71_118_240_333_426_535_1_fu_199/grp_sa_conv2d_int_43_74_429_536_1_fu_1003/mul_16ns_9ns_24_1_1_U54/tmp_product/P[47:0] is not pipelined (MREG=0). Pipelining the multiplier function will improve performance and will save significant power so it is suggested whenever possible to fully pipeline this function.  If this multiplier was inferred, it is suggested to describe an additional register stage after this function.  If there is no registered adder/accumulator following the multiply function, two pipeline stages are suggested to allow both the MREG and PREG registers to be used.  If the DSP48 was instantiated in the design, it is suggested to set both the MREG and PREG attributes to 1 when performing multiply functions.
WARNING: [DRC DPOP-2] MREG Output pipelining: DSP system_i/spike_accel_0/inst/grp_sa_ms_downsampling_199_1_fu_628/grp_sa_conv2d_bn_40_71_118_240_333_426_535_1_fu_199/grp_sa_conv2d_int_43_74_429_536_1_fu_1003/mul_23s_7ns_30_1_1_U59/tmp_product multiplier stage system_i/spike_accel_0/inst/grp_sa_ms_downsampling_199_1_fu_628/grp_sa_conv2d_bn_40_71_118_240_333_426_535_1_fu_199/grp_sa_conv2d_int_43_74_429_536_1_fu_1003/mul_23s_7ns_30_1_1_U59/tmp_product/P[47:0] is not pipelined (MREG=0). Pipelining the multiplier function will improve performance and will save significant power so it is suggested whenever possible to fully pipeline this function.  If this multiplier was inferred, it is suggested to describe an additional register stage after this function.  If there is no registered adder/accumulator following the multiply function, two pipeline stages are suggested to allow both the MREG and PREG registers to be used.  If the DSP48 was instantiated in the design, it is suggested to set both the MREG and PREG attributes to 1 when performing multiply functions.
WARNING: [DRC DPOP-2] MREG Output pipelining: DSP system_i/spike_accel_0/inst/grp_sa_ms_downsampling_199_1_fu_628/grp_sa_conv2d_bn_40_71_118_240_333_426_535_1_fu_199/grp_sa_conv2d_int_43_74_429_536_1_fu_1003/mul_6ns_24ns_30_1_1_U57/tmp_product multiplier stage system_i/spike_accel_0/inst/grp_sa_ms_downsampling_199_1_fu_628/grp_sa_conv2d_bn_40_71_118_240_333_426_535_1_fu_199/grp_sa_conv2d_int_43_74_429_536_1_fu_1003/mul_6ns_24ns_30_1_1_U57/tmp_product/P[47:0] is not pipelined (MREG=0). Pipelining the multiplier function will improve performance and will save significant power so it is suggested whenever possible to fully pipeline this function.  If this multiplier was inferred, it is suggested to describe an additional register stage after this function.  If there is no registered adder/accumulator following the multiply function, two pipeline stages are suggested to allow both the MREG and PREG registers to be used.  If the DSP48 was instantiated in the design, it is suggested to set both the MREG and PREG attributes to 1 when performing multiply functions.
WARNING: [DRC DPOP-2] MREG Output pipelining: DSP system_i/spike_accel_0/inst/grp_sa_ms_downsampling_199_1_fu_628/grp_sa_conv2d_bn_40_71_118_240_333_426_535_1_fu_199/grp_sa_conv2d_int_43_74_429_536_1_fu_1003/mul_9ns_14ns_23_1_1_U60/tmp_product multiplier stage system_i/spike_accel_0/inst/grp_sa_ms_downsampling_199_1_fu_628/grp_sa_conv2d_bn_40_71_118_240_333_426_535_1_fu_199/grp_sa_conv2d_int_43_74_429_536_1_fu_1003/mul_9ns_14ns_23_1_1_U60/tmp_product/P[47:0] is not pipelined (MREG=0). Pipelining the multiplier function will improve performance and will save significant power so it is suggested whenever possible to fully pipeline this function.  If this multiplier was inferred, it is suggested to describe an additional register stage after this function.  If there is no registered adder/accumulator following the multiply function, two pipeline stages are suggested to allow both the MREG and PREG registers to be used.  If the DSP48 was instantiated in the design, it is suggested to set both the MREG and PREG attributes to 1 when performing multiply functions.
WARNING: [DRC DPOP-2] MREG Output pipelining: DSP system_i/spike_accel_0/inst/grp_sa_ms_downsampling_199_1_fu_628/grp_sa_conv2d_bn_40_71_118_240_333_426_535_1_fu_199/grp_sa_conv2d_int_43_74_429_536_1_fu_1003/mul_ln80_reg_1859_reg multiplier stage system_i/spike_accel_0/inst/grp_sa_ms_downsampling_199_1_fu_628/grp_sa_conv2d_bn_40_71_118_240_333_426_535_1_fu_199/grp_sa_conv2d_int_43_74_429_536_1_fu_1003/mul_ln80_reg_1859_reg/P[47:0] is not pipelined (MREG=0). Pipelining the multiplier function will improve performance and will save significant power so it is suggested whenever possible to fully pipeline this function.  If this multiplier was inferred, it is suggested to describe an additional register stage after this function.  If there is no registered adder/accumulator following the multiply function, two pipeline stages are suggested to allow both the MREG and PREG registers to be used.  If the DSP48 was instantiated in the design, it is suggested to set both the MREG and PREG attributes to 1 when performing multiply functions.
WARNING: [DRC DPOP-2] MREG Output pipelining: DSP system_i/spike_accel_0/inst/grp_sa_ms_downsampling_199_1_fu_628/grp_sa_conv2d_bn_40_71_118_240_333_426_535_1_fu_199/grp_sa_conv2d_int_43_74_429_536_1_fu_1003/tmp2_reg_1798_reg multiplier stage system_i/spike_accel_0/inst/grp_sa_ms_downsampling_199_1_fu_628/grp_sa_conv2d_bn_40_71_118_240_333_426_535_1_fu_199/grp_sa_conv2d_int_43_74_429_536_1_fu_1003/tmp2_reg_1798_reg/P[47:0] is not pipelined (MREG=0). Pipelining the multiplier function will improve performance and will save significant power so it is suggested whenever possible to fully pipeline this function.  If this multiplier was inferred, it is suggested to describe an additional register stage after this function.  If there is no registered adder/accumulator following the multiply function, two pipeline stages are suggested to allow both the MREG and PREG registers to be used.  If the DSP48 was instantiated in the design, it is suggested to set both the MREG and PREG attributes to 1 when performing multiply functions.
WARNING: [DRC DPOP-2] MREG Output pipelining: DSP system_i/spike_accel_0/inst/grp_sa_ms_downsampling_199_1_fu_628/grp_sa_conv2d_bn_40_71_118_240_333_426_535_1_fu_199/mul_ln116_reg_713_reg multiplier stage system_i/spike_accel_0/inst/grp_sa_ms_downsampling_199_1_fu_628/grp_sa_conv2d_bn_40_71_118_240_333_426_535_1_fu_199/mul_ln116_reg_713_reg/P[47:0] is not pipelined (MREG=0). Pipelining the multiplier function will improve performance and will save significant power so it is suggested whenever possible to fully pipeline this function.  If this multiplier was inferred, it is suggested to describe an additional register stage after this function.  If there is no registered adder/accumulator following the multiply function, two pipeline stages are suggested to allow both the MREG and PREG registers to be used.  If the DSP48 was instantiated in the design, it is suggested to set both the MREG and PREG attributes to 1 when performing multiply functions.
WARNING: [DRC DPOP-2] MREG Output pipelining: DSP system_i/spike_accel_0/inst/grp_sa_ms_downsampling_199_1_fu_628/grp_sa_conv2d_bn_40_71_118_240_333_426_535_1_fu_199/mul_ln95_reg_716_reg multiplier stage system_i/spike_accel_0/inst/grp_sa_ms_downsampling_199_1_fu_628/grp_sa_conv2d_bn_40_71_118_240_333_426_535_1_fu_199/mul_ln95_reg_716_reg/P[47:0] is not pipelined (MREG=0). Pipelining the multiplier function will improve performance and will save significant power so it is suggested whenever possible to fully pipeline this function.  If this multiplier was inferred, it is suggested to describe an additional register stage after this function.  If there is no registered adder/accumulator following the multiply function, two pipeline stages are suggested to allow both the MREG and PREG registers to be used.  If the DSP48 was instantiated in the design, it is suggested to set both the MREG and PREG attributes to 1 when performing multiply functions.
WARNING: [DRC DPOP-2] MREG Output pipelining: DSP system_i/spike_accel_0/inst/grp_sa_ms_downsampling_199_1_fu_628/grp_sa_ms_downsampling_199_1_Pipeline_VITIS_LOOP_36_1_VITIS_LOOP_37_2_fu_174/mul10_i_reg_1029_reg multiplier stage system_i/spike_accel_0/inst/grp_sa_ms_downsampling_199_1_fu_628/grp_sa_ms_downsampling_199_1_Pipeline_VITIS_LOOP_36_1_VITIS_LOOP_37_2_fu_174/mul10_i_reg_1029_reg/P[47:0] is not pipelined (MREG=0). Pipelining the multiplier function will improve performance and will save significant power so it is suggested whenever possible to fully pipeline this function.  If this multiplier was inferred, it is suggested to describe an additional register stage after this function.  If there is no registered adder/accumulator following the multiply function, two pipeline stages are suggested to allow both the MREG and PREG registers to be used.  If the DSP48 was instantiated in the design, it is suggested to set both the MREG and PREG attributes to 1 when performing multiply functions.
WARNING: [DRC DPOP-2] MREG Output pipelining: DSP system_i/spike_accel_0/inst/grp_sa_ms_downsampling_199_1_fu_628/grp_sa_ms_downsampling_199_1_Pipeline_VITIS_LOOP_36_1_VITIS_LOOP_37_2_fu_174/mul_ln37_reg_1039_reg multiplier stage system_i/spike_accel_0/inst/grp_sa_ms_downsampling_199_1_fu_628/grp_sa_ms_downsampling_199_1_Pipeline_VITIS_LOOP_36_1_VITIS_LOOP_37_2_fu_174/mul_ln37_reg_1039_reg/P[47:0] is not pipelined (MREG=0). Pipelining the multiplier function will improve performance and will save significant power so it is suggested whenever possible to fully pipeline this function.  If this multiplier was inferred, it is suggested to describe an additional register stage after this function.  If there is no registered adder/accumulator following the multiply function, two pipeline stages are suggested to allow both the MREG and PREG registers to be used.  If the DSP48 was instantiated in the design, it is suggested to set both the MREG and PREG attributes to 1 when performing multiply functions.
WARNING: [DRC DPOP-2] MREG Output pipelining: DSP system_i/spike_accel_0/inst/grp_sa_ms_downsampling_199_1_fu_628/mul_7ns_7ns_14_1_1_U338/tmp_product multiplier stage system_i/spike_accel_0/inst/grp_sa_ms_downsampling_199_1_fu_628/mul_7ns_7ns_14_1_1_U338/tmp_product/P[47:0] is not pipelined (MREG=0). Pipelining the multiplier function will improve performance and will save significant power so it is suggested whenever possible to fully pipeline this function.  If this multiplier was inferred, it is suggested to describe an additional register stage after this function.  If there is no registered adder/accumulator following the multiply function, two pipeline stages are suggested to allow both the MREG and PREG registers to be used.  If the DSP48 was instantiated in the design, it is suggested to set both the MREG and PREG attributes to 1 when performing multiply functions.
WARNING: [DRC DPOP-2] MREG Output pipelining: DSP system_i/spike_accel_0/inst/grp_sa_ms_downsampling_199_1_fu_628/mul_ln36_reg_356_reg multiplier stage system_i/spike_accel_0/inst/grp_sa_ms_downsampling_199_1_fu_628/mul_ln36_reg_356_reg/P[47:0] is not pipelined (MREG=0). Pipelining the multiplier function will improve performance and will save significant power so it is suggested whenever possible to fully pipeline this function.  If this multiplier was inferred, it is suggested to describe an additional register stage after this function.  If there is no registered adder/accumulator following the multiply function, two pipeline stages are suggested to allow both the MREG and PREG registers to be used.  If the DSP48 was instantiated in the design, it is suggested to set both the MREG and PREG attributes to 1 when performing multiply functions.
WARNING: [DRC DPOP-2] MREG Output pipelining: DSP system_i/spike_accel_0/inst/grp_sa_spike_sppf_1_fu_684/grp_sa_ms_standard_conv_inplace_2_fu_249/grp_sa_conv2d_bn_40_71_118_240_333_426_535_1_fu_169/bound_reg_710_reg multiplier stage system_i/spike_accel_0/inst/grp_sa_spike_sppf_1_fu_684/grp_sa_ms_standard_conv_inplace_2_fu_249/grp_sa_conv2d_bn_40_71_118_240_333_426_535_1_fu_169/bound_reg_710_reg/P[47:0] is not pipelined (MREG=0). Pipelining the multiplier function will improve performance and will save significant power so it is suggested whenever possible to fully pipeline this function.  If this multiplier was inferred, it is suggested to describe an additional register stage after this function.  If there is no registered adder/accumulator following the multiply function, two pipeline stages are suggested to allow both the MREG and PREG registers to be used.  If the DSP48 was instantiated in the design, it is suggested to set both the MREG and PREG attributes to 1 when performing multiply functions.
WARNING: [DRC DPOP-2] MREG Output pipelining: DSP system_i/spike_accel_0/inst/grp_sa_spike_sppf_1_fu_684/grp_sa_ms_standard_conv_inplace_2_fu_249/grp_sa_conv2d_bn_40_71_118_240_333_426_535_1_fu_169/grp_sa_conv2d_bn_40_71_118_240_333_426_535_1_Pipeline_VITIS_LOOP_95_2_VITIS_LOOP_96_s_fu_1030/mul26_2_cast_reg_788_reg multiplier stage system_i/spike_accel_0/inst/grp_sa_spike_sppf_1_fu_684/grp_sa_ms_standard_conv_inplace_2_fu_249/grp_sa_conv2d_bn_40_71_118_240_333_426_535_1_fu_169/grp_sa_conv2d_bn_40_71_118_240_333_426_535_1_Pipeline_VITIS_LOOP_95_2_VITIS_LOOP_96_s_fu_1030/mul26_2_cast_reg_788_reg/P[47:0] is not pipelined (MREG=0). Pipelining the multiplier function will improve performance and will save significant power so it is suggested whenever possible to fully pipeline this function.  If this multiplier was inferred, it is suggested to describe an additional register stage after this function.  If there is no registered adder/accumulator following the multiply function, two pipeline stages are suggested to allow both the MREG and PREG registers to be used.  If the DSP48 was instantiated in the design, it is suggested to set both the MREG and PREG attributes to 1 when performing multiply functions.
WARNING: [DRC DPOP-2] MREG Output pipelining: DSP system_i/spike_accel_0/inst/grp_sa_spike_sppf_1_fu_684/grp_sa_ms_standard_conv_inplace_2_fu_249/grp_sa_conv2d_bn_40_71_118_240_333_426_535_1_fu_169/grp_sa_conv2d_bn_40_71_118_240_333_426_535_1_Pipeline_VITIS_LOOP_95_2_VITIS_LOOP_96_s_fu_1030/mul_9ns_7ns_15_1_1_U95/tmp_product multiplier stage system_i/spike_accel_0/inst/grp_sa_spike_sppf_1_fu_684/grp_sa_ms_standard_conv_inplace_2_fu_249/grp_sa_conv2d_bn_40_71_118_240_333_426_535_1_fu_169/grp_sa_conv2d_bn_40_71_118_240_333_426_535_1_Pipeline_VITIS_LOOP_95_2_VITIS_LOOP_96_s_fu_1030/mul_9ns_7ns_15_1_1_U95/tmp_product/P[47:0] is not pipelined (MREG=0). Pipelining the multiplier function will improve performance and will save significant power so it is suggested whenever possible to fully pipeline this function.  If this multiplier was inferred, it is suggested to describe an additional register stage after this function.  If there is no registered adder/accumulator following the multiply function, two pipeline stages are suggested to allow both the MREG and PREG registers to be used.  If the DSP48 was instantiated in the design, it is suggested to set both the MREG and PREG attributes to 1 when performing multiply functions.
WARNING: [DRC DPOP-2] MREG Output pipelining: DSP system_i/spike_accel_0/inst/grp_sa_spike_sppf_1_fu_684/grp_sa_ms_standard_conv_inplace_2_fu_249/grp_sa_conv2d_bn_40_71_118_240_333_426_535_1_fu_169/grp_sa_conv2d_int_43_74_429_536_1_fu_1003/mul_14ns_16ns_29_1_1_U55/tmp_product multiplier stage system_i/spike_accel_0/inst/grp_sa_spike_sppf_1_fu_684/grp_sa_ms_standard_conv_inplace_2_fu_249/grp_sa_conv2d_bn_40_71_118_240_333_426_535_1_fu_169/grp_sa_conv2d_int_43_74_429_536_1_fu_1003/mul_14ns_16ns_29_1_1_U55/tmp_product/P[47:0] is not pipelined (MREG=0). Pipelining the multiplier function will improve performance and will save significant power so it is suggested whenever possible to fully pipeline this function.  If this multiplier was inferred, it is suggested to describe an additional register stage after this function.  If there is no registered adder/accumulator following the multiply function, two pipeline stages are suggested to allow both the MREG and PREG registers to be used.  If the DSP48 was instantiated in the design, it is suggested to set both the MREG and PREG attributes to 1 when performing multiply functions.
WARNING: [DRC DPOP-2] MREG Output pipelining: DSP system_i/spike_accel_0/inst/grp_sa_spike_sppf_1_fu_684/grp_sa_ms_standard_conv_inplace_2_fu_249/grp_sa_conv2d_bn_40_71_118_240_333_426_535_1_fu_169/grp_sa_conv2d_int_43_74_429_536_1_fu_1003/mul_16ns_7ns_23_1_1_U62/tmp_product multiplier stage system_i/spike_accel_0/inst/grp_sa_spike_sppf_1_fu_684/grp_sa_ms_standard_conv_inplace_2_fu_249/grp_sa_conv2d_bn_40_71_118_240_333_426_535_1_fu_169/grp_sa_conv2d_int_43_74_429_536_1_fu_1003/mul_16ns_7ns_23_1_1_U62/tmp_product/P[47:0] is not pipelined (MREG=0). Pipelining the multiplier function will improve performance and will save significant power so it is suggested whenever possible to fully pipeline this function.  If this multiplier was inferred, it is suggested to describe an additional register stage after this function.  If there is no registered adder/accumulator following the multiply function, two pipeline stages are suggested to allow both the MREG and PREG registers to be used.  If the DSP48 was instantiated in the design, it is suggested to set both the MREG and PREG attributes to 1 when performing multiply functions.
WARNING: [DRC DPOP-2] MREG Output pipelining: DSP system_i/spike_accel_0/inst/grp_sa_spike_sppf_1_fu_684/grp_sa_ms_standard_conv_inplace_2_fu_249/grp_sa_conv2d_bn_40_71_118_240_333_426_535_1_fu_169/grp_sa_conv2d_int_43_74_429_536_1_fu_1003/mul_16ns_9ns_24_1_1_U54/tmp_product multiplier stage system_i/spike_accel_0/inst/grp_sa_spike_sppf_1_fu_684/grp_sa_ms_standard_conv_inplace_2_fu_249/grp_sa_conv2d_bn_40_71_118_240_333_426_535_1_fu_169/grp_sa_conv2d_int_43_74_429_536_1_fu_1003/mul_16ns_9ns_24_1_1_U54/tmp_product/P[47:0] is not pipelined (MREG=0). Pipelining the multiplier function will improve performance and will save significant power so it is suggested whenever possible to fully pipeline this function.  If this multiplier was inferred, it is suggested to describe an additional register stage after this function.  If there is no registered adder/accumulator following the multiply function, two pipeline stages are suggested to allow both the MREG and PREG registers to be used.  If the DSP48 was instantiated in the design, it is suggested to set both the MREG and PREG attributes to 1 when performing multiply functions.
WARNING: [DRC DPOP-2] MREG Output pipelining: DSP system_i/spike_accel_0/inst/grp_sa_spike_sppf_1_fu_684/grp_sa_ms_standard_conv_inplace_2_fu_249/grp_sa_conv2d_bn_40_71_118_240_333_426_535_1_fu_169/grp_sa_conv2d_int_43_74_429_536_1_fu_1003/mul_23s_7ns_30_1_1_U59/tmp_product multiplier stage system_i/spike_accel_0/inst/grp_sa_spike_sppf_1_fu_684/grp_sa_ms_standard_conv_inplace_2_fu_249/grp_sa_conv2d_bn_40_71_118_240_333_426_535_1_fu_169/grp_sa_conv2d_int_43_74_429_536_1_fu_1003/mul_23s_7ns_30_1_1_U59/tmp_product/P[47:0] is not pipelined (MREG=0). Pipelining the multiplier function will improve performance and will save significant power so it is suggested whenever possible to fully pipeline this function.  If this multiplier was inferred, it is suggested to describe an additional register stage after this function.  If there is no registered adder/accumulator following the multiply function, two pipeline stages are suggested to allow both the MREG and PREG registers to be used.  If the DSP48 was instantiated in the design, it is suggested to set both the MREG and PREG attributes to 1 when performing multiply functions.
WARNING: [DRC DPOP-2] MREG Output pipelining: DSP system_i/spike_accel_0/inst/grp_sa_spike_sppf_1_fu_684/grp_sa_ms_standard_conv_inplace_2_fu_249/grp_sa_conv2d_bn_40_71_118_240_333_426_535_1_fu_169/grp_sa_conv2d_int_43_74_429_536_1_fu_1003/mul_6ns_24ns_30_1_1_U57/tmp_product multiplier stage system_i/spike_accel_0/inst/grp_sa_spike_sppf_1_fu_684/grp_sa_ms_standard_conv_inplace_2_fu_249/grp_sa_conv2d_bn_40_71_118_240_333_426_535_1_fu_169/grp_sa_conv2d_int_43_74_429_536_1_fu_1003/mul_6ns_24ns_30_1_1_U57/tmp_product/P[47:0] is not pipelined (MREG=0). Pipelining the multiplier function will improve performance and will save significant power so it is suggested whenever possible to fully pipeline this function.  If this multiplier was inferred, it is suggested to describe an additional register stage after this function.  If there is no registered adder/accumulator following the multiply function, two pipeline stages are suggested to allow both the MREG and PREG registers to be used.  If the DSP48 was instantiated in the design, it is suggested to set both the MREG and PREG attributes to 1 when performing multiply functions.
WARNING: [DRC DPOP-2] MREG Output pipelining: DSP system_i/spike_accel_0/inst/grp_sa_spike_sppf_1_fu_684/grp_sa_ms_standard_conv_inplace_2_fu_249/grp_sa_conv2d_bn_40_71_118_240_333_426_535_1_fu_169/grp_sa_conv2d_int_43_74_429_536_1_fu_1003/mul_9ns_14ns_23_1_1_U60/tmp_product multiplier stage system_i/spike_accel_0/inst/grp_sa_spike_sppf_1_fu_684/grp_sa_ms_standard_conv_inplace_2_fu_249/grp_sa_conv2d_bn_40_71_118_240_333_426_535_1_fu_169/grp_sa_conv2d_int_43_74_429_536_1_fu_1003/mul_9ns_14ns_23_1_1_U60/tmp_product/P[47:0] is not pipelined (MREG=0). Pipelining the multiplier function will improve performance and will save significant power so it is suggested whenever possible to fully pipeline this function.  If this multiplier was inferred, it is suggested to describe an additional register stage after this function.  If there is no registered adder/accumulator following the multiply function, two pipeline stages are suggested to allow both the MREG and PREG registers to be used.  If the DSP48 was instantiated in the design, it is suggested to set both the MREG and PREG attributes to 1 when performing multiply functions.
WARNING: [DRC DPOP-2] MREG Output pipelining: DSP system_i/spike_accel_0/inst/grp_sa_spike_sppf_1_fu_684/grp_sa_ms_standard_conv_inplace_2_fu_249/grp_sa_conv2d_bn_40_71_118_240_333_426_535_1_fu_169/grp_sa_conv2d_int_43_74_429_536_1_fu_1003/mul_ln80_reg_1859_reg multiplier stage system_i/spike_accel_0/inst/grp_sa_spike_sppf_1_fu_684/grp_sa_ms_standard_conv_inplace_2_fu_249/grp_sa_conv2d_bn_40_71_118_240_333_426_535_1_fu_169/grp_sa_conv2d_int_43_74_429_536_1_fu_1003/mul_ln80_reg_1859_reg/P[47:0] is not pipelined (MREG=0). Pipelining the multiplier function will improve performance and will save significant power so it is suggested whenever possible to fully pipeline this function.  If this multiplier was inferred, it is suggested to describe an additional register stage after this function.  If there is no registered adder/accumulator following the multiply function, two pipeline stages are suggested to allow both the MREG and PREG registers to be used.  If the DSP48 was instantiated in the design, it is suggested to set both the MREG and PREG attributes to 1 when performing multiply functions.
WARNING: [DRC DPOP-2] MREG Output pipelining: DSP system_i/spike_accel_0/inst/grp_sa_spike_sppf_1_fu_684/grp_sa_ms_standard_conv_inplace_2_fu_249/grp_sa_conv2d_bn_40_71_118_240_333_426_535_1_fu_169/grp_sa_conv2d_int_43_74_429_536_1_fu_1003/tmp2_reg_1798_reg multiplier stage system_i/spike_accel_0/inst/grp_sa_spike_sppf_1_fu_684/grp_sa_ms_standard_conv_inplace_2_fu_249/grp_sa_conv2d_bn_40_71_118_240_333_426_535_1_fu_169/grp_sa_conv2d_int_43_74_429_536_1_fu_1003/tmp2_reg_1798_reg/P[47:0] is not pipelined (MREG=0). Pipelining the multiplier function will improve performance and will save significant power so it is suggested whenever possible to fully pipeline this function.  If this multiplier was inferred, it is suggested to describe an additional register stage after this function.  If there is no registered adder/accumulator following the multiply function, two pipeline stages are suggested to allow both the MREG and PREG registers to be used.  If the DSP48 was instantiated in the design, it is suggested to set both the MREG and PREG attributes to 1 when performing multiply functions.
WARNING: [DRC DPOP-2] MREG Output pipelining: DSP system_i/spike_accel_0/inst/grp_sa_spike_sppf_1_fu_684/grp_sa_ms_standard_conv_inplace_2_fu_249/grp_sa_conv2d_bn_40_71_118_240_333_426_535_1_fu_169/mul_ln116_reg_713_reg multiplier stage system_i/spike_accel_0/inst/grp_sa_spike_sppf_1_fu_684/grp_sa_ms_standard_conv_inplace_2_fu_249/grp_sa_conv2d_bn_40_71_118_240_333_426_535_1_fu_169/mul_ln116_reg_713_reg/P[47:0] is not pipelined (MREG=0). Pipelining the multiplier function will improve performance and will save significant power so it is suggested whenever possible to fully pipeline this function.  If this multiplier was inferred, it is suggested to describe an additional register stage after this function.  If there is no registered adder/accumulator following the multiply function, two pipeline stages are suggested to allow both the MREG and PREG registers to be used.  If the DSP48 was instantiated in the design, it is suggested to set both the MREG and PREG attributes to 1 when performing multiply functions.
WARNING: [DRC DPOP-2] MREG Output pipelining: DSP system_i/spike_accel_0/inst/grp_sa_spike_sppf_1_fu_684/grp_sa_ms_standard_conv_inplace_2_fu_249/grp_sa_conv2d_bn_40_71_118_240_333_426_535_1_fu_169/mul_ln95_reg_716_reg multiplier stage system_i/spike_accel_0/inst/grp_sa_spike_sppf_1_fu_684/grp_sa_ms_standard_conv_inplace_2_fu_249/grp_sa_conv2d_bn_40_71_118_240_333_426_535_1_fu_169/mul_ln95_reg_716_reg/P[47:0] is not pipelined (MREG=0). Pipelining the multiplier function will improve performance and will save significant power so it is suggested whenever possible to fully pipeline this function.  If this multiplier was inferred, it is suggested to describe an additional register stage after this function.  If there is no registered adder/accumulator following the multiply function, two pipeline stages are suggested to allow both the MREG and PREG registers to be used.  If the DSP48 was instantiated in the design, it is suggested to set both the MREG and PREG attributes to 1 when performing multiply functions.
WARNING: [DRC RTSTAT-10] No routable loads: 15 net(s) have no routable loads. The problem bus(es) and/or net(s) are system_i/ic_ctrl/inst/s00_nodes/s00_aw_node/inst/mi_handler_m_sc_areset_pipe, system_i/ic_ctrl/inst/m01_nodes/m01_r_node/inst/mi_handler_m_sc_areset_pipe, system_i/ic_ctrl/inst/m00_nodes/m00_aw_node/inst/mi_handler_m_sc_areset_pipe, system_i/ic_ctrl/inst/s00_nodes/s00_ar_node/inst/mi_handler_m_sc_areset_pipe, system_i/ic_ctrl/inst/s00_nodes/s00_w_node/inst/mi_handler_m_sc_areset_pipe, system_i/ic_ctrl/inst/m00_nodes/m00_w_node/inst/mi_handler_m_sc_areset_pipe, system_i/ic_ctrl/inst/m01_nodes/m01_ar_node/inst/mi_handler_m_sc_areset_pipe, system_i/ic_ctrl/inst/m01_nodes/m01_aw_node/inst/mi_handler_m_sc_areset_pipe, system_i/ic_ctrl/inst/m00_nodes/m00_r_node/inst/mi_handler_m_sc_areset_pipe, system_i/ic_ctrl/inst/s00_nodes/s00_b_node/inst/mi_handler_m_sc_areset_pipe, system_i/ic_ctrl/inst/s00_nodes/s00_r_node/inst/mi_handler_m_sc_areset_pipe, system_i/ic_ctrl/inst/m00_nodes/m00_b_node/inst/mi_handler_m_sc_areset_pipe, system_i/ic_ctrl/inst/m01_nodes/m01_w_node/inst/mi_handler_m_sc_areset_pipe, system_i/ic_ctrl/inst/m00_nodes/m00_ar_node/inst/mi_handler_m_sc_areset_pipe, and system_i/ic_ctrl/inst/m01_nodes/m01_b_node/inst/mi_handler_m_sc_areset_pipe.
INFO: [DRC REQP-165] writefirst: Synchronous clocking is detected for BRAM (system_i/axi_dma_feat/U0/I_PRMRY_DATAMOVER/GEN_MM2S_FULL.I_MM2S_FULL_WRAPPER/GEN_INCLUDE_MM2S_SF.I_RD_SF/I_DATA_FIFO/BLK_MEM.I_SYNC_FIFOGEN_FIFO/xpm_fifo_instance.xpm_fifo_sync_inst/xpm_fifo_base_inst/gen_sdpram.xpm_memory_base_inst/gen_wr_a.gen_word_narrow.mem_reg_1) in SDP mode with WRITE_FIRST write-mode. This is the preferred mode for best power characteristics, however it may exhibit address collisions if the same address appears on both read and write ports resulting in unknown or corrupted read data. It is suggested to confirm via simulation that an address collision never occurs and if so it is suggested to try and avoid this situation. If address collisions cannot be avoided, the write-mode may be set to READ_FIRST which guarantees that the read data is the prior contents of the memory at the cost of additional power in the design. See the FPGA Memory Resources User Guide for additional information.
INFO: [DRC REQP-165] writefirst: Synchronous clocking is detected for BRAM (system_i/axi_dma_feat/U0/I_PRMRY_DATAMOVER/GEN_S2MM_FULL.I_S2MM_FULL_WRAPPER/GEN_ENABLE_INDET_BTT_SF.I_INDET_BTT/I_DATA_FIFO/BLK_MEM.I_SYNC_FIFOGEN_FIFO/xpm_fifo_instance.xpm_fifo_sync_inst/xpm_fifo_base_inst/gen_sdpram.xpm_memory_base_inst/gen_wr_a.gen_word_narrow.mem_reg_1) in SDP mode with WRITE_FIRST write-mode. This is the preferred mode for best power characteristics, however it may exhibit address collisions if the same address appears on both read and write ports resulting in unknown or corrupted read data. It is suggested to confirm via simulation that an address collision never occurs and if so it is suggested to try and avoid this situation. If address collisions cannot be avoided, the write-mode may be set to READ_FIRST which guarantees that the read data is the prior contents of the memory at the cost of additional power in the design. See the FPGA Memory Resources User Guide for additional information.
INFO: [DRC REQP-181] writefirst: Synchronous clocking is detected for BRAM (system_i/axi_dma_feat/U0/I_PRMRY_DATAMOVER/GEN_MM2S_FULL.I_MM2S_FULL_WRAPPER/GEN_INCLUDE_MM2S_SF.I_RD_SF/I_DATA_FIFO/BLK_MEM.I_SYNC_FIFOGEN_FIFO/xpm_fifo_instance.xpm_fifo_sync_inst/xpm_fifo_base_inst/gen_sdpram.xpm_memory_base_inst/gen_wr_a.gen_word_narrow.mem_reg_0) in SDP mode with WRITE_FIRST write-mode. This is the preferred mode for best power characteristics, however it may exhibit address collisions if the same address appears on both read and write ports resulting in unknown or corrupted read data. It is suggested to confirm via simulation that an address collision never occurs and if so it is suggested to try and avoid this situation. If address collisions cannot be avoided, the write-mode may be set to READ_FIRST which guarantees that the read data is the prior contents of the memory at the cost of additional power in the design. See the FPGA Memory Resources User Guide for additional information.
INFO: [DRC REQP-181] writefirst: Synchronous clocking is detected for BRAM (system_i/axi_dma_feat/U0/I_PRMRY_DATAMOVER/GEN_S2MM_FULL.I_S2MM_FULL_WRAPPER/GEN_ENABLE_INDET_BTT_SF.I_INDET_BTT/I_DATA_FIFO/BLK_MEM.I_SYNC_FIFOGEN_FIFO/xpm_fifo_instance.xpm_fifo_sync_inst/xpm_fifo_base_inst/gen_sdpram.xpm_memory_base_inst/gen_wr_a.gen_word_narrow.mem_reg_0) in SDP mode with WRITE_FIRST write-mode. This is the preferred mode for best power characteristics, however it may exhibit address collisions if the same address appears on both read and write ports resulting in unknown or corrupted read data. It is suggested to confirm via simulation that an address collision never occurs and if so it is suggested to try and avoid this situation. If address collisions cannot be avoided, the write-mode may be set to READ_FIRST which guarantees that the read data is the prior contents of the memory at the cost of additional power in the design. See the FPGA Memory Resources User Guide for additional information.
INFO: [Vivado 12-3199] DRC finished with 0 Errors, 168 Warnings, 4 Advisories
INFO: [Vivado 12-3200] Please refer to the DRC report (report_drc) for more information.
Loading data files...
Loading site data...
Loading route data...
Processing options...
Creating bitmap...
Creating bitstream...
Bitstream compression saved 12315776 bits.
Writing bitstream ./system_wrapper.bit...
INFO: [Vivado 12-1842] Bitgen Completed Successfully.
INFO: [Common 17-83] Releasing license: Implementation
212 Infos, 305 Warnings, 23 Critical Warnings and 0 Errors encountered.
write_bitstream completed successfully
write_bitstream: Time (s): cpu = 00:00:40 ; elapsed = 00:00:41 . Memory (MB): peak = 6574.441 ; gain = 417.777
INFO: [Common 17-206] Exiting Vivado at Wed May 13 23:01:52 2026...
[Wed May 13 23:01:57 2026] impl_1 finished
wait_on_runs: Time (s): cpu = 00:00:05 ; elapsed = 00:18:47 . Memory (MB): peak = 788.574 ; gain = 0.000
# open_run impl_1
INFO: [Device 21-403] Loading part xc7z020clg400-1
INFO: [Device 21-9227] Part: xc7z020clg400-1 does not have CEAM library.
Netlist sorting complete. Time (s): cpu = 00:00:01 ; elapsed = 00:00:02 . Memory (MB): peak = 1465.176 ; gain = 5.047
INFO: [Netlist 29-17] Analyzing 6546 Unisim elements for replacement
INFO: [Netlist 29-28] Unisim Transformation completed in 0 CPU seconds
INFO: [Project 1-479] Netlist was created with Vivado 2024.1
INFO: [Project 1-570] Preparing netlist for logic optimization
Read ShapeDB Complete: Time (s): cpu = 00:00:00 ; elapsed = 00:00:00.201 . Memory (MB): peak = 1749.609 ; gain = 22.297
INFO: [Timing 38-478] Restoring timing data from binary archive.
INFO: [Timing 38-479] Binary timing data restore complete.
INFO: [Project 1-856] Restoring constraints from binary archive.
INFO: [Project 1-853] Binary constraint restore complete.
INFO: [Designutils 20-5722] Start Reading Physical Databases.
Reading placement.
Read Netlist Cache: Time (s): cpu = 00:00:00 ; elapsed = 00:00:00.088 . Memory (MB): peak = 2555.672 ; gain = 0.000
Reading placer database...
Read Device Cache: Time (s): cpu = 00:00:00 ; elapsed = 00:00:00.013 . Memory (MB): peak = 2555.672 ; gain = 0.000
Read PlaceDB: Time (s): cpu = 00:00:03 ; elapsed = 00:00:03 . Memory (MB): peak = 2555.672 ; gain = 0.000
Read PulsedLatchDB: Time (s): cpu = 00:00:00 ; elapsed = 00:00:00 . Memory (MB): peak = 2555.672 ; gain = 0.000
Reading routing.
Read RouteStorage: Time (s): cpu = 00:00:01 ; elapsed = 00:00:01 . Memory (MB): peak = 2614.180 ; gain = 58.508
Read Physdb Files: Time (s): cpu = 00:00:04 ; elapsed = 00:00:04 . Memory (MB): peak = 2614.180 ; gain = 58.508
Restored from archive | CPU: 4.000000 secs | Memory: 0.000000 MB |
Finished XDEF File Restore: Time (s): cpu = 00:00:04 ; elapsed = 00:00:04 . Memory (MB): peak = 2614.180 ; gain = 58.508
Netlist sorting complete. Time (s): cpu = 00:00:00 ; elapsed = 00:00:00.032 . Memory (MB): peak = 2614.180 ; gain = 0.000
INFO: [Project 1-111] Unisim Transformation Summary:
  A total of 387 instances were transformed.
  RAM16X1D => RAM32X1D (RAMD32(x2)): 4 instances
  RAM32M => RAM32M (RAMD32(x6), RAMS32(x2)): 364 instances
  RAM32X1D => RAM32X1D (RAMD32(x2)): 14 instances
  SRLC32E => SRL16E: 5 instances

open_run: Time (s): cpu = 00:00:27 ; elapsed = 00:00:30 . Memory (MB): peak = 2614.180 ; gain = 1825.605
# report_timing_summary -file [file join $REPORTS timing_summary.rpt]
INFO: [Timing 38-91] UpdateTimingParams: Speed grade: -1, Delay Type: min_max.
report_timing_summary: Time (s): cpu = 00:00:23 ; elapsed = 00:00:24 . Memory (MB): peak = 3233.039 ; gain = 618.859
# report_utilization     -file [file join $REPORTS utilization.rpt]
# catch { report_power   -file [file join $REPORTS power.rpt] }
Command: report_power -file C:/Users/jielu/Desktop/Workspace/SpikeYOLO_FPGA/hw/vivado/reports/power.rpt
Running Vector-less Activity Propagation...

Finished Running Vector-less Activity Propagation
WARNING: [Power 33-332] Found switching activity that implies high-fanout reset nets being asserted for excessive periods of time which may result in inaccurate power analysis.
Resolution: To review and fix problems, please run Power Constraints Advisor in the GUI from Tools > Power Constraints Advisor or run report_power with the -advisory option to generate a text report.
0 Infos, 1 Warnings, 0 Critical Warnings and 0 Errors encountered.
report_power completed successfully
report_power: Time (s): cpu = 00:00:23 ; elapsed = 00:00:12 . Memory (MB): peak = 3458.055 ; gain = 225.016
# set IMPL_DIR [file join $OUT_DIR ${PROJECT}.runs impl_1]
# catch {file copy -force [file join $IMPL_DIR system_wrapper.bit] [file join $OUT_DIR system.bit]}
# catch {file copy -force [file join $IMPL_DIR system_wrapper.ltx] [file join $OUT_DIR system.ltx]}
# write_hw_platform -fixed -force -file [file join $OUT_DIR system.xsa]
INFO: [Project 1-1918] Creating Hardware Platform: C:/Users/jielu/Desktop/Workspace/SpikeYOLO_FPGA/hw/vivado/out/system.xsa ...
WARNING: [Project 1-645] Board images not set in Hardware Platform.
INFO: [Project 1-1943] The Hardware Platform can be used for Hardware
INFO: [Project 1-1941] Successfully created Hardware Platform: C:/Users/jielu/Desktop/Workspace/SpikeYOLO_FPGA/hw/vivado/out/system.xsa
INFO: [Hsi 55-2053] elapsed time for repository (E:/Applaction/Xilinx/Vivado/2024.1/data/embeddedsw) loading 0 seconds
write_hw_platform: Time (s): cpu = 00:00:08 ; elapsed = 00:00:09 . Memory (MB): peak = 3607.129 ; gain = 149.074
# set yaml_path [file join $OUT_DIR address_map.yaml]
# set fp [open $yaml_path w]
# puts $fp "# Auto-generated by run_step6_bt_patched.tcl after Vivado implementation."
# puts $fp "soc: zynq-7020"
# puts $fp "board: zybo-z7-20"
# puts $fp "vivado_version: \"2024.1\""
# puts $fp "bitstream: out/system.bit"
# puts $fp "hwh: out/system.hwh"
# puts $fp "peripherals:"
ERROR: [BD 5-104] A block design must be open to run this command. Please create/open a block design.
ERROR: [Common 17-39] 'get_bd_addr_spaces' failed due to earlier errors.

    while executing
"get_bd_addr_spaces /ps_0/Data"
    invoked from within
"get_bd_addr_segs -of [get_bd_addr_spaces /ps_0/Data]"
    invoked from within
"foreach seg [get_bd_addr_segs -of [get_bd_addr_spaces /ps_0/Data]] {
    set name [get_property NAME $seg]
    set base [get_property OFFSET $seg]
   ..."
    (file "runs/remote_machine/run_step6_bt_patched.tcl" line 113)
INFO: [Common 17-206] Exiting Vivado at Wed May 13 23:03:12 2026...
