
****** Vivado v2024.1 (64-bit)
  **** SW Build 5076996 on Wed May 22 18:37:14 MDT 2024
  **** IP Build 5075265 on Wed May 22 21:45:21 MDT 2024
  **** SharedData Build 5076995 on Wed May 22 18:29:18 MDT 2024
  **** Start of session at: Thu May 14 19:38:06 2026
    ** Copyright 1986-2022 Xilinx, Inc. All Rights Reserved.
    ** Copyright 2022-2024 Advanced Micro Devices, Inc. All Rights Reserved.

source runs/remote_machine/run_step6_timing_perf_explore.tcl
# set PROJECT spike_zybo
# set HW_VIVADO_DIR "C:/Users/jielu/Desktop/Workspace/SpikeYOLO_FPGA/hw/vivado"
# set OUT_DIR  "$HW_VIVADO_DIR/out"
# set REPORTS  "$HW_VIVADO_DIR/reports"
# set REMOTE   "C:/Users/jielu/Desktop/Workspace/SpikeYOLO_FPGA/runs/remote_machine"
# open_project [file join $OUT_DIR ${PROJECT}.xpr]
Scanning sources...
Finished scanning sources
INFO: [IP_Flow 19-234] Refreshing IP repositories
INFO: [IP_Flow 19-1700] Loaded user IP repository 'c:/Users/jielu/Desktop/Workspace/SpikeYOLO_FPGA/hw/hls/build'.
INFO: [IP_Flow 19-1700] Loaded user IP repository 'c:/Users/jielu/Desktop/Workspace/SpikeYOLO_FPGA/hw/vivado/ip_repo/spike_accel'.
INFO: [IP_Flow 19-1700] Loaded user IP repository 'c:/Users/jielu/Desktop/Workspace/SpikeYOLO_FPGA/hw/vivado/ip_repo/axis_to_video_bridge'.
INFO: [IP_Flow 19-1700] Loaded user IP repository 'c:/Users/jielu/Desktop/Workspace/SpikeYOLO_FPGA/hw/vivado/ip_repo/digilent/vivado-library'.
INFO: [IP_Flow 19-2313] Loaded Vivado IP repository 'E:/Applaction/Xilinx/Vivado/2024.1/data/ip'.
open_project: Time (s): cpu = 00:00:14 ; elapsed = 00:00:19 . Memory (MB): peak = 774.672 ; gain = 345.758
# set_property strategy Area_ExploreSequential [get_runs impl_1]
# puts "INFO: impl_1 strategy set to Area_ExploreSequential (M3 R2 gap was 120 slices)"
INFO: impl_1 strategy set to Area_ExploreSequential (M3 R2 gap was 120 slices)
# catch { set_param ip.useCacheStrategy 0 }
# catch { set_param ip.checkLicense 0 }
# catch { set_param ip.useIpCache 0 }
# catch { set_param project.disableIPCache 1 }
# catch { reset_run impl_1 }
# launch_runs impl_1 -to_step write_bitstream -jobs 1

[Thu May 14 19:38:34 2026] Launched impl_1...
Run output will be captured here: C:/Users/jielu/Desktop/Workspace/SpikeYOLO_FPGA/hw/vivado/out/spike_zybo.runs/impl_1/runme.log
# wait_on_run impl_1
[Thu May 14 19:38:34 2026] Waiting for impl_1 to finish...

*** Running vivado
    with args -log system_wrapper.vdi -applog -m64 -product Vivado -messageDb vivado.pb -mode batch -source system_wrapper.tcl -notrace



****** Vivado v2024.1 (64-bit)
  **** SW Build 5076996 on Wed May 22 18:37:14 MDT 2024
  **** IP Build 5075265 on Wed May 22 21:45:21 MDT 2024
  **** SharedData Build 5076995 on Wed May 22 18:29:18 MDT 2024
  **** Start of session at: Thu May 14 19:38:42 2026
    ** Copyright 1986-2022 Xilinx, Inc. All Rights Reserved.
    ** Copyright 2022-2024 Advanced Micro Devices, Inc. All Rights Reserved.

source system_wrapper.tcl -notrace
create_project: Time (s): cpu = 00:00:05 ; elapsed = 00:00:06 . Memory (MB): peak = 630.875 ; gain = 203.250
INFO: [IP_Flow 19-234] Refreshing IP repositories
INFO: [IP_Flow 19-1700] Loaded user IP repository 'c:/Users/jielu/Desktop/Workspace/SpikeYOLO_FPGA/hw/hls/build'.
INFO: [IP_Flow 19-1700] Loaded user IP repository 'c:/Users/jielu/Desktop/Workspace/SpikeYOLO_FPGA/hw/vivado/ip_repo/spike_accel'.
INFO: [IP_Flow 19-1700] Loaded user IP repository 'c:/Users/jielu/Desktop/Workspace/SpikeYOLO_FPGA/hw/vivado/ip_repo/axis_to_video_bridge'.
INFO: [IP_Flow 19-1700] Loaded user IP repository 'c:/Users/jielu/Desktop/Workspace/SpikeYOLO_FPGA/hw/vivado/ip_repo/digilent/vivado-library'.
INFO: [IP_Flow 19-2313] Loaded Vivado IP repository 'E:/Applaction/Xilinx/Vivado/2024.1/data/ip'.
WARNING: [IP_Flow 19-4995] The host OS only allows 260 characters in a normal path. The IP cache path is more than 80 characters. If you experience issues with IP caching, please consider changing the IP cache to a location with a shorter path. Alternately consider using the OS subst command to map part of the path to a drive letter. 
Current IP cache path is C:/Users/jielu/Desktop/Workspace/SpikeYOLO_FPGA/hw/vivado/out/spike_zybo.cache/ip 
add_files: Time (s): cpu = 00:00:07 ; elapsed = 00:00:08 . Memory (MB): peak = 811.332 ; gain = 99.383
Command: link_design -top system_wrapper -part xc7z020clg400-1
Design is defaulting to srcset: sources_1
Design is defaulting to constrset: constrs_1
INFO: [Device 21-403] Loading part xc7z020clg400-1
INFO: [Device 21-9227] Part: xc7z020clg400-1 does not have CEAM library.
INFO: [Project 1-454] Reading design checkpoint 'c:/Users/jielu/Desktop/Workspace/SpikeYOLO_FPGA/hw/vivado/out/spike_zybo.gen/sources_1/bd/system/ip/system_axi_dma_feat_0/system_axi_dma_feat_0.dcp' for cell 'system_i/axi_dma_feat'
INFO: [Project 1-454] Reading design checkpoint 'c:/Users/jielu/Desktop/Workspace/SpikeYOLO_FPGA/hw/vivado/out/spike_zybo.gen/sources_1/bd/system/ip/system_ic_ctrl_0/system_ic_ctrl_0.dcp' for cell 'system_i/ic_ctrl'
INFO: [Project 1-454] Reading design checkpoint 'c:/Users/jielu/Desktop/Workspace/SpikeYOLO_FPGA/hw/vivado/out/spike_zybo.gen/sources_1/bd/system/ip/system_ic_data_hp0_0/system_ic_data_hp0_0.dcp' for cell 'system_i/ic_data_hp0'
INFO: [Project 1-454] Reading design checkpoint 'c:/Users/jielu/Desktop/Workspace/SpikeYOLO_FPGA/hw/vivado/out/spike_zybo.gen/sources_1/bd/system/ip/system_ic_data_hp1_0/system_ic_data_hp1_0.dcp' for cell 'system_i/ic_data_hp1'
INFO: [Project 1-454] Reading design checkpoint 'c:/Users/jielu/Desktop/Workspace/SpikeYOLO_FPGA/hw/vivado/out/spike_zybo.gen/sources_1/bd/system/ip/system_ps_0_0/system_ps_0_0.dcp' for cell 'system_i/ps_0'
INFO: [Project 1-454] Reading design checkpoint 'c:/Users/jielu/Desktop/Workspace/SpikeYOLO_FPGA/hw/vivado/out/spike_zybo.gen/sources_1/bd/system/ip/system_rgb2dvi_0_0/system_rgb2dvi_0_0.dcp' for cell 'system_i/rgb2dvi_0'
INFO: [Project 1-454] Reading design checkpoint 'c:/Users/jielu/Desktop/Workspace/SpikeYOLO_FPGA/hw/vivado/out/spike_zybo.gen/sources_1/bd/system/ip/system_rst_clk0_0/system_rst_clk0_0.dcp' for cell 'system_i/rst_clk0'
INFO: [Project 1-454] Reading design checkpoint 'c:/Users/jielu/Desktop/Workspace/SpikeYOLO_FPGA/hw/vivado/out/spike_zybo.gen/sources_1/bd/system/ip/system_rst_clk1_0/system_rst_clk1_0.dcp' for cell 'system_i/rst_clk1'
INFO: [Project 1-454] Reading design checkpoint 'c:/Users/jielu/Desktop/Workspace/SpikeYOLO_FPGA/hw/vivado/out/spike_zybo.gen/sources_1/bd/system/ip/system_spike_accel_0_0/system_spike_accel_0_0.dcp' for cell 'system_i/spike_accel_0'
INFO: [Project 1-454] Reading design checkpoint 'c:/Users/jielu/Desktop/Workspace/SpikeYOLO_FPGA/hw/vivado/out/spike_zybo.gen/sources_1/bd/system/ip/system_v_tc_0_0/system_v_tc_0_0.dcp' for cell 'system_i/v_tc_0'
INFO: [Project 1-454] Reading design checkpoint 'c:/Users/jielu/Desktop/Workspace/SpikeYOLO_FPGA/hw/vivado/out/spike_zybo.gen/sources_1/bd/system/ip/system_vdma_disp_0/system_vdma_disp_0.dcp' for cell 'system_i/vdma_disp'
INFO: [Project 1-454] Reading design checkpoint 'c:/Users/jielu/Desktop/Workspace/SpikeYOLO_FPGA/hw/vivado/out/spike_zybo.gen/sources_1/bd/system/ip/system_vid_out_0/system_vid_out_0.dcp' for cell 'system_i/vid_out'
Netlist sorting complete. Time (s): cpu = 00:00:02 ; elapsed = 00:00:02 . Memory (MB): peak = 1579.809 ; gain = 0.000
INFO: [Netlist 29-17] Analyzing 7796 Unisim elements for replacement
INFO: [Netlist 29-28] Unisim Transformation completed in 0 CPU seconds
INFO: [Project 1-479] Netlist was created with Vivado 2024.1
INFO: [Project 1-570] Preparing netlist for logic optimization
Parsing XDC File [c:/Users/jielu/Desktop/Workspace/SpikeYOLO_FPGA/hw/vivado/out/spike_zybo.gen/sources_1/bd/system/ip/system_ps_0_0/system_ps_0_0.xdc] for cell 'system_i/ps_0/inst'
Finished Parsing XDC File [c:/Users/jielu/Desktop/Workspace/SpikeYOLO_FPGA/hw/vivado/out/spike_zybo.gen/sources_1/bd/system/ip/system_ps_0_0/system_ps_0_0.xdc] for cell 'system_i/ps_0/inst'
Parsing XDC File [c:/Users/jielu/Desktop/Workspace/SpikeYOLO_FPGA/hw/vivado/out/spike_zybo.gen/sources_1/bd/system/ip/system_axi_dma_feat_0/system_axi_dma_feat_0.xdc] for cell 'system_i/axi_dma_feat/U0'
WARNING: [Vivado_Tcl 4-921] Waiver ID 'CDC-1' -to list should not be empty. [c:/Users/jielu/Desktop/Workspace/SpikeYOLO_FPGA/hw/vivado/out/spike_zybo.gen/sources_1/bd/system/ip/system_axi_dma_feat_0/system_axi_dma_feat_0.xdc:52]
WARNING: [Vivado_Tcl 4-921] Waiver ID 'CDC-1' -to list should not be empty. [c:/Users/jielu/Desktop/Workspace/SpikeYOLO_FPGA/hw/vivado/out/spike_zybo.gen/sources_1/bd/system/ip/system_axi_dma_feat_0/system_axi_dma_feat_0.xdc:56]
WARNING: [Vivado_Tcl 4-919] Waiver ID 'CDC-1' -from list should not be empty. [c:/Users/jielu/Desktop/Workspace/SpikeYOLO_FPGA/hw/vivado/out/spike_zybo.gen/sources_1/bd/system/ip/system_axi_dma_feat_0/system_axi_dma_feat_0.xdc:61]
Finished Parsing XDC File [c:/Users/jielu/Desktop/Workspace/SpikeYOLO_FPGA/hw/vivado/out/spike_zybo.gen/sources_1/bd/system/ip/system_axi_dma_feat_0/system_axi_dma_feat_0.xdc] for cell 'system_i/axi_dma_feat/U0'
Parsing XDC File [c:/Users/jielu/Desktop/Workspace/SpikeYOLO_FPGA/hw/vivado/out/spike_zybo.gen/sources_1/bd/system/ip/system_vdma_disp_0/system_vdma_disp_0.xdc] for cell 'system_i/vdma_disp/U0'
WARNING: [Vivado_Tcl 4-921] Waiver ID 'CDC-4' -to list should not be empty. [c:/Users/jielu/Desktop/Workspace/SpikeYOLO_FPGA/hw/vivado/out/spike_zybo.gen/sources_1/bd/system/ip/system_vdma_disp_0/system_vdma_disp_0.xdc:65]
WARNING: [Vivado_Tcl 4-921] Waiver ID 'CDC-4' -to list should not be empty. [c:/Users/jielu/Desktop/Workspace/SpikeYOLO_FPGA/hw/vivado/out/spike_zybo.gen/sources_1/bd/system/ip/system_vdma_disp_0/system_vdma_disp_0.xdc:69]
WARNING: [Vivado_Tcl 4-921] Waiver ID 'CDC-4' -to list should not be empty. [c:/Users/jielu/Desktop/Workspace/SpikeYOLO_FPGA/hw/vivado/out/spike_zybo.gen/sources_1/bd/system/ip/system_vdma_disp_0/system_vdma_disp_0.xdc:93]
WARNING: [Vivado_Tcl 4-921] Waiver ID 'CDC-4' -to list should not be empty. [c:/Users/jielu/Desktop/Workspace/SpikeYOLO_FPGA/hw/vivado/out/spike_zybo.gen/sources_1/bd/system/ip/system_vdma_disp_0/system_vdma_disp_0.xdc:97]
WARNING: [Vivado_Tcl 4-921] Waiver ID 'CDC-4' -to list should not be empty. [c:/Users/jielu/Desktop/Workspace/SpikeYOLO_FPGA/hw/vivado/out/spike_zybo.gen/sources_1/bd/system/ip/system_vdma_disp_0/system_vdma_disp_0.xdc:101]
WARNING: [Vivado_Tcl 4-921] Waiver ID 'CDC-4' -to list should not be empty. [c:/Users/jielu/Desktop/Workspace/SpikeYOLO_FPGA/hw/vivado/out/spike_zybo.gen/sources_1/bd/system/ip/system_vdma_disp_0/system_vdma_disp_0.xdc:105]
WARNING: [Vivado_Tcl 4-921] Waiver ID 'CDC-4' -to list should not be empty. [c:/Users/jielu/Desktop/Workspace/SpikeYOLO_FPGA/hw/vivado/out/spike_zybo.gen/sources_1/bd/system/ip/system_vdma_disp_0/system_vdma_disp_0.xdc:109]
WARNING: [Vivado_Tcl 4-921] Waiver ID 'CDC-1' -to list should not be empty. [c:/Users/jielu/Desktop/Workspace/SpikeYOLO_FPGA/hw/vivado/out/spike_zybo.gen/sources_1/bd/system/ip/system_vdma_disp_0/system_vdma_disp_0.xdc:113]
WARNING: [Vivado_Tcl 4-921] Waiver ID 'CDC-4' -to list should not be empty. [c:/Users/jielu/Desktop/Workspace/SpikeYOLO_FPGA/hw/vivado/out/spike_zybo.gen/sources_1/bd/system/ip/system_vdma_disp_0/system_vdma_disp_0.xdc:121]
WARNING: [Vivado_Tcl 4-921] Waiver ID 'CDC-4' -to list should not be empty. [c:/Users/jielu/Desktop/Workspace/SpikeYOLO_FPGA/hw/vivado/out/spike_zybo.gen/sources_1/bd/system/ip/system_vdma_disp_0/system_vdma_disp_0.xdc:125]
WARNING: [Vivado_Tcl 4-921] Waiver ID 'CDC-1' -to list should not be empty. [c:/Users/jielu/Desktop/Workspace/SpikeYOLO_FPGA/hw/vivado/out/spike_zybo.gen/sources_1/bd/system/ip/system_vdma_disp_0/system_vdma_disp_0.xdc:129]
WARNING: [Vivado_Tcl 4-921] Waiver ID 'CDC-4' -to list should not be empty. [c:/Users/jielu/Desktop/Workspace/SpikeYOLO_FPGA/hw/vivado/out/spike_zybo.gen/sources_1/bd/system/ip/system_vdma_disp_0/system_vdma_disp_0.xdc:141]
WARNING: [Vivado_Tcl 4-921] Waiver ID 'CDC-4' -to list should not be empty. [c:/Users/jielu/Desktop/Workspace/SpikeYOLO_FPGA/hw/vivado/out/spike_zybo.gen/sources_1/bd/system/ip/system_vdma_disp_0/system_vdma_disp_0.xdc:145]
WARNING: [Vivado_Tcl 4-921] Waiver ID 'CDC-1' -to list should not be empty. [c:/Users/jielu/Desktop/Workspace/SpikeYOLO_FPGA/hw/vivado/out/spike_zybo.gen/sources_1/bd/system/ip/system_vdma_disp_0/system_vdma_disp_0.xdc:149]
WARNING: [Vivado_Tcl 4-921] Waiver ID 'CDC-4' -to list should not be empty. [c:/Users/jielu/Desktop/Workspace/SpikeYOLO_FPGA/hw/vivado/out/spike_zybo.gen/sources_1/bd/system/ip/system_vdma_disp_0/system_vdma_disp_0.xdc:153]
WARNING: [Vivado_Tcl 4-921] Waiver ID 'CDC-4' -to list should not be empty. [c:/Users/jielu/Desktop/Workspace/SpikeYOLO_FPGA/hw/vivado/out/spike_zybo.gen/sources_1/bd/system/ip/system_vdma_disp_0/system_vdma_disp_0.xdc:157]
WARNING: [Vivado_Tcl 4-921] Waiver ID 'CDC-4' -to list should not be empty. [c:/Users/jielu/Desktop/Workspace/SpikeYOLO_FPGA/hw/vivado/out/spike_zybo.gen/sources_1/bd/system/ip/system_vdma_disp_0/system_vdma_disp_0.xdc:161]
WARNING: [Vivado_Tcl 4-921] Waiver ID 'CDC-4' -to list should not be empty. [c:/Users/jielu/Desktop/Workspace/SpikeYOLO_FPGA/hw/vivado/out/spike_zybo.gen/sources_1/bd/system/ip/system_vdma_disp_0/system_vdma_disp_0.xdc:165]
WARNING: [Vivado_Tcl 4-921] Waiver ID 'CDC-4' -to list should not be empty. [c:/Users/jielu/Desktop/Workspace/SpikeYOLO_FPGA/hw/vivado/out/spike_zybo.gen/sources_1/bd/system/ip/system_vdma_disp_0/system_vdma_disp_0.xdc:169]
WARNING: [Vivado_Tcl 4-921] Waiver ID 'CDC-4' -to list should not be empty. [c:/Users/jielu/Desktop/Workspace/SpikeYOLO_FPGA/hw/vivado/out/spike_zybo.gen/sources_1/bd/system/ip/system_vdma_disp_0/system_vdma_disp_0.xdc:173]
WARNING: [Vivado_Tcl 4-921] Waiver ID 'CDC-4' -to list should not be empty. [c:/Users/jielu/Desktop/Workspace/SpikeYOLO_FPGA/hw/vivado/out/spike_zybo.gen/sources_1/bd/system/ip/system_vdma_disp_0/system_vdma_disp_0.xdc:177]
WARNING: [Vivado_Tcl 4-921] Waiver ID 'CDC-1' -to list should not be empty. [c:/Users/jielu/Desktop/Workspace/SpikeYOLO_FPGA/hw/vivado/out/spike_zybo.gen/sources_1/bd/system/ip/system_vdma_disp_0/system_vdma_disp_0.xdc:181]
WARNING: [Vivado_Tcl 4-921] Waiver ID 'CDC-4' -to list should not be empty. [c:/Users/jielu/Desktop/Workspace/SpikeYOLO_FPGA/hw/vivado/out/spike_zybo.gen/sources_1/bd/system/ip/system_vdma_disp_0/system_vdma_disp_0.xdc:185]
WARNING: [Vivado_Tcl 4-921] Waiver ID 'CDC-1' -to list should not be empty. [c:/Users/jielu/Desktop/Workspace/SpikeYOLO_FPGA/hw/vivado/out/spike_zybo.gen/sources_1/bd/system/ip/system_vdma_disp_0/system_vdma_disp_0.xdc:189]
WARNING: [Vivado_Tcl 4-921] Waiver ID 'CDC-6' -to list should not be empty. [c:/Users/jielu/Desktop/Workspace/SpikeYOLO_FPGA/hw/vivado/out/spike_zybo.gen/sources_1/bd/system/ip/system_vdma_disp_0/system_vdma_disp_0.xdc:197]
WARNING: [Vivado_Tcl 4-921] Waiver ID 'CDC-6' -to list should not be empty. [c:/Users/jielu/Desktop/Workspace/SpikeYOLO_FPGA/hw/vivado/out/spike_zybo.gen/sources_1/bd/system/ip/system_vdma_disp_0/system_vdma_disp_0.xdc:205]
WARNING: [Vivado_Tcl 4-921] Waiver ID 'CDC-6' -to list should not be empty. [c:/Users/jielu/Desktop/Workspace/SpikeYOLO_FPGA/hw/vivado/out/spike_zybo.gen/sources_1/bd/system/ip/system_vdma_disp_0/system_vdma_disp_0.xdc:213]
WARNING: [Vivado_Tcl 4-921] Waiver ID 'CDC-6' -to list should not be empty. [c:/Users/jielu/Desktop/Workspace/SpikeYOLO_FPGA/hw/vivado/out/spike_zybo.gen/sources_1/bd/system/ip/system_vdma_disp_0/system_vdma_disp_0.xdc:217]
WARNING: [Vivado_Tcl 4-921] Waiver ID 'CDC-6' -to list should not be empty. [c:/Users/jielu/Desktop/Workspace/SpikeYOLO_FPGA/hw/vivado/out/spike_zybo.gen/sources_1/bd/system/ip/system_vdma_disp_0/system_vdma_disp_0.xdc:221]
WARNING: [Vivado_Tcl 4-921] Waiver ID 'CDC-6' -to list should not be empty. [c:/Users/jielu/Desktop/Workspace/SpikeYOLO_FPGA/hw/vivado/out/spike_zybo.gen/sources_1/bd/system/ip/system_vdma_disp_0/system_vdma_disp_0.xdc:225]
Finished Parsing XDC File [c:/Users/jielu/Desktop/Workspace/SpikeYOLO_FPGA/hw/vivado/out/spike_zybo.gen/sources_1/bd/system/ip/system_vdma_disp_0/system_vdma_disp_0.xdc] for cell 'system_i/vdma_disp/U0'
Parsing XDC File [c:/Users/jielu/Desktop/Workspace/SpikeYOLO_FPGA/hw/vivado/out/spike_zybo.gen/sources_1/bd/system/ip/system_rgb2dvi_0_0/src/rgb2dvi.xdc] for cell 'system_i/rgb2dvi_0/U0'
Finished Parsing XDC File [c:/Users/jielu/Desktop/Workspace/SpikeYOLO_FPGA/hw/vivado/out/spike_zybo.gen/sources_1/bd/system/ip/system_rgb2dvi_0_0/src/rgb2dvi.xdc] for cell 'system_i/rgb2dvi_0/U0'
Parsing XDC File [c:/Users/jielu/Desktop/Workspace/SpikeYOLO_FPGA/hw/vivado/out/spike_zybo.gen/sources_1/bd/system/ip/system_ic_ctrl_0/bd_0/ip/ip_1/bd_1315_psr_aclk_0_board.xdc] for cell 'system_i/ic_ctrl/inst/clk_map/psr_aclk/U0'
Finished Parsing XDC File [c:/Users/jielu/Desktop/Workspace/SpikeYOLO_FPGA/hw/vivado/out/spike_zybo.gen/sources_1/bd/system/ip/system_ic_ctrl_0/bd_0/ip/ip_1/bd_1315_psr_aclk_0_board.xdc] for cell 'system_i/ic_ctrl/inst/clk_map/psr_aclk/U0'
Parsing XDC File [c:/Users/jielu/Desktop/Workspace/SpikeYOLO_FPGA/hw/vivado/out/spike_zybo.gen/sources_1/bd/system/ip/system_ic_ctrl_0/bd_0/ip/ip_1/bd_1315_psr_aclk_0.xdc] for cell 'system_i/ic_ctrl/inst/clk_map/psr_aclk/U0'
Finished Parsing XDC File [c:/Users/jielu/Desktop/Workspace/SpikeYOLO_FPGA/hw/vivado/out/spike_zybo.gen/sources_1/bd/system/ip/system_ic_ctrl_0/bd_0/ip/ip_1/bd_1315_psr_aclk_0.xdc] for cell 'system_i/ic_ctrl/inst/clk_map/psr_aclk/U0'
Parsing XDC File [c:/Users/jielu/Desktop/Workspace/SpikeYOLO_FPGA/hw/vivado/out/spike_zybo.gen/sources_1/bd/system/ip/system_ic_ctrl_0/bd_0/ip/ip_12/bd_1315_arni_0_clocks.xdc] for cell 'system_i/ic_ctrl/inst/switchboards/i_nodes/i_ar_node/inst'
WARNING: [Vivado_Tcl 4-921] Waiver ID 'CDC-1' -to list should not be empty. [c:/Users/jielu/Desktop/Workspace/SpikeYOLO_FPGA/hw/vivado/out/spike_zybo.gen/sources_1/bd/system/ip/system_ic_ctrl_0/bd_0/ip/ip_12/bd_1315_arni_0_clocks.xdc:49]
WARNING: [Vivado_Tcl 4-921] Waiver ID 'CDC-1' -to list should not be empty. [c:/Users/jielu/Desktop/Workspace/SpikeYOLO_FPGA/hw/vivado/out/spike_zybo.gen/sources_1/bd/system/ip/system_ic_ctrl_0/bd_0/ip/ip_12/bd_1315_arni_0_clocks.xdc:52]
WARNING: [Vivado_Tcl 4-921] Waiver ID 'CDC-1' -to list should not be empty. [c:/Users/jielu/Desktop/Workspace/SpikeYOLO_FPGA/hw/vivado/out/spike_zybo.gen/sources_1/bd/system/ip/system_ic_ctrl_0/bd_0/ip/ip_12/bd_1315_arni_0_clocks.xdc:55]
WARNING: [Vivado_Tcl 4-921] Waiver ID 'CDC-1' -to list should not be empty. [c:/Users/jielu/Desktop/Workspace/SpikeYOLO_FPGA/hw/vivado/out/spike_zybo.gen/sources_1/bd/system/ip/system_ic_ctrl_0/bd_0/ip/ip_12/bd_1315_arni_0_clocks.xdc:59]
WARNING: [Vivado_Tcl 4-921] Waiver ID 'CDC-1' -to list should not be empty. [c:/Users/jielu/Desktop/Workspace/SpikeYOLO_FPGA/hw/vivado/out/spike_zybo.gen/sources_1/bd/system/ip/system_ic_ctrl_0/bd_0/ip/ip_12/bd_1315_arni_0_clocks.xdc:66]
WARNING: [Vivado_Tcl 4-921] Waiver ID 'CDC-1' -to list should not be empty. [c:/Users/jielu/Desktop/Workspace/SpikeYOLO_FPGA/hw/vivado/out/spike_zybo.gen/sources_1/bd/system/ip/system_ic_ctrl_0/bd_0/ip/ip_12/bd_1315_arni_0_clocks.xdc:70]
WARNING: [Vivado_Tcl 4-921] Waiver ID 'CDC-1' -to list should not be empty. [c:/Users/jielu/Desktop/Workspace/SpikeYOLO_FPGA/hw/vivado/out/spike_zybo.gen/sources_1/bd/system/ip/system_ic_ctrl_0/bd_0/ip/ip_12/bd_1315_arni_0_clocks.xdc:82]
WARNING: [Vivado_Tcl 4-921] Waiver ID 'CDC-4' -to list should not be empty. [c:/Users/jielu/Desktop/Workspace/SpikeYOLO_FPGA/hw/vivado/out/spike_zybo.gen/sources_1/bd/system/ip/system_ic_ctrl_0/bd_0/ip/ip_12/bd_1315_arni_0_clocks.xdc:85]
WARNING: [Vivado_Tcl 4-921] Waiver ID 'CDC-4' -to list should not be empty. [c:/Users/jielu/Desktop/Workspace/SpikeYOLO_FPGA/hw/vivado/out/spike_zybo.gen/sources_1/bd/system/ip/system_ic_ctrl_0/bd_0/ip/ip_12/bd_1315_arni_0_clocks.xdc:88]
WARNING: [Vivado_Tcl 4-921] Waiver ID 'CDC-2' -to list should not be empty. [c:/Users/jielu/Desktop/Workspace/SpikeYOLO_FPGA/hw/vivado/out/spike_zybo.gen/sources_1/bd/system/ip/system_ic_ctrl_0/bd_0/ip/ip_12/bd_1315_arni_0_clocks.xdc:91]
WARNING: [Vivado_Tcl 4-921] Waiver ID 'CDC-2' -to list should not be empty. [c:/Users/jielu/Desktop/Workspace/SpikeYOLO_FPGA/hw/vivado/out/spike_zybo.gen/sources_1/bd/system/ip/system_ic_ctrl_0/bd_0/ip/ip_12/bd_1315_arni_0_clocks.xdc:94]
WARNING: [Vivado_Tcl 4-921] Waiver ID 'CDC-2' -to list should not be empty. [c:/Users/jielu/Desktop/Workspace/SpikeYOLO_FPGA/hw/vivado/out/spike_zybo.gen/sources_1/bd/system/ip/system_ic_ctrl_0/bd_0/ip/ip_12/bd_1315_arni_0_clocks.xdc:97]
WARNING: [Vivado_Tcl 4-921] Waiver ID 'CDC-2' -to list should not be empty. [c:/Users/jielu/Desktop/Workspace/SpikeYOLO_FPGA/hw/vivado/out/spike_zybo.gen/sources_1/bd/system/ip/system_ic_ctrl_0/bd_0/ip/ip_12/bd_1315_arni_0_clocks.xdc:100]
WARNING: [Vivado_Tcl 4-921] Waiver ID 'CDC-1' -to list should not be empty. [c:/Users/jielu/Desktop/Workspace/SpikeYOLO_FPGA/hw/vivado/out/spike_zybo.gen/sources_1/bd/system/ip/system_ic_ctrl_0/bd_0/ip/ip_12/bd_1315_arni_0_clocks.xdc:104]
WARNING: [Vivado_Tcl 4-921] Waiver ID 'CDC-10' -to list should not be empty. [c:/Users/jielu/Desktop/Workspace/SpikeYOLO_FPGA/hw/vivado/out/spike_zybo.gen/sources_1/bd/system/ip/system_ic_ctrl_0/bd_0/ip/ip_12/bd_1315_arni_0_clocks.xdc:107]
WARNING: [Vivado_Tcl 4-921] Waiver ID 'CDC-10' -to list should not be empty. [c:/Users/jielu/Desktop/Workspace/SpikeYOLO_FPGA/hw/vivado/out/spike_zybo.gen/sources_1/bd/system/ip/system_ic_ctrl_0/bd_0/ip/ip_12/bd_1315_arni_0_clocks.xdc:110]
WARNING: [Vivado_Tcl 4-921] Waiver ID 'CDC-1' -to list should not be empty. [c:/Users/jielu/Desktop/Workspace/SpikeYOLO_FPGA/hw/vivado/out/spike_zybo.gen/sources_1/bd/system/ip/system_ic_ctrl_0/bd_0/ip/ip_12/bd_1315_arni_0_clocks.xdc:113]
WARNING: [Vivado_Tcl 4-921] Waiver ID 'CDC-1' -to list should not be empty. [c:/Users/jielu/Desktop/Workspace/SpikeYOLO_FPGA/hw/vivado/out/spike_zybo.gen/sources_1/bd/system/ip/system_ic_ctrl_0/bd_0/ip/ip_12/bd_1315_arni_0_clocks.xdc:116]
WARNING: [Vivado_Tcl 4-921] Waiver ID 'CDC-13' -to list should not be empty. [c:/Users/jielu/Desktop/Workspace/SpikeYOLO_FPGA/hw/vivado/out/spike_zybo.gen/sources_1/bd/system/ip/system_ic_ctrl_0/bd_0/ip/ip_12/bd_1315_arni_0_clocks.xdc:122]
WARNING: [Vivado_Tcl 4-921] Waiver ID 'CDC-1' -to list should not be empty. [c:/Users/jielu/Desktop/Workspace/SpikeYOLO_FPGA/hw/vivado/out/spike_zybo.gen/sources_1/bd/system/ip/system_ic_ctrl_0/bd_0/ip/ip_12/bd_1315_arni_0_clocks.xdc:125]
WARNING: [Vivado_Tcl 4-921] Waiver ID 'CDC-1' -to list should not be empty. [c:/Users/jielu/Desktop/Workspace/SpikeYOLO_FPGA/hw/vivado/out/spike_zybo.gen/sources_1/bd/system/ip/system_ic_ctrl_0/bd_0/ip/ip_12/bd_1315_arni_0_clocks.xdc:128]
WARNING: [Vivado_Tcl 4-921] Waiver ID 'CDC-13' -to list should not be empty. [c:/Users/jielu/Desktop/Workspace/SpikeYOLO_FPGA/hw/vivado/out/spike_zybo.gen/sources_1/bd/system/ip/system_ic_ctrl_0/bd_0/ip/ip_12/bd_1315_arni_0_clocks.xdc:131]
WARNING: [Vivado_Tcl 4-921] Waiver ID 'CDC-1' -to list should not be empty. [c:/Users/jielu/Desktop/Workspace/SpikeYOLO_FPGA/hw/vivado/out/spike_zybo.gen/sources_1/bd/system/ip/system_ic_ctrl_0/bd_0/ip/ip_12/bd_1315_arni_0_clocks.xdc:134]
WARNING: [Vivado_Tcl 4-921] Waiver ID 'CDC-10' -to list should not be empty. [c:/Users/jielu/Desktop/Workspace/SpikeYOLO_FPGA/hw/vivado/out/spike_zybo.gen/sources_1/bd/system/ip/system_ic_ctrl_0/bd_0/ip/ip_12/bd_1315_arni_0_clocks.xdc:137]
WARNING: [Vivado_Tcl 4-921] Waiver ID 'CDC-1' -to list should not be empty. [c:/Users/jielu/Desktop/Workspace/SpikeYOLO_FPGA/hw/vivado/out/spike_zybo.gen/sources_1/bd/system/ip/system_ic_ctrl_0/bd_0/ip/ip_12/bd_1315_arni_0_clocks.xdc:140]
WARNING: [Vivado_Tcl 4-921] Waiver ID 'CDC-1' -to list should not be empty. [c:/Users/jielu/Desktop/Workspace/SpikeYOLO_FPGA/hw/vivado/out/spike_zybo.gen/sources_1/bd/system/ip/system_ic_ctrl_0/bd_0/ip/ip_12/bd_1315_arni_0_clocks.xdc:143]
WARNING: [Vivado_Tcl 4-921] Waiver ID 'CDC-1' -to list should not be empty. [c:/Users/jielu/Desktop/Workspace/SpikeYOLO_FPGA/hw/vivado/out/spike_zybo.gen/sources_1/bd/system/ip/system_ic_ctrl_0/bd_0/ip/ip_12/bd_1315_arni_0_clocks.xdc:146]
WARNING: [Vivado_Tcl 4-921] Waiver ID 'CDC-2' -to list should not be empty. [c:/Users/jielu/Desktop/Workspace/SpikeYOLO_FPGA/hw/vivado/out/spike_zybo.gen/sources_1/bd/system/ip/system_ic_ctrl_0/bd_0/ip/ip_12/bd_1315_arni_0_clocks.xdc:149]
WARNING: [Vivado_Tcl 4-921] Waiver ID 'CDC-1' -to list should not be empty. [c:/Users/jielu/Desktop/Workspace/SpikeYOLO_FPGA/hw/vivado/out/spike_zybo.gen/sources_1/bd/system/ip/system_ic_ctrl_0/bd_0/ip/ip_12/bd_1315_arni_0_clocks.xdc:152]
WARNING: [Vivado_Tcl 4-921] Waiver ID 'CDC-1' -to list should not be empty. [c:/Users/jielu/Desktop/Workspace/SpikeYOLO_FPGA/hw/vivado/out/spike_zybo.gen/sources_1/bd/system/ip/system_ic_ctrl_0/bd_0/ip/ip_12/bd_1315_arni_0_clocks.xdc:155]
WARNING: [Vivado_Tcl 4-921] Waiver ID 'CDC-1' -to list should not be empty. [c:/Users/jielu/Desktop/Workspace/SpikeYOLO_FPGA/hw/vivado/out/spike_zybo.gen/sources_1/bd/system/ip/system_ic_ctrl_0/bd_0/ip/ip_12/bd_1315_arni_0_clocks.xdc:158]
WARNING: [Vivado_Tcl 4-921] Waiver ID 'CDC-10' -to list should not be empty. [c:/Users/jielu/Desktop/Workspace/SpikeYOLO_FPGA/hw/vivado/out/spike_zybo.gen/sources_1/bd/system/ip/system_ic_ctrl_0/bd_0/ip/ip_12/bd_1315_arni_0_clocks.xdc:161]
WARNING: [Vivado_Tcl 4-921] Waiver ID 'CDC-4' -to list should not be empty. [c:/Users/jielu/Desktop/Workspace/SpikeYOLO_FPGA/hw/vivado/out/spike_zybo.gen/sources_1/bd/system/ip/system_ic_ctrl_0/bd_0/ip/ip_12/bd_1315_arni_0_clocks.xdc:164]
WARNING: [Vivado_Tcl 4-921] Waiver ID 'CDC-4' -to list should not be empty. [c:/Users/jielu/Desktop/Workspace/SpikeYOLO_FPGA/hw/vivado/out/spike_zybo.gen/sources_1/bd/system/ip/system_ic_ctrl_0/bd_0/ip/ip_12/bd_1315_arni_0_clocks.xdc:167]
WARNING: [Vivado_Tcl 4-921] Waiver ID 'CDC-4' -to list should not be empty. [c:/Users/jielu/Desktop/Workspace/SpikeYOLO_FPGA/hw/vivado/out/spike_zybo.gen/sources_1/bd/system/ip/system_ic_ctrl_0/bd_0/ip/ip_12/bd_1315_arni_0_clocks.xdc:171]
WARNING: [Vivado_Tcl 4-921] Waiver ID 'CDC-4' -to list should not be empty. [c:/Users/jielu/Desktop/Workspace/SpikeYOLO_FPGA/hw/vivado/out/spike_zybo.gen/sources_1/bd/system/ip/system_ic_ctrl_0/bd_0/ip/ip_12/bd_1315_arni_0_clocks.xdc:174]
WARNING: [Vivado_Tcl 4-921] Waiver ID 'CDC-1' -to list should not be empty. [c:/Users/jielu/Desktop/Workspace/SpikeYOLO_FPGA/hw/vivado/out/spike_zybo.gen/sources_1/bd/system/ip/system_ic_ctrl_0/bd_0/ip/ip_12/bd_1315_arni_0_clocks.xdc:178]
WARNING: [Vivado_Tcl 4-935] Waiver ID 'CDC-1' is a duplicate and will not be added again. [c:/Users/jielu/Desktop/Workspace/SpikeYOLO_FPGA/hw/vivado/out/spike_zybo.gen/sources_1/bd/system/ip/system_ic_ctrl_0/bd_0/ip/ip_12/bd_1315_arni_0_clocks.xdc:181]
WARNING: [Vivado_Tcl 4-921] Waiver ID 'CDC-13' -to list should not be empty. [c:/Users/jielu/Desktop/Workspace/SpikeYOLO_FPGA/hw/vivado/out/spike_zybo.gen/sources_1/bd/system/ip/system_ic_ctrl_0/bd_0/ip/ip_12/bd_1315_arni_0_clocks.xdc:184]
Finished Parsing XDC File [c:/Users/jielu/Desktop/Workspace/SpikeYOLO_FPGA/hw/vivado/out/spike_zybo.gen/sources_1/bd/system/ip/system_ic_ctrl_0/bd_0/ip/ip_12/bd_1315_arni_0_clocks.xdc] for cell 'system_i/ic_ctrl/inst/switchboards/i_nodes/i_ar_node/inst'
Parsing XDC File [c:/Users/jielu/Desktop/Workspace/SpikeYOLO_FPGA/hw/vivado/out/spike_zybo.gen/sources_1/bd/system/ip/system_ic_ctrl_0/bd_0/ip/ip_13/bd_1315_rni_0_clocks.xdc] for cell 'system_i/ic_ctrl/inst/switchboards/i_nodes/i_r_node/inst'
WARNING: [Vivado_Tcl 4-921] Waiver ID 'CDC-1' -to list should not be empty. [c:/Users/jielu/Desktop/Workspace/SpikeYOLO_FPGA/hw/vivado/out/spike_zybo.gen/sources_1/bd/system/ip/system_ic_ctrl_0/bd_0/ip/ip_13/bd_1315_rni_0_clocks.xdc:49]
WARNING: [Vivado_Tcl 4-921] Waiver ID 'CDC-1' -to list should not be empty. [c:/Users/jielu/Desktop/Workspace/SpikeYOLO_FPGA/hw/vivado/out/spike_zybo.gen/sources_1/bd/system/ip/system_ic_ctrl_0/bd_0/ip/ip_13/bd_1315_rni_0_clocks.xdc:52]
WARNING: [Vivado_Tcl 4-921] Waiver ID 'CDC-1' -to list should not be empty. [c:/Users/jielu/Desktop/Workspace/SpikeYOLO_FPGA/hw/vivado/out/spike_zybo.gen/sources_1/bd/system/ip/system_ic_ctrl_0/bd_0/ip/ip_13/bd_1315_rni_0_clocks.xdc:55]
WARNING: [Vivado_Tcl 4-921] Waiver ID 'CDC-1' -to list should not be empty. [c:/Users/jielu/Desktop/Workspace/SpikeYOLO_FPGA/hw/vivado/out/spike_zybo.gen/sources_1/bd/system/ip/system_ic_ctrl_0/bd_0/ip/ip_13/bd_1315_rni_0_clocks.xdc:59]
WARNING: [Vivado_Tcl 4-921] Waiver ID 'CDC-1' -to list should not be empty. [c:/Users/jielu/Desktop/Workspace/SpikeYOLO_FPGA/hw/vivado/out/spike_zybo.gen/sources_1/bd/system/ip/system_ic_ctrl_0/bd_0/ip/ip_13/bd_1315_rni_0_clocks.xdc:66]
WARNING: [Vivado_Tcl 4-921] Waiver ID 'CDC-1' -to list should not be empty. [c:/Users/jielu/Desktop/Workspace/SpikeYOLO_FPGA/hw/vivado/out/spike_zybo.gen/sources_1/bd/system/ip/system_ic_ctrl_0/bd_0/ip/ip_13/bd_1315_rni_0_clocks.xdc:70]
WARNING: [Vivado_Tcl 4-921] Waiver ID 'CDC-1' -to list should not be empty. [c:/Users/jielu/Desktop/Workspace/SpikeYOLO_FPGA/hw/vivado/out/spike_zybo.gen/sources_1/bd/system/ip/system_ic_ctrl_0/bd_0/ip/ip_13/bd_1315_rni_0_clocks.xdc:82]
WARNING: [Vivado_Tcl 4-921] Waiver ID 'CDC-4' -to list should not be empty. [c:/Users/jielu/Desktop/Workspace/SpikeYOLO_FPGA/hw/vivado/out/spike_zybo.gen/sources_1/bd/system/ip/system_ic_ctrl_0/bd_0/ip/ip_13/bd_1315_rni_0_clocks.xdc:85]
WARNING: [Vivado_Tcl 4-921] Waiver ID 'CDC-4' -to list should not be empty. [c:/Users/jielu/Desktop/Workspace/SpikeYOLO_FPGA/hw/vivado/out/spike_zybo.gen/sources_1/bd/system/ip/system_ic_ctrl_0/bd_0/ip/ip_13/bd_1315_rni_0_clocks.xdc:88]
WARNING: [Vivado_Tcl 4-921] Waiver ID 'CDC-2' -to list should not be empty. [c:/Users/jielu/Desktop/Workspace/SpikeYOLO_FPGA/hw/vivado/out/spike_zybo.gen/sources_1/bd/system/ip/system_ic_ctrl_0/bd_0/ip/ip_13/bd_1315_rni_0_clocks.xdc:91]
WARNING: [Vivado_Tcl 4-921] Waiver ID 'CDC-2' -to list should not be empty. [c:/Users/jielu/Desktop/Workspace/SpikeYOLO_FPGA/hw/vivado/out/spike_zybo.gen/sources_1/bd/system/ip/system_ic_ctrl_0/bd_0/ip/ip_13/bd_1315_rni_0_clocks.xdc:94]
WARNING: [Vivado_Tcl 4-921] Waiver ID 'CDC-2' -to list should not be empty. [c:/Users/jielu/Desktop/Workspace/SpikeYOLO_FPGA/hw/vivado/out/spike_zybo.gen/sources_1/bd/system/ip/system_ic_ctrl_0/bd_0/ip/ip_13/bd_1315_rni_0_clocks.xdc:97]
WARNING: [Vivado_Tcl 4-921] Waiver ID 'CDC-2' -to list should not be empty. [c:/Users/jielu/Desktop/Workspace/SpikeYOLO_FPGA/hw/vivado/out/spike_zybo.gen/sources_1/bd/system/ip/system_ic_ctrl_0/bd_0/ip/ip_13/bd_1315_rni_0_clocks.xdc:100]
WARNING: [Vivado_Tcl 4-921] Waiver ID 'CDC-1' -to list should not be empty. [c:/Users/jielu/Desktop/Workspace/SpikeYOLO_FPGA/hw/vivado/out/spike_zybo.gen/sources_1/bd/system/ip/system_ic_ctrl_0/bd_0/ip/ip_13/bd_1315_rni_0_clocks.xdc:104]
WARNING: [Vivado_Tcl 4-921] Waiver ID 'CDC-10' -to list should not be empty. [c:/Users/jielu/Desktop/Workspace/SpikeYOLO_FPGA/hw/vivado/out/spike_zybo.gen/sources_1/bd/system/ip/system_ic_ctrl_0/bd_0/ip/ip_13/bd_1315_rni_0_clocks.xdc:107]
WARNING: [Vivado_Tcl 4-921] Waiver ID 'CDC-10' -to list should not be empty. [c:/Users/jielu/Desktop/Workspace/SpikeYOLO_FPGA/hw/vivado/out/spike_zybo.gen/sources_1/bd/system/ip/system_ic_ctrl_0/bd_0/ip/ip_13/bd_1315_rni_0_clocks.xdc:110]
WARNING: [Vivado_Tcl 4-921] Waiver ID 'CDC-1' -to list should not be empty. [c:/Users/jielu/Desktop/Workspace/SpikeYOLO_FPGA/hw/vivado/out/spike_zybo.gen/sources_1/bd/system/ip/system_ic_ctrl_0/bd_0/ip/ip_13/bd_1315_rni_0_clocks.xdc:113]
WARNING: [Vivado_Tcl 4-921] Waiver ID 'CDC-1' -to list should not be empty. [c:/Users/jielu/Desktop/Workspace/SpikeYOLO_FPGA/hw/vivado/out/spike_zybo.gen/sources_1/bd/system/ip/system_ic_ctrl_0/bd_0/ip/ip_13/bd_1315_rni_0_clocks.xdc:116]
WARNING: [Vivado_Tcl 4-921] Waiver ID 'CDC-13' -to list should not be empty. [c:/Users/jielu/Desktop/Workspace/SpikeYOLO_FPGA/hw/vivado/out/spike_zybo.gen/sources_1/bd/system/ip/system_ic_ctrl_0/bd_0/ip/ip_13/bd_1315_rni_0_clocks.xdc:122]
WARNING: [Vivado_Tcl 4-921] Waiver ID 'CDC-1' -to list should not be empty. [c:/Users/jielu/Desktop/Workspace/SpikeYOLO_FPGA/hw/vivado/out/spike_zybo.gen/sources_1/bd/system/ip/system_ic_ctrl_0/bd_0/ip/ip_13/bd_1315_rni_0_clocks.xdc:125]
WARNING: [Vivado_Tcl 4-921] Waiver ID 'CDC-1' -to list should not be empty. [c:/Users/jielu/Desktop/Workspace/SpikeYOLO_FPGA/hw/vivado/out/spike_zybo.gen/sources_1/bd/system/ip/system_ic_ctrl_0/bd_0/ip/ip_13/bd_1315_rni_0_clocks.xdc:128]
WARNING: [Vivado_Tcl 4-921] Waiver ID 'CDC-13' -to list should not be empty. [c:/Users/jielu/Desktop/Workspace/SpikeYOLO_FPGA/hw/vivado/out/spike_zybo.gen/sources_1/bd/system/ip/system_ic_ctrl_0/bd_0/ip/ip_13/bd_1315_rni_0_clocks.xdc:131]
WARNING: [Vivado_Tcl 4-921] Waiver ID 'CDC-1' -to list should not be empty. [c:/Users/jielu/Desktop/Workspace/SpikeYOLO_FPGA/hw/vivado/out/spike_zybo.gen/sources_1/bd/system/ip/system_ic_ctrl_0/bd_0/ip/ip_13/bd_1315_rni_0_clocks.xdc:134]
WARNING: [Vivado_Tcl 4-921] Waiver ID 'CDC-10' -to list should not be empty. [c:/Users/jielu/Desktop/Workspace/SpikeYOLO_FPGA/hw/vivado/out/spike_zybo.gen/sources_1/bd/system/ip/system_ic_ctrl_0/bd_0/ip/ip_13/bd_1315_rni_0_clocks.xdc:137]
WARNING: [Vivado_Tcl 4-921] Waiver ID 'CDC-1' -to list should not be empty. [c:/Users/jielu/Desktop/Workspace/SpikeYOLO_FPGA/hw/vivado/out/spike_zybo.gen/sources_1/bd/system/ip/system_ic_ctrl_0/bd_0/ip/ip_13/bd_1315_rni_0_clocks.xdc:140]
WARNING: [Vivado_Tcl 4-921] Waiver ID 'CDC-1' -to list should not be empty. [c:/Users/jielu/Desktop/Workspace/SpikeYOLO_FPGA/hw/vivado/out/spike_zybo.gen/sources_1/bd/system/ip/system_ic_ctrl_0/bd_0/ip/ip_13/bd_1315_rni_0_clocks.xdc:143]
WARNING: [Vivado_Tcl 4-921] Waiver ID 'CDC-1' -to list should not be empty. [c:/Users/jielu/Desktop/Workspace/SpikeYOLO_FPGA/hw/vivado/out/spike_zybo.gen/sources_1/bd/system/ip/system_ic_ctrl_0/bd_0/ip/ip_13/bd_1315_rni_0_clocks.xdc:146]
WARNING: [Vivado_Tcl 4-921] Waiver ID 'CDC-2' -to list should not be empty. [c:/Users/jielu/Desktop/Workspace/SpikeYOLO_FPGA/hw/vivado/out/spike_zybo.gen/sources_1/bd/system/ip/system_ic_ctrl_0/bd_0/ip/ip_13/bd_1315_rni_0_clocks.xdc:149]
WARNING: [Vivado_Tcl 4-921] Waiver ID 'CDC-1' -to list should not be empty. [c:/Users/jielu/Desktop/Workspace/SpikeYOLO_FPGA/hw/vivado/out/spike_zybo.gen/sources_1/bd/system/ip/system_ic_ctrl_0/bd_0/ip/ip_13/bd_1315_rni_0_clocks.xdc:152]
WARNING: [Vivado_Tcl 4-921] Waiver ID 'CDC-1' -to list should not be empty. [c:/Users/jielu/Desktop/Workspace/SpikeYOLO_FPGA/hw/vivado/out/spike_zybo.gen/sources_1/bd/system/ip/system_ic_ctrl_0/bd_0/ip/ip_13/bd_1315_rni_0_clocks.xdc:155]
INFO: [Common 17-14] Message 'Vivado_Tcl 4-921' appears 100 times and further instances of the messages will be disabled. Use the Tcl command set_msg_config to change the current settings. [c:/Users/jielu/Desktop/Workspace/SpikeYOLO_FPGA/hw/vivado/out/spike_zybo.gen/sources_1/bd/system/ip/system_ic_ctrl_0/bd_0/ip/ip_13/bd_1315_rni_0_clocks.xdc:155]
WARNING: [Vivado_Tcl 4-935] Waiver ID 'CDC-1' is a duplicate and will not be added again. [c:/Users/jielu/Desktop/Workspace/SpikeYOLO_FPGA/hw/vivado/out/spike_zybo.gen/sources_1/bd/system/ip/system_ic_ctrl_0/bd_0/ip/ip_13/bd_1315_rni_0_clocks.xdc:181]
Finished Parsing XDC File [c:/Users/jielu/Desktop/Workspace/SpikeYOLO_FPGA/hw/vivado/out/spike_zybo.gen/sources_1/bd/system/ip/system_ic_ctrl_0/bd_0/ip/ip_13/bd_1315_rni_0_clocks.xdc] for cell 'system_i/ic_ctrl/inst/switchboards/i_nodes/i_r_node/inst'
Parsing XDC File [c:/Users/jielu/Desktop/Workspace/SpikeYOLO_FPGA/hw/vivado/out/spike_zybo.gen/sources_1/bd/system/ip/system_ic_ctrl_0/bd_0/ip/ip_14/bd_1315_awni_0_clocks.xdc] for cell 'system_i/ic_ctrl/inst/switchboards/i_nodes/i_aw_node/inst'
INFO: [Common 17-14] Message 'Vivado 12-180' appears 100 times and further instances of the messages will be disabled. Use the Tcl command set_msg_config to change the current settings. [c:/Users/jielu/Desktop/Workspace/SpikeYOLO_FPGA/hw/vivado/out/spike_zybo.gen/sources_1/bd/system/ip/system_ic_ctrl_0/bd_0/ip/ip_14/bd_1315_awni_0_clocks.xdc:116]
WARNING: [Vivado_Tcl 4-935] Waiver ID 'CDC-1' is a duplicate and will not be added again. [c:/Users/jielu/Desktop/Workspace/SpikeYOLO_FPGA/hw/vivado/out/spike_zybo.gen/sources_1/bd/system/ip/system_ic_ctrl_0/bd_0/ip/ip_14/bd_1315_awni_0_clocks.xdc:181]
Finished Parsing XDC File [c:/Users/jielu/Desktop/Workspace/SpikeYOLO_FPGA/hw/vivado/out/spike_zybo.gen/sources_1/bd/system/ip/system_ic_ctrl_0/bd_0/ip/ip_14/bd_1315_awni_0_clocks.xdc] for cell 'system_i/ic_ctrl/inst/switchboards/i_nodes/i_aw_node/inst'
Parsing XDC File [c:/Users/jielu/Desktop/Workspace/SpikeYOLO_FPGA/hw/vivado/out/spike_zybo.gen/sources_1/bd/system/ip/system_ic_ctrl_0/bd_0/ip/ip_15/bd_1315_wni_0_clocks.xdc] for cell 'system_i/ic_ctrl/inst/switchboards/i_nodes/i_w_node/inst'
WARNING: [Vivado_Tcl 4-935] Waiver ID 'CDC-1' is a duplicate and will not be added again. [c:/Users/jielu/Desktop/Workspace/SpikeYOLO_FPGA/hw/vivado/out/spike_zybo.gen/sources_1/bd/system/ip/system_ic_ctrl_0/bd_0/ip/ip_15/bd_1315_wni_0_clocks.xdc:181]
Finished Parsing XDC File [c:/Users/jielu/Desktop/Workspace/SpikeYOLO_FPGA/hw/vivado/out/spike_zybo.gen/sources_1/bd/system/ip/system_ic_ctrl_0/bd_0/ip/ip_15/bd_1315_wni_0_clocks.xdc] for cell 'system_i/ic_ctrl/inst/switchboards/i_nodes/i_w_node/inst'
Parsing XDC File [c:/Users/jielu/Desktop/Workspace/SpikeYOLO_FPGA/hw/vivado/out/spike_zybo.gen/sources_1/bd/system/ip/system_ic_ctrl_0/bd_0/ip/ip_16/bd_1315_bni_0_clocks.xdc] for cell 'system_i/ic_ctrl/inst/switchboards/i_nodes/i_b_node/inst'
WARNING: [Vivado_Tcl 4-935] Waiver ID 'CDC-1' is a duplicate and will not be added again. [c:/Users/jielu/Desktop/Workspace/SpikeYOLO_FPGA/hw/vivado/out/spike_zybo.gen/sources_1/bd/system/ip/system_ic_ctrl_0/bd_0/ip/ip_16/bd_1315_bni_0_clocks.xdc:181]
Finished Parsing XDC File [c:/Users/jielu/Desktop/Workspace/SpikeYOLO_FPGA/hw/vivado/out/spike_zybo.gen/sources_1/bd/system/ip/system_ic_ctrl_0/bd_0/ip/ip_16/bd_1315_bni_0_clocks.xdc] for cell 'system_i/ic_ctrl/inst/switchboards/i_nodes/i_b_node/inst'
Parsing XDC File [c:/Users/jielu/Desktop/Workspace/SpikeYOLO_FPGA/hw/vivado/out/spike_zybo.gen/sources_1/bd/system/ip/system_ic_ctrl_0/bd_0/ip/ip_21/bd_1315_sarn_0_clocks.xdc] for cell 'system_i/ic_ctrl/inst/s00_nodes/s00_ar_node/inst'
Finished Parsing XDC File [c:/Users/jielu/Desktop/Workspace/SpikeYOLO_FPGA/hw/vivado/out/spike_zybo.gen/sources_1/bd/system/ip/system_ic_ctrl_0/bd_0/ip/ip_21/bd_1315_sarn_0_clocks.xdc] for cell 'system_i/ic_ctrl/inst/s00_nodes/s00_ar_node/inst'
Parsing XDC File [c:/Users/jielu/Desktop/Workspace/SpikeYOLO_FPGA/hw/vivado/out/spike_zybo.gen/sources_1/bd/system/ip/system_ic_ctrl_0/bd_0/ip/ip_22/bd_1315_srn_0_clocks.xdc] for cell 'system_i/ic_ctrl/inst/s00_nodes/s00_r_node/inst'
Finished Parsing XDC File [c:/Users/jielu/Desktop/Workspace/SpikeYOLO_FPGA/hw/vivado/out/spike_zybo.gen/sources_1/bd/system/ip/system_ic_ctrl_0/bd_0/ip/ip_22/bd_1315_srn_0_clocks.xdc] for cell 'system_i/ic_ctrl/inst/s00_nodes/s00_r_node/inst'
Parsing XDC File [c:/Users/jielu/Desktop/Workspace/SpikeYOLO_FPGA/hw/vivado/out/spike_zybo.gen/sources_1/bd/system/ip/system_ic_ctrl_0/bd_0/ip/ip_23/bd_1315_sawn_0_clocks.xdc] for cell 'system_i/ic_ctrl/inst/s00_nodes/s00_aw_node/inst'
Finished Parsing XDC File [c:/Users/jielu/Desktop/Workspace/SpikeYOLO_FPGA/hw/vivado/out/spike_zybo.gen/sources_1/bd/system/ip/system_ic_ctrl_0/bd_0/ip/ip_23/bd_1315_sawn_0_clocks.xdc] for cell 'system_i/ic_ctrl/inst/s00_nodes/s00_aw_node/inst'
Parsing XDC File [c:/Users/jielu/Desktop/Workspace/SpikeYOLO_FPGA/hw/vivado/out/spike_zybo.gen/sources_1/bd/system/ip/system_ic_ctrl_0/bd_0/ip/ip_24/bd_1315_swn_0_clocks.xdc] for cell 'system_i/ic_ctrl/inst/s00_nodes/s00_w_node/inst'
Finished Parsing XDC File [c:/Users/jielu/Desktop/Workspace/SpikeYOLO_FPGA/hw/vivado/out/spike_zybo.gen/sources_1/bd/system/ip/system_ic_ctrl_0/bd_0/ip/ip_24/bd_1315_swn_0_clocks.xdc] for cell 'system_i/ic_ctrl/inst/s00_nodes/s00_w_node/inst'
Parsing XDC File [c:/Users/jielu/Desktop/Workspace/SpikeYOLO_FPGA/hw/vivado/out/spike_zybo.gen/sources_1/bd/system/ip/system_ic_ctrl_0/bd_0/ip/ip_25/bd_1315_sbn_0_clocks.xdc] for cell 'system_i/ic_ctrl/inst/s00_nodes/s00_b_node/inst'
Finished Parsing XDC File [c:/Users/jielu/Desktop/Workspace/SpikeYOLO_FPGA/hw/vivado/out/spike_zybo.gen/sources_1/bd/system/ip/system_ic_ctrl_0/bd_0/ip/ip_25/bd_1315_sbn_0_clocks.xdc] for cell 'system_i/ic_ctrl/inst/s00_nodes/s00_b_node/inst'
Parsing XDC File [c:/Users/jielu/Desktop/Workspace/SpikeYOLO_FPGA/hw/vivado/out/spike_zybo.gen/sources_1/bd/system/ip/system_ic_ctrl_0/bd_0/ip/ip_27/bd_1315_m00arn_0_clocks.xdc] for cell 'system_i/ic_ctrl/inst/m00_nodes/m00_ar_node/inst'
Finished Parsing XDC File [c:/Users/jielu/Desktop/Workspace/SpikeYOLO_FPGA/hw/vivado/out/spike_zybo.gen/sources_1/bd/system/ip/system_ic_ctrl_0/bd_0/ip/ip_27/bd_1315_m00arn_0_clocks.xdc] for cell 'system_i/ic_ctrl/inst/m00_nodes/m00_ar_node/inst'
Parsing XDC File [c:/Users/jielu/Desktop/Workspace/SpikeYOLO_FPGA/hw/vivado/out/spike_zybo.gen/sources_1/bd/system/ip/system_ic_ctrl_0/bd_0/ip/ip_28/bd_1315_m00rn_0_clocks.xdc] for cell 'system_i/ic_ctrl/inst/m00_nodes/m00_r_node/inst'
Finished Parsing XDC File [c:/Users/jielu/Desktop/Workspace/SpikeYOLO_FPGA/hw/vivado/out/spike_zybo.gen/sources_1/bd/system/ip/system_ic_ctrl_0/bd_0/ip/ip_28/bd_1315_m00rn_0_clocks.xdc] for cell 'system_i/ic_ctrl/inst/m00_nodes/m00_r_node/inst'
Parsing XDC File [c:/Users/jielu/Desktop/Workspace/SpikeYOLO_FPGA/hw/vivado/out/spike_zybo.gen/sources_1/bd/system/ip/system_ic_ctrl_0/bd_0/ip/ip_29/bd_1315_m00awn_0_clocks.xdc] for cell 'system_i/ic_ctrl/inst/m00_nodes/m00_aw_node/inst'
Finished Parsing XDC File [c:/Users/jielu/Desktop/Workspace/SpikeYOLO_FPGA/hw/vivado/out/spike_zybo.gen/sources_1/bd/system/ip/system_ic_ctrl_0/bd_0/ip/ip_29/bd_1315_m00awn_0_clocks.xdc] for cell 'system_i/ic_ctrl/inst/m00_nodes/m00_aw_node/inst'
Parsing XDC File [c:/Users/jielu/Desktop/Workspace/SpikeYOLO_FPGA/hw/vivado/out/spike_zybo.gen/sources_1/bd/system/ip/system_ic_ctrl_0/bd_0/ip/ip_30/bd_1315_m00wn_0_clocks.xdc] for cell 'system_i/ic_ctrl/inst/m00_nodes/m00_w_node/inst'
Finished Parsing XDC File [c:/Users/jielu/Desktop/Workspace/SpikeYOLO_FPGA/hw/vivado/out/spike_zybo.gen/sources_1/bd/system/ip/system_ic_ctrl_0/bd_0/ip/ip_30/bd_1315_m00wn_0_clocks.xdc] for cell 'system_i/ic_ctrl/inst/m00_nodes/m00_w_node/inst'
Parsing XDC File [c:/Users/jielu/Desktop/Workspace/SpikeYOLO_FPGA/hw/vivado/out/spike_zybo.gen/sources_1/bd/system/ip/system_ic_ctrl_0/bd_0/ip/ip_31/bd_1315_m00bn_0_clocks.xdc] for cell 'system_i/ic_ctrl/inst/m00_nodes/m00_b_node/inst'
Finished Parsing XDC File [c:/Users/jielu/Desktop/Workspace/SpikeYOLO_FPGA/hw/vivado/out/spike_zybo.gen/sources_1/bd/system/ip/system_ic_ctrl_0/bd_0/ip/ip_31/bd_1315_m00bn_0_clocks.xdc] for cell 'system_i/ic_ctrl/inst/m00_nodes/m00_b_node/inst'
Parsing XDC File [c:/Users/jielu/Desktop/Workspace/SpikeYOLO_FPGA/hw/vivado/out/spike_zybo.gen/sources_1/bd/system/ip/system_ic_ctrl_0/bd_0/ip/ip_34/bd_1315_m01arn_0_clocks.xdc] for cell 'system_i/ic_ctrl/inst/m01_nodes/m01_ar_node/inst'
Finished Parsing XDC File [c:/Users/jielu/Desktop/Workspace/SpikeYOLO_FPGA/hw/vivado/out/spike_zybo.gen/sources_1/bd/system/ip/system_ic_ctrl_0/bd_0/ip/ip_34/bd_1315_m01arn_0_clocks.xdc] for cell 'system_i/ic_ctrl/inst/m01_nodes/m01_ar_node/inst'
Parsing XDC File [c:/Users/jielu/Desktop/Workspace/SpikeYOLO_FPGA/hw/vivado/out/spike_zybo.gen/sources_1/bd/system/ip/system_ic_ctrl_0/bd_0/ip/ip_35/bd_1315_m01rn_0_clocks.xdc] for cell 'system_i/ic_ctrl/inst/m01_nodes/m01_r_node/inst'
Finished Parsing XDC File [c:/Users/jielu/Desktop/Workspace/SpikeYOLO_FPGA/hw/vivado/out/spike_zybo.gen/sources_1/bd/system/ip/system_ic_ctrl_0/bd_0/ip/ip_35/bd_1315_m01rn_0_clocks.xdc] for cell 'system_i/ic_ctrl/inst/m01_nodes/m01_r_node/inst'
Parsing XDC File [c:/Users/jielu/Desktop/Workspace/SpikeYOLO_FPGA/hw/vivado/out/spike_zybo.gen/sources_1/bd/system/ip/system_ic_ctrl_0/bd_0/ip/ip_36/bd_1315_m01awn_0_clocks.xdc] for cell 'system_i/ic_ctrl/inst/m01_nodes/m01_aw_node/inst'
Finished Parsing XDC File [c:/Users/jielu/Desktop/Workspace/SpikeYOLO_FPGA/hw/vivado/out/spike_zybo.gen/sources_1/bd/system/ip/system_ic_ctrl_0/bd_0/ip/ip_36/bd_1315_m01awn_0_clocks.xdc] for cell 'system_i/ic_ctrl/inst/m01_nodes/m01_aw_node/inst'
Parsing XDC File [c:/Users/jielu/Desktop/Workspace/SpikeYOLO_FPGA/hw/vivado/out/spike_zybo.gen/sources_1/bd/system/ip/system_ic_ctrl_0/bd_0/ip/ip_37/bd_1315_m01wn_0_clocks.xdc] for cell 'system_i/ic_ctrl/inst/m01_nodes/m01_w_node/inst'
Finished Parsing XDC File [c:/Users/jielu/Desktop/Workspace/SpikeYOLO_FPGA/hw/vivado/out/spike_zybo.gen/sources_1/bd/system/ip/system_ic_ctrl_0/bd_0/ip/ip_37/bd_1315_m01wn_0_clocks.xdc] for cell 'system_i/ic_ctrl/inst/m01_nodes/m01_w_node/inst'
Parsing XDC File [c:/Users/jielu/Desktop/Workspace/SpikeYOLO_FPGA/hw/vivado/out/spike_zybo.gen/sources_1/bd/system/ip/system_ic_ctrl_0/bd_0/ip/ip_38/bd_1315_m01bn_0_clocks.xdc] for cell 'system_i/ic_ctrl/inst/m01_nodes/m01_b_node/inst'
Finished Parsing XDC File [c:/Users/jielu/Desktop/Workspace/SpikeYOLO_FPGA/hw/vivado/out/spike_zybo.gen/sources_1/bd/system/ip/system_ic_ctrl_0/bd_0/ip/ip_38/bd_1315_m01bn_0_clocks.xdc] for cell 'system_i/ic_ctrl/inst/m01_nodes/m01_b_node/inst'
Parsing XDC File [c:/Users/jielu/Desktop/Workspace/SpikeYOLO_FPGA/hw/vivado/out/spike_zybo.gen/sources_1/bd/system/ip/system_ic_ctrl_0/bd_0/ip/ip_41/bd_1315_m02arn_0_clocks.xdc] for cell 'system_i/ic_ctrl/inst/m02_nodes/m02_ar_node/inst'
Finished Parsing XDC File [c:/Users/jielu/Desktop/Workspace/SpikeYOLO_FPGA/hw/vivado/out/spike_zybo.gen/sources_1/bd/system/ip/system_ic_ctrl_0/bd_0/ip/ip_41/bd_1315_m02arn_0_clocks.xdc] for cell 'system_i/ic_ctrl/inst/m02_nodes/m02_ar_node/inst'
Parsing XDC File [c:/Users/jielu/Desktop/Workspace/SpikeYOLO_FPGA/hw/vivado/out/spike_zybo.gen/sources_1/bd/system/ip/system_ic_ctrl_0/bd_0/ip/ip_42/bd_1315_m02rn_0_clocks.xdc] for cell 'system_i/ic_ctrl/inst/m02_nodes/m02_r_node/inst'
Finished Parsing XDC File [c:/Users/jielu/Desktop/Workspace/SpikeYOLO_FPGA/hw/vivado/out/spike_zybo.gen/sources_1/bd/system/ip/system_ic_ctrl_0/bd_0/ip/ip_42/bd_1315_m02rn_0_clocks.xdc] for cell 'system_i/ic_ctrl/inst/m02_nodes/m02_r_node/inst'
Parsing XDC File [c:/Users/jielu/Desktop/Workspace/SpikeYOLO_FPGA/hw/vivado/out/spike_zybo.gen/sources_1/bd/system/ip/system_ic_ctrl_0/bd_0/ip/ip_43/bd_1315_m02awn_0_clocks.xdc] for cell 'system_i/ic_ctrl/inst/m02_nodes/m02_aw_node/inst'
Finished Parsing XDC File [c:/Users/jielu/Desktop/Workspace/SpikeYOLO_FPGA/hw/vivado/out/spike_zybo.gen/sources_1/bd/system/ip/system_ic_ctrl_0/bd_0/ip/ip_43/bd_1315_m02awn_0_clocks.xdc] for cell 'system_i/ic_ctrl/inst/m02_nodes/m02_aw_node/inst'
Parsing XDC File [c:/Users/jielu/Desktop/Workspace/SpikeYOLO_FPGA/hw/vivado/out/spike_zybo.gen/sources_1/bd/system/ip/system_ic_ctrl_0/bd_0/ip/ip_44/bd_1315_m02wn_0_clocks.xdc] for cell 'system_i/ic_ctrl/inst/m02_nodes/m02_w_node/inst'
Finished Parsing XDC File [c:/Users/jielu/Desktop/Workspace/SpikeYOLO_FPGA/hw/vivado/out/spike_zybo.gen/sources_1/bd/system/ip/system_ic_ctrl_0/bd_0/ip/ip_44/bd_1315_m02wn_0_clocks.xdc] for cell 'system_i/ic_ctrl/inst/m02_nodes/m02_w_node/inst'
Parsing XDC File [c:/Users/jielu/Desktop/Workspace/SpikeYOLO_FPGA/hw/vivado/out/spike_zybo.gen/sources_1/bd/system/ip/system_ic_ctrl_0/bd_0/ip/ip_45/bd_1315_m02bn_0_clocks.xdc] for cell 'system_i/ic_ctrl/inst/m02_nodes/m02_b_node/inst'
Finished Parsing XDC File [c:/Users/jielu/Desktop/Workspace/SpikeYOLO_FPGA/hw/vivado/out/spike_zybo.gen/sources_1/bd/system/ip/system_ic_ctrl_0/bd_0/ip/ip_45/bd_1315_m02bn_0_clocks.xdc] for cell 'system_i/ic_ctrl/inst/m02_nodes/m02_b_node/inst'
Parsing XDC File [c:/Users/jielu/Desktop/Workspace/SpikeYOLO_FPGA/hw/vivado/out/spike_zybo.gen/sources_1/bd/system/ip/system_ic_ctrl_0/bd_0/ip/ip_48/bd_1315_m03arn_0_clocks.xdc] for cell 'system_i/ic_ctrl/inst/m03_nodes/m03_ar_node/inst'
Finished Parsing XDC File [c:/Users/jielu/Desktop/Workspace/SpikeYOLO_FPGA/hw/vivado/out/spike_zybo.gen/sources_1/bd/system/ip/system_ic_ctrl_0/bd_0/ip/ip_48/bd_1315_m03arn_0_clocks.xdc] for cell 'system_i/ic_ctrl/inst/m03_nodes/m03_ar_node/inst'
Parsing XDC File [c:/Users/jielu/Desktop/Workspace/SpikeYOLO_FPGA/hw/vivado/out/spike_zybo.gen/sources_1/bd/system/ip/system_ic_ctrl_0/bd_0/ip/ip_49/bd_1315_m03rn_0_clocks.xdc] for cell 'system_i/ic_ctrl/inst/m03_nodes/m03_r_node/inst'
Finished Parsing XDC File [c:/Users/jielu/Desktop/Workspace/SpikeYOLO_FPGA/hw/vivado/out/spike_zybo.gen/sources_1/bd/system/ip/system_ic_ctrl_0/bd_0/ip/ip_49/bd_1315_m03rn_0_clocks.xdc] for cell 'system_i/ic_ctrl/inst/m03_nodes/m03_r_node/inst'
Parsing XDC File [c:/Users/jielu/Desktop/Workspace/SpikeYOLO_FPGA/hw/vivado/out/spike_zybo.gen/sources_1/bd/system/ip/system_ic_ctrl_0/bd_0/ip/ip_50/bd_1315_m03awn_0_clocks.xdc] for cell 'system_i/ic_ctrl/inst/m03_nodes/m03_aw_node/inst'
Finished Parsing XDC File [c:/Users/jielu/Desktop/Workspace/SpikeYOLO_FPGA/hw/vivado/out/spike_zybo.gen/sources_1/bd/system/ip/system_ic_ctrl_0/bd_0/ip/ip_50/bd_1315_m03awn_0_clocks.xdc] for cell 'system_i/ic_ctrl/inst/m03_nodes/m03_aw_node/inst'
Parsing XDC File [c:/Users/jielu/Desktop/Workspace/SpikeYOLO_FPGA/hw/vivado/out/spike_zybo.gen/sources_1/bd/system/ip/system_ic_ctrl_0/bd_0/ip/ip_51/bd_1315_m03wn_0_clocks.xdc] for cell 'system_i/ic_ctrl/inst/m03_nodes/m03_w_node/inst'
Finished Parsing XDC File [c:/Users/jielu/Desktop/Workspace/SpikeYOLO_FPGA/hw/vivado/out/spike_zybo.gen/sources_1/bd/system/ip/system_ic_ctrl_0/bd_0/ip/ip_51/bd_1315_m03wn_0_clocks.xdc] for cell 'system_i/ic_ctrl/inst/m03_nodes/m03_w_node/inst'
Parsing XDC File [c:/Users/jielu/Desktop/Workspace/SpikeYOLO_FPGA/hw/vivado/out/spike_zybo.gen/sources_1/bd/system/ip/system_ic_ctrl_0/bd_0/ip/ip_52/bd_1315_m03bn_0_clocks.xdc] for cell 'system_i/ic_ctrl/inst/m03_nodes/m03_b_node/inst'
Finished Parsing XDC File [c:/Users/jielu/Desktop/Workspace/SpikeYOLO_FPGA/hw/vivado/out/spike_zybo.gen/sources_1/bd/system/ip/system_ic_ctrl_0/bd_0/ip/ip_52/bd_1315_m03bn_0_clocks.xdc] for cell 'system_i/ic_ctrl/inst/m03_nodes/m03_b_node/inst'
Parsing XDC File [c:/Users/jielu/Desktop/Workspace/SpikeYOLO_FPGA/hw/vivado/out/spike_zybo.gen/sources_1/bd/system/ip/system_ic_ctrl_0/smartconnect.xdc] for cell 'system_i/ic_ctrl/inst'
WARNING: [Vivado_Tcl 4-919] Waiver ID 'CDC-1' -from list should not be empty. [c:/Users/jielu/Desktop/Workspace/SpikeYOLO_FPGA/hw/vivado/out/spike_zybo.gen/sources_1/bd/system/ip/system_ic_ctrl_0/smartconnect.xdc:10]
Finished Parsing XDC File [c:/Users/jielu/Desktop/Workspace/SpikeYOLO_FPGA/hw/vivado/out/spike_zybo.gen/sources_1/bd/system/ip/system_ic_ctrl_0/smartconnect.xdc] for cell 'system_i/ic_ctrl/inst'
Parsing XDC File [c:/Users/jielu/Desktop/Workspace/SpikeYOLO_FPGA/hw/vivado/out/spike_zybo.gen/sources_1/bd/system/ip/system_ic_data_hp0_0/bd_0/ip/ip_1/bd_8fe8_psr_aclk_0_board.xdc] for cell 'system_i/ic_data_hp0/inst/clk_map/psr_aclk/U0'
Finished Parsing XDC File [c:/Users/jielu/Desktop/Workspace/SpikeYOLO_FPGA/hw/vivado/out/spike_zybo.gen/sources_1/bd/system/ip/system_ic_data_hp0_0/bd_0/ip/ip_1/bd_8fe8_psr_aclk_0_board.xdc] for cell 'system_i/ic_data_hp0/inst/clk_map/psr_aclk/U0'
Parsing XDC File [c:/Users/jielu/Desktop/Workspace/SpikeYOLO_FPGA/hw/vivado/out/spike_zybo.gen/sources_1/bd/system/ip/system_ic_data_hp0_0/bd_0/ip/ip_1/bd_8fe8_psr_aclk_0.xdc] for cell 'system_i/ic_data_hp0/inst/clk_map/psr_aclk/U0'
Finished Parsing XDC File [c:/Users/jielu/Desktop/Workspace/SpikeYOLO_FPGA/hw/vivado/out/spike_zybo.gen/sources_1/bd/system/ip/system_ic_data_hp0_0/bd_0/ip/ip_1/bd_8fe8_psr_aclk_0.xdc] for cell 'system_i/ic_data_hp0/inst/clk_map/psr_aclk/U0'
Parsing XDC File [c:/Users/jielu/Desktop/Workspace/SpikeYOLO_FPGA/hw/vivado/out/spike_zybo.gen/sources_1/bd/system/ip/system_ic_data_hp0_0/bd_0/ip/ip_11/bd_8fe8_sarn_0_clocks.xdc] for cell 'system_i/ic_data_hp0/inst/s00_nodes/s00_ar_node/inst'
Finished Parsing XDC File [c:/Users/jielu/Desktop/Workspace/SpikeYOLO_FPGA/hw/vivado/out/spike_zybo.gen/sources_1/bd/system/ip/system_ic_data_hp0_0/bd_0/ip/ip_11/bd_8fe8_sarn_0_clocks.xdc] for cell 'system_i/ic_data_hp0/inst/s00_nodes/s00_ar_node/inst'
Parsing XDC File [c:/Users/jielu/Desktop/Workspace/SpikeYOLO_FPGA/hw/vivado/out/spike_zybo.gen/sources_1/bd/system/ip/system_ic_data_hp0_0/bd_0/ip/ip_12/bd_8fe8_srn_0_clocks.xdc] for cell 'system_i/ic_data_hp0/inst/s00_nodes/s00_r_node/inst'
Finished Parsing XDC File [c:/Users/jielu/Desktop/Workspace/SpikeYOLO_FPGA/hw/vivado/out/spike_zybo.gen/sources_1/bd/system/ip/system_ic_data_hp0_0/bd_0/ip/ip_12/bd_8fe8_srn_0_clocks.xdc] for cell 'system_i/ic_data_hp0/inst/s00_nodes/s00_r_node/inst'
Parsing XDC File [c:/Users/jielu/Desktop/Workspace/SpikeYOLO_FPGA/hw/vivado/out/spike_zybo.gen/sources_1/bd/system/ip/system_ic_data_hp0_0/bd_0/ip/ip_17/bd_8fe8_sawn_0_clocks.xdc] for cell 'system_i/ic_data_hp0/inst/s01_nodes/s01_aw_node/inst'
Finished Parsing XDC File [c:/Users/jielu/Desktop/Workspace/SpikeYOLO_FPGA/hw/vivado/out/spike_zybo.gen/sources_1/bd/system/ip/system_ic_data_hp0_0/bd_0/ip/ip_17/bd_8fe8_sawn_0_clocks.xdc] for cell 'system_i/ic_data_hp0/inst/s01_nodes/s01_aw_node/inst'
Parsing XDC File [c:/Users/jielu/Desktop/Workspace/SpikeYOLO_FPGA/hw/vivado/out/spike_zybo.gen/sources_1/bd/system/ip/system_ic_data_hp0_0/bd_0/ip/ip_18/bd_8fe8_swn_0_clocks.xdc] for cell 'system_i/ic_data_hp0/inst/s01_nodes/s01_w_node/inst'
Finished Parsing XDC File [c:/Users/jielu/Desktop/Workspace/SpikeYOLO_FPGA/hw/vivado/out/spike_zybo.gen/sources_1/bd/system/ip/system_ic_data_hp0_0/bd_0/ip/ip_18/bd_8fe8_swn_0_clocks.xdc] for cell 'system_i/ic_data_hp0/inst/s01_nodes/s01_w_node/inst'
Parsing XDC File [c:/Users/jielu/Desktop/Workspace/SpikeYOLO_FPGA/hw/vivado/out/spike_zybo.gen/sources_1/bd/system/ip/system_ic_data_hp0_0/bd_0/ip/ip_19/bd_8fe8_sbn_0_clocks.xdc] for cell 'system_i/ic_data_hp0/inst/s01_nodes/s01_b_node/inst'
Finished Parsing XDC File [c:/Users/jielu/Desktop/Workspace/SpikeYOLO_FPGA/hw/vivado/out/spike_zybo.gen/sources_1/bd/system/ip/system_ic_data_hp0_0/bd_0/ip/ip_19/bd_8fe8_sbn_0_clocks.xdc] for cell 'system_i/ic_data_hp0/inst/s01_nodes/s01_b_node/inst'
Parsing XDC File [c:/Users/jielu/Desktop/Workspace/SpikeYOLO_FPGA/hw/vivado/out/spike_zybo.gen/sources_1/bd/system/ip/system_ic_data_hp0_0/bd_0/ip/ip_24/bd_8fe8_sarn_1_clocks.xdc] for cell 'system_i/ic_data_hp0/inst/s02_nodes/s02_ar_node/inst'
Finished Parsing XDC File [c:/Users/jielu/Desktop/Workspace/SpikeYOLO_FPGA/hw/vivado/out/spike_zybo.gen/sources_1/bd/system/ip/system_ic_data_hp0_0/bd_0/ip/ip_24/bd_8fe8_sarn_1_clocks.xdc] for cell 'system_i/ic_data_hp0/inst/s02_nodes/s02_ar_node/inst'
Parsing XDC File [c:/Users/jielu/Desktop/Workspace/SpikeYOLO_FPGA/hw/vivado/out/spike_zybo.gen/sources_1/bd/system/ip/system_ic_data_hp0_0/bd_0/ip/ip_25/bd_8fe8_srn_1_clocks.xdc] for cell 'system_i/ic_data_hp0/inst/s02_nodes/s02_r_node/inst'
Finished Parsing XDC File [c:/Users/jielu/Desktop/Workspace/SpikeYOLO_FPGA/hw/vivado/out/spike_zybo.gen/sources_1/bd/system/ip/system_ic_data_hp0_0/bd_0/ip/ip_25/bd_8fe8_srn_1_clocks.xdc] for cell 'system_i/ic_data_hp0/inst/s02_nodes/s02_r_node/inst'
Parsing XDC File [c:/Users/jielu/Desktop/Workspace/SpikeYOLO_FPGA/hw/vivado/out/spike_zybo.gen/sources_1/bd/system/ip/system_ic_data_hp0_0/bd_0/ip/ip_30/bd_8fe8_sarn_2_clocks.xdc] for cell 'system_i/ic_data_hp0/inst/s03_nodes/s03_ar_node/inst'
Finished Parsing XDC File [c:/Users/jielu/Desktop/Workspace/SpikeYOLO_FPGA/hw/vivado/out/spike_zybo.gen/sources_1/bd/system/ip/system_ic_data_hp0_0/bd_0/ip/ip_30/bd_8fe8_sarn_2_clocks.xdc] for cell 'system_i/ic_data_hp0/inst/s03_nodes/s03_ar_node/inst'
Parsing XDC File [c:/Users/jielu/Desktop/Workspace/SpikeYOLO_FPGA/hw/vivado/out/spike_zybo.gen/sources_1/bd/system/ip/system_ic_data_hp0_0/bd_0/ip/ip_31/bd_8fe8_srn_2_clocks.xdc] for cell 'system_i/ic_data_hp0/inst/s03_nodes/s03_r_node/inst'
Finished Parsing XDC File [c:/Users/jielu/Desktop/Workspace/SpikeYOLO_FPGA/hw/vivado/out/spike_zybo.gen/sources_1/bd/system/ip/system_ic_data_hp0_0/bd_0/ip/ip_31/bd_8fe8_srn_2_clocks.xdc] for cell 'system_i/ic_data_hp0/inst/s03_nodes/s03_r_node/inst'
Parsing XDC File [c:/Users/jielu/Desktop/Workspace/SpikeYOLO_FPGA/hw/vivado/out/spike_zybo.gen/sources_1/bd/system/ip/system_ic_data_hp0_0/bd_0/ip/ip_32/bd_8fe8_sawn_1_clocks.xdc] for cell 'system_i/ic_data_hp0/inst/s03_nodes/s03_aw_node/inst'
Finished Parsing XDC File [c:/Users/jielu/Desktop/Workspace/SpikeYOLO_FPGA/hw/vivado/out/spike_zybo.gen/sources_1/bd/system/ip/system_ic_data_hp0_0/bd_0/ip/ip_32/bd_8fe8_sawn_1_clocks.xdc] for cell 'system_i/ic_data_hp0/inst/s03_nodes/s03_aw_node/inst'
Parsing XDC File [c:/Users/jielu/Desktop/Workspace/SpikeYOLO_FPGA/hw/vivado/out/spike_zybo.gen/sources_1/bd/system/ip/system_ic_data_hp0_0/bd_0/ip/ip_33/bd_8fe8_swn_1_clocks.xdc] for cell 'system_i/ic_data_hp0/inst/s03_nodes/s03_w_node/inst'
Finished Parsing XDC File [c:/Users/jielu/Desktop/Workspace/SpikeYOLO_FPGA/hw/vivado/out/spike_zybo.gen/sources_1/bd/system/ip/system_ic_data_hp0_0/bd_0/ip/ip_33/bd_8fe8_swn_1_clocks.xdc] for cell 'system_i/ic_data_hp0/inst/s03_nodes/s03_w_node/inst'
Parsing XDC File [c:/Users/jielu/Desktop/Workspace/SpikeYOLO_FPGA/hw/vivado/out/spike_zybo.gen/sources_1/bd/system/ip/system_ic_data_hp0_0/bd_0/ip/ip_34/bd_8fe8_sbn_1_clocks.xdc] for cell 'system_i/ic_data_hp0/inst/s03_nodes/s03_b_node/inst'
Finished Parsing XDC File [c:/Users/jielu/Desktop/Workspace/SpikeYOLO_FPGA/hw/vivado/out/spike_zybo.gen/sources_1/bd/system/ip/system_ic_data_hp0_0/bd_0/ip/ip_34/bd_8fe8_sbn_1_clocks.xdc] for cell 'system_i/ic_data_hp0/inst/s03_nodes/s03_b_node/inst'
Parsing XDC File [c:/Users/jielu/Desktop/Workspace/SpikeYOLO_FPGA/hw/vivado/out/spike_zybo.gen/sources_1/bd/system/ip/system_ic_data_hp0_0/bd_0/ip/ip_39/bd_8fe8_sarn_3_clocks.xdc] for cell 'system_i/ic_data_hp0/inst/s04_nodes/s04_ar_node/inst'
Finished Parsing XDC File [c:/Users/jielu/Desktop/Workspace/SpikeYOLO_FPGA/hw/vivado/out/spike_zybo.gen/sources_1/bd/system/ip/system_ic_data_hp0_0/bd_0/ip/ip_39/bd_8fe8_sarn_3_clocks.xdc] for cell 'system_i/ic_data_hp0/inst/s04_nodes/s04_ar_node/inst'
Parsing XDC File [c:/Users/jielu/Desktop/Workspace/SpikeYOLO_FPGA/hw/vivado/out/spike_zybo.gen/sources_1/bd/system/ip/system_ic_data_hp0_0/bd_0/ip/ip_40/bd_8fe8_srn_3_clocks.xdc] for cell 'system_i/ic_data_hp0/inst/s04_nodes/s04_r_node/inst'
Finished Parsing XDC File [c:/Users/jielu/Desktop/Workspace/SpikeYOLO_FPGA/hw/vivado/out/spike_zybo.gen/sources_1/bd/system/ip/system_ic_data_hp0_0/bd_0/ip/ip_40/bd_8fe8_srn_3_clocks.xdc] for cell 'system_i/ic_data_hp0/inst/s04_nodes/s04_r_node/inst'
Parsing XDC File [c:/Users/jielu/Desktop/Workspace/SpikeYOLO_FPGA/hw/vivado/out/spike_zybo.gen/sources_1/bd/system/ip/system_ic_data_hp0_0/bd_0/ip/ip_41/bd_8fe8_sawn_2_clocks.xdc] for cell 'system_i/ic_data_hp0/inst/s04_nodes/s04_aw_node/inst'
Finished Parsing XDC File [c:/Users/jielu/Desktop/Workspace/SpikeYOLO_FPGA/hw/vivado/out/spike_zybo.gen/sources_1/bd/system/ip/system_ic_data_hp0_0/bd_0/ip/ip_41/bd_8fe8_sawn_2_clocks.xdc] for cell 'system_i/ic_data_hp0/inst/s04_nodes/s04_aw_node/inst'
Parsing XDC File [c:/Users/jielu/Desktop/Workspace/SpikeYOLO_FPGA/hw/vivado/out/spike_zybo.gen/sources_1/bd/system/ip/system_ic_data_hp0_0/bd_0/ip/ip_42/bd_8fe8_swn_2_clocks.xdc] for cell 'system_i/ic_data_hp0/inst/s04_nodes/s04_w_node/inst'
Finished Parsing XDC File [c:/Users/jielu/Desktop/Workspace/SpikeYOLO_FPGA/hw/vivado/out/spike_zybo.gen/sources_1/bd/system/ip/system_ic_data_hp0_0/bd_0/ip/ip_42/bd_8fe8_swn_2_clocks.xdc] for cell 'system_i/ic_data_hp0/inst/s04_nodes/s04_w_node/inst'
Parsing XDC File [c:/Users/jielu/Desktop/Workspace/SpikeYOLO_FPGA/hw/vivado/out/spike_zybo.gen/sources_1/bd/system/ip/system_ic_data_hp0_0/bd_0/ip/ip_43/bd_8fe8_sbn_2_clocks.xdc] for cell 'system_i/ic_data_hp0/inst/s04_nodes/s04_b_node/inst'
Finished Parsing XDC File [c:/Users/jielu/Desktop/Workspace/SpikeYOLO_FPGA/hw/vivado/out/spike_zybo.gen/sources_1/bd/system/ip/system_ic_data_hp0_0/bd_0/ip/ip_43/bd_8fe8_sbn_2_clocks.xdc] for cell 'system_i/ic_data_hp0/inst/s04_nodes/s04_b_node/inst'
Parsing XDC File [c:/Users/jielu/Desktop/Workspace/SpikeYOLO_FPGA/hw/vivado/out/spike_zybo.gen/sources_1/bd/system/ip/system_ic_data_hp0_0/bd_0/ip/ip_45/bd_8fe8_m00arn_0_clocks.xdc] for cell 'system_i/ic_data_hp0/inst/m00_nodes/m00_ar_node/inst'
Finished Parsing XDC File [c:/Users/jielu/Desktop/Workspace/SpikeYOLO_FPGA/hw/vivado/out/spike_zybo.gen/sources_1/bd/system/ip/system_ic_data_hp0_0/bd_0/ip/ip_45/bd_8fe8_m00arn_0_clocks.xdc] for cell 'system_i/ic_data_hp0/inst/m00_nodes/m00_ar_node/inst'
Parsing XDC File [c:/Users/jielu/Desktop/Workspace/SpikeYOLO_FPGA/hw/vivado/out/spike_zybo.gen/sources_1/bd/system/ip/system_ic_data_hp0_0/bd_0/ip/ip_46/bd_8fe8_m00rn_0_clocks.xdc] for cell 'system_i/ic_data_hp0/inst/m00_nodes/m00_r_node/inst'
Finished Parsing XDC File [c:/Users/jielu/Desktop/Workspace/SpikeYOLO_FPGA/hw/vivado/out/spike_zybo.gen/sources_1/bd/system/ip/system_ic_data_hp0_0/bd_0/ip/ip_46/bd_8fe8_m00rn_0_clocks.xdc] for cell 'system_i/ic_data_hp0/inst/m00_nodes/m00_r_node/inst'
Parsing XDC File [c:/Users/jielu/Desktop/Workspace/SpikeYOLO_FPGA/hw/vivado/out/spike_zybo.gen/sources_1/bd/system/ip/system_ic_data_hp0_0/bd_0/ip/ip_47/bd_8fe8_m00awn_0_clocks.xdc] for cell 'system_i/ic_data_hp0/inst/m00_nodes/m00_aw_node/inst'
Finished Parsing XDC File [c:/Users/jielu/Desktop/Workspace/SpikeYOLO_FPGA/hw/vivado/out/spike_zybo.gen/sources_1/bd/system/ip/system_ic_data_hp0_0/bd_0/ip/ip_47/bd_8fe8_m00awn_0_clocks.xdc] for cell 'system_i/ic_data_hp0/inst/m00_nodes/m00_aw_node/inst'
Parsing XDC File [c:/Users/jielu/Desktop/Workspace/SpikeYOLO_FPGA/hw/vivado/out/spike_zybo.gen/sources_1/bd/system/ip/system_ic_data_hp0_0/bd_0/ip/ip_48/bd_8fe8_m00wn_0_clocks.xdc] for cell 'system_i/ic_data_hp0/inst/m00_nodes/m00_w_node/inst'
Finished Parsing XDC File [c:/Users/jielu/Desktop/Workspace/SpikeYOLO_FPGA/hw/vivado/out/spike_zybo.gen/sources_1/bd/system/ip/system_ic_data_hp0_0/bd_0/ip/ip_48/bd_8fe8_m00wn_0_clocks.xdc] for cell 'system_i/ic_data_hp0/inst/m00_nodes/m00_w_node/inst'
Parsing XDC File [c:/Users/jielu/Desktop/Workspace/SpikeYOLO_FPGA/hw/vivado/out/spike_zybo.gen/sources_1/bd/system/ip/system_ic_data_hp0_0/bd_0/ip/ip_49/bd_8fe8_m00bn_0_clocks.xdc] for cell 'system_i/ic_data_hp0/inst/m00_nodes/m00_b_node/inst'
Finished Parsing XDC File [c:/Users/jielu/Desktop/Workspace/SpikeYOLO_FPGA/hw/vivado/out/spike_zybo.gen/sources_1/bd/system/ip/system_ic_data_hp0_0/bd_0/ip/ip_49/bd_8fe8_m00bn_0_clocks.xdc] for cell 'system_i/ic_data_hp0/inst/m00_nodes/m00_b_node/inst'
Parsing XDC File [c:/Users/jielu/Desktop/Workspace/SpikeYOLO_FPGA/hw/vivado/out/spike_zybo.gen/sources_1/bd/system/ip/system_ic_data_hp0_0/smartconnect.xdc] for cell 'system_i/ic_data_hp0/inst'
WARNING: [Vivado_Tcl 4-919] Waiver ID 'CDC-1' -from list should not be empty. [c:/Users/jielu/Desktop/Workspace/SpikeYOLO_FPGA/hw/vivado/out/spike_zybo.gen/sources_1/bd/system/ip/system_ic_data_hp0_0/smartconnect.xdc:1]
Finished Parsing XDC File [c:/Users/jielu/Desktop/Workspace/SpikeYOLO_FPGA/hw/vivado/out/spike_zybo.gen/sources_1/bd/system/ip/system_ic_data_hp0_0/smartconnect.xdc] for cell 'system_i/ic_data_hp0/inst'
Parsing XDC File [c:/Users/jielu/Desktop/Workspace/SpikeYOLO_FPGA/hw/vivado/out/spike_zybo.gen/sources_1/bd/system/ip/system_ic_data_hp1_0/bd_0/ip/ip_1/bd_4fb9_psr_aclk_0_board.xdc] for cell 'system_i/ic_data_hp1/inst/clk_map/psr_aclk/U0'
Finished Parsing XDC File [c:/Users/jielu/Desktop/Workspace/SpikeYOLO_FPGA/hw/vivado/out/spike_zybo.gen/sources_1/bd/system/ip/system_ic_data_hp1_0/bd_0/ip/ip_1/bd_4fb9_psr_aclk_0_board.xdc] for cell 'system_i/ic_data_hp1/inst/clk_map/psr_aclk/U0'
Parsing XDC File [c:/Users/jielu/Desktop/Workspace/SpikeYOLO_FPGA/hw/vivado/out/spike_zybo.gen/sources_1/bd/system/ip/system_ic_data_hp1_0/bd_0/ip/ip_1/bd_4fb9_psr_aclk_0.xdc] for cell 'system_i/ic_data_hp1/inst/clk_map/psr_aclk/U0'
Finished Parsing XDC File [c:/Users/jielu/Desktop/Workspace/SpikeYOLO_FPGA/hw/vivado/out/spike_zybo.gen/sources_1/bd/system/ip/system_ic_data_hp1_0/bd_0/ip/ip_1/bd_4fb9_psr_aclk_0.xdc] for cell 'system_i/ic_data_hp1/inst/clk_map/psr_aclk/U0'
Parsing XDC File [c:/Users/jielu/Desktop/Workspace/SpikeYOLO_FPGA/hw/vivado/out/spike_zybo.gen/sources_1/bd/system/ip/system_ic_data_hp1_0/bd_0/ip/ip_11/bd_4fb9_sarn_0_clocks.xdc] for cell 'system_i/ic_data_hp1/inst/s00_nodes/s00_ar_node/inst'
Finished Parsing XDC File [c:/Users/jielu/Desktop/Workspace/SpikeYOLO_FPGA/hw/vivado/out/spike_zybo.gen/sources_1/bd/system/ip/system_ic_data_hp1_0/bd_0/ip/ip_11/bd_4fb9_sarn_0_clocks.xdc] for cell 'system_i/ic_data_hp1/inst/s00_nodes/s00_ar_node/inst'
Parsing XDC File [c:/Users/jielu/Desktop/Workspace/SpikeYOLO_FPGA/hw/vivado/out/spike_zybo.gen/sources_1/bd/system/ip/system_ic_data_hp1_0/bd_0/ip/ip_12/bd_4fb9_srn_0_clocks.xdc] for cell 'system_i/ic_data_hp1/inst/s00_nodes/s00_r_node/inst'
Finished Parsing XDC File [c:/Users/jielu/Desktop/Workspace/SpikeYOLO_FPGA/hw/vivado/out/spike_zybo.gen/sources_1/bd/system/ip/system_ic_data_hp1_0/bd_0/ip/ip_12/bd_4fb9_srn_0_clocks.xdc] for cell 'system_i/ic_data_hp1/inst/s00_nodes/s00_r_node/inst'
Parsing XDC File [c:/Users/jielu/Desktop/Workspace/SpikeYOLO_FPGA/hw/vivado/out/spike_zybo.gen/sources_1/bd/system/ip/system_ic_data_hp1_0/bd_0/ip/ip_17/bd_4fb9_sawn_0_clocks.xdc] for cell 'system_i/ic_data_hp1/inst/s01_nodes/s01_aw_node/inst'
Finished Parsing XDC File [c:/Users/jielu/Desktop/Workspace/SpikeYOLO_FPGA/hw/vivado/out/spike_zybo.gen/sources_1/bd/system/ip/system_ic_data_hp1_0/bd_0/ip/ip_17/bd_4fb9_sawn_0_clocks.xdc] for cell 'system_i/ic_data_hp1/inst/s01_nodes/s01_aw_node/inst'
Parsing XDC File [c:/Users/jielu/Desktop/Workspace/SpikeYOLO_FPGA/hw/vivado/out/spike_zybo.gen/sources_1/bd/system/ip/system_ic_data_hp1_0/bd_0/ip/ip_18/bd_4fb9_swn_0_clocks.xdc] for cell 'system_i/ic_data_hp1/inst/s01_nodes/s01_w_node/inst'
Finished Parsing XDC File [c:/Users/jielu/Desktop/Workspace/SpikeYOLO_FPGA/hw/vivado/out/spike_zybo.gen/sources_1/bd/system/ip/system_ic_data_hp1_0/bd_0/ip/ip_18/bd_4fb9_swn_0_clocks.xdc] for cell 'system_i/ic_data_hp1/inst/s01_nodes/s01_w_node/inst'
Parsing XDC File [c:/Users/jielu/Desktop/Workspace/SpikeYOLO_FPGA/hw/vivado/out/spike_zybo.gen/sources_1/bd/system/ip/system_ic_data_hp1_0/bd_0/ip/ip_19/bd_4fb9_sbn_0_clocks.xdc] for cell 'system_i/ic_data_hp1/inst/s01_nodes/s01_b_node/inst'
Finished Parsing XDC File [c:/Users/jielu/Desktop/Workspace/SpikeYOLO_FPGA/hw/vivado/out/spike_zybo.gen/sources_1/bd/system/ip/system_ic_data_hp1_0/bd_0/ip/ip_19/bd_4fb9_sbn_0_clocks.xdc] for cell 'system_i/ic_data_hp1/inst/s01_nodes/s01_b_node/inst'
Parsing XDC File [c:/Users/jielu/Desktop/Workspace/SpikeYOLO_FPGA/hw/vivado/out/spike_zybo.gen/sources_1/bd/system/ip/system_ic_data_hp1_0/bd_0/ip/ip_24/bd_4fb9_sarn_1_clocks.xdc] for cell 'system_i/ic_data_hp1/inst/s02_nodes/s02_ar_node/inst'
Finished Parsing XDC File [c:/Users/jielu/Desktop/Workspace/SpikeYOLO_FPGA/hw/vivado/out/spike_zybo.gen/sources_1/bd/system/ip/system_ic_data_hp1_0/bd_0/ip/ip_24/bd_4fb9_sarn_1_clocks.xdc] for cell 'system_i/ic_data_hp1/inst/s02_nodes/s02_ar_node/inst'
Parsing XDC File [c:/Users/jielu/Desktop/Workspace/SpikeYOLO_FPGA/hw/vivado/out/spike_zybo.gen/sources_1/bd/system/ip/system_ic_data_hp1_0/bd_0/ip/ip_25/bd_4fb9_srn_1_clocks.xdc] for cell 'system_i/ic_data_hp1/inst/s02_nodes/s02_r_node/inst'
Finished Parsing XDC File [c:/Users/jielu/Desktop/Workspace/SpikeYOLO_FPGA/hw/vivado/out/spike_zybo.gen/sources_1/bd/system/ip/system_ic_data_hp1_0/bd_0/ip/ip_25/bd_4fb9_srn_1_clocks.xdc] for cell 'system_i/ic_data_hp1/inst/s02_nodes/s02_r_node/inst'
Parsing XDC File [c:/Users/jielu/Desktop/Workspace/SpikeYOLO_FPGA/hw/vivado/out/spike_zybo.gen/sources_1/bd/system/ip/system_ic_data_hp1_0/bd_0/ip/ip_27/bd_4fb9_m00arn_0_clocks.xdc] for cell 'system_i/ic_data_hp1/inst/m00_nodes/m00_ar_node/inst'
Finished Parsing XDC File [c:/Users/jielu/Desktop/Workspace/SpikeYOLO_FPGA/hw/vivado/out/spike_zybo.gen/sources_1/bd/system/ip/system_ic_data_hp1_0/bd_0/ip/ip_27/bd_4fb9_m00arn_0_clocks.xdc] for cell 'system_i/ic_data_hp1/inst/m00_nodes/m00_ar_node/inst'
Parsing XDC File [c:/Users/jielu/Desktop/Workspace/SpikeYOLO_FPGA/hw/vivado/out/spike_zybo.gen/sources_1/bd/system/ip/system_ic_data_hp1_0/bd_0/ip/ip_28/bd_4fb9_m00rn_0_clocks.xdc] for cell 'system_i/ic_data_hp1/inst/m00_nodes/m00_r_node/inst'
Finished Parsing XDC File [c:/Users/jielu/Desktop/Workspace/SpikeYOLO_FPGA/hw/vivado/out/spike_zybo.gen/sources_1/bd/system/ip/system_ic_data_hp1_0/bd_0/ip/ip_28/bd_4fb9_m00rn_0_clocks.xdc] for cell 'system_i/ic_data_hp1/inst/m00_nodes/m00_r_node/inst'
Parsing XDC File [c:/Users/jielu/Desktop/Workspace/SpikeYOLO_FPGA/hw/vivado/out/spike_zybo.gen/sources_1/bd/system/ip/system_ic_data_hp1_0/bd_0/ip/ip_29/bd_4fb9_m00awn_0_clocks.xdc] for cell 'system_i/ic_data_hp1/inst/m00_nodes/m00_aw_node/inst'
Finished Parsing XDC File [c:/Users/jielu/Desktop/Workspace/SpikeYOLO_FPGA/hw/vivado/out/spike_zybo.gen/sources_1/bd/system/ip/system_ic_data_hp1_0/bd_0/ip/ip_29/bd_4fb9_m00awn_0_clocks.xdc] for cell 'system_i/ic_data_hp1/inst/m00_nodes/m00_aw_node/inst'
Parsing XDC File [c:/Users/jielu/Desktop/Workspace/SpikeYOLO_FPGA/hw/vivado/out/spike_zybo.gen/sources_1/bd/system/ip/system_ic_data_hp1_0/bd_0/ip/ip_30/bd_4fb9_m00wn_0_clocks.xdc] for cell 'system_i/ic_data_hp1/inst/m00_nodes/m00_w_node/inst'
Finished Parsing XDC File [c:/Users/jielu/Desktop/Workspace/SpikeYOLO_FPGA/hw/vivado/out/spike_zybo.gen/sources_1/bd/system/ip/system_ic_data_hp1_0/bd_0/ip/ip_30/bd_4fb9_m00wn_0_clocks.xdc] for cell 'system_i/ic_data_hp1/inst/m00_nodes/m00_w_node/inst'
Parsing XDC File [c:/Users/jielu/Desktop/Workspace/SpikeYOLO_FPGA/hw/vivado/out/spike_zybo.gen/sources_1/bd/system/ip/system_ic_data_hp1_0/bd_0/ip/ip_31/bd_4fb9_m00bn_0_clocks.xdc] for cell 'system_i/ic_data_hp1/inst/m00_nodes/m00_b_node/inst'
Finished Parsing XDC File [c:/Users/jielu/Desktop/Workspace/SpikeYOLO_FPGA/hw/vivado/out/spike_zybo.gen/sources_1/bd/system/ip/system_ic_data_hp1_0/bd_0/ip/ip_31/bd_4fb9_m00bn_0_clocks.xdc] for cell 'system_i/ic_data_hp1/inst/m00_nodes/m00_b_node/inst'
Parsing XDC File [c:/Users/jielu/Desktop/Workspace/SpikeYOLO_FPGA/hw/vivado/out/spike_zybo.gen/sources_1/bd/system/ip/system_ic_data_hp1_0/smartconnect.xdc] for cell 'system_i/ic_data_hp1/inst'
WARNING: [Vivado_Tcl 4-919] Waiver ID 'CDC-1' -from list should not be empty. [c:/Users/jielu/Desktop/Workspace/SpikeYOLO_FPGA/hw/vivado/out/spike_zybo.gen/sources_1/bd/system/ip/system_ic_data_hp1_0/smartconnect.xdc:1]
Finished Parsing XDC File [c:/Users/jielu/Desktop/Workspace/SpikeYOLO_FPGA/hw/vivado/out/spike_zybo.gen/sources_1/bd/system/ip/system_ic_data_hp1_0/smartconnect.xdc] for cell 'system_i/ic_data_hp1/inst'
Parsing XDC File [c:/Users/jielu/Desktop/Workspace/SpikeYOLO_FPGA/hw/vivado/out/spike_zybo.gen/sources_1/bd/system/ip/system_rst_clk0_0/system_rst_clk0_0_board.xdc] for cell 'system_i/rst_clk0/U0'
Finished Parsing XDC File [c:/Users/jielu/Desktop/Workspace/SpikeYOLO_FPGA/hw/vivado/out/spike_zybo.gen/sources_1/bd/system/ip/system_rst_clk0_0/system_rst_clk0_0_board.xdc] for cell 'system_i/rst_clk0/U0'
Parsing XDC File [c:/Users/jielu/Desktop/Workspace/SpikeYOLO_FPGA/hw/vivado/out/spike_zybo.gen/sources_1/bd/system/ip/system_rst_clk0_0/system_rst_clk0_0.xdc] for cell 'system_i/rst_clk0/U0'
Finished Parsing XDC File [c:/Users/jielu/Desktop/Workspace/SpikeYOLO_FPGA/hw/vivado/out/spike_zybo.gen/sources_1/bd/system/ip/system_rst_clk0_0/system_rst_clk0_0.xdc] for cell 'system_i/rst_clk0/U0'
Parsing XDC File [c:/Users/jielu/Desktop/Workspace/SpikeYOLO_FPGA/hw/vivado/out/spike_zybo.gen/sources_1/bd/system/ip/system_rst_clk1_0/system_rst_clk1_0_board.xdc] for cell 'system_i/rst_clk1/U0'
Finished Parsing XDC File [c:/Users/jielu/Desktop/Workspace/SpikeYOLO_FPGA/hw/vivado/out/spike_zybo.gen/sources_1/bd/system/ip/system_rst_clk1_0/system_rst_clk1_0_board.xdc] for cell 'system_i/rst_clk1/U0'
Parsing XDC File [c:/Users/jielu/Desktop/Workspace/SpikeYOLO_FPGA/hw/vivado/out/spike_zybo.gen/sources_1/bd/system/ip/system_rst_clk1_0/system_rst_clk1_0.xdc] for cell 'system_i/rst_clk1/U0'
Finished Parsing XDC File [c:/Users/jielu/Desktop/Workspace/SpikeYOLO_FPGA/hw/vivado/out/spike_zybo.gen/sources_1/bd/system/ip/system_rst_clk1_0/system_rst_clk1_0.xdc] for cell 'system_i/rst_clk1/U0'
Parsing XDC File [C:/Users/jielu/Desktop/Workspace/SpikeYOLO_FPGA/hw/vivado/constraints/zybo_z7_20.xdc]
WARNING: [Vivado 12-584] No ports matched 'sys_clk'. [C:/Users/jielu/Desktop/Workspace/SpikeYOLO_FPGA/hw/vivado/constraints/zybo_z7_20.xdc:11]
CRITICAL WARNING: [Common 17-55] 'set_property' expects at least one object. [C:/Users/jielu/Desktop/Workspace/SpikeYOLO_FPGA/hw/vivado/constraints/zybo_z7_20.xdc:11]
Resolution: If [get_<value>] was used to populate the object, check to make sure this command returns at least one valid object.
WARNING: [Vivado 12-584] No ports matched 'sys_clk'. [C:/Users/jielu/Desktop/Workspace/SpikeYOLO_FPGA/hw/vivado/constraints/zybo_z7_20.xdc:12]
CRITICAL WARNING: [Vivado 12-4739] create_clock:No valid object(s) found for '-objects [get_ports sys_clk]'. [C:/Users/jielu/Desktop/Workspace/SpikeYOLO_FPGA/hw/vivado/constraints/zybo_z7_20.xdc:12]
Resolution: Check if the specified object(s) exists in the current design. If it does, ensure that the correct design hierarchy was specified for the object. If you are working with clocks, make sure create_clock was used to create the clock object before it is referenced.
WARNING: [Vivado 12-584] No ports matched 'sw[0]'. [C:/Users/jielu/Desktop/Workspace/SpikeYOLO_FPGA/hw/vivado/constraints/zybo_z7_20.xdc:15]
CRITICAL WARNING: [Common 17-55] 'set_property' expects at least one object. [C:/Users/jielu/Desktop/Workspace/SpikeYOLO_FPGA/hw/vivado/constraints/zybo_z7_20.xdc:15]
Resolution: If [get_<value>] was used to populate the object, check to make sure this command returns at least one valid object.
WARNING: [Vivado 12-584] No ports matched 'sw[1]'. [C:/Users/jielu/Desktop/Workspace/SpikeYOLO_FPGA/hw/vivado/constraints/zybo_z7_20.xdc:16]
CRITICAL WARNING: [Common 17-55] 'set_property' expects at least one object. [C:/Users/jielu/Desktop/Workspace/SpikeYOLO_FPGA/hw/vivado/constraints/zybo_z7_20.xdc:16]
Resolution: If [get_<value>] was used to populate the object, check to make sure this command returns at least one valid object.
WARNING: [Vivado 12-584] No ports matched 'sw[2]'. [C:/Users/jielu/Desktop/Workspace/SpikeYOLO_FPGA/hw/vivado/constraints/zybo_z7_20.xdc:17]
CRITICAL WARNING: [Common 17-55] 'set_property' expects at least one object. [C:/Users/jielu/Desktop/Workspace/SpikeYOLO_FPGA/hw/vivado/constraints/zybo_z7_20.xdc:17]
Resolution: If [get_<value>] was used to populate the object, check to make sure this command returns at least one valid object.
WARNING: [Vivado 12-584] No ports matched 'sw[3]'. [C:/Users/jielu/Desktop/Workspace/SpikeYOLO_FPGA/hw/vivado/constraints/zybo_z7_20.xdc:18]
CRITICAL WARNING: [Common 17-55] 'set_property' expects at least one object. [C:/Users/jielu/Desktop/Workspace/SpikeYOLO_FPGA/hw/vivado/constraints/zybo_z7_20.xdc:18]
Resolution: If [get_<value>] was used to populate the object, check to make sure this command returns at least one valid object.
WARNING: [Vivado 12-584] No ports matched 'led[0]'. [C:/Users/jielu/Desktop/Workspace/SpikeYOLO_FPGA/hw/vivado/constraints/zybo_z7_20.xdc:21]
CRITICAL WARNING: [Common 17-55] 'set_property' expects at least one object. [C:/Users/jielu/Desktop/Workspace/SpikeYOLO_FPGA/hw/vivado/constraints/zybo_z7_20.xdc:21]
Resolution: If [get_<value>] was used to populate the object, check to make sure this command returns at least one valid object.
WARNING: [Vivado 12-584] No ports matched 'led[1]'. [C:/Users/jielu/Desktop/Workspace/SpikeYOLO_FPGA/hw/vivado/constraints/zybo_z7_20.xdc:22]
CRITICAL WARNING: [Common 17-55] 'set_property' expects at least one object. [C:/Users/jielu/Desktop/Workspace/SpikeYOLO_FPGA/hw/vivado/constraints/zybo_z7_20.xdc:22]
Resolution: If [get_<value>] was used to populate the object, check to make sure this command returns at least one valid object.
WARNING: [Vivado 12-584] No ports matched 'led[2]'. [C:/Users/jielu/Desktop/Workspace/SpikeYOLO_FPGA/hw/vivado/constraints/zybo_z7_20.xdc:23]
CRITICAL WARNING: [Common 17-55] 'set_property' expects at least one object. [C:/Users/jielu/Desktop/Workspace/SpikeYOLO_FPGA/hw/vivado/constraints/zybo_z7_20.xdc:23]
Resolution: If [get_<value>] was used to populate the object, check to make sure this command returns at least one valid object.
WARNING: [Vivado 12-584] No ports matched 'led[3]'. [C:/Users/jielu/Desktop/Workspace/SpikeYOLO_FPGA/hw/vivado/constraints/zybo_z7_20.xdc:24]
CRITICAL WARNING: [Common 17-55] 'set_property' expects at least one object. [C:/Users/jielu/Desktop/Workspace/SpikeYOLO_FPGA/hw/vivado/constraints/zybo_z7_20.xdc:24]
Resolution: If [get_<value>] was used to populate the object, check to make sure this command returns at least one valid object.
CRITICAL WARNING: [Vivado 12-1411] Cannot set LOC property of ports, the positive port (P-side) 'hdmi_tx_clk_p' of a differential pair cannot be placed on a negative package pin 'H17' (IOBS). [C:/Users/jielu/Desktop/Workspace/SpikeYOLO_FPGA/hw/vivado/constraints/zybo_z7_20.xdc:27]
WARNING: [Vivado 12-584] No ports matched 'hdmi_tx_hpd'. [C:/Users/jielu/Desktop/Workspace/SpikeYOLO_FPGA/hw/vivado/constraints/zybo_z7_20.xdc:37]
CRITICAL WARNING: [Common 17-55] 'set_property' expects at least one object. [C:/Users/jielu/Desktop/Workspace/SpikeYOLO_FPGA/hw/vivado/constraints/zybo_z7_20.xdc:37]
Resolution: If [get_<value>] was used to populate the object, check to make sure this command returns at least one valid object.
WARNING: [Vivado 12-584] No ports matched 'hdmi_tx_ddc_sda'. [C:/Users/jielu/Desktop/Workspace/SpikeYOLO_FPGA/hw/vivado/constraints/zybo_z7_20.xdc:38]
CRITICAL WARNING: [Common 17-55] 'set_property' expects at least one object. [C:/Users/jielu/Desktop/Workspace/SpikeYOLO_FPGA/hw/vivado/constraints/zybo_z7_20.xdc:38]
Resolution: If [get_<value>] was used to populate the object, check to make sure this command returns at least one valid object.
WARNING: [Vivado 12-584] No ports matched 'hdmi_tx_ddc_scl'. [C:/Users/jielu/Desktop/Workspace/SpikeYOLO_FPGA/hw/vivado/constraints/zybo_z7_20.xdc:39]
CRITICAL WARNING: [Common 17-55] 'set_property' expects at least one object. [C:/Users/jielu/Desktop/Workspace/SpikeYOLO_FPGA/hw/vivado/constraints/zybo_z7_20.xdc:39]
Resolution: If [get_<value>] was used to populate the object, check to make sure this command returns at least one valid object.
CRITICAL WARNING: [Netlist 29-177] Cannot set property 'BITSTREAM.CONFIG.SPI_BUSWIDTH' because the property does not exist. [C:/Users/jielu/Desktop/Workspace/SpikeYOLO_FPGA/hw/vivado/constraints/zybo_z7_20.xdc:54]
Resolution: Create this property using create_property command before setting it.
Finished Parsing XDC File [C:/Users/jielu/Desktop/Workspace/SpikeYOLO_FPGA/hw/vivado/constraints/zybo_z7_20.xdc]
Parsing XDC File [c:/Users/jielu/Desktop/Workspace/SpikeYOLO_FPGA/hw/vivado/out/spike_zybo.gen/sources_1/bd/system/ip/system_axi_dma_feat_0/system_axi_dma_feat_0_clocks.xdc] for cell 'system_i/axi_dma_feat/U0'
Finished Parsing XDC File [c:/Users/jielu/Desktop/Workspace/SpikeYOLO_FPGA/hw/vivado/out/spike_zybo.gen/sources_1/bd/system/ip/system_axi_dma_feat_0/system_axi_dma_feat_0_clocks.xdc] for cell 'system_i/axi_dma_feat/U0'
Parsing XDC File [c:/Users/jielu/Desktop/Workspace/SpikeYOLO_FPGA/hw/vivado/out/spike_zybo.gen/sources_1/bd/system/ip/system_vdma_disp_0/system_vdma_disp_0_clocks.xdc] for cell 'system_i/vdma_disp/U0'
Finished Parsing XDC File [c:/Users/jielu/Desktop/Workspace/SpikeYOLO_FPGA/hw/vivado/out/spike_zybo.gen/sources_1/bd/system/ip/system_vdma_disp_0/system_vdma_disp_0_clocks.xdc] for cell 'system_i/vdma_disp/U0'
Parsing XDC File [c:/Users/jielu/Desktop/Workspace/SpikeYOLO_FPGA/hw/vivado/out/spike_zybo.gen/sources_1/bd/system/ip/system_v_tc_0_0/system_v_tc_0_0_clocks.xdc] for cell 'system_i/v_tc_0/U0'
INFO: [Timing 38-35] Done setting XDC timing constraints. [c:/Users/jielu/Desktop/Workspace/SpikeYOLO_FPGA/hw/vivado/out/spike_zybo.gen/sources_1/bd/system/ip/system_v_tc_0_0/system_v_tc_0_0_clocks.xdc:2]
INFO: [Timing 38-2] Deriving generated clocks [c:/Users/jielu/Desktop/Workspace/SpikeYOLO_FPGA/hw/vivado/out/spike_zybo.gen/sources_1/bd/system/ip/system_v_tc_0_0/system_v_tc_0_0_clocks.xdc:2]
get_clocks: Time (s): cpu = 00:00:12 ; elapsed = 00:00:10 . Memory (MB): peak = 2634.262 ; gain = 746.359
Finished Parsing XDC File [c:/Users/jielu/Desktop/Workspace/SpikeYOLO_FPGA/hw/vivado/out/spike_zybo.gen/sources_1/bd/system/ip/system_v_tc_0_0/system_v_tc_0_0_clocks.xdc] for cell 'system_i/v_tc_0/U0'
Parsing XDC File [c:/Users/jielu/Desktop/Workspace/SpikeYOLO_FPGA/hw/vivado/out/spike_zybo.gen/sources_1/bd/system/ip/system_rgb2dvi_0_0/src/rgb2dvi_clocks.xdc] for cell 'system_i/rgb2dvi_0/U0'
Finished Parsing XDC File [c:/Users/jielu/Desktop/Workspace/SpikeYOLO_FPGA/hw/vivado/out/spike_zybo.gen/sources_1/bd/system/ip/system_rgb2dvi_0_0/src/rgb2dvi_clocks.xdc] for cell 'system_i/rgb2dvi_0/U0'
INFO: [Project 1-1714] 212 XPM XDC files have been applied to the design.
INFO: [Opt 31-138] Pushed 0 inverter(s) to 0 load pin(s).
INFO: [Project 1-1687] 2895 scoped IP constraints or related sub-commands were skipped due to synthesis logic optimizations usually triggered by constant connectivity or unconnected output pins. To review the skipped constraints and messages, run the command 'set_param netlist.IPMsgFiltering false' before opening the design.
Netlist sorting complete. Time (s): cpu = 00:00:00 ; elapsed = 00:00:00.037 . Memory (MB): peak = 2634.262 ; gain = 0.000
INFO: [Project 1-111] Unisim Transformation Summary:
  A total of 416 instances were transformed.
  RAM16X1D => RAM32X1D (RAMD32(x2)): 4 instances
  RAM32M => RAM32M (RAMD32(x6), RAMS32(x2)): 398 instances
  RAM32X1D => RAM32X1D (RAMD32(x2)): 14 instances

32 Infos, 123 Warnings, 15 Critical Warnings and 0 Errors encountered.
link_design completed successfully
link_design: Time (s): cpu = 00:00:44 ; elapsed = 00:00:46 . Memory (MB): peak = 2634.262 ; gain = 1822.930
Command: opt_design -directive ExploreSequentialArea
INFO: [Vivado_Tcl 4-136] Directive used for opt_design is: ExploreSequentialArea
Attempting to get a license for feature 'Implementation' and/or device 'xc7z020'
INFO: [Common 17-349] Got license for feature 'Implementation' and/or device 'xc7z020'
Running DRC as a precondition to command opt_design

Starting DRC Task
INFO: [DRC 23-27] Running DRC with 2 threads
INFO: [Project 1-461] DRC finished with 0 Errors
INFO: [Project 1-462] Please refer to the DRC report (report_drc) for more information.

Time (s): cpu = 00:00:02 ; elapsed = 00:00:01 . Memory (MB): peak = 2634.262 ; gain = 0.000

Starting Logic Optimization Task

Phase 1 Initialization

Phase 1.1 Core Generation And Design Setup
Phase 1.1 Core Generation And Design Setup | Checksum: 13a415c22

Time (s): cpu = 00:00:00 ; elapsed = 00:00:00.045 . Memory (MB): peak = 2791.934 ; gain = 0.000

Phase 1.2 Setup Constraints And Sort Netlist
Phase 1.2 Setup Constraints And Sort Netlist | Checksum: 13a415c22

Time (s): cpu = 00:00:00 ; elapsed = 00:00:00.117 . Memory (MB): peak = 2791.934 ; gain = 0.000
Phase 1 Initialization | Checksum: 13a415c22

Time (s): cpu = 00:00:00 ; elapsed = 00:00:00.129 . Memory (MB): peak = 2791.934 ; gain = 0.000

Phase 2 Timer Update And Timing Data Collection

Phase 2.1 Timer Update
INFO: [Timing 38-35] Done setting XDC timing constraints.
Phase 2.1 Timer Update | Checksum: 13a415c22

Time (s): cpu = 00:00:11 ; elapsed = 00:00:07 . Memory (MB): peak = 3219.727 ; gain = 427.793

Phase 2.2 Timing Data Collection
Phase 2.2 Timing Data Collection | Checksum: 13a415c22

Time (s): cpu = 00:00:11 ; elapsed = 00:00:08 . Memory (MB): peak = 3219.727 ; gain = 427.793
Phase 2 Timer Update And Timing Data Collection | Checksum: 13a415c22

Time (s): cpu = 00:00:11 ; elapsed = 00:00:08 . Memory (MB): peak = 3219.727 ; gain = 427.793

Phase 3 Retarget
INFO: [Opt 31-1834] Total Chains To Be Transformed Were: 0 AND Number of Transformed insts Created are: 0
INFO: [Opt 31-1566] Pulled 39 inverters resulting in an inversion of 358 pins
INFO: [Opt 31-138] Pushed 53 inverter(s) to 253 load pin(s).
INFO: [Opt 31-49] Retargeted 0 cell(s).
Phase 3 Retarget | Checksum: 1e83fbb84

Time (s): cpu = 00:00:13 ; elapsed = 00:00:10 . Memory (MB): peak = 3219.727 ; gain = 427.793
Retarget | Checksum: 1e83fbb84
INFO: [Opt 31-389] Phase Retarget created 913 cells and removed 1554 cells
INFO: [Opt 31-1021] In phase Retarget, 309 netlist objects are constrained preventing optimization. Please run opt_design with -debug_log to get more detail. 

Phase 4 Constant propagation
INFO: [Opt 31-138] Pushed 25 inverter(s) to 27 load pin(s).
Phase 4 Constant propagation | Checksum: 15fc4dacf

Time (s): cpu = 00:00:23 ; elapsed = 00:00:20 . Memory (MB): peak = 3219.727 ; gain = 427.793
Constant propagation | Checksum: 15fc4dacf
INFO: [Opt 31-389] Phase Constant propagation created 4089 cells and removed 26814 cells
INFO: [Opt 31-1021] In phase Constant propagation, 640 netlist objects are constrained preventing optimization. Please run opt_design with -debug_log to get more detail. 

Phase 5 Sweep
Phase 5 Sweep | Checksum: 18b4d501d

Time (s): cpu = 00:00:27 ; elapsed = 00:00:24 . Memory (MB): peak = 3219.727 ; gain = 427.793
Sweep | Checksum: 18b4d501d
INFO: [Opt 31-389] Phase Sweep created 0 cells and removed 1686 cells
INFO: [Opt 31-1021] In phase Sweep, 355 netlist objects are constrained preventing optimization. Please run opt_design with -debug_log to get more detail. 

Phase 6 BUFG optimization
INFO: [Opt 31-194] Inserted BUFG system_i/rgb2dvi_0/U0/ClockGenInternal.ClockGenX/PixelClk_BUFG_inst to drive 8 load(s) on clock net system_i/rgb2dvi_0/U0/ClockGenInternal.ClockGenX/PixelClk_BUFG
INFO: [Opt 31-194] Inserted BUFG system_i/rgb2dvi_0/U0/ClockGenInternal.ClockGenX/SerialClk_BUFG_inst to drive 8 load(s) on clock net system_i/rgb2dvi_0/U0/ClockGenInternal.ClockGenX/SerialClk_BUFG
INFO: [Opt 31-193] Inserted 2 BUFG(s) on clock nets
Phase 6 BUFG optimization | Checksum: 18a66b480

Time (s): cpu = 00:00:29 ; elapsed = 00:00:25 . Memory (MB): peak = 3219.727 ; gain = 427.793
BUFG optimization | Checksum: 18a66b480
INFO: [Opt 31-662] Phase BUFG optimization created 2 cells of which 2 are BUFGs and removed 0 cells.

Phase 7 Shift Register Optimization
INFO: [Opt 31-1064] SRL Remap converted 0 SRLs to 0 registers and converted 0 registers of register chains to 0 SRLs
Phase 7 Shift Register Optimization | Checksum: 18a66b480

Time (s): cpu = 00:00:29 ; elapsed = 00:00:25 . Memory (MB): peak = 3219.727 ; gain = 427.793
Shift Register Optimization | Checksum: 18a66b480
INFO: [Opt 31-389] Phase Shift Register Optimization created 0 cells and removed 0 cells
INFO: [Opt 31-1555] control_set_opt supports Versal devices only, and device 7z020 is unsupported

Phase 8 Resynthesis
!! WARNING !!
"PYTHONPATH" variable is set greater than default max string limit of "519" characters.
Please ignore this, if you have already made changes to your system registry to accept more than
default limit of 519 characters.
!! WARNING !!
INFO: [Timing 38-35] Done setting XDC timing constraints.
INFO: [Opt 31-74] Optimized 102 modules.
INFO: [Opt 31-75] Optimized module 'system_axi_dma_feat_0_axi_datamover_mssai_skid_buf'.
INFO: [Opt 31-75] Optimized module 'system_axi_dma_feat_0_axi_datamover_skid2mm_buf'.
INFO: [Opt 31-75] Optimized module 'system_axi_dma_feat_0_axi_datamover_skid_buf'.
INFO: [Opt 31-75] Optimized module 'system_axi_dma_feat_0_axi_datamover_skid_buf__parameterized0'.
INFO: [Opt 31-75] Optimized module 'system_axi_dma_feat_0_axi_datamover_slice'.
INFO: [Opt 31-75] Optimized module 'system_axi_dma_feat_0_axi_dma_register_s2mm'.
INFO: [Opt 31-75] Optimized module 'system_axi_dma_feat_0_axi_dma_smple_sm'.
INFO: [Opt 31-75] Optimized module 'system_axi_dma_feat_0_axi_dma_smple_sm_29'.
INFO: [Opt 31-75] Optimized module 'system_axi_dma_feat_0_cntr_incr_decr_addn_f_14'.
INFO: [Opt 31-75] Optimized module 'system_axi_dma_feat_0_sync_fifo_fg'.
INFO: [Opt 31-75] Optimized module 'system_axi_dma_feat_0_sync_fifo_fg__parameterized1'.
INFO: [Opt 31-75] Optimized module 'system_axi_dma_feat_0_xpm_counter_updn__parameterized2_23'.
INFO: [Opt 31-75] Optimized module 'system_ic_ctrl_0_sc_mmu_v1_0_13_decerr_slave'.
INFO: [Opt 31-75] Optimized module 'system_ic_ctrl_0_sc_si_converter_v1_0_13_axilite_conv'.
INFO: [Opt 31-75] Optimized module 'system_ic_ctrl_0_sc_util_v1_0_4_axi_reg_stall__parameterized0_17'.
INFO: [Opt 31-75] Optimized module 'system_ic_ctrl_0_sc_util_v1_0_4_axi_splitter'.
INFO: [Opt 31-75] Optimized module 'system_ic_data_hp0_0_sc_mmu_v1_0_13_decerr_slave'.
INFO: [Opt 31-75] Optimized module 'system_ic_data_hp0_0_sc_mmu_v1_0_13_decerr_slave_118'.
INFO: [Opt 31-75] Optimized module 'system_ic_data_hp0_0_sc_mmu_v1_0_13_decerr_slave_144'.
INFO: [Opt 31-75] Optimized module 'system_ic_data_hp0_0_sc_mmu_v1_0_13_decerr_slave_214'.
INFO: [Opt 31-75] Optimized module 'system_ic_data_hp0_0_sc_node_v1_0_16_arb_alg_rr_258'.
INFO: [Opt 31-75] Optimized module 'system_ic_data_hp0_0_sc_util_v1_0_4_axi_reg_stall_114'.
INFO: [Opt 31-75] Optimized module 'system_ic_data_hp0_0_sc_util_v1_0_4_axi_reg_stall_116'.
INFO: [Opt 31-75] Optimized module 'system_ic_data_hp0_0_sc_util_v1_0_4_axi_reg_stall_119'.
INFO: [Opt 31-75] Optimized module 'system_ic_data_hp0_0_sc_util_v1_0_4_axi_reg_stall_120'.
INFO: [Opt 31-75] Optimized module 'system_ic_data_hp0_0_sc_util_v1_0_4_axi_reg_stall_143'.
INFO: [Opt 31-75] Optimized module 'system_ic_data_hp0_0_sc_util_v1_0_4_axi_reg_stall_145'.
INFO: [Opt 31-75] Optimized module 'system_ic_data_hp0_0_sc_util_v1_0_4_axi_reg_stall_187'.
INFO: [Opt 31-75] Optimized module 'system_ic_data_hp0_0_sc_util_v1_0_4_axi_reg_stall_190'.
INFO: [Opt 31-75] Optimized module 'system_ic_data_hp0_0_sc_util_v1_0_4_axi_reg_stall_213'.
INFO: [Opt 31-75] Optimized module 'system_ic_data_hp0_0_sc_util_v1_0_4_axi_reg_stall_215'.
INFO: [Opt 31-75] Optimized module 'system_ic_data_hp0_0_sc_util_v1_0_4_axi_reg_stall_276'.
INFO: [Opt 31-75] Optimized module 'system_ic_data_hp0_0_sc_util_v1_0_4_axi_reg_stall_277'.
INFO: [Opt 31-75] Optimized module 'system_ic_data_hp0_0_sc_util_v1_0_4_axi_reg_stall_46'.
INFO: [Opt 31-75] Optimized module 'system_ic_data_hp0_0_sc_util_v1_0_4_axi_reg_stall_48'.
INFO: [Opt 31-75] Optimized module 'system_ic_data_hp0_0_sc_util_v1_0_4_axi_reg_stall_50'.
INFO: [Opt 31-75] Optimized module 'system_ic_data_hp0_0_sc_util_v1_0_4_axi_reg_stall_51'.
INFO: [Opt 31-75] Optimized module 'system_ic_data_hp0_0_sc_util_v1_0_4_axic_reg_srl_fifo_102'.
INFO: [Opt 31-75] Optimized module 'system_ic_data_hp0_0_sc_util_v1_0_4_axic_reg_srl_fifo_140'.
INFO: [Opt 31-75] Optimized module 'system_ic_data_hp0_0_sc_util_v1_0_4_axic_reg_srl_fifo_210'.
INFO: [Opt 31-75] Optimized module 'system_ic_data_hp0_0_sc_util_v1_0_4_axic_reg_srl_fifo_37'.
INFO: [Opt 31-75] Optimized module 'system_ic_data_hp0_0_sc_util_v1_0_4_axic_reg_srl_fifo__parameterized0'.
INFO: [Opt 31-75] Optimized module 'system_ic_data_hp0_0_sc_util_v1_0_4_axic_reg_srl_fifo__parameterized2'.
INFO: [Opt 31-75] Optimized module 'system_ic_data_hp0_0_sc_util_v1_0_4_axic_reg_srl_fifo__parameterized4'.
INFO: [Opt 31-75] Optimized module 'system_ic_data_hp0_0_sc_util_v1_0_4_axic_reg_srl_fifo__parameterized5'.
INFO: [Opt 31-75] Optimized module 'system_ic_data_hp0_0_sc_util_v1_0_4_axic_reg_srl_fifo__parameterized5_105'.
INFO: [Opt 31-75] Optimized module 'system_ic_data_hp0_0_sc_util_v1_0_4_axic_reg_srl_fifo__parameterized5_178'.
INFO: [Opt 31-75] Optimized module 'system_ic_data_hp0_0_sc_util_v1_0_4_counter__parameterized1_257'.
INFO: [Opt 31-75] Optimized module 'system_ic_data_hp0_0_sc_util_v1_0_4_counter__parameterized1_270'.
INFO: [Opt 31-75] Optimized module 'system_ic_data_hp1_0_sc_mmu_v1_0_13_decerr_slave_67'.
INFO: [Opt 31-75] Optimized module 'system_ic_data_hp1_0_sc_util_v1_0_4_axi_reg_stall_116'.
INFO: [Opt 31-75] Optimized module 'system_ic_data_hp1_0_sc_util_v1_0_4_axi_reg_stall_117'.
INFO: [Opt 31-75] Optimized module 'system_ic_data_hp1_0_sc_util_v1_0_4_axi_reg_stall_13'.
INFO: [Opt 31-75] Optimized module 'system_ic_data_hp1_0_sc_util_v1_0_4_axi_reg_stall_14'.
INFO: [Opt 31-75] Optimized module 'system_ic_data_hp1_0_sc_util_v1_0_4_axi_reg_stall_44'.
INFO: [Opt 31-75] Optimized module 'system_ic_data_hp1_0_sc_util_v1_0_4_axi_reg_stall_65'.
INFO: [Opt 31-75] Optimized module 'system_ic_data_hp1_0_sc_util_v1_0_4_axi_reg_stall_66'.
INFO: [Opt 31-75] Optimized module 'system_ic_data_hp1_0_sc_util_v1_0_4_axi_reg_stall_68'.
INFO: [Opt 31-75] Optimized module 'system_ic_data_hp1_0_sc_util_v1_0_4_axic_reg_srl_fifo__parameterized2'.
INFO: [Opt 31-75] Optimized module 'system_ic_data_hp1_0_sc_util_v1_0_4_axic_reg_srl_fifo__parameterized3'.
INFO: [Opt 31-75] Optimized module 'system_ic_data_hp1_0_sc_util_v1_0_4_axic_reg_srl_fifo__parameterized4'.
INFO: [Opt 31-75] Optimized module 'system_ic_data_hp1_0_sc_util_v1_0_4_axic_reg_srl_fifo__parameterized5'.
INFO: [Opt 31-75] Optimized module 'system_ic_data_hp1_0_sc_util_v1_0_4_counter__parameterized1_110'.
INFO: [Opt 31-75] Optimized module 'system_ic_data_hp1_0_sc_util_v1_0_4_counter__parameterized1_77'.
INFO: [Opt 31-75] Optimized module 'system_rgb2dvi_0_0_TMDS_Encoder'.
INFO: [Opt 31-75] Optimized module 'system_rgb2dvi_0_0_TMDS_Encoder_1'.
INFO: [Opt 31-75] Optimized module 'system_rgb2dvi_0_0_TMDS_Encoder_3'.
INFO: [Opt 31-75] Optimized module 'system_spike_accel_0_0_sa_tiny_fpga_top_flow_control_loop_pipe_sequential_init_23'.
INFO: [Opt 31-75] Optimized module 'system_spike_accel_0_0_sa_tiny_fpga_top_flow_control_loop_pipe_sequential_init_318'.
INFO: [Opt 31-75] Optimized module 'system_spike_accel_0_0_sa_tiny_fpga_top_gmem0_m_axi_fifo__parameterized4'.
INFO: [Opt 31-75] Optimized module 'system_spike_accel_0_0_sa_tiny_fpga_top_gmem0_m_axi_reg_slice'.
INFO: [Opt 31-75] Optimized module 'system_spike_accel_0_0_sa_tiny_fpga_top_gmem0_m_axi_reg_slice_342'.
INFO: [Opt 31-75] Optimized module 'system_spike_accel_0_0_sa_tiny_fpga_top_gmem1_m_axi_fifo__parameterized1'.
INFO: [Opt 31-75] Optimized module 'system_spike_accel_0_0_sa_tiny_fpga_top_gmem1_m_axi_reg_slice__parameterized1'.
INFO: [Opt 31-75] Optimized module 'system_spike_accel_0_0_sa_tiny_fpga_top_gmem2_m_axi_fifo'.
INFO: [Opt 31-75] Optimized module 'system_spike_accel_0_0_sa_tiny_fpga_top_gmem2_m_axi_reg_slice__parameterized2'.
INFO: [Opt 31-75] Optimized module 'system_spike_accel_0_0_sa_tiny_fpga_top_gmem3_m_axi_reg_slice__parameterized0'.
INFO: [Opt 31-75] Optimized module 'system_spike_accel_0_0_sa_tiny_fpga_top_gmem3_m_axi_reg_slice__parameterized2'.
INFO: [Opt 31-75] Optimized module 'system_spike_accel_0_0_sa_tiny_fpga_top_gmem3_m_axi_srl'.
INFO: [Opt 31-75] Optimized module 'system_spike_accel_0_0_sa_tiny_fpga_top_gmem3_m_axi_srl_330'.
INFO: [Opt 31-75] Optimized module 'system_spike_accel_0_0_sa_tiny_fpga_top_gmem4_m_axi_fifo'.
INFO: [Opt 31-75] Optimized module 'system_spike_accel_0_0_sa_tiny_fpga_top_gmem4_m_axi_fifo_320'.
INFO: [Opt 31-75] Optimized module 'system_spike_accel_0_0_sa_tiny_fpga_top_gmem4_m_axi_mem__parameterized0'.
INFO: [Opt 31-75] Optimized module 'system_spike_accel_0_0_sa_tiny_fpga_top_gmem4_m_axi_reg_slice__parameterized0'.
INFO: [Opt 31-75] Optimized module 'system_spike_accel_0_0_sa_tiny_fpga_top_gmem4_m_axi_reg_slice__parameterized2'.
INFO: [Opt 31-75] Optimized module 'system_spike_accel_0_0_sa_tiny_fpga_top_gmem4_m_axi_srl'.
INFO: [Opt 31-75] Optimized module 'system_spike_accel_0_0_sa_tiny_fpga_top_sa_conv2d_bn_40_71_118_240_333_426_1_Pipeline_VITIS_LOOP_116_7'.
INFO: [Opt 31-75] Optimized module 'system_spike_accel_0_0_sa_tiny_fpga_top_sa_conv2d_bn_40_71_118_240_333_426_535_1_24'.
INFO: [Opt 31-75] Optimized module 'system_spike_accel_0_0_sa_tiny_fpga_top_sa_conv2d_bn_40_71_118_240_333_426_535_1_4'.
INFO: [Opt 31-75] Optimized module 'system_spike_accel_0_0_sa_tiny_fpga_top_sa_conv2d_bn_40_71_118_240_333_426_535_1_82'.
INFO: [Opt 31-75] Optimized module 'system_spike_accel_0_0_sa_tiny_fpga_top_sa_conv2d_bn_40_71_118_240_333_426_535_1_Pipeline_VITIS_LOOP_116_7_30'.
INFO: [Opt 31-75] Optimized module 'system_spike_accel_0_0_sa_tiny_fpga_top_sa_conv2d_bn_40_71_118_240_333_426_535_1_Pipeline_VITIS_LOOP_116_7_93'.
INFO: [Opt 31-75] Optimized module 'system_spike_accel_0_0_sa_tiny_fpga_top_sa_ms_all_conv_block_185_1'.
INFO: [Opt 31-75] Optimized module 'system_spike_accel_0_0_sa_tiny_fpga_top_sa_ms_all_conv_block_185_1_Pipeline_VITIS_LOOP_85_1'.
INFO: [Opt 31-75] Optimized module 'system_spike_accel_0_0_sa_tiny_fpga_top_sa_spike_sppf_1'.
INFO: [Opt 31-75] Optimized module 'system_v_tc_0_0_video_clock_cross'.
INFO: [Opt 31-75] Optimized module 'system_v_tc_0_0_video_ctrl'.
INFO: [Opt 31-75] Optimized module 'system_vdma_disp_0_axi_datamover_mm2s_dre'.
INFO: [Opt 31-75] Optimized module 'system_vdma_disp_0_axi_vdma_lite_if'.
INFO: [Opt 31-75] Optimized module 'system_vdma_disp_0_axi_vdma_register'.
INFO: [Common 17-14] Message 'Opt 31-75' appears 100 times and further instances of the messages will be disabled. Use the Tcl command set_msg_config to change the current settings.
INFO: [Opt 31-1566] Pulled 415 inverters resulting in an inversion of 790 pins
INFO: [Opt 31-138] Pushed 0 inverter(s) to 0 load pin(s).
INFO: [Opt 31-138] Pushed 0 inverter(s) to 0 load pin(s).
Phase 8 Resynthesis | Checksum: f550c513

Time (s): cpu = 00:01:10 ; elapsed = 00:02:04 . Memory (MB): peak = 3697.668 ; gain = 905.734
Resynthesis | Checksum: f550c513
INFO: [Opt 31-389] Phase Resynthesis created 6755 cells and removed 7379 cells
INFO: [Opt 31-1021] In phase Resynthesis, 2922 netlist objects are constrained preventing optimization. Please run opt_design with -debug_log to get more detail. 

Phase 9 Post Processing Netlist
Phase 9 Post Processing Netlist | Checksum: f550c513

Time (s): cpu = 00:01:10 ; elapsed = 00:02:05 . Memory (MB): peak = 3697.668 ; gain = 905.734
Post Processing Netlist | Checksum: f550c513
INFO: [Opt 31-389] Phase Post Processing Netlist created 0 cells and removed 0 cells
INFO: [Opt 31-1021] In phase Post Processing Netlist, 281 netlist objects are constrained preventing optimization. Please run opt_design with -debug_log to get more detail. 

Phase 10 Finalization

Phase 10.1 Finalizing Design Cores and Updating Shapes
Phase 10.1 Finalizing Design Cores and Updating Shapes | Checksum: fb7536e2

Time (s): cpu = 00:01:11 ; elapsed = 00:02:06 . Memory (MB): peak = 3697.668 ; gain = 905.734

Phase 10.2 Verifying Netlist Connectivity

Starting Connectivity Check Task

Time (s): cpu = 00:00:01 ; elapsed = 00:00:00.167 . Memory (MB): peak = 3697.668 ; gain = 0.000
Phase 10.2 Verifying Netlist Connectivity | Checksum: fb7536e2

Time (s): cpu = 00:01:12 ; elapsed = 00:02:06 . Memory (MB): peak = 3697.668 ; gain = 905.734
Phase 10 Finalization | Checksum: fb7536e2

Time (s): cpu = 00:01:12 ; elapsed = 00:02:06 . Memory (MB): peak = 3697.668 ; gain = 905.734
Opt_design Change Summary
=========================


-------------------------------------------------------------------------------------------------------------------------
|  Phase                        |  #Cells created  |  #Cells Removed  |  #Constrained objects preventing optimizations  |
-------------------------------------------------------------------------------------------------------------------------
|  Retarget                     |             913  |            1554  |                                            309  |
|  Constant propagation         |            4089  |           26814  |                                            640  |
|  Sweep                        |               0  |            1686  |                                            355  |
|  BUFG optimization            |               2  |               0  |                                              0  |
|  Shift Register Optimization  |               0  |               0  |                                              0  |
|  Resynthesis                  |            6755  |            7379  |                                           2922  |
|  Post Processing Netlist      |               0  |               0  |                                            281  |
-------------------------------------------------------------------------------------------------------------------------


Ending Logic Optimization Task | Checksum: fb7536e2

Time (s): cpu = 00:01:12 ; elapsed = 00:02:06 . Memory (MB): peak = 3697.668 ; gain = 905.734

Starting Netlist Obfuscation Task
Netlist sorting complete. Time (s): cpu = 00:00:00 ; elapsed = 00:00:00.035 . Memory (MB): peak = 3697.668 ; gain = 0.000
Ending Netlist Obfuscation Task | Checksum: fb7536e2

Time (s): cpu = 00:00:00 ; elapsed = 00:00:00.052 . Memory (MB): peak = 3697.668 ; gain = 0.000
INFO: [Common 17-83] Releasing license: Implementation
167 Infos, 123 Warnings, 15 Critical Warnings and 0 Errors encountered.
opt_design completed successfully
opt_design: Time (s): cpu = 00:01:17 ; elapsed = 00:02:10 . Memory (MB): peak = 3697.668 ; gain = 1063.406
INFO: [Vivado 12-24828] Executing command : report_drc -file system_wrapper_drc_opted.rpt -pb system_wrapper_drc_opted.pb -rpx system_wrapper_drc_opted.rpx
Command: report_drc -file system_wrapper_drc_opted.rpt -pb system_wrapper_drc_opted.pb -rpx system_wrapper_drc_opted.rpx
INFO: [IP_Flow 19-1839] IP Catalog is up to date.
INFO: [DRC 23-27] Running DRC with 2 threads
INFO: [Vivado_Tcl 2-168] The results of DRC are in file C:/Users/jielu/Desktop/Workspace/SpikeYOLO_FPGA/hw/vivado/out/spike_zybo.runs/impl_1/system_wrapper_drc_opted.rpt.
report_drc completed successfully
INFO: [Timing 38-35] Done setting XDC timing constraints.
INFO: [Timing 38-480] Writing timing data to binary archive.
Wrote PlaceDB: Time (s): cpu = 00:00:00 ; elapsed = 00:00:00.018 . Memory (MB): peak = 3697.668 ; gain = 0.000
Wrote PulsedLatchDB: Time (s): cpu = 00:00:00 ; elapsed = 00:00:00 . Memory (MB): peak = 3697.668 ; gain = 0.000
Writing XDEF routing.
Writing XDEF routing logical nets.
Writing XDEF routing special nets.
Wrote RouteStorage: Time (s): cpu = 00:00:01 ; elapsed = 00:00:00.207 . Memory (MB): peak = 3697.668 ; gain = 0.000
Wrote Netlist Cache: Time (s): cpu = 00:00:00 ; elapsed = 00:00:00.001 . Memory (MB): peak = 3697.668 ; gain = 0.000
Wrote Device Cache: Time (s): cpu = 00:00:00 ; elapsed = 00:00:00.013 . Memory (MB): peak = 3697.668 ; gain = 0.000
Write ShapeDB Complete: Time (s): cpu = 00:00:01 ; elapsed = 00:00:00.259 . Memory (MB): peak = 3697.668 ; gain = 0.000
Write Physdb Complete: Time (s): cpu = 00:00:01 ; elapsed = 00:00:00.254 . Memory (MB): peak = 3697.668 ; gain = 0.000
INFO: [Common 17-1381] The checkpoint 'C:/Users/jielu/Desktop/Workspace/SpikeYOLO_FPGA/hw/vivado/out/spike_zybo.runs/impl_1/system_wrapper_opt.dcp' has been generated.
write_checkpoint: Time (s): cpu = 00:00:17 ; elapsed = 00:00:12 . Memory (MB): peak = 3697.668 ; gain = 0.000
Command: place_design
Attempting to get a license for feature 'Implementation' and/or device 'xc7z020'
INFO: [Common 17-349] Got license for feature 'Implementation' and/or device 'xc7z020'
INFO: [Common 17-83] Releasing license: Implementation
INFO: [DRC 23-27] Running DRC with 2 threads
INFO: [Vivado_Tcl 4-198] DRC finished with 0 Errors
INFO: [Vivado_Tcl 4-199] Please refer to the DRC report (report_drc) for more information.
Running DRC as a precondition to command place_design
INFO: [DRC 23-27] Running DRC with 2 threads
INFO: [Vivado_Tcl 4-198] DRC finished with 0 Errors
INFO: [Vivado_Tcl 4-199] Please refer to the DRC report (report_drc) for more information.
INFO: [Place 30-611] Multithreading enabled for place_design using a maximum of 2 CPUs

Starting Placer Task

Phase 1 Placer Initialization

Phase 1.1 Placer Initialization Netlist Sorting
Netlist sorting complete. Time (s): cpu = 00:00:00 ; elapsed = 00:00:00.035 . Memory (MB): peak = 3697.668 ; gain = 0.000
Phase 1.1 Placer Initialization Netlist Sorting | Checksum: cdfc5377

Time (s): cpu = 00:00:00 ; elapsed = 00:00:00.054 . Memory (MB): peak = 3697.668 ; gain = 0.000
Netlist sorting complete. Time (s): cpu = 00:00:00 ; elapsed = 00:00:00.035 . Memory (MB): peak = 3697.668 ; gain = 0.000

Phase 1.2 IO Placement/ Clock Placement/ Build Placer Device
Phase 1.2 IO Placement/ Clock Placement/ Build Placer Device | Checksum: cba6016f

Time (s): cpu = 00:00:07 ; elapsed = 00:00:05 . Memory (MB): peak = 3697.668 ; gain = 0.000

Phase 1.3 Build Placer Netlist Model
WARNING: [Place 30-34] Design utilization is very high. Please run report_utilization command to see design utilization.
Phase 1.3 Build Placer Netlist Model | Checksum: 1efb6d875

Time (s): cpu = 00:00:31 ; elapsed = 00:00:22 . Memory (MB): peak = 3697.668 ; gain = 0.000

Phase 1.4 Constrain Clocks/Macros
Phase 1.4 Constrain Clocks/Macros | Checksum: 1efb6d875

Time (s): cpu = 00:00:31 ; elapsed = 00:00:23 . Memory (MB): peak = 3697.668 ; gain = 0.000
Phase 1 Placer Initialization | Checksum: 1efb6d875

Time (s): cpu = 00:00:31 ; elapsed = 00:00:23 . Memory (MB): peak = 3697.668 ; gain = 0.000

Phase 2 Global Placement

Phase 2.1 Floorplanning
Phase 2.1 Floorplanning | Checksum: 1905ec569

Time (s): cpu = 00:00:38 ; elapsed = 00:00:27 . Memory (MB): peak = 3697.668 ; gain = 0.000

Phase 2.2 Update Timing before SLR Path Opt
Phase 2.2 Update Timing before SLR Path Opt | Checksum: 1a9a2550a

Time (s): cpu = 00:00:44 ; elapsed = 00:00:31 . Memory (MB): peak = 3697.668 ; gain = 0.000

Phase 2.3 Post-Processing in Floorplanning
Phase 2.3 Post-Processing in Floorplanning | Checksum: 1a9a2550a

Time (s): cpu = 00:00:45 ; elapsed = 00:00:31 . Memory (MB): peak = 3697.668 ; gain = 0.000

Phase 2.4 Global Placement Core

Phase 2.4.1 UpdateTiming Before Physical Synthesis
Phase 2.4.1 UpdateTiming Before Physical Synthesis | Checksum: 1e543304b

Time (s): cpu = 00:01:45 ; elapsed = 00:01:12 . Memory (MB): peak = 3697.668 ; gain = 0.000

Phase 2.4.2 Physical Synthesis In Placer
INFO: [Physopt 32-1035] Found 14 LUTNM shape to break, 3678 LUT instances to create LUTNM shape
INFO: [Physopt 32-1044] Break lutnm for timing: one critical 9, two critical 5, total 0, new lutff created 0
INFO: [Physopt 32-1138] End 1 Pass. Optimized 1497 nets or LUTs. Breaked 0 LUT, combined 1497 existing LUTs and moved 0 existing LUT
INFO: [Physopt 32-65] No nets found for high-fanout optimization.
INFO: [Physopt 32-232] Optimized 0 net. Created 0 new instance.
INFO: [Physopt 32-775] End 1 Pass. Optimized 0 net or cell. Created 0 new cell, deleted 0 existing cell and moved 0 existing cell
INFO: [Physopt 32-457] Pass 1. Identified 1 candidate cell for DSP register optimization.
INFO: [Physopt 32-665] Processed cell system_i/spike_accel_0/inst/grp_sa_spike_sppf_1_fu_684/grp_sa_ms_standard_conv_inplace_2_fu_249/grp_sa_conv2d_bn_40_71_118_240_333_426_535_1_fu_169/grp_sa_conv2d_bn_40_71_118_240_333_426_535_1_Pipeline_VITIS_LOOP_95_2_VITIS_LOOP_96_s_fu_1030/ama_addmuladd_15ns_13ns_7ns_7ns_21_4_1_U99/sa_tiny_fpga_top_ama_addmuladd_15ns_13ns_7ns_7ns_21_4_1_DSP48_0_U/p_reg_reg. 21 registers were pushed out.
INFO: [Physopt 32-775] End 2 Pass. Optimized 1 net or cell. Created 21 new cells, deleted 0 existing cell and moved 0 existing cell
Netlist sorting complete. Time (s): cpu = 00:00:00 ; elapsed = 00:00:00.061 . Memory (MB): peak = 3697.668 ; gain = 0.000
INFO: [Physopt 32-1123] No candidate cells found for Shift Register to Pipeline optimization
INFO: [Physopt 32-775] End 2 Pass. Optimized 0 net or cell. Created 0 new cell, deleted 0 existing cell and moved 0 existing cell
INFO: [Physopt 32-1402] Pass 1: Identified 74 candidate cells for Shift Register optimization.
INFO: [Physopt 32-775] End 1 Pass. Optimized 1 net or cell. Created 1 new cell, deleted 0 existing cell and moved 0 existing cell
Netlist sorting complete. Time (s): cpu = 00:00:00 ; elapsed = 00:00:00.049 . Memory (MB): peak = 3697.668 ; gain = 0.000
INFO: [Physopt 32-526] No candidate cells for BRAM register optimization found in the design
INFO: [Physopt 32-775] End 1 Pass. Optimized 0 net or cell. Created 0 new cell, deleted 0 existing cell and moved 0 existing cell
INFO: [Physopt 32-846] No candidate cells for URAM register optimization found in the design
INFO: [Physopt 32-775] End 1 Pass. Optimized 0 net or cell. Created 0 new cell, deleted 0 existing cell and moved 0 existing cell
INFO: [Physopt 32-846] No candidate cells for URAM register optimization found in the design
INFO: [Physopt 32-775] End 1 Pass. Optimized 0 net or cell. Created 0 new cell, deleted 0 existing cell and moved 0 existing cell
INFO: [Physopt 32-949] No candidate nets found for dynamic/static region interface net replication
INFO: [Physopt 32-775] End 1 Pass. Optimized 0 net or cell. Created 0 new cell, deleted 0 existing cell and moved 0 existing cell
Netlist sorting complete. Time (s): cpu = 00:00:00 ; elapsed = 00:00:00.035 . Memory (MB): peak = 3697.668 ; gain = 0.000

Summary of Physical Synthesis Optimizations
============================================


-----------------------------------------------------------------------------------------------------------------------------------------------------------
|  Optimization                                     |  Added Cells  |  Removed Cells  |  Optimized Cells/Nets  |  Dont Touch  |  Iterations  |  Elapsed   |
-----------------------------------------------------------------------------------------------------------------------------------------------------------
|  LUT Combining                                    |            0  |           1497  |                  1497  |           0  |           1  |  00:00:02  |
|  Retime                                           |            0  |              0  |                     0  |           0  |           1  |  00:00:00  |
|  Very High Fanout                                 |            0  |              0  |                     0  |           0  |           1  |  00:00:01  |
|  DSP Register                                     |           21  |              0  |                     1  |           0  |           1  |  00:00:00  |
|  Shift Register to Pipeline                       |            0  |              0  |                     0  |           0  |           1  |  00:00:00  |
|  Shift Register                                   |            1  |              0  |                     1  |           0  |           1  |  00:00:00  |
|  BRAM Register                                    |            0  |              0  |                     0  |           0  |           1  |  00:00:00  |
|  URAM Register                                    |            0  |              0  |                     0  |           0  |           1  |  00:00:00  |
|  Dynamic/Static Region Interface Net Replication  |            0  |              0  |                     0  |           0  |           1  |  00:00:00  |
|  Total                                            |           22  |           1497  |                  1499  |           0  |           9  |  00:00:03  |
-----------------------------------------------------------------------------------------------------------------------------------------------------------


Phase 2.4.2 Physical Synthesis In Placer | Checksum: 1f4f821d5

Time (s): cpu = 00:01:56 ; elapsed = 00:01:21 . Memory (MB): peak = 3697.668 ; gain = 0.000
Phase 2.4 Global Placement Core | Checksum: 1a999e653

Time (s): cpu = 00:01:59 ; elapsed = 00:01:23 . Memory (MB): peak = 3697.668 ; gain = 0.000
Phase 2 Global Placement | Checksum: 1a999e653

Time (s): cpu = 00:01:59 ; elapsed = 00:01:23 . Memory (MB): peak = 3697.668 ; gain = 0.000

Phase 3 Detail Placement

Phase 3.1 Commit Multi Column Macros
Phase 3.1 Commit Multi Column Macros | Checksum: 1a90c2142

Time (s): cpu = 00:02:05 ; elapsed = 00:01:27 . Memory (MB): peak = 3697.668 ; gain = 0.000

Phase 3.2 Commit Most Macros & LUTRAMs
Phase 3.2 Commit Most Macros & LUTRAMs | Checksum: 28a1c5512

Time (s): cpu = 00:02:23 ; elapsed = 00:01:40 . Memory (MB): peak = 3697.668 ; gain = 0.000

Phase 3.3 Area Swap Optimization
Phase 3.3 Area Swap Optimization | Checksum: 26de097ca

Time (s): cpu = 00:02:23 ; elapsed = 00:01:41 . Memory (MB): peak = 3697.668 ; gain = 0.000

Phase 3.4 Pipeline Register Optimization
Phase 3.4 Pipeline Register Optimization | Checksum: 270c4c32f

Time (s): cpu = 00:02:24 ; elapsed = 00:01:41 . Memory (MB): peak = 3697.668 ; gain = 0.000

Phase 3.5 Fast Optimization
Phase 3.5 Fast Optimization | Checksum: 239b3b89a

Time (s): cpu = 00:02:40 ; elapsed = 00:01:52 . Memory (MB): peak = 3697.668 ; gain = 0.000

Phase 3.6 Small Shape Detail Placement
Phase 3.6 Small Shape Detail Placement | Checksum: 1d0c8b6d6

Time (s): cpu = 00:02:56 ; elapsed = 00:02:07 . Memory (MB): peak = 3697.668 ; gain = 0.000
Phase 3 Detail Placement | Checksum: 1d0c8b6d6

Time (s): cpu = 00:02:56 ; elapsed = 00:02:07 . Memory (MB): peak = 3697.668 ; gain = 0.000
ERROR: [Place 30-487] The packing of instances into the device could not be obeyed. There are a total of 13300 slices in the device, of which 7808 slices are available, however, the unplaced instances require 8043 slices. Please analyze your design to determine if the number of LUTs, FFs, and/or control sets can be reduced.

Number of control sets and instances constrained to the design
	Control sets: 1613
	Luts: 45015 (combined) 53283 (total), available capacity: 53200 
	Flip flops: 52613, available capacity: 106400
	NOTE: each slice can only accommodate 1 unique control set so FFs cannot be packed to fully fill every slice


ERROR: [Place 30-99] Placer failed with error: 'Detail Placement failed please check previous errors for details.'
Please review all ERROR, CRITICAL WARNING, and WARNING messages during placement to understand the cause for failure.
Ending Placer Task | Checksum: 1003e4d5a

Time (s): cpu = 00:02:57 ; elapsed = 00:02:08 . Memory (MB): peak = 3697.668 ; gain = 0.000
204 Infos, 124 Warnings, 15 Critical Warnings and 3 Errors encountered.
place_design failed
ERROR: [Common 17-69] Command failed: Placer could not place all instances
INFO: [Common 17-206] Exiting Vivado at Thu May 14 19:44:28 2026...
[Thu May 14 19:44:30 2026] impl_1 finished
ERROR: [Vivado 12-13638] Failed runs(s) : 'impl_1'
wait_on_runs: Time (s): cpu = 00:00:02 ; elapsed = 00:05:56 . Memory (MB): peak = 803.273 ; gain = 0.000
ERROR: [Common 17-39] 'wait_on_runs' failed due to earlier errors.

    while executing
"wait_on_run impl_1"
    (file "runs/remote_machine/run_step6_timing_perf_explore.tcl" line 30)
INFO: [Common 17-206] Exiting Vivado at Thu May 14 19:44:30 2026...
