Copyright 1986-2022 Xilinx, Inc. All Rights Reserved. Copyright 2022-2024 Advanced Micro Devices, Inc. All Rights Reserved.
-----------------------------------------------------------------------------------------------------------------------------------------------------
| Tool Version : Vivado v.2024.1 (win64) Build 5076996 Wed May 22 18:37:14 MDT 2024
| Date         : Wed May 13 13:01:34 2026
| Host         : YizhiDianLu running 64-bit major release  (build 9200)
| Command      : report_utilization -hierarchical -file C:/Users/jielu/Desktop/Workspace/SpikeYOLO_FPGA/runs/remote_machine/post_synth_util_hier.rpt
| Design       : system_wrapper
| Device       : xc7z020clg400-1
| Speed File   : -1
| Design State : Synthesized
-----------------------------------------------------------------------------------------------------------------------------------------------------

Utilization Design Information

Table of Contents
-----------------
1. Utilization by Hierarchy

1. Utilization by Hierarchy
---------------------------

+-----------------------------------------------------------------------------------------------------------------+-------------------------------------------------------------------------------------------------------------------------------+------------+------------+---------+------+-------+--------+--------+------------+
|                                                     Instance                                                    |                                                             Module                                                            | Total LUTs | Logic LUTs | LUTRAMs | SRLs |  FFs  | RAMB36 | RAMB18 | DSP Blocks |
+-----------------------------------------------------------------------------------------------------------------+-------------------------------------------------------------------------------------------------------------------------------+------------+------------+---------+------+-------+--------+--------+------------+
| system_wrapper                                                                                                  |                                                                                                                         (top) |      68577 |      64878 |    1528 | 2171 | 78492 |      2 |      9 |        161 |
|   system_i                                                                                                      |                                                                                                                        system |      68577 |      64878 |    1528 | 2171 | 78492 |      2 |      9 |        161 |
|     (system_i)                                                                                                  |                                                                                                                        system |          0 |          0 |       0 |    0 |     0 |      0 |      0 |          0 |
|     axi_dma_feat                                                                                                |                                                                                                         system_axi_dma_feat_0 |       1749 |       1556 |       8 |  185 |  2305 |      2 |      2 |          0 |
|       (axi_dma_feat)                                                                                            |                                                                                                         system_axi_dma_feat_0 |          0 |          0 |       0 |    0 |     0 |      0 |      0 |          0 |
|       U0                                                                                                        |                                                                                                 system_axi_dma_feat_0_axi_dma |       1749 |       1556 |       8 |  185 |  2305 |      2 |      2 |          0 |
|         (U0)                                                                                                    |                                                                                                 system_axi_dma_feat_0_axi_dma |          0 |          0 |       0 |    0 |     0 |      0 |      0 |          0 |
|         INCLUDE_MM2S_SOF_EOF_GENERATOR.I_MM2S_DMA_MNGR                                                          |                                                                                       system_axi_dma_feat_0_axi_dma_mm2s_mngr |         19 |         19 |       0 |    0 |    76 |      0 |      0 |          0 |
|           (INCLUDE_MM2S_SOF_EOF_GENERATOR.I_MM2S_DMA_MNGR)                                                      |                                                                                       system_axi_dma_feat_0_axi_dma_mm2s_mngr |          0 |          0 |       0 |    0 |     1 |      0 |      0 |          0 |
|           GEN_MM2S_DMA_CONTROL.GEN_SIMPLE_DMA_MODE.I_MM2S_SMPL_SM                                               |                                                                                     system_axi_dma_feat_0_axi_dma_smple_sm_29 |         12 |         12 |       0 |    0 |    65 |      0 |      0 |          0 |
|           GEN_MM2S_DMA_CONTROL.I_MM2S_CMDSTS                                                                    |                                                                                  system_axi_dma_feat_0_axi_dma_mm2s_cmdsts_if |          5 |          5 |       0 |    0 |     7 |      0 |      0 |          0 |
|           GEN_MM2S_DMA_CONTROL.I_MM2S_STS_MNGR                                                                  |                                                                                   system_axi_dma_feat_0_axi_dma_mm2s_sts_mngr |          2 |          2 |       0 |    0 |     3 |      0 |      0 |          0 |
|         INCLUDE_MM2S_SOF_EOF_GENERATOR.I_MM2S_SOFEOF_GEN                                                        |                                                                                      system_axi_dma_feat_0_axi_dma_sofeof_gen |          4 |          4 |       0 |    0 |     7 |      0 |      0 |          0 |
|         INCLUDE_S2MM_SOF_EOF_GENERATOR.I_S2MM_DMA_MNGR                                                          |                                                                                       system_axi_dma_feat_0_axi_dma_s2mm_mngr |         34 |         34 |       0 |    0 |   104 |      0 |      0 |          0 |
|           (INCLUDE_S2MM_SOF_EOF_GENERATOR.I_S2MM_DMA_MNGR)                                                      |                                                                                       system_axi_dma_feat_0_axi_dma_s2mm_mngr |          0 |          0 |       0 |    0 |     1 |      0 |      0 |          0 |
|           GEN_S2MM_DMA_CONTROL.GEN_SIMPLE_DMA_MODE.I_S2MM_SMPL_SM                                               |                                                                                        system_axi_dma_feat_0_axi_dma_smple_sm |         12 |         12 |       0 |    0 |    65 |      0 |      0 |          0 |
|           GEN_S2MM_DMA_CONTROL.I_S2MM_CMDSTS                                                                    |                                                                                  system_axi_dma_feat_0_axi_dma_s2mm_cmdsts_if |         20 |         20 |       0 |    0 |    35 |      0 |      0 |          0 |
|           GEN_S2MM_DMA_CONTROL.I_S2MM_STS_MNGR                                                                  |                                                                                   system_axi_dma_feat_0_axi_dma_s2mm_sts_mngr |          2 |          2 |       0 |    0 |     3 |      0 |      0 |          0 |
|         INCLUDE_S2MM_SOF_EOF_GENERATOR.I_S2MM_SOFEOF_GEN                                                        |                                                                                    system_axi_dma_feat_0_axi_dma_sofeof_gen_0 |          4 |          4 |       0 |    0 |     7 |      0 |      0 |          0 |
|         I_AXI_DMA_REG_MODULE                                                                                    |                                                                                      system_axi_dma_feat_0_axi_dma_reg_module |        146 |        146 |       0 |    0 |   267 |      0 |      0 |          0 |
|           (I_AXI_DMA_REG_MODULE)                                                                                |                                                                                      system_axi_dma_feat_0_axi_dma_reg_module |          2 |          2 |       0 |    0 |     0 |      0 |      0 |          0 |
|           GEN_AXI_LITE_IF.AXI_LITE_IF_I                                                                         |                                                                                         system_axi_dma_feat_0_axi_dma_lite_if |        107 |        107 |       0 |    0 |    85 |      0 |      0 |          0 |
|           GEN_MM2S_REGISTERS.I_MM2S_DMA_REGISTER                                                                |                                                                                        system_axi_dma_feat_0_axi_dma_register |         21 |         21 |       0 |    0 |    91 |      0 |      0 |          0 |
|           GEN_S2MM_REGISTERS.I_S2MM_DMA_REGISTER                                                                |                                                                                   system_axi_dma_feat_0_axi_dma_register_s2mm |         16 |         16 |       0 |    0 |    91 |      0 |      0 |          0 |
|         I_PRMRY_DATAMOVER                                                                                       |                                                                                           system_axi_dma_feat_0_axi_datamover |       1513 |       1320 |       8 |  185 |  1802 |      2 |      2 |          0 |
|           GEN_MM2S_FULL.I_MM2S_FULL_WRAPPER                                                                     |                                                                            system_axi_dma_feat_0_axi_datamover_mm2s_full_wrap |        453 |        390 |       0 |   63 |   500 |      1 |      1 |          0 |
|             ENABLE_AXIS_SKID.I_MM2S_SKID_BUF                                                                    |                                                                               system_axi_dma_feat_0_axi_datamover_skid_buf_12 |          6 |          6 |       0 |    0 |    80 |      0 |      0 |          0 |
|             GEN_INCLUDE_MM2S_SF.I_RD_SF                                                                         |                                                                                     system_axi_dma_feat_0_axi_datamover_rd_sf |        121 |        120 |       0 |    1 |    62 |      1 |      1 |          0 |
|               (GEN_INCLUDE_MM2S_SF.I_RD_SF)                                                                     |                                                                                     system_axi_dma_feat_0_axi_datamover_rd_sf |          6 |          6 |       0 |    0 |     8 |      0 |      0 |          0 |
|               I_DATA_FIFO                                                                                       |                                                                              system_axi_dma_feat_0_axi_datamover_sfifo_autord |        110 |        110 |       0 |    0 |    48 |      1 |      1 |          0 |
|                 BLK_MEM.I_SYNC_FIFOGEN_FIFO                                                                     |                                                                                            system_axi_dma_feat_0_sync_fifo_fg |        110 |        110 |       0 |    0 |    48 |      1 |      1 |          0 |
|                   (BLK_MEM.I_SYNC_FIFOGEN_FIFO)                                                                 |                                                                                            system_axi_dma_feat_0_sync_fifo_fg |         52 |         52 |       0 |    0 |     0 |      0 |      0 |          0 |
|                   xpm_fifo_instance.xpm_fifo_sync_inst                                                          |                                                                                           system_axi_dma_feat_0_xpm_fifo_sync |         58 |         58 |       0 |    0 |    48 |      1 |      1 |          0 |
|                     (xpm_fifo_instance.xpm_fifo_sync_inst)                                                      |                                                                                           system_axi_dma_feat_0_xpm_fifo_sync |          0 |          0 |       0 |    0 |     0 |      0 |      0 |          0 |
|                     xpm_fifo_base_inst                                                                          |                                                                                           system_axi_dma_feat_0_xpm_fifo_base |         58 |         58 |       0 |    0 |    48 |      1 |      1 |          0 |
|                       (xpm_fifo_base_inst)                                                                      |                                                                                           system_axi_dma_feat_0_xpm_fifo_base |          3 |          3 |       0 |    0 |    10 |      0 |      0 |          0 |
|                       gen_fwft.rdpp1_inst                                                                       |                                                                     system_axi_dma_feat_0_xpm_counter_updn__parameterized1_22 |          5 |          5 |       0 |    0 |     2 |      0 |      0 |          0 |
|                       gen_sdpram.xpm_memory_base_inst                                                           |                                                                                         system_axi_dma_feat_0_xpm_memory_base |          0 |          0 |       0 |    0 |     0 |      1 |      1 |          0 |
|                       rdp_inst                                                                                  |                                                                     system_axi_dma_feat_0_xpm_counter_updn__parameterized2_23 |         22 |         22 |       0 |    0 |     8 |      0 |      0 |          0 |
|                       rdpp1_inst                                                                                |                                                                     system_axi_dma_feat_0_xpm_counter_updn__parameterized3_24 |          7 |          7 |       0 |    0 |     7 |      0 |      0 |          0 |
|                       rst_d1_inst                                                                               |                                                                                     system_axi_dma_feat_0_xpm_fifo_reg_bit_25 |          1 |          1 |       0 |    0 |     1 |      0 |      0 |          0 |
|                       wrp_inst                                                                                  |                                                                     system_axi_dma_feat_0_xpm_counter_updn__parameterized2_26 |         17 |         17 |       0 |    0 |     8 |      0 |      0 |          0 |
|                       wrpp1_inst                                                                                |                                                                     system_axi_dma_feat_0_xpm_counter_updn__parameterized3_27 |          6 |          6 |       0 |    0 |     7 |      0 |      0 |          0 |
|                       xpm_fifo_rst_inst                                                                         |                                                                                         system_axi_dma_feat_0_xpm_fifo_rst_28 |          2 |          2 |       0 |    0 |     5 |      0 |      0 |          0 |
|               OMIT_DRE_CNTL.I_DRE_CNTL_FIFO                                                                     |                                                                      system_axi_dma_feat_0_axi_datamover_fifo__parameterized3 |          5 |          4 |       0 |    1 |     6 |      0 |      0 |          0 |
|                 (OMIT_DRE_CNTL.I_DRE_CNTL_FIFO)                                                                 |                                                                      system_axi_dma_feat_0_axi_datamover_fifo__parameterized3 |          1 |          1 |       0 |    0 |     2 |      0 |      0 |          0 |
|                 USE_SRL_FIFO.I_SYNC_FIFO                                                                        |                                                                              system_axi_dma_feat_0_srl_fifo_f__parameterized1 |          4 |          3 |       0 |    1 |     4 |      0 |      0 |          0 |
|                   I_SRL_FIFO_RBU_F                                                                              |                                                                          system_axi_dma_feat_0_srl_fifo_rbu_f__parameterized1 |          4 |          3 |       0 |    1 |     4 |      0 |      0 |          0 |
|                     (I_SRL_FIFO_RBU_F)                                                                          |                                                                          system_axi_dma_feat_0_srl_fifo_rbu_f__parameterized1 |          0 |          0 |       0 |    0 |     1 |      0 |      0 |          0 |
|                     CNTR_INCR_DECR_ADDN_F_I                                                                     |                                                                                system_axi_dma_feat_0_cntr_incr_decr_addn_f_21 |          3 |          3 |       0 |    0 |     3 |      0 |      0 |          0 |
|                     DYNSHREG_F_I                                                                                |                                                                              system_axi_dma_feat_0_dynshreg_f__parameterized1 |          1 |          0 |       0 |    1 |     0 |      0 |      0 |          0 |
|             I_ADDR_CNTL                                                                                         |                                                                                 system_axi_dma_feat_0_axi_datamover_addr_cntl |         47 |          8 |       0 |   39 |    50 |      0 |      0 |          0 |
|               (I_ADDR_CNTL)                                                                                     |                                                                                 system_axi_dma_feat_0_axi_datamover_addr_cntl |          1 |          1 |       0 |    0 |    44 |      0 |      0 |          0 |
|               GEN_ADDR_FIFO.I_ADDR_QUAL_FIFO                                                                    |                                                                   system_axi_dma_feat_0_axi_datamover_fifo__parameterized1_16 |         46 |          7 |       0 |   39 |     6 |      0 |      0 |          0 |
|                 (GEN_ADDR_FIFO.I_ADDR_QUAL_FIFO)                                                                |                                                                   system_axi_dma_feat_0_axi_datamover_fifo__parameterized1_16 |          1 |          1 |       0 |    0 |     2 |      0 |      0 |          0 |
|                 USE_SRL_FIFO.I_SYNC_FIFO                                                                        |                                                                                           system_axi_dma_feat_0_srl_fifo_f_17 |         45 |          6 |       0 |   39 |     4 |      0 |      0 |          0 |
|                   I_SRL_FIFO_RBU_F                                                                              |                                                                                       system_axi_dma_feat_0_srl_fifo_rbu_f_18 |         45 |          6 |       0 |   39 |     4 |      0 |      0 |          0 |
|                     (I_SRL_FIFO_RBU_F)                                                                          |                                                                                       system_axi_dma_feat_0_srl_fifo_rbu_f_18 |          0 |          0 |       0 |    0 |     1 |      0 |      0 |          0 |
|                     CNTR_INCR_DECR_ADDN_F_I                                                                     |                                                                                system_axi_dma_feat_0_cntr_incr_decr_addn_f_19 |          4 |          4 |       0 |    0 |     3 |      0 |      0 |          0 |
|                     DYNSHREG_F_I                                                                                |                                                                                           system_axi_dma_feat_0_dynshreg_f_20 |         41 |          2 |       0 |   39 |     0 |      0 |      0 |          0 |
|             I_CMD_STATUS                                                                                        |                                                                                system_axi_dma_feat_0_axi_datamover_cmd_status |         11 |         11 |       0 |    0 |    71 |      0 |      0 |          0 |
|               GEN_INCLUDE_STATUS_FIFO.I_STS_FIFO                                                                |                                                                      system_axi_dma_feat_0_axi_datamover_fifo__parameterized0 |          7 |          7 |       0 |    0 |     6 |      0 |      0 |          0 |
|               I_CMD_FIFO                                                                                        |                                                                                   system_axi_dma_feat_0_axi_datamover_fifo_15 |          4 |          4 |       0 |    0 |    65 |      0 |      0 |          0 |
|             I_MSTR_PCC                                                                                          |                                                                                       system_axi_dma_feat_0_axi_datamover_pcc |        192 |        192 |       0 |    0 |   178 |      0 |      0 |          0 |
|             I_RD_DATA_CNTL                                                                                      |                                                                               system_axi_dma_feat_0_axi_datamover_rddata_cntl |         72 |         49 |       0 |   23 |    51 |      0 |      0 |          0 |
|               (I_RD_DATA_CNTL)                                                                                  |                                                                               system_axi_dma_feat_0_axi_datamover_rddata_cntl |         27 |         27 |       0 |    0 |    45 |      0 |      0 |          0 |
|               GEN_DATA_CNTL_FIFO.I_DATA_CNTL_FIFO                                                               |                                                                      system_axi_dma_feat_0_axi_datamover_fifo__parameterized2 |         45 |         22 |       0 |   23 |     6 |      0 |      0 |          0 |
|                 (GEN_DATA_CNTL_FIFO.I_DATA_CNTL_FIFO)                                                           |                                                                      system_axi_dma_feat_0_axi_datamover_fifo__parameterized2 |          1 |          1 |       0 |    0 |     2 |      0 |      0 |          0 |
|                 USE_SRL_FIFO.I_SYNC_FIFO                                                                        |                                                                              system_axi_dma_feat_0_srl_fifo_f__parameterized0 |         44 |         21 |       0 |   23 |     4 |      0 |      0 |          0 |
|                   I_SRL_FIFO_RBU_F                                                                              |                                                                          system_axi_dma_feat_0_srl_fifo_rbu_f__parameterized0 |         44 |         21 |       0 |   23 |     4 |      0 |      0 |          0 |
|                     (I_SRL_FIFO_RBU_F)                                                                          |                                                                          system_axi_dma_feat_0_srl_fifo_rbu_f__parameterized0 |          0 |          0 |       0 |    0 |     1 |      0 |      0 |          0 |
|                     CNTR_INCR_DECR_ADDN_F_I                                                                     |                                                                                system_axi_dma_feat_0_cntr_incr_decr_addn_f_14 |         15 |         15 |       0 |    0 |     3 |      0 |      0 |          0 |
|                     DYNSHREG_F_I                                                                                |                                                                              system_axi_dma_feat_0_dynshreg_f__parameterized0 |         29 |          6 |       0 |   23 |     0 |      0 |      0 |          0 |
|             I_RD_STATUS_CNTLR                                                                                   |                                                                            system_axi_dma_feat_0_axi_datamover_rd_status_cntl |          2 |          2 |       0 |    0 |     5 |      0 |      0 |          0 |
|             I_RESET                                                                                             |                                                                                  system_axi_dma_feat_0_axi_datamover_reset_13 |          2 |          2 |       0 |    0 |     3 |      0 |      0 |          0 |
|           GEN_S2MM_FULL.I_S2MM_FULL_WRAPPER                                                                     |                                                                            system_axi_dma_feat_0_axi_datamover_s2mm_full_wrap |       1060 |        930 |       8 |  122 |  1302 |      1 |      1 |          0 |
|             ENABLE_AXIS_SKID.I_S2MM_STRM_SKID_BUF                                                               |                                                                                  system_axi_dma_feat_0_axi_datamover_skid_buf |         49 |         49 |       0 |    0 |    80 |      0 |      0 |          0 |
|             GEN_ENABLE_INDET_BTT_SF.I_INDET_BTT                                                                 |                                                                                 system_axi_dma_feat_0_axi_datamover_indet_btt |        217 |        209 |       8 |    0 |   349 |      1 |      1 |          0 |
|               (GEN_ENABLE_INDET_BTT_SF.I_INDET_BTT)                                                             |                                                                                 system_axi_dma_feat_0_axi_datamover_indet_btt |         15 |         15 |       0 |    0 |    94 |      0 |      0 |          0 |
|               ENABLE_AXIS_SKID.I_INDET_BTT_SKID_BUF                                                             |                                                                  system_axi_dma_feat_0_axi_datamover_skid_buf__parameterized0 |         81 |         81 |       0 |    0 |   160 |      0 |      0 |          0 |
|               I_DATA_FIFO                                                                                       |                                                              system_axi_dma_feat_0_axi_datamover_sfifo_autord__parameterized1 |         61 |         61 |       0 |    0 |    39 |      1 |      1 |          0 |
|                 BLK_MEM.I_SYNC_FIFOGEN_FIFO                                                                     |                                                                            system_axi_dma_feat_0_sync_fifo_fg__parameterized1 |         61 |         61 |       0 |    0 |    39 |      1 |      1 |          0 |
|                   (BLK_MEM.I_SYNC_FIFOGEN_FIFO)                                                                 |                                                                            system_axi_dma_feat_0_sync_fifo_fg__parameterized1 |         18 |         18 |       0 |    0 |     0 |      0 |      0 |          0 |
|                   xpm_fifo_instance.xpm_fifo_sync_inst                                                          |                                                                           system_axi_dma_feat_0_xpm_fifo_sync__parameterized3 |         43 |         43 |       0 |    0 |    39 |      1 |      1 |          0 |
|                     (xpm_fifo_instance.xpm_fifo_sync_inst)                                                      |                                                                           system_axi_dma_feat_0_xpm_fifo_sync__parameterized3 |          0 |          0 |       0 |    0 |     0 |      0 |      0 |          0 |
|                     xpm_fifo_base_inst                                                                          |                                                                           system_axi_dma_feat_0_xpm_fifo_base__parameterized1 |         43 |         43 |       0 |    0 |    39 |      1 |      1 |          0 |
|                       (xpm_fifo_base_inst)                                                                      |                                                                           system_axi_dma_feat_0_xpm_fifo_base__parameterized1 |          3 |          3 |       0 |    0 |     5 |      0 |      0 |          0 |
|                       gen_sdpram.xpm_memory_base_inst                                                           |                                                                         system_axi_dma_feat_0_xpm_memory_base__parameterized1 |          0 |          0 |       0 |    0 |     0 |      1 |      1 |          0 |
|                       rdp_inst                                                                                  |                                                                        system_axi_dma_feat_0_xpm_counter_updn__parameterized2 |         14 |         14 |       0 |    0 |     7 |      0 |      0 |          0 |
|                       rdpp1_inst                                                                                |                                                                        system_axi_dma_feat_0_xpm_counter_updn__parameterized3 |          7 |          7 |       0 |    0 |     7 |      0 |      0 |          0 |
|                       rst_d1_inst                                                                               |                                                                                      system_axi_dma_feat_0_xpm_fifo_reg_bit_8 |          1 |          1 |       0 |    0 |     1 |      0 |      0 |          0 |
|                       wrp_inst                                                                                  |                                                                      system_axi_dma_feat_0_xpm_counter_updn__parameterized2_9 |         10 |         10 |       0 |    0 |     7 |      0 |      0 |          0 |
|                       wrpp1_inst                                                                                |                                                                     system_axi_dma_feat_0_xpm_counter_updn__parameterized3_10 |          6 |          6 |       0 |    0 |     7 |      0 |      0 |          0 |
|                       xpm_fifo_rst_inst                                                                         |                                                                                         system_axi_dma_feat_0_xpm_fifo_rst_11 |          2 |          2 |       0 |    0 |     5 |      0 |      0 |          0 |
|               I_XD_FIFO                                                                                         |                                                              system_axi_dma_feat_0_axi_datamover_sfifo_autord__parameterized0 |         60 |         52 |       8 |    0 |    56 |      0 |      0 |          0 |
|                 NON_BLK_MEM.I_SYNC_FIFOGEN_FIFO                                                                 |                                                                            system_axi_dma_feat_0_sync_fifo_fg__parameterized0 |         60 |         52 |       8 |    0 |    56 |      0 |      0 |          0 |
|                   (NON_BLK_MEM.I_SYNC_FIFOGEN_FIFO)                                                             |                                                                            system_axi_dma_feat_0_sync_fifo_fg__parameterized0 |         15 |         15 |       0 |    0 |     0 |      0 |      0 |          0 |
|                   xpm_fifo_instance.xpm_fifo_sync_inst                                                          |                                                                           system_axi_dma_feat_0_xpm_fifo_sync__parameterized1 |         45 |         37 |       8 |    0 |    56 |      0 |      0 |          0 |
|                     (xpm_fifo_instance.xpm_fifo_sync_inst)                                                      |                                                                           system_axi_dma_feat_0_xpm_fifo_sync__parameterized1 |          0 |          0 |       0 |    0 |     0 |      0 |      0 |          0 |
|                     xpm_fifo_base_inst                                                                          |                                                                           system_axi_dma_feat_0_xpm_fifo_base__parameterized0 |         45 |         37 |       8 |    0 |    56 |      0 |      0 |          0 |
|                       (xpm_fifo_base_inst)                                                                      |                                                                           system_axi_dma_feat_0_xpm_fifo_base__parameterized0 |          3 |          3 |       0 |    0 |    10 |      0 |      0 |          0 |
|                       gen_fwft.rdpp1_inst                                                                       |                                                                        system_axi_dma_feat_0_xpm_counter_updn__parameterized1 |          4 |          4 |       0 |    0 |     2 |      0 |      0 |          0 |
|                       gen_sdpram.xpm_memory_base_inst                                                           |                                                                         system_axi_dma_feat_0_xpm_memory_base__parameterized0 |          8 |          0 |       8 |    0 |    20 |      0 |      0 |          0 |
|                       rdp_inst                                                                                  |                                                                        system_axi_dma_feat_0_xpm_counter_updn__parameterized6 |         11 |         11 |       0 |    0 |     5 |      0 |      0 |          0 |
|                       rdpp1_inst                                                                                |                                                                        system_axi_dma_feat_0_xpm_counter_updn__parameterized7 |          3 |          3 |       0 |    0 |     4 |      0 |      0 |          0 |
|                       rst_d1_inst                                                                               |                                                                                        system_axi_dma_feat_0_xpm_fifo_reg_bit |          1 |          1 |       0 |    0 |     1 |      0 |      0 |          0 |
|                       wrp_inst                                                                                  |                                                                      system_axi_dma_feat_0_xpm_counter_updn__parameterized6_6 |         10 |         10 |       0 |    0 |     5 |      0 |      0 |          0 |
|                       wrpp1_inst                                                                                |                                                                      system_axi_dma_feat_0_xpm_counter_updn__parameterized7_7 |          3 |          3 |       0 |    0 |     4 |      0 |      0 |          0 |
|                       xpm_fifo_rst_inst                                                                         |                                                                                            system_axi_dma_feat_0_xpm_fifo_rst |          2 |          2 |       0 |    0 |     5 |      0 |      0 |          0 |
|             GEN_INCLUDE_IBTTCC.I_S2MM_MSTR_IBTTCC                                                               |                                                                                    system_axi_dma_feat_0_axi_datamover_ibttcc |        196 |        196 |       0 |    0 |   253 |      0 |      0 |          0 |
|             GEN_INCLUDE_REALIGNER.I_S2MM_REALIGNER                                                              |                                                                              system_axi_dma_feat_0_axi_datamover_s2mm_realign |        293 |        254 |       0 |   39 |   190 |      0 |      0 |          0 |
|               (GEN_INCLUDE_REALIGNER.I_S2MM_REALIGNER)                                                          |                                                                              system_axi_dma_feat_0_axi_datamover_s2mm_realign |          0 |          0 |       0 |    0 |     8 |      0 |      0 |          0 |
|               GEN_INCLUDE_SCATTER.I_S2MM_SCATTER                                                                |                                                                              system_axi_dma_feat_0_axi_datamover_s2mm_scatter |        250 |        241 |       0 |    9 |   176 |      0 |      0 |          0 |
|                 (GEN_INCLUDE_SCATTER.I_S2MM_SCATTER)                                                            |                                                                              system_axi_dma_feat_0_axi_datamover_s2mm_scatter |         85 |         85 |       0 |    0 |    71 |      0 |      0 |          0 |
|                 I_MSSAI_SKID_BUF                                                                                |                                                                            system_axi_dma_feat_0_axi_datamover_mssai_skid_buf |        116 |        116 |       0 |    0 |    83 |      0 |      0 |          0 |
|                 I_TSTRB_FIFO                                                                                    |                                                                      system_axi_dma_feat_0_axi_datamover_fifo__parameterized8 |         29 |         20 |       0 |    9 |    10 |      0 |      0 |          0 |
|                   (I_TSTRB_FIFO)                                                                                |                                                                      system_axi_dma_feat_0_axi_datamover_fifo__parameterized8 |          2 |          2 |       0 |    0 |     4 |      0 |      0 |          0 |
|                   USE_SRL_FIFO.I_SYNC_FIFO                                                                      |                                                                              system_axi_dma_feat_0_srl_fifo_f__parameterized5 |         27 |         18 |       0 |    9 |     6 |      0 |      0 |          0 |
|                     I_SRL_FIFO_RBU_F                                                                            |                                                                          system_axi_dma_feat_0_srl_fifo_rbu_f__parameterized5 |         27 |         18 |       0 |    9 |     6 |      0 |      0 |          0 |
|                       (I_SRL_FIFO_RBU_F)                                                                        |                                                                          system_axi_dma_feat_0_srl_fifo_rbu_f__parameterized5 |          0 |          0 |       0 |    0 |     1 |      0 |      0 |          0 |
|                       CNTR_INCR_DECR_ADDN_F_I                                                                   |                                                                   system_axi_dma_feat_0_cntr_incr_decr_addn_f__parameterized1 |          9 |          9 |       0 |    0 |     5 |      0 |      0 |          0 |
|                       DYNSHREG_F_I                                                                              |                                                                              system_axi_dma_feat_0_dynshreg_f__parameterized5 |         18 |          9 |       0 |    9 |     0 |      0 |      0 |          0 |
|                 SLICE_INSERTION                                                                                 |                                                                                     system_axi_dma_feat_0_axi_datamover_slice |         20 |         20 |       0 |    0 |    12 |      0 |      0 |          0 |
|               I_DRE_CNTL_FIFO                                                                                   |                                                                      system_axi_dma_feat_0_axi_datamover_fifo__parameterized7 |         43 |         13 |       0 |   30 |     6 |      0 |      0 |          0 |
|                 (I_DRE_CNTL_FIFO)                                                                               |                                                                      system_axi_dma_feat_0_axi_datamover_fifo__parameterized7 |          1 |          1 |       0 |    0 |     2 |      0 |      0 |          0 |
|                 USE_SRL_FIFO.I_SYNC_FIFO                                                                        |                                                                              system_axi_dma_feat_0_srl_fifo_f__parameterized4 |         42 |         12 |       0 |   30 |     4 |      0 |      0 |          0 |
|                   I_SRL_FIFO_RBU_F                                                                              |                                                                          system_axi_dma_feat_0_srl_fifo_rbu_f__parameterized4 |         42 |         12 |       0 |   30 |     4 |      0 |      0 |          0 |
|                     (I_SRL_FIFO_RBU_F)                                                                          |                                                                          system_axi_dma_feat_0_srl_fifo_rbu_f__parameterized4 |          0 |          0 |       0 |    0 |     1 |      0 |      0 |          0 |
|                     CNTR_INCR_DECR_ADDN_F_I                                                                     |                                                                                 system_axi_dma_feat_0_cntr_incr_decr_addn_f_5 |          9 |          9 |       0 |    0 |     3 |      0 |      0 |          0 |
|                     DYNSHREG_F_I                                                                                |                                                                              system_axi_dma_feat_0_dynshreg_f__parameterized4 |         33 |          3 |       0 |   30 |     0 |      0 |      0 |          0 |
|             I_ADDR_CNTL                                                                                         |                                                                 system_axi_dma_feat_0_axi_datamover_addr_cntl__parameterized0 |         51 |         10 |       0 |   41 |    52 |      0 |      0 |          0 |
|               (I_ADDR_CNTL)                                                                                     |                                                                 system_axi_dma_feat_0_axi_datamover_addr_cntl__parameterized0 |          1 |          1 |       0 |    0 |    46 |      0 |      0 |          0 |
|               GEN_ADDR_FIFO.I_ADDR_QUAL_FIFO                                                                    |                                                                      system_axi_dma_feat_0_axi_datamover_fifo__parameterized1 |         50 |          9 |       0 |   41 |     6 |      0 |      0 |          0 |
|                 (GEN_ADDR_FIFO.I_ADDR_QUAL_FIFO)                                                                |                                                                      system_axi_dma_feat_0_axi_datamover_fifo__parameterized1 |          1 |          1 |       0 |    0 |     2 |      0 |      0 |          0 |
|                 USE_SRL_FIFO.I_SYNC_FIFO                                                                        |                                                                                              system_axi_dma_feat_0_srl_fifo_f |         49 |          8 |       0 |   41 |     4 |      0 |      0 |          0 |
|                   I_SRL_FIFO_RBU_F                                                                              |                                                                                          system_axi_dma_feat_0_srl_fifo_rbu_f |         49 |          8 |       0 |   41 |     4 |      0 |      0 |          0 |
|                     (I_SRL_FIFO_RBU_F)                                                                          |                                                                                          system_axi_dma_feat_0_srl_fifo_rbu_f |          1 |          1 |       0 |    0 |     1 |      0 |      0 |          0 |
|                     CNTR_INCR_DECR_ADDN_F_I                                                                     |                                                                                 system_axi_dma_feat_0_cntr_incr_decr_addn_f_4 |          5 |          5 |       0 |    0 |     3 |      0 |      0 |          0 |
|                     DYNSHREG_F_I                                                                                |                                                                                              system_axi_dma_feat_0_dynshreg_f |         43 |          2 |       0 |   41 |     0 |      0 |      0 |          0 |
|             I_CMD_STATUS                                                                                        |                                                                system_axi_dma_feat_0_axi_datamover_cmd_status__parameterized0 |         22 |         22 |       0 |    0 |    98 |      0 |      0 |          0 |
|               GEN_INCLUDE_STATUS_FIFO.I_STS_FIFO                                                                |                                                                      system_axi_dma_feat_0_axi_datamover_fifo__parameterized4 |         18 |         18 |       0 |    0 |    34 |      0 |      0 |          0 |
|               I_CMD_FIFO                                                                                        |                                                                                      system_axi_dma_feat_0_axi_datamover_fifo |          4 |          4 |       0 |    0 |    64 |      0 |      0 |          0 |
|             I_RESET                                                                                             |                                                                                     system_axi_dma_feat_0_axi_datamover_reset |          3 |          3 |       0 |    0 |     3 |      0 |      0 |          0 |
|             I_S2MM_MMAP_SKID_BUF                                                                                |                                                                               system_axi_dma_feat_0_axi_datamover_skid2mm_buf |         67 |         67 |       0 |    0 |   150 |      0 |      0 |          0 |
|             I_WR_DATA_CNTL                                                                                      |                                                                               system_axi_dma_feat_0_axi_datamover_wrdata_cntl |        101 |         90 |       0 |   11 |    66 |      0 |      0 |          0 |
|               (I_WR_DATA_CNTL)                                                                                  |                                                                               system_axi_dma_feat_0_axi_datamover_wrdata_cntl |         63 |         63 |       0 |    0 |    60 |      0 |      0 |          0 |
|               GEN_DATA_CNTL_FIFO.I_DATA_CNTL_FIFO                                                               |                                                                      system_axi_dma_feat_0_axi_datamover_fifo__parameterized9 |         35 |         24 |       0 |   11 |     6 |      0 |      0 |          0 |
|                 (GEN_DATA_CNTL_FIFO.I_DATA_CNTL_FIFO)                                                           |                                                                      system_axi_dma_feat_0_axi_datamover_fifo__parameterized9 |          1 |          1 |       0 |    0 |     2 |      0 |      0 |          0 |
|                 USE_SRL_FIFO.I_SYNC_FIFO                                                                        |                                                                              system_axi_dma_feat_0_srl_fifo_f__parameterized6 |         34 |         23 |       0 |   11 |     4 |      0 |      0 |          0 |
|                   I_SRL_FIFO_RBU_F                                                                              |                                                                          system_axi_dma_feat_0_srl_fifo_rbu_f__parameterized6 |         34 |         23 |       0 |   11 |     4 |      0 |      0 |          0 |
|                     (I_SRL_FIFO_RBU_F)                                                                          |                                                                          system_axi_dma_feat_0_srl_fifo_rbu_f__parameterized6 |          1 |          1 |       0 |    0 |     1 |      0 |      0 |          0 |
|                     CNTR_INCR_DECR_ADDN_F_I                                                                     |                                                                                   system_axi_dma_feat_0_cntr_incr_decr_addn_f |         13 |         13 |       0 |    0 |     3 |      0 |      0 |          0 |
|                     DYNSHREG_F_I                                                                                |                                                                              system_axi_dma_feat_0_dynshreg_f__parameterized6 |         20 |          9 |       0 |   11 |     0 |      0 |      0 |          0 |
|               GEN_INDET_BTT.I_STRT_STRB_GEN                                                                     |                                                                                 system_axi_dma_feat_0_axi_datamover_strb_gen2 |          3 |          3 |       0 |    0 |     0 |      0 |      0 |          0 |
|             I_WR_STATUS_CNTLR                                                                                   |                                                                            system_axi_dma_feat_0_axi_datamover_wr_status_cntl |         69 |         38 |       0 |   31 |    61 |      0 |      0 |          0 |
|               (I_WR_STATUS_CNTLR)                                                                               |                                                                            system_axi_dma_feat_0_axi_datamover_wr_status_cntl |          6 |          6 |       0 |    0 |    46 |      0 |      0 |          0 |
|               GEN_ENABLE_INDET_BTT.I_SF_DATA_CNTL_STATUS_FIFO                                                   |                                                                      system_axi_dma_feat_0_axi_datamover_fifo__parameterized6 |         43 |         14 |       0 |   29 |     7 |      0 |      0 |          0 |
|                 (GEN_ENABLE_INDET_BTT.I_SF_DATA_CNTL_STATUS_FIFO)                                               |                                                                      system_axi_dma_feat_0_axi_datamover_fifo__parameterized6 |          1 |          1 |       0 |    0 |     2 |      0 |      0 |          0 |
|                 USE_SRL_FIFO.I_SYNC_FIFO                                                                        |                                                                              system_axi_dma_feat_0_srl_fifo_f__parameterized3 |         42 |         13 |       0 |   29 |     5 |      0 |      0 |          0 |
|                   I_SRL_FIFO_RBU_F                                                                              |                                                                          system_axi_dma_feat_0_srl_fifo_rbu_f__parameterized3 |         42 |         13 |       0 |   29 |     5 |      0 |      0 |          0 |
|                     (I_SRL_FIFO_RBU_F)                                                                          |                                                                          system_axi_dma_feat_0_srl_fifo_rbu_f__parameterized3 |          0 |          0 |       0 |    0 |     1 |      0 |      0 |          0 |
|                     CNTR_INCR_DECR_ADDN_F_I                                                                     |                                                                 system_axi_dma_feat_0_cntr_incr_decr_addn_f__parameterized0_3 |          4 |          4 |       0 |    0 |     4 |      0 |      0 |          0 |
|                     DYNSHREG_F_I                                                                                |                                                                              system_axi_dma_feat_0_dynshreg_f__parameterized3 |         38 |          9 |       0 |   29 |     0 |      0 |      0 |          0 |
|               I_WRESP_STATUS_FIFO                                                                               |                                                                      system_axi_dma_feat_0_axi_datamover_fifo__parameterized5 |         20 |         18 |       0 |    2 |     8 |      0 |      0 |          0 |
|                 (I_WRESP_STATUS_FIFO)                                                                           |                                                                      system_axi_dma_feat_0_axi_datamover_fifo__parameterized5 |          5 |          5 |       0 |    0 |     3 |      0 |      0 |          0 |
|                 USE_SRL_FIFO.I_SYNC_FIFO                                                                        |                                                                              system_axi_dma_feat_0_srl_fifo_f__parameterized2 |         15 |         13 |       0 |    2 |     5 |      0 |      0 |          0 |
|                   I_SRL_FIFO_RBU_F                                                                              |                                                                          system_axi_dma_feat_0_srl_fifo_rbu_f__parameterized2 |         15 |         13 |       0 |    2 |     5 |      0 |      0 |          0 |
|                     (I_SRL_FIFO_RBU_F)                                                                          |                                                                          system_axi_dma_feat_0_srl_fifo_rbu_f__parameterized2 |          5 |          5 |       0 |    0 |     1 |      0 |      0 |          0 |
|                     CNTR_INCR_DECR_ADDN_F_I                                                                     |                                                                   system_axi_dma_feat_0_cntr_incr_decr_addn_f__parameterized0 |          6 |          6 |       0 |    0 |     4 |      0 |      0 |          0 |
|                     DYNSHREG_F_I                                                                                |                                                                              system_axi_dma_feat_0_dynshreg_f__parameterized2 |          4 |          2 |       0 |    2 |     0 |      0 |      0 |          0 |
|         I_RST_MODULE                                                                                            |                                                                                      system_axi_dma_feat_0_axi_dma_rst_module |         29 |         29 |       0 |    0 |    42 |      0 |      0 |          0 |
|           (I_RST_MODULE)                                                                                        |                                                                                      system_axi_dma_feat_0_axi_dma_rst_module |          1 |          1 |       0 |    0 |     2 |      0 |      0 |          0 |
|           GEN_RESET_FOR_MM2S.RESET_I                                                                            |                                                                                           system_axi_dma_feat_0_axi_dma_reset |         14 |         14 |       0 |    0 |    17 |      0 |      0 |          0 |
|           GEN_RESET_FOR_S2MM.RESET_I                                                                            |                                                                                         system_axi_dma_feat_0_axi_dma_reset_1 |         14 |         14 |       0 |    0 |    15 |      0 |      0 |          0 |
|           REG_HRD_RST                                                                                           |                                                                                                system_axi_dma_feat_0_cdc_sync |          0 |          0 |       0 |    0 |     4 |      0 |      0 |          0 |
|           REG_HRD_RST_OUT                                                                                       |                                                                                              system_axi_dma_feat_0_cdc_sync_2 |          0 |          0 |       0 |    0 |     4 |      0 |      0 |          0 |
|     ic_ctrl                                                                                                     |                                                                                                              system_ic_ctrl_0 |        574 |        573 |       0 |    1 |   758 |      0 |      0 |          0 |
|       (ic_ctrl)                                                                                                 |                                                                                                              system_ic_ctrl_0 |          0 |          0 |       0 |    0 |     0 |      0 |      0 |          0 |
|       inst                                                                                                      |                                                                                                      system_ic_ctrl_0_bd_1315 |        574 |        573 |       0 |    1 |   758 |      0 |      0 |          0 |
|         clk_map                                                                                                 |                                                                                          system_ic_ctrl_0_clk_map_imp_1NCM3FQ |         13 |         12 |       0 |    1 |    22 |      0 |      0 |          0 |
|           psr_aclk                                                                                              |                                                                                           system_ic_ctrl_0_bd_1315_psr_aclk_0 |         13 |         12 |       0 |    1 |    22 |      0 |      0 |          0 |
|             U0                                                                                                  |                                                                                               system_ic_ctrl_0_proc_sys_reset |         13 |         12 |       0 |    1 |    22 |      0 |      0 |          0 |
|               (U0)                                                                                              |                                                                                               system_ic_ctrl_0_proc_sys_reset |          0 |          0 |       0 |    0 |     1 |      0 |      0 |          0 |
|               EXT_LPF                                                                                           |                                                                                                          system_ic_ctrl_0_lpf |          3 |          2 |       0 |    1 |     6 |      0 |      0 |          0 |
|                 (EXT_LPF)                                                                                       |                                                                                                          system_ic_ctrl_0_lpf |          2 |          1 |       0 |    1 |     2 |      0 |      0 |          0 |
|                 ACTIVE_LOW_AUX.ACT_LO_AUX                                                                       |                                                                                                     system_ic_ctrl_0_cdc_sync |          1 |          1 |       0 |    0 |     4 |      0 |      0 |          0 |
|               SEQ                                                                                               |                                                                                                 system_ic_ctrl_0_sequence_psr |         10 |         10 |       0 |    0 |    15 |      0 |      0 |          0 |
|                 (SEQ)                                                                                           |                                                                                                 system_ic_ctrl_0_sequence_psr |          5 |          5 |       0 |    0 |     9 |      0 |      0 |          0 |
|                 SEQ_COUNTER                                                                                     |                                                                                                      system_ic_ctrl_0_upcnt_n |          5 |          5 |       0 |    0 |     6 |      0 |      0 |          0 |
|         m00_exit_pipeline                                                                                       |                                                                                 system_ic_ctrl_0_m00_exit_pipeline_imp_CKB6F1 |         10 |         10 |       0 |    0 |     9 |      0 |      0 |          0 |
|           m00_exit                                                                                              |                                                                                               system_ic_ctrl_0_bd_1315_m00e_0 |         10 |         10 |       0 |    0 |     9 |      0 |      0 |          0 |
|             (m00_exit)                                                                                          |                                                                                               system_ic_ctrl_0_bd_1315_m00e_0 |          0 |          0 |       0 |    0 |     0 |      0 |      0 |          0 |
|             inst                                                                                                |                                                                                          system_ic_ctrl_0_sc_exit_v1_0_15_top |         10 |         10 |       0 |    0 |     9 |      0 |      0 |          0 |
|               (inst)                                                                                            |                                                                                          system_ic_ctrl_0_sc_exit_v1_0_15_top |          2 |          2 |       0 |    0 |     2 |      0 |      0 |          0 |
|               exit_inst                                                                                         |                                                                                         system_ic_ctrl_0_sc_exit_v1_0_15_exit |          7 |          7 |       0 |    0 |     4 |      0 |      0 |          0 |
|               xpm_cdc_async_rst_inst                                                                            |                                                                                        system_ic_ctrl_0_xpm_cdc_async_rst__11 |          1 |          1 |       0 |    0 |     3 |      0 |      0 |          0 |
|         m00_nodes                                                                                               |                                                                                         system_ic_ctrl_0_m00_nodes_imp_YTHC0H |         32 |         32 |       0 |    0 |    42 |      0 |      0 |          0 |
|           m00_ar_node                                                                                           |                                                                                             system_ic_ctrl_0_bd_1315_m00arn_0 |          6 |          6 |       0 |    0 |     8 |      0 |      0 |          0 |
|             (m00_ar_node)                                                                                       |                                                                                             system_ic_ctrl_0_bd_1315_m00arn_0 |          0 |          0 |       0 |    0 |     0 |      0 |      0 |          0 |
|             inst                                                                                                |                                                                               system_ic_ctrl_0_sc_node_v1_0_16_top__xdcDup__1 |          6 |          6 |       0 |    0 |     8 |      0 |      0 |          0 |
|               (inst)                                                                                            |                                                                               system_ic_ctrl_0_sc_node_v1_0_16_top__xdcDup__1 |          3 |          3 |       0 |    0 |     1 |      0 |      0 |          0 |
|               inst_mi_handler                                                                                   |                                                                                system_ic_ctrl_0_sc_node_v1_0_16_mi_handler_25 |          1 |          1 |       0 |    0 |     1 |      0 |      0 |          0 |
|               m_sc_xpm_cdc_async_rst_inst                                                                       |                                                                                        system_ic_ctrl_0_xpm_cdc_async_rst__13 |          1 |          1 |       0 |    0 |     3 |      0 |      0 |          0 |
|               s_sc_xpm_cdc_async_rst_inst                                                                       |                                                                                        system_ic_ctrl_0_xpm_cdc_async_rst__12 |          1 |          1 |       0 |    0 |     3 |      0 |      0 |          0 |
|           m00_aw_node                                                                                           |                                                                                             system_ic_ctrl_0_bd_1315_m00awn_0 |          6 |          6 |       0 |    0 |     8 |      0 |      0 |          0 |
|             (m00_aw_node)                                                                                       |                                                                                             system_ic_ctrl_0_bd_1315_m00awn_0 |          0 |          0 |       0 |    0 |     0 |      0 |      0 |          0 |
|             inst                                                                                                |                                                               system_ic_ctrl_0_sc_node_v1_0_16_top__parameterized0__xdcDup__1 |          6 |          6 |       0 |    0 |     8 |      0 |      0 |          0 |
|               (inst)                                                                                            |                                                               system_ic_ctrl_0_sc_node_v1_0_16_top__parameterized0__xdcDup__1 |          3 |          3 |       0 |    0 |     1 |      0 |      0 |          0 |
|               inst_mi_handler                                                                                   |                                                                system_ic_ctrl_0_sc_node_v1_0_16_mi_handler__parameterized0_24 |          1 |          1 |       0 |    0 |     1 |      0 |      0 |          0 |
|               m_sc_xpm_cdc_async_rst_inst                                                                       |                                                                                        system_ic_ctrl_0_xpm_cdc_async_rst__15 |          1 |          1 |       0 |    0 |     3 |      0 |      0 |          0 |
|               s_sc_xpm_cdc_async_rst_inst                                                                       |                                                                                        system_ic_ctrl_0_xpm_cdc_async_rst__14 |          1 |          1 |       0 |    0 |     3 |      0 |      0 |          0 |
|           m00_b_node                                                                                            |                                                                                              system_ic_ctrl_0_bd_1315_m00bn_0 |          7 |          7 |       0 |    0 |     9 |      0 |      0 |          0 |
|             (m00_b_node)                                                                                        |                                                                                              system_ic_ctrl_0_bd_1315_m00bn_0 |          0 |          0 |       0 |    0 |     0 |      0 |      0 |          0 |
|             inst                                                                                                |                                                               system_ic_ctrl_0_sc_node_v1_0_16_top__parameterized1__xdcDup__1 |          7 |          7 |       0 |    0 |     9 |      0 |      0 |          0 |
|               (inst)                                                                                            |                                                               system_ic_ctrl_0_sc_node_v1_0_16_top__parameterized1__xdcDup__1 |          3 |          3 |       0 |    0 |     1 |      0 |      0 |          0 |
|               inst_mi_handler                                                                                   |                                                                system_ic_ctrl_0_sc_node_v1_0_16_mi_handler__parameterized1_23 |          2 |          2 |       0 |    0 |     2 |      0 |      0 |          0 |
|               m_sc_xpm_cdc_async_rst_inst                                                                       |                                                                                        system_ic_ctrl_0_xpm_cdc_async_rst__17 |          1 |          1 |       0 |    0 |     3 |      0 |      0 |          0 |
|               s_sc_xpm_cdc_async_rst_inst                                                                       |                                                                                        system_ic_ctrl_0_xpm_cdc_async_rst__16 |          1 |          1 |       0 |    0 |     3 |      0 |      0 |          0 |
|           m00_r_node                                                                                            |                                                                                              system_ic_ctrl_0_bd_1315_m00rn_0 |          7 |          7 |       0 |    0 |     9 |      0 |      0 |          0 |
|             (m00_r_node)                                                                                        |                                                                                              system_ic_ctrl_0_bd_1315_m00rn_0 |          0 |          0 |       0 |    0 |     0 |      0 |      0 |          0 |
|             inst                                                                                                |                                                               system_ic_ctrl_0_sc_node_v1_0_16_top__parameterized2__xdcDup__1 |          7 |          7 |       0 |    0 |     9 |      0 |      0 |          0 |
|               (inst)                                                                                            |                                                               system_ic_ctrl_0_sc_node_v1_0_16_top__parameterized2__xdcDup__1 |          3 |          3 |       0 |    0 |     1 |      0 |      0 |          0 |
|               inst_mi_handler                                                                                   |                                                                system_ic_ctrl_0_sc_node_v1_0_16_mi_handler__parameterized2_22 |          2 |          2 |       0 |    0 |     2 |      0 |      0 |          0 |
|               m_sc_xpm_cdc_async_rst_inst                                                                       |                                                                                        system_ic_ctrl_0_xpm_cdc_async_rst__19 |          1 |          1 |       0 |    0 |     3 |      0 |      0 |          0 |
|               s_sc_xpm_cdc_async_rst_inst                                                                       |                                                                                        system_ic_ctrl_0_xpm_cdc_async_rst__18 |          1 |          1 |       0 |    0 |     3 |      0 |      0 |          0 |
|           m00_w_node                                                                                            |                                                                                              system_ic_ctrl_0_bd_1315_m00wn_0 |          6 |          6 |       0 |    0 |     8 |      0 |      0 |          0 |
|             (m00_w_node)                                                                                        |                                                                                              system_ic_ctrl_0_bd_1315_m00wn_0 |          0 |          0 |       0 |    0 |     0 |      0 |      0 |          0 |
|             inst                                                                                                |                                                               system_ic_ctrl_0_sc_node_v1_0_16_top__parameterized3__xdcDup__1 |          6 |          6 |       0 |    0 |     8 |      0 |      0 |          0 |
|               (inst)                                                                                            |                                                               system_ic_ctrl_0_sc_node_v1_0_16_top__parameterized3__xdcDup__1 |          3 |          3 |       0 |    0 |     1 |      0 |      0 |          0 |
|               inst_mi_handler                                                                                   |                                                                system_ic_ctrl_0_sc_node_v1_0_16_mi_handler__parameterized3_21 |          1 |          1 |       0 |    0 |     1 |      0 |      0 |          0 |
|               m_sc_xpm_cdc_async_rst_inst                                                                       |                                                                                        system_ic_ctrl_0_xpm_cdc_async_rst__21 |          1 |          1 |       0 |    0 |     3 |      0 |      0 |          0 |
|               s_sc_xpm_cdc_async_rst_inst                                                                       |                                                                                        system_ic_ctrl_0_xpm_cdc_async_rst__20 |          1 |          1 |       0 |    0 |     3 |      0 |      0 |          0 |
|         m00_sc2axi                                                                                              |                                                                                             system_ic_ctrl_0_bd_1315_m00s2a_0 |          0 |          0 |       0 |    0 |     0 |      0 |      0 |          0 |
|           (m00_sc2axi)                                                                                          |                                                                                             system_ic_ctrl_0_bd_1315_m00s2a_0 |          0 |          0 |       0 |    0 |     0 |      0 |      0 |          0 |
|           inst                                                                                                  |                                                                                        system_ic_ctrl_0_sc_sc2axi_v1_0_10_top |          0 |          0 |       0 |    0 |     0 |      0 |      0 |          0 |
|         m01_exit_pipeline                                                                                       |                                                                                 system_ic_ctrl_0_m01_exit_pipeline_imp_G73TA5 |         10 |         10 |       0 |    0 |     9 |      0 |      0 |          0 |
|           m01_exit                                                                                              |                                                                                               system_ic_ctrl_0_bd_1315_m01e_0 |         10 |         10 |       0 |    0 |     9 |      0 |      0 |          0 |
|             (m01_exit)                                                                                          |                                                                                               system_ic_ctrl_0_bd_1315_m01e_0 |          0 |          0 |       0 |    0 |     0 |      0 |      0 |          0 |
|             inst                                                                                                |                                                                          system_ic_ctrl_0_sc_exit_v1_0_15_top__parameterized0 |         10 |         10 |       0 |    0 |     9 |      0 |      0 |          0 |
|               (inst)                                                                                            |                                                                          system_ic_ctrl_0_sc_exit_v1_0_15_top__parameterized0 |          2 |          2 |       0 |    0 |     2 |      0 |      0 |          0 |
|               exit_inst                                                                                         |                                                                         system_ic_ctrl_0_sc_exit_v1_0_15_exit__parameterized0 |          7 |          7 |       0 |    0 |     4 |      0 |      0 |          0 |
|               xpm_cdc_async_rst_inst                                                                            |                                                                                        system_ic_ctrl_0_xpm_cdc_async_rst__22 |          1 |          1 |       0 |    0 |     3 |      0 |      0 |          0 |
|         m01_nodes                                                                                               |                                                                                        system_ic_ctrl_0_m01_nodes_imp_1Q9Y7VR |         32 |         32 |       0 |    0 |    42 |      0 |      0 |          0 |
|           m01_ar_node                                                                                           |                                                                                             system_ic_ctrl_0_bd_1315_m01arn_0 |          6 |          6 |       0 |    0 |     8 |      0 |      0 |          0 |
|             (m01_ar_node)                                                                                       |                                                                                             system_ic_ctrl_0_bd_1315_m01arn_0 |          0 |          0 |       0 |    0 |     0 |      0 |      0 |          0 |
|             inst                                                                                                |                                                                               system_ic_ctrl_0_sc_node_v1_0_16_top__xdcDup__2 |          6 |          6 |       0 |    0 |     8 |      0 |      0 |          0 |
|               (inst)                                                                                            |                                                                               system_ic_ctrl_0_sc_node_v1_0_16_top__xdcDup__2 |          3 |          3 |       0 |    0 |     1 |      0 |      0 |          0 |
|               inst_mi_handler                                                                                   |                                                                                system_ic_ctrl_0_sc_node_v1_0_16_mi_handler_20 |          1 |          1 |       0 |    0 |     1 |      0 |      0 |          0 |
|               m_sc_xpm_cdc_async_rst_inst                                                                       |                                                                                        system_ic_ctrl_0_xpm_cdc_async_rst__24 |          1 |          1 |       0 |    0 |     3 |      0 |      0 |          0 |
|               s_sc_xpm_cdc_async_rst_inst                                                                       |                                                                                        system_ic_ctrl_0_xpm_cdc_async_rst__23 |          1 |          1 |       0 |    0 |     3 |      0 |      0 |          0 |
|           m01_aw_node                                                                                           |                                                                                             system_ic_ctrl_0_bd_1315_m01awn_0 |          6 |          6 |       0 |    0 |     8 |      0 |      0 |          0 |
|             (m01_aw_node)                                                                                       |                                                                                             system_ic_ctrl_0_bd_1315_m01awn_0 |          0 |          0 |       0 |    0 |     0 |      0 |      0 |          0 |
|             inst                                                                                                |                                                               system_ic_ctrl_0_sc_node_v1_0_16_top__parameterized0__xdcDup__2 |          6 |          6 |       0 |    0 |     8 |      0 |      0 |          0 |
|               (inst)                                                                                            |                                                               system_ic_ctrl_0_sc_node_v1_0_16_top__parameterized0__xdcDup__2 |          3 |          3 |       0 |    0 |     1 |      0 |      0 |          0 |
|               inst_mi_handler                                                                                   |                                                                system_ic_ctrl_0_sc_node_v1_0_16_mi_handler__parameterized0_19 |          1 |          1 |       0 |    0 |     1 |      0 |      0 |          0 |
|               m_sc_xpm_cdc_async_rst_inst                                                                       |                                                                                        system_ic_ctrl_0_xpm_cdc_async_rst__26 |          1 |          1 |       0 |    0 |     3 |      0 |      0 |          0 |
|               s_sc_xpm_cdc_async_rst_inst                                                                       |                                                                                        system_ic_ctrl_0_xpm_cdc_async_rst__25 |          1 |          1 |       0 |    0 |     3 |      0 |      0 |          0 |
|           m01_b_node                                                                                            |                                                                                              system_ic_ctrl_0_bd_1315_m01bn_0 |          7 |          7 |       0 |    0 |     9 |      0 |      0 |          0 |
|             (m01_b_node)                                                                                        |                                                                                              system_ic_ctrl_0_bd_1315_m01bn_0 |          0 |          0 |       0 |    0 |     0 |      0 |      0 |          0 |
|             inst                                                                                                |                                                               system_ic_ctrl_0_sc_node_v1_0_16_top__parameterized1__xdcDup__2 |          7 |          7 |       0 |    0 |     9 |      0 |      0 |          0 |
|               (inst)                                                                                            |                                                               system_ic_ctrl_0_sc_node_v1_0_16_top__parameterized1__xdcDup__2 |          3 |          3 |       0 |    0 |     1 |      0 |      0 |          0 |
|               inst_mi_handler                                                                                   |                                                                system_ic_ctrl_0_sc_node_v1_0_16_mi_handler__parameterized1_18 |          2 |          2 |       0 |    0 |     2 |      0 |      0 |          0 |
|               m_sc_xpm_cdc_async_rst_inst                                                                       |                                                                                        system_ic_ctrl_0_xpm_cdc_async_rst__28 |          1 |          1 |       0 |    0 |     3 |      0 |      0 |          0 |
|               s_sc_xpm_cdc_async_rst_inst                                                                       |                                                                                        system_ic_ctrl_0_xpm_cdc_async_rst__27 |          1 |          1 |       0 |    0 |     3 |      0 |      0 |          0 |
|           m01_r_node                                                                                            |                                                                                              system_ic_ctrl_0_bd_1315_m01rn_0 |          7 |          7 |       0 |    0 |     9 |      0 |      0 |          0 |
|             (m01_r_node)                                                                                        |                                                                                              system_ic_ctrl_0_bd_1315_m01rn_0 |          0 |          0 |       0 |    0 |     0 |      0 |      0 |          0 |
|             inst                                                                                                |                                                               system_ic_ctrl_0_sc_node_v1_0_16_top__parameterized2__xdcDup__2 |          7 |          7 |       0 |    0 |     9 |      0 |      0 |          0 |
|               (inst)                                                                                            |                                                               system_ic_ctrl_0_sc_node_v1_0_16_top__parameterized2__xdcDup__2 |          3 |          3 |       0 |    0 |     1 |      0 |      0 |          0 |
|               inst_mi_handler                                                                                   |                                                                system_ic_ctrl_0_sc_node_v1_0_16_mi_handler__parameterized2_17 |          2 |          2 |       0 |    0 |     2 |      0 |      0 |          0 |
|               m_sc_xpm_cdc_async_rst_inst                                                                       |                                                                                        system_ic_ctrl_0_xpm_cdc_async_rst__30 |          1 |          1 |       0 |    0 |     3 |      0 |      0 |          0 |
|               s_sc_xpm_cdc_async_rst_inst                                                                       |                                                                                        system_ic_ctrl_0_xpm_cdc_async_rst__29 |          1 |          1 |       0 |    0 |     3 |      0 |      0 |          0 |
|           m01_w_node                                                                                            |                                                                                              system_ic_ctrl_0_bd_1315_m01wn_0 |          6 |          6 |       0 |    0 |     8 |      0 |      0 |          0 |
|             (m01_w_node)                                                                                        |                                                                                              system_ic_ctrl_0_bd_1315_m01wn_0 |          0 |          0 |       0 |    0 |     0 |      0 |      0 |          0 |
|             inst                                                                                                |                                                               system_ic_ctrl_0_sc_node_v1_0_16_top__parameterized3__xdcDup__2 |          6 |          6 |       0 |    0 |     8 |      0 |      0 |          0 |
|               (inst)                                                                                            |                                                               system_ic_ctrl_0_sc_node_v1_0_16_top__parameterized3__xdcDup__2 |          3 |          3 |       0 |    0 |     1 |      0 |      0 |          0 |
|               inst_mi_handler                                                                                   |                                                                system_ic_ctrl_0_sc_node_v1_0_16_mi_handler__parameterized3_16 |          1 |          1 |       0 |    0 |     1 |      0 |      0 |          0 |
|               m_sc_xpm_cdc_async_rst_inst                                                                       |                                                                                        system_ic_ctrl_0_xpm_cdc_async_rst__32 |          1 |          1 |       0 |    0 |     3 |      0 |      0 |          0 |
|               s_sc_xpm_cdc_async_rst_inst                                                                       |                                                                                        system_ic_ctrl_0_xpm_cdc_async_rst__31 |          1 |          1 |       0 |    0 |     3 |      0 |      0 |          0 |
|         m01_sc2axi                                                                                              |                                                                                             system_ic_ctrl_0_bd_1315_m01s2a_0 |          0 |          0 |       0 |    0 |     0 |      0 |      0 |          0 |
|           (m01_sc2axi)                                                                                          |                                                                                             system_ic_ctrl_0_bd_1315_m01s2a_0 |          0 |          0 |       0 |    0 |     0 |      0 |      0 |          0 |
|           inst                                                                                                  |                                                                        system_ic_ctrl_0_sc_sc2axi_v1_0_10_top__parameterized0 |          0 |          0 |       0 |    0 |     0 |      0 |      0 |          0 |
|         s00_axi2sc                                                                                              |                                                                                             system_ic_ctrl_0_bd_1315_s00a2s_0 |          0 |          0 |       0 |    0 |     0 |      0 |      0 |          0 |
|           (s00_axi2sc)                                                                                          |                                                                                             system_ic_ctrl_0_bd_1315_s00a2s_0 |          0 |          0 |       0 |    0 |     0 |      0 |      0 |          0 |
|           inst                                                                                                  |                                                                                        system_ic_ctrl_0_sc_axi2sc_v1_0_10_top |          0 |          0 |       0 |    0 |     0 |      0 |      0 |          0 |
|         s00_entry_pipeline                                                                                      |                                                                               system_ic_ctrl_0_s00_entry_pipeline_imp_1CDUSLA |        341 |        341 |       0 |    0 |   401 |      0 |      0 |          0 |
|           s00_mmu                                                                                               |                                                                                             system_ic_ctrl_0_bd_1315_s00mmu_0 |        180 |        180 |       0 |    0 |   200 |      0 |      0 |          0 |
|             (s00_mmu)                                                                                           |                                                                                             system_ic_ctrl_0_bd_1315_s00mmu_0 |          0 |          0 |       0 |    0 |     0 |      0 |      0 |          0 |
|             inst                                                                                                |                                                                                           system_ic_ctrl_0_sc_mmu_v1_0_13_top |        180 |        180 |       0 |    0 |   200 |      0 |      0 |          0 |
|               (inst)                                                                                            |                                                                                           system_ic_ctrl_0_sc_mmu_v1_0_13_top |         25 |         25 |       0 |    0 |    18 |      0 |      0 |          0 |
|               ar_reg_stall                                                                                      |                                                                 system_ic_ctrl_0_sc_util_v1_0_4_axi_reg_stall__parameterized0 |         48 |         48 |       0 |    0 |    72 |      0 |      0 |          0 |
|               aw_reg_stall                                                                                      |                                                              system_ic_ctrl_0_sc_util_v1_0_4_axi_reg_stall__parameterized0_15 |         35 |         35 |       0 |    0 |    64 |      0 |      0 |          0 |
|               gen_endpoint.decerr_slave_inst                                                                    |                                                                                  system_ic_ctrl_0_sc_mmu_v1_0_13_decerr_slave |         59 |         59 |       0 |    0 |    41 |      0 |      0 |          0 |
|               gen_wroute_reg.wroute_split                                                                       |                                                                                  system_ic_ctrl_0_sc_util_v1_0_4_axi_splitter |         12 |         12 |       0 |    0 |     2 |      0 |      0 |          0 |
|               xpm_cdc_async_rst_inst                                                                            |                                                                                        system_ic_ctrl_0_xpm_cdc_async_rst__33 |          1 |          1 |       0 |    0 |     3 |      0 |      0 |          0 |
|           s00_si_converter                                                                                      |                                                                                             system_ic_ctrl_0_bd_1315_s00sic_0 |        150 |        150 |       0 |    0 |   169 |      0 |      0 |          0 |
|             (s00_si_converter)                                                                                  |                                                                                             system_ic_ctrl_0_bd_1315_s00sic_0 |          0 |          0 |       0 |    0 |     0 |      0 |      0 |          0 |
|             inst                                                                                                |                                                                                  system_ic_ctrl_0_sc_si_converter_v1_0_13_top |        150 |        150 |       0 |    0 |   169 |      0 |      0 |          0 |
|               (inst)                                                                                            |                                                                                  system_ic_ctrl_0_sc_si_converter_v1_0_13_top |          1 |          1 |       0 |    0 |     1 |      0 |      0 |          0 |
|               gen_axilite_conv.axilite_conv_inst                                                                |                                                                         system_ic_ctrl_0_sc_si_converter_v1_0_13_axilite_conv |        148 |        148 |       0 |    0 |   165 |      0 |      0 |          0 |
|               xpm_cdc_async_rst_inst                                                                            |                                                                                        system_ic_ctrl_0_xpm_cdc_async_rst__34 |          1 |          1 |       0 |    0 |     3 |      0 |      0 |          0 |
|           s00_transaction_regulator                                                                             |                                                                                              system_ic_ctrl_0_bd_1315_s00tr_0 |         11 |         11 |       0 |    0 |    32 |      0 |      0 |          0 |
|             (s00_transaction_regulator)                                                                         |                                                                                              system_ic_ctrl_0_bd_1315_s00tr_0 |          0 |          0 |       0 |    0 |     0 |      0 |      0 |          0 |
|             inst                                                                                                |                                                                         system_ic_ctrl_0_sc_transaction_regulator_v1_0_11_top |         11 |         11 |       0 |    0 |    32 |      0 |      0 |          0 |
|               (inst)                                                                                            |                                                                         system_ic_ctrl_0_sc_transaction_regulator_v1_0_11_top |          1 |          1 |       0 |    0 |     1 |      0 |      0 |          0 |
|               gen_endpoint.gen_r_singleorder.r_singleorder                                                      |                                                                 system_ic_ctrl_0_sc_transaction_regulator_v1_0_11_singleorder |          4 |          4 |       0 |    0 |    13 |      0 |      0 |          0 |
|               gen_endpoint.gen_w_singleorder.w_singleorder                                                      |                                                              system_ic_ctrl_0_sc_transaction_regulator_v1_0_11_singleorder_14 |          5 |          5 |       0 |    0 |    15 |      0 |      0 |          0 |
|               xpm_cdc_async_rst_inst                                                                            |                                                                                        system_ic_ctrl_0_xpm_cdc_async_rst__35 |          1 |          1 |       0 |    0 |     3 |      0 |      0 |          0 |
|         s00_nodes                                                                                               |                                                                                        system_ic_ctrl_0_s00_nodes_imp_1G4CAHW |         30 |         30 |       0 |    0 |    40 |      0 |      0 |          0 |
|           s00_ar_node                                                                                           |                                                                                               system_ic_ctrl_0_bd_1315_sarn_0 |          6 |          6 |       0 |    0 |     8 |      0 |      0 |          0 |
|             (s00_ar_node)                                                                                       |                                                                                               system_ic_ctrl_0_bd_1315_sarn_0 |          0 |          0 |       0 |    0 |     0 |      0 |      0 |          0 |
|             inst                                                                                                |                                                                                          system_ic_ctrl_0_sc_node_v1_0_16_top |          6 |          6 |       0 |    0 |     8 |      0 |      0 |          0 |
|               (inst)                                                                                            |                                                                                          system_ic_ctrl_0_sc_node_v1_0_16_top |          3 |          3 |       0 |    0 |     1 |      0 |      0 |          0 |
|               inst_mi_handler                                                                                   |                                                                                   system_ic_ctrl_0_sc_node_v1_0_16_mi_handler |          1 |          1 |       0 |    0 |     1 |      0 |      0 |          0 |
|               m_sc_xpm_cdc_async_rst_inst                                                                       |                                                                                        system_ic_ctrl_0_xpm_cdc_async_rst__37 |          1 |          1 |       0 |    0 |     3 |      0 |      0 |          0 |
|               s_sc_xpm_cdc_async_rst_inst                                                                       |                                                                                        system_ic_ctrl_0_xpm_cdc_async_rst__36 |          1 |          1 |       0 |    0 |     3 |      0 |      0 |          0 |
|           s00_aw_node                                                                                           |                                                                                               system_ic_ctrl_0_bd_1315_sawn_0 |          6 |          6 |       0 |    0 |     8 |      0 |      0 |          0 |
|             (s00_aw_node)                                                                                       |                                                                                               system_ic_ctrl_0_bd_1315_sawn_0 |          0 |          0 |       0 |    0 |     0 |      0 |      0 |          0 |
|             inst                                                                                                |                                                                          system_ic_ctrl_0_sc_node_v1_0_16_top__parameterized0 |          6 |          6 |       0 |    0 |     8 |      0 |      0 |          0 |
|               (inst)                                                                                            |                                                                          system_ic_ctrl_0_sc_node_v1_0_16_top__parameterized0 |          3 |          3 |       0 |    0 |     1 |      0 |      0 |          0 |
|               inst_mi_handler                                                                                   |                                                                   system_ic_ctrl_0_sc_node_v1_0_16_mi_handler__parameterized0 |          1 |          1 |       0 |    0 |     1 |      0 |      0 |          0 |
|               m_sc_xpm_cdc_async_rst_inst                                                                       |                                                                                        system_ic_ctrl_0_xpm_cdc_async_rst__39 |          1 |          1 |       0 |    0 |     3 |      0 |      0 |          0 |
|               s_sc_xpm_cdc_async_rst_inst                                                                       |                                                                                        system_ic_ctrl_0_xpm_cdc_async_rst__38 |          1 |          1 |       0 |    0 |     3 |      0 |      0 |          0 |
|           s00_b_node                                                                                            |                                                                                                system_ic_ctrl_0_bd_1315_sbn_0 |          6 |          6 |       0 |    0 |     8 |      0 |      0 |          0 |
|             (s00_b_node)                                                                                        |                                                                                                system_ic_ctrl_0_bd_1315_sbn_0 |          0 |          0 |       0 |    0 |     0 |      0 |      0 |          0 |
|             inst                                                                                                |                                                                          system_ic_ctrl_0_sc_node_v1_0_16_top__parameterized1 |          6 |          6 |       0 |    0 |     8 |      0 |      0 |          0 |
|               (inst)                                                                                            |                                                                          system_ic_ctrl_0_sc_node_v1_0_16_top__parameterized1 |          3 |          3 |       0 |    0 |     1 |      0 |      0 |          0 |
|               inst_mi_handler                                                                                   |                                                                   system_ic_ctrl_0_sc_node_v1_0_16_mi_handler__parameterized1 |          1 |          1 |       0 |    0 |     1 |      0 |      0 |          0 |
|               m_sc_xpm_cdc_async_rst_inst                                                                       |                                                                                        system_ic_ctrl_0_xpm_cdc_async_rst__41 |          1 |          1 |       0 |    0 |     3 |      0 |      0 |          0 |
|               s_sc_xpm_cdc_async_rst_inst                                                                       |                                                                                        system_ic_ctrl_0_xpm_cdc_async_rst__40 |          1 |          1 |       0 |    0 |     3 |      0 |      0 |          0 |
|           s00_r_node                                                                                            |                                                                                                system_ic_ctrl_0_bd_1315_srn_0 |          6 |          6 |       0 |    0 |     8 |      0 |      0 |          0 |
|             (s00_r_node)                                                                                        |                                                                                                system_ic_ctrl_0_bd_1315_srn_0 |          0 |          0 |       0 |    0 |     0 |      0 |      0 |          0 |
|             inst                                                                                                |                                                                          system_ic_ctrl_0_sc_node_v1_0_16_top__parameterized2 |          6 |          6 |       0 |    0 |     8 |      0 |      0 |          0 |
|               (inst)                                                                                            |                                                                          system_ic_ctrl_0_sc_node_v1_0_16_top__parameterized2 |          3 |          3 |       0 |    0 |     1 |      0 |      0 |          0 |
|               inst_mi_handler                                                                                   |                                                                   system_ic_ctrl_0_sc_node_v1_0_16_mi_handler__parameterized2 |          1 |          1 |       0 |    0 |     1 |      0 |      0 |          0 |
|               m_sc_xpm_cdc_async_rst_inst                                                                       |                                                                                        system_ic_ctrl_0_xpm_cdc_async_rst__43 |          1 |          1 |       0 |    0 |     3 |      0 |      0 |          0 |
|               s_sc_xpm_cdc_async_rst_inst                                                                       |                                                                                        system_ic_ctrl_0_xpm_cdc_async_rst__42 |          1 |          1 |       0 |    0 |     3 |      0 |      0 |          0 |
|           s00_w_node                                                                                            |                                                                                                system_ic_ctrl_0_bd_1315_swn_0 |          6 |          6 |       0 |    0 |     8 |      0 |      0 |          0 |
|             (s00_w_node)                                                                                        |                                                                                                system_ic_ctrl_0_bd_1315_swn_0 |          0 |          0 |       0 |    0 |     0 |      0 |      0 |          0 |
|             inst                                                                                                |                                                                          system_ic_ctrl_0_sc_node_v1_0_16_top__parameterized3 |          6 |          6 |       0 |    0 |     8 |      0 |      0 |          0 |
|               (inst)                                                                                            |                                                                          system_ic_ctrl_0_sc_node_v1_0_16_top__parameterized3 |          3 |          3 |       0 |    0 |     1 |      0 |      0 |          0 |
|               inst_mi_handler                                                                                   |                                                                   system_ic_ctrl_0_sc_node_v1_0_16_mi_handler__parameterized3 |          1 |          1 |       0 |    0 |     1 |      0 |      0 |          0 |
|               m_sc_xpm_cdc_async_rst_inst                                                                       |                                                                                        system_ic_ctrl_0_xpm_cdc_async_rst__45 |          1 |          1 |       0 |    0 |     3 |      0 |      0 |          0 |
|               s_sc_xpm_cdc_async_rst_inst                                                                       |                                                                                        system_ic_ctrl_0_xpm_cdc_async_rst__44 |          1 |          1 |       0 |    0 |     3 |      0 |      0 |          0 |
|         switchboards                                                                                            |                                                                                     system_ic_ctrl_0_switchboards_imp_1LRHP9S |        106 |        106 |       0 |    0 |   193 |      0 |      0 |          0 |
|           ar_la_in_swbd                                                                                         |                                                                                             system_ic_ctrl_0_bd_1315_arinsw_0 |          0 |          0 |       0 |    0 |     0 |      0 |      0 |          0 |
|             (ar_la_in_swbd)                                                                                     |                                                                                             system_ic_ctrl_0_bd_1315_arinsw_0 |          0 |          0 |       0 |    0 |     0 |      0 |      0 |          0 |
|             inst                                                                                                |                                                                                 system_ic_ctrl_0_sc_switchboard_v1_0_8_top__1 |          0 |          0 |       0 |    0 |     0 |      0 |      0 |          0 |
|           ar_la_out_swbd                                                                                        |                                                                                            system_ic_ctrl_0_bd_1315_aroutsw_0 |          0 |          0 |       0 |    0 |     0 |      0 |      0 |          0 |
|             (ar_la_out_swbd)                                                                                    |                                                                                            system_ic_ctrl_0_bd_1315_aroutsw_0 |          0 |          0 |       0 |    0 |     0 |      0 |      0 |          0 |
|             inst                                                                                                |                                                                 system_ic_ctrl_0_sc_switchboard_v1_0_8_top__parameterized0__1 |          0 |          0 |       0 |    0 |     0 |      0 |      0 |          0 |
|           aw_la_in_swbd                                                                                         |                                                                                             system_ic_ctrl_0_bd_1315_awinsw_0 |          0 |          0 |       0 |    0 |     0 |      0 |      0 |          0 |
|             (aw_la_in_swbd)                                                                                     |                                                                                             system_ic_ctrl_0_bd_1315_awinsw_0 |          0 |          0 |       0 |    0 |     0 |      0 |      0 |          0 |
|             inst                                                                                                |                                                                                    system_ic_ctrl_0_sc_switchboard_v1_0_8_top |          0 |          0 |       0 |    0 |     0 |      0 |      0 |          0 |
|           aw_la_out_swbd                                                                                        |                                                                                            system_ic_ctrl_0_bd_1315_awoutsw_0 |          0 |          0 |       0 |    0 |     0 |      0 |      0 |          0 |
|             (aw_la_out_swbd)                                                                                    |                                                                                            system_ic_ctrl_0_bd_1315_awoutsw_0 |          0 |          0 |       0 |    0 |     0 |      0 |      0 |          0 |
|             inst                                                                                                |                                                                    system_ic_ctrl_0_sc_switchboard_v1_0_8_top__parameterized0 |          0 |          0 |       0 |    0 |     0 |      0 |      0 |          0 |
|           b_la_in_swbd                                                                                          |                                                                                              system_ic_ctrl_0_bd_1315_binsw_0 |          0 |          0 |       0 |    0 |     0 |      0 |      0 |          0 |
|             (b_la_in_swbd)                                                                                      |                                                                                              system_ic_ctrl_0_bd_1315_binsw_0 |          0 |          0 |       0 |    0 |     0 |      0 |      0 |          0 |
|             inst                                                                                                |                                                                    system_ic_ctrl_0_sc_switchboard_v1_0_8_top__parameterized1 |          0 |          0 |       0 |    0 |     0 |      0 |      0 |          0 |
|           b_la_out_swbd                                                                                         |                                                                                             system_ic_ctrl_0_bd_1315_boutsw_0 |          1 |          1 |       0 |    0 |     0 |      0 |      0 |          0 |
|             (b_la_out_swbd)                                                                                     |                                                                                             system_ic_ctrl_0_bd_1315_boutsw_0 |          0 |          0 |       0 |    0 |     0 |      0 |      0 |          0 |
|             inst                                                                                                |                                                                    system_ic_ctrl_0_sc_switchboard_v1_0_8_top__parameterized2 |          1 |          1 |       0 |    0 |     0 |      0 |      0 |          0 |
|               (inst)                                                                                            |                                                                    system_ic_ctrl_0_sc_switchboard_v1_0_8_top__parameterized2 |          0 |          0 |       0 |    0 |     0 |      0 |      0 |          0 |
|               gen_mi[0].inst_mux_payld                                                                          |                                                                           system_ic_ctrl_0_sc_util_v1_0_4_mux__parameterized1 |          1 |          1 |       0 |    0 |     0 |      0 |      0 |          0 |
|           i_nodes                                                                                               |                                                                                           system_ic_ctrl_0_i_nodes_imp_5K5JPK |         88 |         88 |       0 |    0 |   193 |      0 |      0 |          0 |
|             i_ar_node                                                                                           |                                                                                               system_ic_ctrl_0_bd_1315_arni_0 |         13 |         13 |       0 |    0 |    28 |      0 |      0 |          0 |
|               (i_ar_node)                                                                                       |                                                                                               system_ic_ctrl_0_bd_1315_arni_0 |          0 |          0 |       0 |    0 |     0 |      0 |      0 |          0 |
|               inst                                                                                              |                                                                          system_ic_ctrl_0_sc_node_v1_0_16_top__parameterized9 |         13 |         13 |       0 |    0 |    28 |      0 |      0 |          0 |
|                 (inst)                                                                                          |                                                                          system_ic_ctrl_0_sc_node_v1_0_16_top__parameterized9 |          3 |          3 |       0 |    0 |     1 |      0 |      0 |          0 |
|                 inst_mi_handler                                                                                 |                                                                   system_ic_ctrl_0_sc_node_v1_0_16_mi_handler__parameterized9 |          8 |          8 |       0 |    0 |    21 |      0 |      0 |          0 |
|                   (inst_mi_handler)                                                                             |                                                                   system_ic_ctrl_0_sc_node_v1_0_16_mi_handler__parameterized9 |          0 |          0 |       0 |    0 |     2 |      0 |      0 |          0 |
|                   gen_normal_area.inst_fifo_node_payld                                                          |                                                                                      system_ic_ctrl_0_sc_node_v1_0_16_fifo_11 |          8 |          8 |       0 |    0 |    19 |      0 |      0 |          0 |
|                     gen_reg_fifo.inst_reg_fifo                                                                  |                                                                                  system_ic_ctrl_0_sc_node_v1_0_16_reg_fifo_12 |          8 |          8 |       0 |    0 |    19 |      0 |      0 |          0 |
|                       (gen_reg_fifo.inst_reg_fifo)                                                              |                                                                                  system_ic_ctrl_0_sc_node_v1_0_16_reg_fifo_12 |          3 |          3 |       0 |    0 |    17 |      0 |      0 |          0 |
|                       gen_single_rank.inst_cntr                                                                 |                                                                    system_ic_ctrl_0_sc_util_v1_0_4_counter__parameterized0_13 |          5 |          5 |       0 |    0 |     2 |      0 |      0 |          0 |
|                 m_sc_xpm_cdc_async_rst_inst                                                                     |                                                                                        system_ic_ctrl_0_xpm_cdc_async_rst__47 |          1 |          1 |       0 |    0 |     3 |      0 |      0 |          0 |
|                 s_sc_xpm_cdc_async_rst_inst                                                                     |                                                                                        system_ic_ctrl_0_xpm_cdc_async_rst__46 |          1 |          1 |       0 |    0 |     3 |      0 |      0 |          0 |
|             i_aw_node                                                                                           |                                                                                               system_ic_ctrl_0_bd_1315_awni_0 |         13 |         13 |       0 |    0 |    28 |      0 |      0 |          0 |
|               (i_aw_node)                                                                                       |                                                                                               system_ic_ctrl_0_bd_1315_awni_0 |          0 |          0 |       0 |    0 |     0 |      0 |      0 |          0 |
|               inst                                                                                              |                                                                         system_ic_ctrl_0_sc_node_v1_0_16_top__parameterized10 |         13 |         13 |       0 |    0 |    28 |      0 |      0 |          0 |
|                 (inst)                                                                                          |                                                                         system_ic_ctrl_0_sc_node_v1_0_16_top__parameterized10 |          3 |          3 |       0 |    0 |     1 |      0 |      0 |          0 |
|                 inst_mi_handler                                                                                 |                                                                  system_ic_ctrl_0_sc_node_v1_0_16_mi_handler__parameterized10 |          8 |          8 |       0 |    0 |    21 |      0 |      0 |          0 |
|                   (inst_mi_handler)                                                                             |                                                                  system_ic_ctrl_0_sc_node_v1_0_16_mi_handler__parameterized10 |          0 |          0 |       0 |    0 |     2 |      0 |      0 |          0 |
|                   gen_normal_area.inst_fifo_node_payld                                                          |                                                                                         system_ic_ctrl_0_sc_node_v1_0_16_fifo |          8 |          8 |       0 |    0 |    19 |      0 |      0 |          0 |
|                     gen_reg_fifo.inst_reg_fifo                                                                  |                                                                                     system_ic_ctrl_0_sc_node_v1_0_16_reg_fifo |          8 |          8 |       0 |    0 |    19 |      0 |      0 |          0 |
|                       (gen_reg_fifo.inst_reg_fifo)                                                              |                                                                                     system_ic_ctrl_0_sc_node_v1_0_16_reg_fifo |          3 |          3 |       0 |    0 |    17 |      0 |      0 |          0 |
|                       gen_single_rank.inst_cntr                                                                 |                                                                    system_ic_ctrl_0_sc_util_v1_0_4_counter__parameterized0_10 |          5 |          5 |       0 |    0 |     2 |      0 |      0 |          0 |
|                 m_sc_xpm_cdc_async_rst_inst                                                                     |                                                                                        system_ic_ctrl_0_xpm_cdc_async_rst__49 |          1 |          1 |       0 |    0 |     3 |      0 |      0 |          0 |
|                 s_sc_xpm_cdc_async_rst_inst                                                                     |                                                                                        system_ic_ctrl_0_xpm_cdc_async_rst__48 |          1 |          1 |       0 |    0 |     3 |      0 |      0 |          0 |
|             i_b_node                                                                                            |                                                                                                system_ic_ctrl_0_bd_1315_bni_0 |         25 |         25 |       0 |    0 |    27 |      0 |      0 |          0 |
|               (i_b_node)                                                                                        |                                                                                                system_ic_ctrl_0_bd_1315_bni_0 |          0 |          0 |       0 |    0 |     0 |      0 |      0 |          0 |
|               inst                                                                                              |                                                                         system_ic_ctrl_0_sc_node_v1_0_16_top__parameterized11 |         25 |         25 |       0 |    0 |    27 |      0 |      0 |          0 |
|                 (inst)                                                                                          |                                                                         system_ic_ctrl_0_sc_node_v1_0_16_top__parameterized11 |          3 |          3 |       0 |    0 |     1 |      0 |      0 |          0 |
|                 inst_mi_handler                                                                                 |                                                                  system_ic_ctrl_0_sc_node_v1_0_16_mi_handler__parameterized11 |          8 |          8 |       0 |    0 |     9 |      0 |      0 |          0 |
|                   (inst_mi_handler)                                                                             |                                                                  system_ic_ctrl_0_sc_node_v1_0_16_mi_handler__parameterized11 |          0 |          0 |       0 |    0 |     2 |      0 |      0 |          0 |
|                   gen_normal_area.gen_fi_regulator.inst_fi_regulator                                            |                                                                               system_ic_ctrl_0_sc_node_v1_0_16_fi_regulator_8 |          1 |          1 |       0 |    0 |     1 |      0 |      0 |          0 |
|                   gen_normal_area.inst_fifo_node_payld                                                          |                                                                         system_ic_ctrl_0_sc_node_v1_0_16_fifo__parameterized0 |          7 |          7 |       0 |    0 |     6 |      0 |      0 |          0 |
|                     gen_reg_fifo.inst_reg_fifo                                                                  |                                                                     system_ic_ctrl_0_sc_node_v1_0_16_reg_fifo__parameterized0 |          7 |          7 |       0 |    0 |     6 |      0 |      0 |          0 |
|                       (gen_reg_fifo.inst_reg_fifo)                                                              |                                                                     system_ic_ctrl_0_sc_node_v1_0_16_reg_fifo__parameterized0 |          3 |          3 |       0 |    0 |     4 |      0 |      0 |          0 |
|                       gen_single_rank.inst_cntr                                                                 |                                                                     system_ic_ctrl_0_sc_util_v1_0_4_counter__parameterized0_9 |          4 |          4 |       0 |    0 |     2 |      0 |      0 |          0 |
|                 inst_si_handler                                                                                 |                                                                 system_ic_ctrl_0_sc_node_v1_0_16_si_handler__parameterized6_4 |         12 |         12 |       0 |    0 |    11 |      0 |      0 |          0 |
|                   (inst_si_handler)                                                                             |                                                                 system_ic_ctrl_0_sc_node_v1_0_16_si_handler__parameterized6_4 |          0 |          0 |       0 |    0 |     1 |      0 |      0 |          0 |
|                   gen_si_handler.gen_arbiter_rr_minimal_area.inst_arbiter                                       |                                                                                 system_ic_ctrl_0_sc_node_v1_0_16_arb_alg_rr_5 |          6 |          6 |       0 |    0 |     4 |      0 |      0 |          0 |
|                   gen_si_handler.gen_request_counters.gen_req_counter[0].inst_req_counter                       |                                                                     system_ic_ctrl_0_sc_util_v1_0_4_counter__parameterized1_6 |          3 |          3 |       0 |    0 |     3 |      0 |      0 |          0 |
|                   gen_si_handler.gen_request_counters.gen_req_counter[1].inst_req_counter                       |                                                                     system_ic_ctrl_0_sc_util_v1_0_4_counter__parameterized1_7 |          3 |          3 |       0 |    0 |     3 |      0 |      0 |          0 |
|                 m_sc_xpm_cdc_async_rst_inst                                                                     |                                                                                        system_ic_ctrl_0_xpm_cdc_async_rst__51 |          1 |          1 |       0 |    0 |     3 |      0 |      0 |          0 |
|                 s_sc_xpm_cdc_async_rst_inst                                                                     |                                                                                        system_ic_ctrl_0_xpm_cdc_async_rst__50 |          1 |          1 |       0 |    0 |     3 |      0 |      0 |          0 |
|             i_r_node                                                                                            |                                                                                                system_ic_ctrl_0_bd_1315_rni_0 |         24 |         24 |       0 |    0 |    59 |      0 |      0 |          0 |
|               (i_r_node)                                                                                        |                                                                                                system_ic_ctrl_0_bd_1315_rni_0 |          0 |          0 |       0 |    0 |     0 |      0 |      0 |          0 |
|               inst                                                                                              |                                                                         system_ic_ctrl_0_sc_node_v1_0_16_top__parameterized12 |         24 |         24 |       0 |    0 |    59 |      0 |      0 |          0 |
|                 (inst)                                                                                          |                                                                         system_ic_ctrl_0_sc_node_v1_0_16_top__parameterized12 |          3 |          3 |       0 |    0 |     1 |      0 |      0 |          0 |
|                 inst_mi_handler                                                                                 |                                                                  system_ic_ctrl_0_sc_node_v1_0_16_mi_handler__parameterized12 |          7 |          7 |       0 |    0 |    41 |      0 |      0 |          0 |
|                   (inst_mi_handler)                                                                             |                                                                  system_ic_ctrl_0_sc_node_v1_0_16_mi_handler__parameterized12 |          0 |          0 |       0 |    0 |     2 |      0 |      0 |          0 |
|                   gen_normal_area.gen_fi_regulator.inst_fi_regulator                                            |                                                                                 system_ic_ctrl_0_sc_node_v1_0_16_fi_regulator |          1 |          1 |       0 |    0 |     1 |      0 |      0 |          0 |
|                   gen_normal_area.inst_fifo_node_payld                                                          |                                                                       system_ic_ctrl_0_sc_node_v1_0_16_fifo__parameterized1_1 |          6 |          6 |       0 |    0 |    38 |      0 |      0 |          0 |
|                     gen_reg_fifo.inst_reg_fifo                                                                  |                                                                   system_ic_ctrl_0_sc_node_v1_0_16_reg_fifo__parameterized1_2 |          6 |          6 |       0 |    0 |    38 |      0 |      0 |          0 |
|                       (gen_reg_fifo.inst_reg_fifo)                                                              |                                                                   system_ic_ctrl_0_sc_node_v1_0_16_reg_fifo__parameterized1_2 |          2 |          2 |       0 |    0 |    36 |      0 |      0 |          0 |
|                       gen_single_rank.inst_cntr                                                                 |                                                                     system_ic_ctrl_0_sc_util_v1_0_4_counter__parameterized0_3 |          4 |          4 |       0 |    0 |     2 |      0 |      0 |          0 |
|                 inst_si_handler                                                                                 |                                                                   system_ic_ctrl_0_sc_node_v1_0_16_si_handler__parameterized6 |         12 |         12 |       0 |    0 |    11 |      0 |      0 |          0 |
|                   (inst_si_handler)                                                                             |                                                                   system_ic_ctrl_0_sc_node_v1_0_16_si_handler__parameterized6 |          0 |          0 |       0 |    0 |     1 |      0 |      0 |          0 |
|                   gen_si_handler.gen_arbiter_rr_minimal_area.inst_arbiter                                       |                                                                                   system_ic_ctrl_0_sc_node_v1_0_16_arb_alg_rr |          6 |          6 |       0 |    0 |     4 |      0 |      0 |          0 |
|                   gen_si_handler.gen_request_counters.gen_req_counter[0].inst_req_counter                       |                                                                       system_ic_ctrl_0_sc_util_v1_0_4_counter__parameterized1 |          3 |          3 |       0 |    0 |     3 |      0 |      0 |          0 |
|                   gen_si_handler.gen_request_counters.gen_req_counter[1].inst_req_counter                       |                                                                     system_ic_ctrl_0_sc_util_v1_0_4_counter__parameterized1_0 |          3 |          3 |       0 |    0 |     3 |      0 |      0 |          0 |
|                 m_sc_xpm_cdc_async_rst_inst                                                                     |                                                                                        system_ic_ctrl_0_xpm_cdc_async_rst__53 |          1 |          1 |       0 |    0 |     3 |      0 |      0 |          0 |
|                 s_sc_xpm_cdc_async_rst_inst                                                                     |                                                                                        system_ic_ctrl_0_xpm_cdc_async_rst__52 |          1 |          1 |       0 |    0 |     3 |      0 |      0 |          0 |
|             i_w_node                                                                                            |                                                                                                system_ic_ctrl_0_bd_1315_wni_0 |         13 |         13 |       0 |    0 |    51 |      0 |      0 |          0 |
|               (i_w_node)                                                                                        |                                                                                                system_ic_ctrl_0_bd_1315_wni_0 |          0 |          0 |       0 |    0 |     0 |      0 |      0 |          0 |
|               inst                                                                                              |                                                                         system_ic_ctrl_0_sc_node_v1_0_16_top__parameterized13 |         13 |         13 |       0 |    0 |    51 |      0 |      0 |          0 |
|                 (inst)                                                                                          |                                                                         system_ic_ctrl_0_sc_node_v1_0_16_top__parameterized13 |          3 |          3 |       0 |    0 |     1 |      0 |      0 |          0 |
|                 inst_mi_handler                                                                                 |                                                                  system_ic_ctrl_0_sc_node_v1_0_16_mi_handler__parameterized13 |          8 |          8 |       0 |    0 |    44 |      0 |      0 |          0 |
|                   (inst_mi_handler)                                                                             |                                                                  system_ic_ctrl_0_sc_node_v1_0_16_mi_handler__parameterized13 |          0 |          0 |       0 |    0 |     2 |      0 |      0 |          0 |
|                   gen_normal_area.inst_fifo_node_payld                                                          |                                                                         system_ic_ctrl_0_sc_node_v1_0_16_fifo__parameterized1 |          8 |          8 |       0 |    0 |    42 |      0 |      0 |          0 |
|                     gen_reg_fifo.inst_reg_fifo                                                                  |                                                                     system_ic_ctrl_0_sc_node_v1_0_16_reg_fifo__parameterized1 |          8 |          8 |       0 |    0 |    42 |      0 |      0 |          0 |
|                       (gen_reg_fifo.inst_reg_fifo)                                                              |                                                                     system_ic_ctrl_0_sc_node_v1_0_16_reg_fifo__parameterized1 |          3 |          3 |       0 |    0 |    40 |      0 |      0 |          0 |
|                       gen_single_rank.inst_cntr                                                                 |                                                                       system_ic_ctrl_0_sc_util_v1_0_4_counter__parameterized0 |          5 |          5 |       0 |    0 |     2 |      0 |      0 |          0 |
|                 m_sc_xpm_cdc_async_rst_inst                                                                     |                                                                                            system_ic_ctrl_0_xpm_cdc_async_rst |          1 |          1 |       0 |    0 |     3 |      0 |      0 |          0 |
|                 s_sc_xpm_cdc_async_rst_inst                                                                     |                                                                                        system_ic_ctrl_0_xpm_cdc_async_rst__54 |          1 |          1 |       0 |    0 |     3 |      0 |      0 |          0 |
|           r_la_in_swbd                                                                                          |                                                                                              system_ic_ctrl_0_bd_1315_rinsw_0 |          0 |          0 |       0 |    0 |     0 |      0 |      0 |          0 |
|             (r_la_in_swbd)                                                                                      |                                                                                              system_ic_ctrl_0_bd_1315_rinsw_0 |          0 |          0 |       0 |    0 |     0 |      0 |      0 |          0 |
|             inst                                                                                                |                                                                    system_ic_ctrl_0_sc_switchboard_v1_0_8_top__parameterized3 |          0 |          0 |       0 |    0 |     0 |      0 |      0 |          0 |
|           r_la_out_swbd                                                                                         |                                                                                             system_ic_ctrl_0_bd_1315_routsw_0 |         17 |         17 |       0 |    0 |     0 |      0 |      0 |          0 |
|             (r_la_out_swbd)                                                                                     |                                                                                             system_ic_ctrl_0_bd_1315_routsw_0 |          0 |          0 |       0 |    0 |     0 |      0 |      0 |          0 |
|             inst                                                                                                |                                                                    system_ic_ctrl_0_sc_switchboard_v1_0_8_top__parameterized4 |         17 |         17 |       0 |    0 |     0 |      0 |      0 |          0 |
|               (inst)                                                                                            |                                                                    system_ic_ctrl_0_sc_switchboard_v1_0_8_top__parameterized4 |          0 |          0 |       0 |    0 |     0 |      0 |      0 |          0 |
|               gen_mi[0].inst_mux_payld                                                                          |                                                                           system_ic_ctrl_0_sc_util_v1_0_4_mux__parameterized3 |         17 |         17 |       0 |    0 |     0 |      0 |      0 |          0 |
|           w_la_in_swbd                                                                                          |                                                                                              system_ic_ctrl_0_bd_1315_winsw_0 |          0 |          0 |       0 |    0 |     0 |      0 |      0 |          0 |
|             (w_la_in_swbd)                                                                                      |                                                                                              system_ic_ctrl_0_bd_1315_winsw_0 |          0 |          0 |       0 |    0 |     0 |      0 |      0 |          0 |
|             inst                                                                                                |                                                                    system_ic_ctrl_0_sc_switchboard_v1_0_8_top__parameterized5 |          0 |          0 |       0 |    0 |     0 |      0 |      0 |          0 |
|           w_la_out_swbd                                                                                         |                                                                                             system_ic_ctrl_0_bd_1315_woutsw_0 |          0 |          0 |       0 |    0 |     0 |      0 |      0 |          0 |
|             (w_la_out_swbd)                                                                                     |                                                                                             system_ic_ctrl_0_bd_1315_woutsw_0 |          0 |          0 |       0 |    0 |     0 |      0 |      0 |          0 |
|             inst                                                                                                |                                                                    system_ic_ctrl_0_sc_switchboard_v1_0_8_top__parameterized6 |          0 |          0 |       0 |    0 |     0 |      0 |      0 |          0 |
|     ic_data_hp0                                                                                                 |                                                                                                          system_ic_data_hp0_0 |       5960 |       4802 |    1098 |   60 |  7522 |      0 |      0 |          0 |
|       (ic_data_hp0)                                                                                             |                                                                                                          system_ic_data_hp0_0 |          0 |          0 |       0 |    0 |     0 |      0 |      0 |          0 |
|       inst                                                                                                      |                                                                                                  system_ic_data_hp0_0_bd_8fe8 |       5960 |       4802 |    1098 |   60 |  7522 |      0 |      0 |          0 |
|         (inst)                                                                                                  |                                                                                                  system_ic_data_hp0_0_bd_8fe8 |          0 |          0 |       0 |    0 |     0 |      0 |      0 |          0 |
|         clk_map                                                                                                 |                                                                                       system_ic_data_hp0_0_clk_map_imp_RGTGPM |         13 |         12 |       0 |    1 |    22 |      0 |      0 |          0 |
|           psr_aclk                                                                                              |                                                                                       system_ic_data_hp0_0_bd_8fe8_psr_aclk_0 |         13 |         12 |       0 |    1 |    22 |      0 |      0 |          0 |
|             U0                                                                                                  |                                                                                           system_ic_data_hp0_0_proc_sys_reset |         13 |         12 |       0 |    1 |    22 |      0 |      0 |          0 |
|               (U0)                                                                                              |                                                                                           system_ic_data_hp0_0_proc_sys_reset |          0 |          0 |       0 |    0 |     1 |      0 |      0 |          0 |
|               EXT_LPF                                                                                           |                                                                                                      system_ic_data_hp0_0_lpf |          3 |          2 |       0 |    1 |     6 |      0 |      0 |          0 |
|                 (EXT_LPF)                                                                                       |                                                                                                      system_ic_data_hp0_0_lpf |          2 |          1 |       0 |    1 |     2 |      0 |      0 |          0 |
|                 ACTIVE_LOW_AUX.ACT_LO_AUX                                                                       |                                                                                                 system_ic_data_hp0_0_cdc_sync |          1 |          1 |       0 |    0 |     4 |      0 |      0 |          0 |
|               SEQ                                                                                               |                                                                                             system_ic_data_hp0_0_sequence_psr |         10 |         10 |       0 |    0 |    15 |      0 |      0 |          0 |
|                 (SEQ)                                                                                           |                                                                                             system_ic_data_hp0_0_sequence_psr |          5 |          5 |       0 |    0 |     9 |      0 |      0 |          0 |
|                 SEQ_COUNTER                                                                                     |                                                                                                  system_ic_data_hp0_0_upcnt_n |          5 |          5 |       0 |    0 |     6 |      0 |      0 |          0 |
|         m00_exit_pipeline                                                                                       |                                                                            system_ic_data_hp0_0_m00_exit_pipeline_imp_16TFXTT |        670 |        642 |       0 |   28 |   987 |      0 |      0 |          0 |
|           m00_exit                                                                                              |                                                                                           system_ic_data_hp0_0_bd_8fe8_m00e_0 |        670 |        642 |       0 |   28 |   987 |      0 |      0 |          0 |
|             (m00_exit)                                                                                          |                                                                                           system_ic_data_hp0_0_bd_8fe8_m00e_0 |          0 |          0 |       0 |    0 |     0 |      0 |      0 |          0 |
|             inst                                                                                                |                                                                                      system_ic_data_hp0_0_sc_exit_v1_0_15_top |        670 |        642 |       0 |   28 |   987 |      0 |      0 |          0 |
|               (inst)                                                                                            |                                                                                      system_ic_data_hp0_0_sc_exit_v1_0_15_top |          1 |          1 |       0 |    0 |     2 |      0 |      0 |          0 |
|               ar_reg                                                                                            |                                                                         system_ic_data_hp0_0_sc_util_v1_0_4_axi_reg_stall_271 |         31 |         31 |       0 |    0 |   102 |      0 |      0 |          0 |
|               aw_reg                                                                                            |                                                                         system_ic_data_hp0_0_sc_util_v1_0_4_axi_reg_stall_272 |         31 |         31 |       0 |    0 |   102 |      0 |      0 |          0 |
|               b_reg                                                                                             |                                                                         system_ic_data_hp0_0_sc_util_v1_0_4_axi_reg_stall_273 |          9 |          9 |       0 |    0 |     8 |      0 |      0 |          0 |
|               exit_inst                                                                                         |                                                                                     system_ic_data_hp0_0_sc_exit_v1_0_15_exit |         92 |         71 |       0 |   21 |    38 |      0 |      0 |          0 |
|                 (exit_inst)                                                                                     |                                                                                     system_ic_data_hp0_0_sc_exit_v1_0_15_exit |         10 |         10 |       0 |    0 |     1 |      0 |      0 |          0 |
|                 gen_r_cmd_fifo.r_cmd_fifo                                                                       |                                                         system_ic_data_hp0_0_sc_util_v1_0_4_axic_reg_srl_fifo__parameterized2 |         61 |         44 |       0 |   17 |    25 |      0 |      0 |          0 |
|                   (gen_r_cmd_fifo.r_cmd_fifo)                                                                   |                                                         system_ic_data_hp0_0_sc_util_v1_0_4_axic_reg_srl_fifo__parameterized2 |         26 |         26 |       0 |    0 |    25 |      0 |      0 |          0 |
|                   gen_srls[10].srl_nx1                                                                          |                                                                               system_ic_data_hp0_0_sc_util_v1_0_4_srl_rtl_291 |          2 |          1 |       0 |    1 |     0 |      0 |      0 |          0 |
|                   gen_srls[11].srl_nx1                                                                          |                                                                               system_ic_data_hp0_0_sc_util_v1_0_4_srl_rtl_292 |          2 |          1 |       0 |    1 |     0 |      0 |      0 |          0 |
|                   gen_srls[12].srl_nx1                                                                          |                                                                               system_ic_data_hp0_0_sc_util_v1_0_4_srl_rtl_293 |          2 |          1 |       0 |    1 |     0 |      0 |      0 |          0 |
|                   gen_srls[13].srl_nx1                                                                          |                                                                               system_ic_data_hp0_0_sc_util_v1_0_4_srl_rtl_294 |          2 |          1 |       0 |    1 |     0 |      0 |      0 |          0 |
|                   gen_srls[14].srl_nx1                                                                          |                                                                               system_ic_data_hp0_0_sc_util_v1_0_4_srl_rtl_295 |          2 |          1 |       0 |    1 |     0 |      0 |      0 |          0 |
|                   gen_srls[15].srl_nx1                                                                          |                                                                               system_ic_data_hp0_0_sc_util_v1_0_4_srl_rtl_296 |          2 |          1 |       0 |    1 |     0 |      0 |      0 |          0 |
|                   gen_srls[16].srl_nx1                                                                          |                                                                               system_ic_data_hp0_0_sc_util_v1_0_4_srl_rtl_297 |          2 |          1 |       0 |    1 |     0 |      0 |      0 |          0 |
|                   gen_srls[17].srl_nx1                                                                          |                                                                               system_ic_data_hp0_0_sc_util_v1_0_4_srl_rtl_298 |          2 |          1 |       0 |    1 |     0 |      0 |      0 |          0 |
|                   gen_srls[18].srl_nx1                                                                          |                                                                               system_ic_data_hp0_0_sc_util_v1_0_4_srl_rtl_299 |          3 |          2 |       0 |    1 |     0 |      0 |      0 |          0 |
|                   gen_srls[2].srl_nx1                                                                           |                                                                               system_ic_data_hp0_0_sc_util_v1_0_4_srl_rtl_300 |          2 |          1 |       0 |    1 |     0 |      0 |      0 |          0 |
|                   gen_srls[3].srl_nx1                                                                           |                                                                               system_ic_data_hp0_0_sc_util_v1_0_4_srl_rtl_301 |          2 |          1 |       0 |    1 |     0 |      0 |      0 |          0 |
|                   gen_srls[4].srl_nx1                                                                           |                                                                               system_ic_data_hp0_0_sc_util_v1_0_4_srl_rtl_302 |          2 |          1 |       0 |    1 |     0 |      0 |      0 |          0 |
|                   gen_srls[5].srl_nx1                                                                           |                                                                               system_ic_data_hp0_0_sc_util_v1_0_4_srl_rtl_303 |          2 |          1 |       0 |    1 |     0 |      0 |      0 |          0 |
|                   gen_srls[6].srl_nx1                                                                           |                                                                               system_ic_data_hp0_0_sc_util_v1_0_4_srl_rtl_304 |          2 |          1 |       0 |    1 |     0 |      0 |      0 |          0 |
|                   gen_srls[7].srl_nx1                                                                           |                                                                               system_ic_data_hp0_0_sc_util_v1_0_4_srl_rtl_305 |          2 |          1 |       0 |    1 |     0 |      0 |      0 |          0 |
|                   gen_srls[8].srl_nx1                                                                           |                                                                               system_ic_data_hp0_0_sc_util_v1_0_4_srl_rtl_306 |          2 |          1 |       0 |    1 |     0 |      0 |      0 |          0 |
|                   gen_srls[9].srl_nx1                                                                           |                                                                               system_ic_data_hp0_0_sc_util_v1_0_4_srl_rtl_307 |          2 |          1 |       0 |    1 |     0 |      0 |      0 |          0 |
|                 gen_w_cmd_fifo.w_cmd_fifo                                                                       |                                                         system_ic_data_hp0_0_sc_util_v1_0_4_axic_reg_srl_fifo__parameterized3 |         21 |         17 |       0 |    4 |    12 |      0 |      0 |          0 |
|                   (gen_w_cmd_fifo.w_cmd_fifo)                                                                   |                                                         system_ic_data_hp0_0_sc_util_v1_0_4_axic_reg_srl_fifo__parameterized3 |         12 |         12 |       0 |    0 |    12 |      0 |      0 |          0 |
|                   gen_srls[1].srl_nx1                                                                           |                                                                               system_ic_data_hp0_0_sc_util_v1_0_4_srl_rtl_287 |          2 |          1 |       0 |    1 |     0 |      0 |      0 |          0 |
|                   gen_srls[2].srl_nx1                                                                           |                                                                               system_ic_data_hp0_0_sc_util_v1_0_4_srl_rtl_288 |          2 |          1 |       0 |    1 |     0 |      0 |      0 |          0 |
|                   gen_srls[3].srl_nx1                                                                           |                                                                               system_ic_data_hp0_0_sc_util_v1_0_4_srl_rtl_289 |          2 |          1 |       0 |    1 |     0 |      0 |      0 |          0 |
|                   gen_srls[4].srl_nx1                                                                           |                                                                               system_ic_data_hp0_0_sc_util_v1_0_4_srl_rtl_290 |          3 |          2 |       0 |    1 |     0 |      0 |      0 |          0 |
|               r_reg                                                                                             |                                                                         system_ic_data_hp0_0_sc_util_v1_0_4_axi_reg_stall_274 |         44 |         44 |       0 |    0 |   138 |      0 |      0 |          0 |
|               splitter_inst                                                                                     |                                                                                 system_ic_data_hp0_0_sc_exit_v1_0_15_splitter |        419 |        412 |       0 |    7 |   444 |      0 |      0 |          0 |
|                 (splitter_inst)                                                                                 |                                                                                 system_ic_data_hp0_0_sc_exit_v1_0_15_splitter |          0 |          0 |       0 |    0 |     1 |      0 |      0 |          0 |
|                 gen_axi3.splitter_inst                                                                          |                                                                                system_ic_data_hp0_0_sc_exit_v1_0_15_axi3_conv |        419 |        412 |       0 |    7 |   443 |      0 |      0 |          0 |
|                   (gen_axi3.splitter_inst)                                                                      |                                                                                system_ic_data_hp0_0_sc_exit_v1_0_15_axi3_conv |         98 |         98 |       0 |    0 |   142 |      0 |      0 |          0 |
|                   ar_cmd_reg                                                                                    |                                                                         system_ic_data_hp0_0_sc_util_v1_0_4_axi_reg_stall_276 |        130 |        130 |       0 |    0 |   142 |      0 |      0 |          0 |
|                   aw_cmd_reg                                                                                    |                                                                         system_ic_data_hp0_0_sc_util_v1_0_4_axi_reg_stall_277 |        119 |        119 |       0 |    0 |   128 |      0 |      0 |          0 |
|                   gen_rsplitter.gen_rthread_loop[0].r_split_fifo                                                |                                                                     system_ic_data_hp0_0_sc_util_v1_0_4_axic_reg_srl_fifo_278 |         14 |         13 |       0 |    1 |     9 |      0 |      0 |          0 |
|                     (gen_rsplitter.gen_rthread_loop[0].r_split_fifo)                                            |                                                                     system_ic_data_hp0_0_sc_util_v1_0_4_axic_reg_srl_fifo_278 |         11 |         11 |       0 |    0 |     9 |      0 |      0 |          0 |
|                     gen_srls[0].srl_nx1                                                                         |                                                                               system_ic_data_hp0_0_sc_util_v1_0_4_srl_rtl_286 |          3 |          2 |       0 |    1 |     0 |      0 |      0 |          0 |
|                   gen_wsplitter.gen_wthread_loop[0].b_split_fifo                                                |                                                                     system_ic_data_hp0_0_sc_util_v1_0_4_axic_reg_srl_fifo_279 |         20 |         19 |       0 |    1 |     9 |      0 |      0 |          0 |
|                     (gen_wsplitter.gen_wthread_loop[0].b_split_fifo)                                            |                                                                     system_ic_data_hp0_0_sc_util_v1_0_4_axic_reg_srl_fifo_279 |         15 |         15 |       0 |    0 |     9 |      0 |      0 |          0 |
|                     gen_srls[0].srl_nx1                                                                         |                                                                               system_ic_data_hp0_0_sc_util_v1_0_4_srl_rtl_285 |          5 |          4 |       0 |    1 |     0 |      0 |      0 |          0 |
|                   gen_wsplitter.w_split_fifo                                                                    |                                                         system_ic_data_hp0_0_sc_util_v1_0_4_axic_reg_srl_fifo__parameterized0 |         38 |         33 |       0 |    5 |    13 |      0 |      0 |          0 |
|                     (gen_wsplitter.w_split_fifo)                                                                |                                                         system_ic_data_hp0_0_sc_util_v1_0_4_axic_reg_srl_fifo__parameterized0 |         26 |         26 |       0 |    0 |    13 |      0 |      0 |          0 |
|                     gen_srls[0].srl_nx1                                                                         |                                                                               system_ic_data_hp0_0_sc_util_v1_0_4_srl_rtl_280 |          3 |          2 |       0 |    1 |     0 |      0 |      0 |          0 |
|                     gen_srls[1].srl_nx1                                                                         |                                                                               system_ic_data_hp0_0_sc_util_v1_0_4_srl_rtl_281 |          2 |          1 |       0 |    1 |     0 |      0 |      0 |          0 |
|                     gen_srls[2].srl_nx1                                                                         |                                                                               system_ic_data_hp0_0_sc_util_v1_0_4_srl_rtl_282 |          2 |          1 |       0 |    1 |     0 |      0 |      0 |          0 |
|                     gen_srls[3].srl_nx1                                                                         |                                                                               system_ic_data_hp0_0_sc_util_v1_0_4_srl_rtl_283 |          2 |          1 |       0 |    1 |     0 |      0 |      0 |          0 |
|                     gen_srls[4].srl_nx1                                                                         |                                                                               system_ic_data_hp0_0_sc_util_v1_0_4_srl_rtl_284 |          3 |          2 |       0 |    1 |     0 |      0 |      0 |          0 |
|               w_reg                                                                                             |                                                                         system_ic_data_hp0_0_sc_util_v1_0_4_axi_reg_stall_275 |         42 |         42 |       0 |    0 |   150 |      0 |      0 |          0 |
|               xpm_cdc_async_rst_inst                                                                            |                                                                                    system_ic_data_hp0_0_xpm_cdc_async_rst__25 |          1 |          1 |       0 |    0 |     3 |      0 |      0 |          0 |
|         m00_nodes                                                                                               |                                                                                    system_ic_data_hp0_0_m00_nodes_imp_1K5MLGT |        742 |        501 |     238 |    3 |   678 |      0 |      0 |          0 |
|           m00_ar_node                                                                                           |                                                                                         system_ic_data_hp0_0_bd_8fe8_m00arn_0 |        154 |         94 |      60 |    0 |   148 |      0 |      0 |          0 |
|             (m00_ar_node)                                                                                       |                                                                                         system_ic_data_hp0_0_bd_8fe8_m00arn_0 |          0 |          0 |       0 |    0 |     0 |      0 |      0 |          0 |
|             inst                                                                                                |                                                                                      system_ic_data_hp0_0_sc_node_v1_0_16_top |        154 |         94 |      60 |    0 |   148 |      0 |      0 |          0 |
|               (inst)                                                                                            |                                                                                      system_ic_data_hp0_0_sc_node_v1_0_16_top |          3 |          3 |       0 |    0 |     1 |      0 |      0 |          0 |
|               inst_mi_handler                                                                                   |                                                                               system_ic_data_hp0_0_sc_node_v1_0_16_mi_handler |        125 |         65 |      60 |    0 |   120 |      0 |      0 |          0 |
|                 (inst_mi_handler)                                                                               |                                                                               system_ic_data_hp0_0_sc_node_v1_0_16_mi_handler |          0 |          0 |       0 |    0 |     2 |      0 |      0 |          0 |
|                 gen_normal_area.gen_node_prog_full.inst_node_prog_full                                          |                                                                          system_ic_data_hp0_0_sc_node_v1_0_16_fifo__xdcDup__1 |         37 |         37 |       0 |    0 |    21 |      0 |      0 |          0 |
|                   gen_xpm_memory_fifo.inst_fifo                                                                 |                                                                system_ic_data_hp0_0_sc_util_v1_0_4_xpm_memory_fifo__xdcDup__1 |         37 |         37 |       0 |    0 |    21 |      0 |      0 |          0 |
|                     (gen_xpm_memory_fifo.inst_fifo)                                                             |                                                                system_ic_data_hp0_0_sc_util_v1_0_4_xpm_memory_fifo__xdcDup__1 |          8 |          8 |       0 |    0 |     3 |      0 |      0 |          0 |
|                     gen_mem_rep[0].inst_rd_addrb                                                                |                                                               system_ic_data_hp0_0_sc_util_v1_0_4_counter__parameterized0_268 |          6 |          6 |       0 |    0 |     6 |      0 |      0 |          0 |
|                     gen_mem_rep[0].inst_wr_addra                                                                |                                                               system_ic_data_hp0_0_sc_util_v1_0_4_counter__parameterized0_269 |          4 |          4 |       0 |    0 |     6 |      0 |      0 |          0 |
|                     gen_wr.inst_wr_addra_p1                                                                     |                                                               system_ic_data_hp0_0_sc_util_v1_0_4_counter__parameterized1_270 |         19 |         19 |       0 |    0 |     6 |      0 |      0 |          0 |
|                 gen_normal_area.inst_fifo_node_payld                                                            |                                                          system_ic_data_hp0_0_sc_node_v1_0_16_fifo__parameterized0__xdcDup__1 |         87 |         27 |      60 |    0 |    94 |      0 |      0 |          0 |
|                   gen_xpm_memory_fifo.inst_fifo                                                                 |                                                system_ic_data_hp0_0_sc_util_v1_0_4_xpm_memory_fifo__parameterized0__xdcDup__1 |         87 |         27 |      60 |    0 |    94 |      0 |      0 |          0 |
|                     (gen_xpm_memory_fifo.inst_fifo)                                                             |                                                system_ic_data_hp0_0_sc_util_v1_0_4_xpm_memory_fifo__parameterized0__xdcDup__1 |          4 |          4 |       0 |    0 |     3 |      0 |      0 |          0 |
|                     gen_mem_rep[0].inst_rd_addrb                                                                |                                                               system_ic_data_hp0_0_sc_util_v1_0_4_counter__parameterized0_265 |          6 |          6 |       0 |    0 |     6 |      0 |      0 |          0 |
|                     gen_mem_rep[0].inst_wr_addra                                                                |                                                               system_ic_data_hp0_0_sc_util_v1_0_4_counter__parameterized0_266 |          4 |          4 |       0 |    0 |     6 |      0 |      0 |          0 |
|                     gen_mem_rep[0].inst_xpm_memory                                                              |                                                                        system_ic_data_hp0_0_xpm_memory_sdpram__parameterized0 |         60 |          0 |      60 |    0 |    73 |      0 |      0 |          0 |
|                       (gen_mem_rep[0].inst_xpm_memory)                                                          |                                                                        system_ic_data_hp0_0_xpm_memory_sdpram__parameterized0 |          0 |          0 |       0 |    0 |     0 |      0 |      0 |          0 |
|                       xpm_memory_base_inst                                                                      |                                                                          system_ic_data_hp0_0_xpm_memory_base__parameterized0 |         60 |          0 |      60 |    0 |    73 |      0 |      0 |          0 |
|                     gen_wr.inst_wr_addra_p1                                                                     |                                                               system_ic_data_hp0_0_sc_util_v1_0_4_counter__parameterized1_267 |         13 |         13 |       0 |    0 |     6 |      0 |      0 |          0 |
|                 inst_ingress                                                                                    |                                                                                  system_ic_data_hp0_0_sc_node_v1_0_16_ingress |          1 |          1 |       0 |    0 |     3 |      0 |      0 |          0 |
|                   inst_pipeline_recv                                                                            |                                                              system_ic_data_hp0_0_sc_util_v1_0_4_pipeline__parameterized4_263 |          1 |          1 |       0 |    0 |     2 |      0 |      0 |          0 |
|                   inst_pipeline_valid                                                                           |                                                              system_ic_data_hp0_0_sc_util_v1_0_4_pipeline__parameterized3_264 |          0 |          0 |       0 |    0 |     1 |      0 |      0 |          0 |
|               inst_si_handler                                                                                   |                                                                               system_ic_data_hp0_0_sc_node_v1_0_16_si_handler |         24 |         24 |       0 |    0 |    21 |      0 |      0 |          0 |
|                 (inst_si_handler)                                                                               |                                                                               system_ic_data_hp0_0_sc_node_v1_0_16_si_handler |          0 |          0 |       0 |    0 |     1 |      0 |      0 |          0 |
|                 gen_si_handler.gen_arbiter_rr_normal_area.inst_arbiter                                          |                                                                           system_ic_data_hp0_0_sc_node_v1_0_16_arb_alg_rr_258 |         14 |         14 |       0 |    0 |     8 |      0 |      0 |          0 |
|                 gen_si_handler.gen_request_counters.gen_req_counter[0].inst_req_counter                         |                                                                               system_ic_data_hp0_0_sc_util_v1_0_4_counter_259 |          3 |          3 |       0 |    0 |     3 |      0 |      0 |          0 |
|                 gen_si_handler.gen_request_counters.gen_req_counter[2].inst_req_counter                         |                                                                               system_ic_data_hp0_0_sc_util_v1_0_4_counter_260 |          2 |          2 |       0 |    0 |     3 |      0 |      0 |          0 |
|                 gen_si_handler.gen_request_counters.gen_req_counter[3].inst_req_counter                         |                                                                               system_ic_data_hp0_0_sc_util_v1_0_4_counter_261 |          2 |          2 |       0 |    0 |     3 |      0 |      0 |          0 |
|                 gen_si_handler.gen_request_counters.gen_req_counter[4].inst_req_counter                         |                                                                               system_ic_data_hp0_0_sc_util_v1_0_4_counter_262 |          3 |          3 |       0 |    0 |     3 |      0 |      0 |          0 |
|               m_sc_xpm_cdc_async_rst_inst                                                                       |                                                                                        system_ic_data_hp0_0_xpm_cdc_async_rst |          1 |          1 |       0 |    0 |     3 |      0 |      0 |          0 |
|               s_sc_xpm_cdc_async_rst_inst                                                                       |                                                                                    system_ic_data_hp0_0_xpm_cdc_async_rst__83 |          1 |          1 |       0 |    0 |     3 |      0 |      0 |          0 |
|           m00_aw_node                                                                                           |                                                                                         system_ic_data_hp0_0_bd_8fe8_m00awn_0 |        161 |        106 |      52 |    3 |   147 |      0 |      0 |          0 |
|             (m00_aw_node)                                                                                       |                                                                                         system_ic_data_hp0_0_bd_8fe8_m00awn_0 |          0 |          0 |       0 |    0 |     0 |      0 |      0 |          0 |
|             inst                                                                                                |                                                                      system_ic_data_hp0_0_sc_node_v1_0_16_top__parameterized0 |        161 |        106 |      52 |    3 |   147 |      0 |      0 |          0 |
|               (inst)                                                                                            |                                                                      system_ic_data_hp0_0_sc_node_v1_0_16_top__parameterized0 |          3 |          3 |       0 |    0 |     1 |      0 |      0 |          0 |
|               inst_mi_handler                                                                                   |                                                               system_ic_data_hp0_0_sc_node_v1_0_16_mi_handler__parameterized0 |        116 |         64 |      52 |    0 |   113 |      0 |      0 |          0 |
|                 (inst_mi_handler)                                                                               |                                                               system_ic_data_hp0_0_sc_node_v1_0_16_mi_handler__parameterized0 |          0 |          0 |       0 |    0 |     2 |      0 |      0 |          0 |
|                 gen_normal_area.gen_node_prog_full.inst_node_prog_full                                          |                                                                          system_ic_data_hp0_0_sc_node_v1_0_16_fifo__xdcDup__2 |         37 |         37 |       0 |    0 |    21 |      0 |      0 |          0 |
|                   gen_xpm_memory_fifo.inst_fifo                                                                 |                                                                system_ic_data_hp0_0_sc_util_v1_0_4_xpm_memory_fifo__xdcDup__2 |         37 |         37 |       0 |    0 |    21 |      0 |      0 |          0 |
|                     (gen_xpm_memory_fifo.inst_fifo)                                                             |                                                                system_ic_data_hp0_0_sc_util_v1_0_4_xpm_memory_fifo__xdcDup__2 |          7 |          7 |       0 |    0 |     3 |      0 |      0 |          0 |
|                     gen_mem_rep[0].inst_rd_addrb                                                                |                                                               system_ic_data_hp0_0_sc_util_v1_0_4_counter__parameterized0_255 |          6 |          6 |       0 |    0 |     6 |      0 |      0 |          0 |
|                     gen_mem_rep[0].inst_wr_addra                                                                |                                                               system_ic_data_hp0_0_sc_util_v1_0_4_counter__parameterized0_256 |          4 |          4 |       0 |    0 |     6 |      0 |      0 |          0 |
|                     gen_wr.inst_wr_addra_p1                                                                     |                                                               system_ic_data_hp0_0_sc_util_v1_0_4_counter__parameterized1_257 |         20 |         20 |       0 |    0 |     6 |      0 |      0 |          0 |
|                 gen_normal_area.inst_fifo_node_payld                                                            |                                                                     system_ic_data_hp0_0_sc_node_v1_0_16_fifo__parameterized0 |         78 |         26 |      52 |    0 |    87 |      0 |      0 |          0 |
|                   gen_xpm_memory_fifo.inst_fifo                                                                 |                                                           system_ic_data_hp0_0_sc_util_v1_0_4_xpm_memory_fifo__parameterized0 |         78 |         26 |      52 |    0 |    87 |      0 |      0 |          0 |
|                     (gen_xpm_memory_fifo.inst_fifo)                                                             |                                                           system_ic_data_hp0_0_sc_util_v1_0_4_xpm_memory_fifo__parameterized0 |          4 |          4 |       0 |    0 |     3 |      0 |      0 |          0 |
|                     gen_mem_rep[0].inst_rd_addrb                                                                |                                                               system_ic_data_hp0_0_sc_util_v1_0_4_counter__parameterized0_252 |          6 |          6 |       0 |    0 |     6 |      0 |      0 |          0 |
|                     gen_mem_rep[0].inst_wr_addra                                                                |                                                               system_ic_data_hp0_0_sc_util_v1_0_4_counter__parameterized0_253 |          4 |          4 |       0 |    0 |     6 |      0 |      0 |          0 |
|                     gen_mem_rep[0].inst_xpm_memory                                                              |                                                                     system_ic_data_hp0_0_xpm_memory_sdpram__parameterized0__2 |         52 |          0 |      52 |    0 |    66 |      0 |      0 |          0 |
|                       (gen_mem_rep[0].inst_xpm_memory)                                                          |                                                                     system_ic_data_hp0_0_xpm_memory_sdpram__parameterized0__2 |          0 |          0 |       0 |    0 |     0 |      0 |      0 |          0 |
|                       xpm_memory_base_inst                                                                      |                                                                       system_ic_data_hp0_0_xpm_memory_base__parameterized0__2 |         52 |          0 |      52 |    0 |    66 |      0 |      0 |          0 |
|                     gen_wr.inst_wr_addra_p1                                                                     |                                                               system_ic_data_hp0_0_sc_util_v1_0_4_counter__parameterized1_254 |         12 |         12 |       0 |    0 |     6 |      0 |      0 |          0 |
|                 inst_ingress                                                                                    |                                                                  system_ic_data_hp0_0_sc_node_v1_0_16_ingress__parameterized0 |          1 |          1 |       0 |    0 |     3 |      0 |      0 |          0 |
|                   inst_pipeline_recv                                                                            |                                                                  system_ic_data_hp0_0_sc_util_v1_0_4_pipeline__parameterized4 |          1 |          1 |       0 |    0 |     2 |      0 |      0 |          0 |
|                   inst_pipeline_valid                                                                           |                                                              system_ic_data_hp0_0_sc_util_v1_0_4_pipeline__parameterized3_251 |          0 |          0 |       0 |    0 |     1 |      0 |      0 |          0 |
|               inst_si_handler                                                                                   |                                                               system_ic_data_hp0_0_sc_node_v1_0_16_si_handler__parameterized0 |         40 |         37 |       0 |    3 |    27 |      0 |      0 |          0 |
|                 (inst_si_handler)                                                                               |                                                               system_ic_data_hp0_0_sc_node_v1_0_16_si_handler__parameterized0 |          0 |          0 |       0 |    0 |     1 |      0 |      0 |          0 |
|                 gen_m_axis_arb_fifo.inst_axis_arb_fifo                                                          |                                                         system_ic_data_hp0_0_sc_util_v1_0_4_axic_reg_srl_fifo__parameterized4 |         21 |         18 |       0 |    3 |    11 |      0 |      0 |          0 |
|                   (gen_m_axis_arb_fifo.inst_axis_arb_fifo)                                                      |                                                         system_ic_data_hp0_0_sc_util_v1_0_4_axic_reg_srl_fifo__parameterized4 |         17 |         17 |       0 |    0 |    11 |      0 |      0 |          0 |
|                   gen_srls[1].srl_nx1                                                                           |                                                                               system_ic_data_hp0_0_sc_util_v1_0_4_srl_rtl_248 |          1 |          0 |       0 |    1 |     0 |      0 |      0 |          0 |
|                   gen_srls[3].srl_nx1                                                                           |                                                                               system_ic_data_hp0_0_sc_util_v1_0_4_srl_rtl_249 |          1 |          0 |       0 |    1 |     0 |      0 |      0 |          0 |
|                   gen_srls[4].srl_nx1                                                                           |                                                                               system_ic_data_hp0_0_sc_util_v1_0_4_srl_rtl_250 |          2 |          1 |       0 |    1 |     0 |      0 |      0 |          0 |
|                 gen_si_handler.gen_arbiter_rr_normal_area.inst_arbiter                                          |                                                                               system_ic_data_hp0_0_sc_node_v1_0_16_arb_alg_rr |         12 |         12 |       0 |    0 |     6 |      0 |      0 |          0 |
|                 gen_si_handler.gen_request_counters.gen_req_counter[1].inst_req_counter                         |                                                                                   system_ic_data_hp0_0_sc_util_v1_0_4_counter |          2 |          2 |       0 |    0 |     3 |      0 |      0 |          0 |
|                 gen_si_handler.gen_request_counters.gen_req_counter[3].inst_req_counter                         |                                                                               system_ic_data_hp0_0_sc_util_v1_0_4_counter_246 |          3 |          3 |       0 |    0 |     3 |      0 |      0 |          0 |
|                 gen_si_handler.gen_request_counters.gen_req_counter[4].inst_req_counter                         |                                                                               system_ic_data_hp0_0_sc_util_v1_0_4_counter_247 |          2 |          2 |       0 |    0 |     3 |      0 |      0 |          0 |
|               m_sc_xpm_cdc_async_rst_inst                                                                       |                                                                                    system_ic_data_hp0_0_xpm_cdc_async_rst__82 |          1 |          1 |       0 |    0 |     3 |      0 |      0 |          0 |
|               s_sc_xpm_cdc_async_rst_inst                                                                       |                                                                                    system_ic_data_hp0_0_xpm_cdc_async_rst__81 |          1 |          1 |       0 |    0 |     3 |      0 |      0 |          0 |
|           m00_b_node                                                                                            |                                                                                          system_ic_data_hp0_0_bd_8fe8_m00bn_0 |         96 |         88 |       8 |    0 |    76 |      0 |      0 |          0 |
|             (m00_b_node)                                                                                        |                                                                                          system_ic_data_hp0_0_bd_8fe8_m00bn_0 |          0 |          0 |       0 |    0 |     0 |      0 |      0 |          0 |
|             inst                                                                                                |                                                                      system_ic_data_hp0_0_sc_node_v1_0_16_top__parameterized1 |         96 |         88 |       8 |    0 |    76 |      0 |      0 |          0 |
|               (inst)                                                                                            |                                                                      system_ic_data_hp0_0_sc_node_v1_0_16_top__parameterized1 |          3 |          3 |       0 |    0 |     1 |      0 |      0 |          0 |
|               inst_mi_handler                                                                                   |                                                               system_ic_data_hp0_0_sc_node_v1_0_16_mi_handler__parameterized1 |         90 |         82 |       8 |    0 |    68 |      0 |      0 |          0 |
|                 (inst_mi_handler)                                                                               |                                                               system_ic_data_hp0_0_sc_node_v1_0_16_mi_handler__parameterized1 |          0 |          0 |       0 |    0 |     2 |      0 |      0 |          0 |
|                 gen_normal_area.gen_fifo_req.inst_fifo_req                                                      |                                                          system_ic_data_hp0_0_sc_node_v1_0_16_fifo__parameterized1__xdcDup__1 |         33 |         29 |       4 |    0 |    24 |      0 |      0 |          0 |
|                   gen_xpm_memory_fifo.inst_fifo                                                                 |                                                system_ic_data_hp0_0_sc_util_v1_0_4_xpm_memory_fifo__parameterized1__xdcDup__1 |         33 |         29 |       4 |    0 |    24 |      0 |      0 |          0 |
|                     (gen_xpm_memory_fifo.inst_fifo)                                                             |                                                system_ic_data_hp0_0_sc_util_v1_0_4_xpm_memory_fifo__parameterized1__xdcDup__1 |          4 |          4 |       0 |    0 |     3 |      0 |      0 |          0 |
|                     gen_mem_rep[0].inst_rd_addrb                                                                |                                                               system_ic_data_hp0_0_sc_util_v1_0_4_counter__parameterized0_243 |          6 |          6 |       0 |    0 |     6 |      0 |      0 |          0 |
|                     gen_mem_rep[0].inst_wr_addra                                                                |                                                               system_ic_data_hp0_0_sc_util_v1_0_4_counter__parameterized0_244 |          5 |          5 |       0 |    0 |     6 |      0 |      0 |          0 |
|                     gen_mem_rep[0].inst_xpm_memory                                                              |                                                                        system_ic_data_hp0_0_xpm_memory_sdpram__parameterized1 |          4 |          0 |       4 |    0 |     3 |      0 |      0 |          0 |
|                       (gen_mem_rep[0].inst_xpm_memory)                                                          |                                                                        system_ic_data_hp0_0_xpm_memory_sdpram__parameterized1 |          0 |          0 |       0 |    0 |     0 |      0 |      0 |          0 |
|                       xpm_memory_base_inst                                                                      |                                                                          system_ic_data_hp0_0_xpm_memory_base__parameterized1 |          4 |          0 |       4 |    0 |     3 |      0 |      0 |          0 |
|                     gen_wr.inst_wr_addra_p1                                                                     |                                                               system_ic_data_hp0_0_sc_util_v1_0_4_counter__parameterized1_245 |         14 |         14 |       0 |    0 |     6 |      0 |      0 |          0 |
|                 gen_normal_area.inst_fifo_node_payld                                                            |                                                                     system_ic_data_hp0_0_sc_node_v1_0_16_fifo__parameterized2 |         44 |         40 |       4 |    0 |    28 |      0 |      0 |          0 |
|                   gen_xpm_memory_fifo.inst_fifo                                                                 |                                                           system_ic_data_hp0_0_sc_util_v1_0_4_xpm_memory_fifo__parameterized2 |         44 |         40 |       4 |    0 |    28 |      0 |      0 |          0 |
|                     (gen_xpm_memory_fifo.inst_fifo)                                                             |                                                           system_ic_data_hp0_0_sc_util_v1_0_4_xpm_memory_fifo__parameterized2 |          6 |          6 |       0 |    0 |     4 |      0 |      0 |          0 |
|                     gen_mem_rep[0].inst_rd_addrb                                                                |                                                               system_ic_data_hp0_0_sc_util_v1_0_4_counter__parameterized0_240 |          5 |          5 |       0 |    0 |     6 |      0 |      0 |          0 |
|                     gen_mem_rep[0].inst_wr_addra                                                                |                                                               system_ic_data_hp0_0_sc_util_v1_0_4_counter__parameterized0_241 |          5 |          5 |       0 |    0 |     6 |      0 |      0 |          0 |
|                     gen_mem_rep[0].inst_xpm_memory                                                              |                                                                        system_ic_data_hp0_0_xpm_memory_sdpram__parameterized2 |          4 |          0 |       4 |    0 |     6 |      0 |      0 |          0 |
|                       (gen_mem_rep[0].inst_xpm_memory)                                                          |                                                                        system_ic_data_hp0_0_xpm_memory_sdpram__parameterized2 |          0 |          0 |       0 |    0 |     0 |      0 |      0 |          0 |
|                       xpm_memory_base_inst                                                                      |                                                                          system_ic_data_hp0_0_xpm_memory_base__parameterized2 |          4 |          0 |       4 |    0 |     6 |      0 |      0 |          0 |
|                     gen_wr.inst_wr_addra_p1                                                                     |                                                               system_ic_data_hp0_0_sc_util_v1_0_4_counter__parameterized1_242 |         24 |         24 |       0 |    0 |     6 |      0 |      0 |          0 |
|                 gen_normal_area.inst_fifo_send                                                                  |                                                           system_ic_data_hp0_0_sc_node_v1_0_16_reg_slice3__parameterized0_239 |         13 |         13 |       0 |    0 |    14 |      0 |      0 |          0 |
|               inst_si_handler                                                                                   |                                                           system_ic_data_hp0_0_sc_node_v1_0_16_si_handler__parameterized1_238 |          1 |          1 |       0 |    0 |     1 |      0 |      0 |          0 |
|               m_sc_xpm_cdc_async_rst_inst                                                                       |                                                                                    system_ic_data_hp0_0_xpm_cdc_async_rst__80 |          1 |          1 |       0 |    0 |     3 |      0 |      0 |          0 |
|               s_sc_xpm_cdc_async_rst_inst                                                                       |                                                                                    system_ic_data_hp0_0_xpm_cdc_async_rst__79 |          1 |          1 |       0 |    0 |     3 |      0 |      0 |          0 |
|           m00_r_node                                                                                            |                                                                                          system_ic_data_hp0_0_bd_8fe8_m00rn_0 |        146 |         86 |      60 |    0 |   148 |      0 |      0 |          0 |
|             (m00_r_node)                                                                                        |                                                                                          system_ic_data_hp0_0_bd_8fe8_m00rn_0 |          0 |          0 |       0 |    0 |     0 |      0 |      0 |          0 |
|             inst                                                                                                |                                                                      system_ic_data_hp0_0_sc_node_v1_0_16_top__parameterized2 |        146 |         86 |      60 |    0 |   148 |      0 |      0 |          0 |
|               (inst)                                                                                            |                                                                      system_ic_data_hp0_0_sc_node_v1_0_16_top__parameterized2 |          3 |          3 |       0 |    0 |     1 |      0 |      0 |          0 |
|               inst_mi_handler                                                                                   |                                                               system_ic_data_hp0_0_sc_node_v1_0_16_mi_handler__parameterized2 |        140 |         80 |      60 |    0 |   140 |      0 |      0 |          0 |
|                 (inst_mi_handler)                                                                               |                                                               system_ic_data_hp0_0_sc_node_v1_0_16_mi_handler__parameterized2 |          0 |          0 |       0 |    0 |     2 |      0 |      0 |          0 |
|                 gen_normal_area.gen_fifo_req.inst_fifo_req                                                      |                                                                     system_ic_data_hp0_0_sc_node_v1_0_16_fifo__parameterized1 |         33 |         29 |       4 |    0 |    25 |      0 |      0 |          0 |
|                   gen_xpm_memory_fifo.inst_fifo                                                                 |                                                           system_ic_data_hp0_0_sc_util_v1_0_4_xpm_memory_fifo__parameterized1 |         33 |         29 |       4 |    0 |    25 |      0 |      0 |          0 |
|                     (gen_xpm_memory_fifo.inst_fifo)                                                             |                                                           system_ic_data_hp0_0_sc_util_v1_0_4_xpm_memory_fifo__parameterized1 |          4 |          4 |       0 |    0 |     3 |      0 |      0 |          0 |
|                     gen_mem_rep[0].inst_rd_addrb                                                                |                                                               system_ic_data_hp0_0_sc_util_v1_0_4_counter__parameterized0_235 |          6 |          6 |       0 |    0 |     6 |      0 |      0 |          0 |
|                     gen_mem_rep[0].inst_wr_addra                                                                |                                                               system_ic_data_hp0_0_sc_util_v1_0_4_counter__parameterized0_236 |          5 |          5 |       0 |    0 |     6 |      0 |      0 |          0 |
|                     gen_mem_rep[0].inst_xpm_memory                                                              |                                                                     system_ic_data_hp0_0_xpm_memory_sdpram__parameterized1__2 |          4 |          0 |       4 |    0 |     4 |      0 |      0 |          0 |
|                       (gen_mem_rep[0].inst_xpm_memory)                                                          |                                                                     system_ic_data_hp0_0_xpm_memory_sdpram__parameterized1__2 |          0 |          0 |       0 |    0 |     0 |      0 |      0 |          0 |
|                       xpm_memory_base_inst                                                                      |                                                                       system_ic_data_hp0_0_xpm_memory_base__parameterized1__2 |          4 |          0 |       4 |    0 |     4 |      0 |      0 |          0 |
|                     gen_wr.inst_wr_addra_p1                                                                     |                                                               system_ic_data_hp0_0_sc_util_v1_0_4_counter__parameterized1_237 |         14 |         14 |       0 |    0 |     6 |      0 |      0 |          0 |
|                 gen_normal_area.inst_fifo_node_payld                                                            |                                                                     system_ic_data_hp0_0_sc_node_v1_0_16_fifo__parameterized3 |         95 |         39 |      56 |    0 |    96 |      0 |      0 |          0 |
|                   gen_xpm_memory_fifo.inst_fifo                                                                 |                                                           system_ic_data_hp0_0_sc_util_v1_0_4_xpm_memory_fifo__parameterized3 |         95 |         39 |      56 |    0 |    96 |      0 |      0 |          0 |
|                     (gen_xpm_memory_fifo.inst_fifo)                                                             |                                                           system_ic_data_hp0_0_sc_util_v1_0_4_xpm_memory_fifo__parameterized3 |          5 |          5 |       0 |    0 |     4 |      0 |      0 |          0 |
|                     gen_mem_rep[0].inst_rd_addrb                                                                |                                                               system_ic_data_hp0_0_sc_util_v1_0_4_counter__parameterized0_232 |          4 |          4 |       0 |    0 |     6 |      0 |      0 |          0 |
|                     gen_mem_rep[0].inst_wr_addra                                                                |                                                               system_ic_data_hp0_0_sc_util_v1_0_4_counter__parameterized0_233 |          5 |          5 |       0 |    0 |     6 |      0 |      0 |          0 |
|                     gen_mem_rep[0].inst_xpm_memory                                                              |                                                                        system_ic_data_hp0_0_xpm_memory_sdpram__parameterized3 |         56 |          0 |      56 |    0 |    74 |      0 |      0 |          0 |
|                       (gen_mem_rep[0].inst_xpm_memory)                                                          |                                                                        system_ic_data_hp0_0_xpm_memory_sdpram__parameterized3 |          0 |          0 |       0 |    0 |     0 |      0 |      0 |          0 |
|                       xpm_memory_base_inst                                                                      |                                                                          system_ic_data_hp0_0_xpm_memory_base__parameterized3 |         56 |          0 |      56 |    0 |    74 |      0 |      0 |          0 |
|                     gen_wr.inst_wr_addra_p1                                                                     |                                                               system_ic_data_hp0_0_sc_util_v1_0_4_counter__parameterized1_234 |         25 |         25 |       0 |    0 |     6 |      0 |      0 |          0 |
|                 gen_normal_area.inst_fifo_send                                                                  |                                                               system_ic_data_hp0_0_sc_node_v1_0_16_reg_slice3__parameterized0 |         12 |         12 |       0 |    0 |    17 |      0 |      0 |          0 |
|               inst_si_handler                                                                                   |                                                           system_ic_data_hp0_0_sc_node_v1_0_16_si_handler__parameterized1_231 |          1 |          1 |       0 |    0 |     1 |      0 |      0 |          0 |
|               m_sc_xpm_cdc_async_rst_inst                                                                       |                                                                                    system_ic_data_hp0_0_xpm_cdc_async_rst__78 |          1 |          1 |       0 |    0 |     3 |      0 |      0 |          0 |
|               s_sc_xpm_cdc_async_rst_inst                                                                       |                                                                                    system_ic_data_hp0_0_xpm_cdc_async_rst__77 |          1 |          1 |       0 |    0 |     3 |      0 |      0 |          0 |
|           m00_w_node                                                                                            |                                                                                          system_ic_data_hp0_0_bd_8fe8_m00wn_0 |        185 |        127 |      58 |    0 |   159 |      0 |      0 |          0 |
|             (m00_w_node)                                                                                        |                                                                                          system_ic_data_hp0_0_bd_8fe8_m00wn_0 |          0 |          0 |       0 |    0 |     0 |      0 |      0 |          0 |
|             inst                                                                                                |                                                                      system_ic_data_hp0_0_sc_node_v1_0_16_top__parameterized3 |        185 |        127 |      58 |    0 |   159 |      0 |      0 |          0 |
|               (inst)                                                                                            |                                                                      system_ic_data_hp0_0_sc_node_v1_0_16_top__parameterized3 |          3 |          3 |       0 |    0 |     1 |      0 |      0 |          0 |
|               inst_mi_handler                                                                                   |                                                               system_ic_data_hp0_0_sc_node_v1_0_16_mi_handler__parameterized3 |        120 |         68 |      52 |    0 |   117 |      0 |      0 |          0 |
|                 (inst_mi_handler)                                                                               |                                                               system_ic_data_hp0_0_sc_node_v1_0_16_mi_handler__parameterized3 |          0 |          0 |       0 |    0 |     2 |      0 |      0 |          0 |
|                 gen_normal_area.gen_node_prog_full.inst_node_prog_full                                          |                                                                          system_ic_data_hp0_0_sc_node_v1_0_16_fifo__xdcDup__3 |         40 |         40 |       0 |    0 |    21 |      0 |      0 |          0 |
|                   gen_xpm_memory_fifo.inst_fifo                                                                 |                                                                system_ic_data_hp0_0_sc_util_v1_0_4_xpm_memory_fifo__xdcDup__3 |         40 |         40 |       0 |    0 |    21 |      0 |      0 |          0 |
|                     (gen_xpm_memory_fifo.inst_fifo)                                                             |                                                                system_ic_data_hp0_0_sc_util_v1_0_4_xpm_memory_fifo__xdcDup__3 |         10 |         10 |       0 |    0 |     3 |      0 |      0 |          0 |
|                     gen_mem_rep[0].inst_rd_addrb                                                                |                                                               system_ic_data_hp0_0_sc_util_v1_0_4_counter__parameterized0_228 |          7 |          7 |       0 |    0 |     6 |      0 |      0 |          0 |
|                     gen_mem_rep[0].inst_wr_addra                                                                |                                                               system_ic_data_hp0_0_sc_util_v1_0_4_counter__parameterized0_229 |          4 |          4 |       0 |    0 |     6 |      0 |      0 |          0 |
|                     gen_wr.inst_wr_addra_p1                                                                     |                                                               system_ic_data_hp0_0_sc_util_v1_0_4_counter__parameterized1_230 |         19 |         19 |       0 |    0 |     6 |      0 |      0 |          0 |
|                 gen_normal_area.inst_fifo_node_payld                                                            |                                                          system_ic_data_hp0_0_sc_node_v1_0_16_fifo__parameterized5__xdcDup__1 |         80 |         28 |      52 |    0 |    93 |      0 |      0 |          0 |
|                   gen_xpm_memory_fifo.inst_fifo                                                                 |                                                system_ic_data_hp0_0_sc_util_v1_0_4_xpm_memory_fifo__parameterized5__xdcDup__1 |         80 |         28 |      52 |    0 |    93 |      0 |      0 |          0 |
|                     (gen_xpm_memory_fifo.inst_fifo)                                                             |                                                system_ic_data_hp0_0_sc_util_v1_0_4_xpm_memory_fifo__parameterized5__xdcDup__1 |          4 |          4 |       0 |    0 |     3 |      0 |      0 |          0 |
|                     gen_mem_rep[0].inst_rd_addrb                                                                |                                                               system_ic_data_hp0_0_sc_util_v1_0_4_counter__parameterized0_225 |          6 |          6 |       0 |    0 |     6 |      0 |      0 |          0 |
|                     gen_mem_rep[0].inst_wr_addra                                                                |                                                               system_ic_data_hp0_0_sc_util_v1_0_4_counter__parameterized0_226 |          5 |          5 |       0 |    0 |     6 |      0 |      0 |          0 |
|                     gen_mem_rep[0].inst_xpm_memory                                                              |                                                                        system_ic_data_hp0_0_xpm_memory_sdpram__parameterized5 |         52 |          0 |      52 |    0 |    72 |      0 |      0 |          0 |
|                       (gen_mem_rep[0].inst_xpm_memory)                                                          |                                                                        system_ic_data_hp0_0_xpm_memory_sdpram__parameterized5 |          0 |          0 |       0 |    0 |     0 |      0 |      0 |          0 |
|                       xpm_memory_base_inst                                                                      |                                                                          system_ic_data_hp0_0_xpm_memory_base__parameterized5 |         52 |          0 |      52 |    0 |    72 |      0 |      0 |          0 |
|                     gen_wr.inst_wr_addra_p1                                                                     |                                                               system_ic_data_hp0_0_sc_util_v1_0_4_counter__parameterized1_227 |         13 |         13 |       0 |    0 |     6 |      0 |      0 |          0 |
|                 inst_ingress                                                                                    |                                                                  system_ic_data_hp0_0_sc_node_v1_0_16_ingress__parameterized3 |          0 |          0 |       0 |    0 |     1 |      0 |      0 |          0 |
|                   inst_pipeline_valid                                                                           |                                                              system_ic_data_hp0_0_sc_util_v1_0_4_pipeline__parameterized3_224 |          0 |          0 |       0 |    0 |     1 |      0 |      0 |          0 |
|               inst_si_handler                                                                                   |                                                               system_ic_data_hp0_0_sc_node_v1_0_16_si_handler__parameterized3 |         60 |         54 |       6 |    0 |    35 |      0 |      0 |          0 |
|                 (inst_si_handler)                                                                               |                                                               system_ic_data_hp0_0_sc_node_v1_0_16_si_handler__parameterized3 |          0 |          0 |       0 |    0 |     1 |      0 |      0 |          0 |
|                 gen_si_handler.gen_axis_packet_slave_normal_area.inst_allow_transfer_late                       |                                                              system_ic_data_hp0_0_sc_util_v1_0_4_pipeline__parameterized3_216 |          0 |          0 |       0 |    0 |     1 |      0 |      0 |          0 |
|                 gen_si_handler.gen_request_fifos.gen_req_fifo[0].inst_req_fifo                                  |                                                          system_ic_data_hp0_0_sc_node_v1_0_16_fifo__parameterized4__xdcDup__1 |          6 |          6 |       0 |    0 |     0 |      0 |      0 |          0 |
|                   gen_xpm_memory_fifo.inst_fifo                                                                 |                                                system_ic_data_hp0_0_sc_util_v1_0_4_xpm_memory_fifo__parameterized4__xdcDup__1 |          6 |          6 |       0 |    0 |     0 |      0 |      0 |          0 |
|                 gen_si_handler.gen_request_fifos.gen_req_fifo[1].inst_req_fifo                                  |                                                          system_ic_data_hp0_0_sc_node_v1_0_16_fifo__parameterized4__xdcDup__2 |         17 |         15 |       2 |    0 |    11 |      0 |      0 |          0 |
|                   gen_xpm_memory_fifo.inst_fifo                                                                 |                                                system_ic_data_hp0_0_sc_util_v1_0_4_xpm_memory_fifo__parameterized4__xdcDup__2 |         17 |         15 |       2 |    0 |    11 |      0 |      0 |          0 |
|                     (gen_xpm_memory_fifo.inst_fifo)                                                             |                                                system_ic_data_hp0_0_sc_util_v1_0_4_xpm_memory_fifo__parameterized4__xdcDup__2 |          4 |          4 |       0 |    0 |     2 |      0 |      0 |          0 |
|                     gen_mem_rep[0].inst_rd_addrb                                                                |                                                               system_ic_data_hp0_0_sc_util_v1_0_4_counter__parameterized3_221 |          3 |          3 |       0 |    0 |     3 |      0 |      0 |          0 |
|                     gen_mem_rep[0].inst_wr_addra                                                                |                                                               system_ic_data_hp0_0_sc_util_v1_0_4_counter__parameterized3_222 |          2 |          2 |       0 |    0 |     3 |      0 |      0 |          0 |
|                     gen_mem_rep[0].inst_xpm_memory                                                              |                                                                     system_ic_data_hp0_0_xpm_memory_sdpram__parameterized4__8 |          2 |          0 |       2 |    0 |     0 |      0 |      0 |          0 |
|                       (gen_mem_rep[0].inst_xpm_memory)                                                          |                                                                     system_ic_data_hp0_0_xpm_memory_sdpram__parameterized4__8 |          0 |          0 |       0 |    0 |     0 |      0 |      0 |          0 |
|                       xpm_memory_base_inst                                                                      |                                                                       system_ic_data_hp0_0_xpm_memory_base__parameterized4__8 |          2 |          0 |       2 |    0 |     0 |      0 |      0 |          0 |
|                     gen_wr.inst_wr_addra_p1                                                                     |                                                               system_ic_data_hp0_0_sc_util_v1_0_4_counter__parameterized4_223 |          6 |          6 |       0 |    0 |     3 |      0 |      0 |          0 |
|                 gen_si_handler.gen_request_fifos.gen_req_fifo[2].inst_req_fifo                                  |                                                          system_ic_data_hp0_0_sc_node_v1_0_16_fifo__parameterized4__xdcDup__3 |          6 |          6 |       0 |    0 |     0 |      0 |      0 |          0 |
|                   gen_xpm_memory_fifo.inst_fifo                                                                 |                                                system_ic_data_hp0_0_sc_util_v1_0_4_xpm_memory_fifo__parameterized4__xdcDup__3 |          6 |          6 |       0 |    0 |     0 |      0 |      0 |          0 |
|                 gen_si_handler.gen_request_fifos.gen_req_fifo[3].inst_req_fifo                                  |                                                          system_ic_data_hp0_0_sc_node_v1_0_16_fifo__parameterized4__xdcDup__4 |         16 |         14 |       2 |    0 |    11 |      0 |      0 |          0 |
|                   gen_xpm_memory_fifo.inst_fifo                                                                 |                                                system_ic_data_hp0_0_sc_util_v1_0_4_xpm_memory_fifo__parameterized4__xdcDup__4 |         16 |         14 |       2 |    0 |    11 |      0 |      0 |          0 |
|                     (gen_xpm_memory_fifo.inst_fifo)                                                             |                                                system_ic_data_hp0_0_sc_util_v1_0_4_xpm_memory_fifo__parameterized4__xdcDup__4 |          3 |          3 |       0 |    0 |     2 |      0 |      0 |          0 |
|                     gen_mem_rep[0].inst_rd_addrb                                                                |                                                               system_ic_data_hp0_0_sc_util_v1_0_4_counter__parameterized3_218 |          3 |          3 |       0 |    0 |     3 |      0 |      0 |          0 |
|                     gen_mem_rep[0].inst_wr_addra                                                                |                                                               system_ic_data_hp0_0_sc_util_v1_0_4_counter__parameterized3_219 |          2 |          2 |       0 |    0 |     3 |      0 |      0 |          0 |
|                     gen_mem_rep[0].inst_xpm_memory                                                              |                                                                     system_ic_data_hp0_0_xpm_memory_sdpram__parameterized4__6 |          2 |          0 |       2 |    0 |     0 |      0 |      0 |          0 |
|                       (gen_mem_rep[0].inst_xpm_memory)                                                          |                                                                     system_ic_data_hp0_0_xpm_memory_sdpram__parameterized4__6 |          0 |          0 |       0 |    0 |     0 |      0 |      0 |          0 |
|                       xpm_memory_base_inst                                                                      |                                                                       system_ic_data_hp0_0_xpm_memory_base__parameterized4__6 |          2 |          0 |       2 |    0 |     0 |      0 |      0 |          0 |
|                     gen_wr.inst_wr_addra_p1                                                                     |                                                               system_ic_data_hp0_0_sc_util_v1_0_4_counter__parameterized4_220 |          6 |          6 |       0 |    0 |     3 |      0 |      0 |          0 |
|                 gen_si_handler.gen_request_fifos.gen_req_fifo[4].inst_req_fifo                                  |                                                                     system_ic_data_hp0_0_sc_node_v1_0_16_fifo__parameterized4 |         15 |         13 |       2 |    0 |    11 |      0 |      0 |          0 |
|                   gen_xpm_memory_fifo.inst_fifo                                                                 |                                                           system_ic_data_hp0_0_sc_util_v1_0_4_xpm_memory_fifo__parameterized4 |         15 |         13 |       2 |    0 |    11 |      0 |      0 |          0 |
|                     (gen_xpm_memory_fifo.inst_fifo)                                                             |                                                           system_ic_data_hp0_0_sc_util_v1_0_4_xpm_memory_fifo__parameterized4 |          2 |          2 |       0 |    0 |     2 |      0 |      0 |          0 |
|                     gen_mem_rep[0].inst_rd_addrb                                                                |                                                                   system_ic_data_hp0_0_sc_util_v1_0_4_counter__parameterized3 |          3 |          3 |       0 |    0 |     3 |      0 |      0 |          0 |
|                     gen_mem_rep[0].inst_wr_addra                                                                |                                                               system_ic_data_hp0_0_sc_util_v1_0_4_counter__parameterized3_217 |          2 |          2 |       0 |    0 |     3 |      0 |      0 |          0 |
|                     gen_mem_rep[0].inst_xpm_memory                                                              |                                                                     system_ic_data_hp0_0_xpm_memory_sdpram__parameterized4__5 |          2 |          0 |       2 |    0 |     0 |      0 |      0 |          0 |
|                       (gen_mem_rep[0].inst_xpm_memory)                                                          |                                                                     system_ic_data_hp0_0_xpm_memory_sdpram__parameterized4__5 |          0 |          0 |       0 |    0 |     0 |      0 |      0 |          0 |
|                       xpm_memory_base_inst                                                                      |                                                                       system_ic_data_hp0_0_xpm_memory_base__parameterized4__5 |          2 |          0 |       2 |    0 |     0 |      0 |      0 |          0 |
|                     gen_wr.inst_wr_addra_p1                                                                     |                                                                   system_ic_data_hp0_0_sc_util_v1_0_4_counter__parameterized4 |          6 |          6 |       0 |    0 |     3 |      0 |      0 |          0 |
|               m_sc_xpm_cdc_async_rst_inst                                                                       |                                                                                    system_ic_data_hp0_0_xpm_cdc_async_rst__76 |          1 |          1 |       0 |    0 |     3 |      0 |      0 |          0 |
|               s_sc_xpm_cdc_async_rst_inst                                                                       |                                                                                    system_ic_data_hp0_0_xpm_cdc_async_rst__75 |          1 |          1 |       0 |    0 |     3 |      0 |      0 |          0 |
|         m00_sc2axi                                                                                              |                                                                                         system_ic_data_hp0_0_bd_8fe8_m00s2a_0 |          0 |          0 |       0 |    0 |     0 |      0 |      0 |          0 |
|           (m00_sc2axi)                                                                                          |                                                                                         system_ic_data_hp0_0_bd_8fe8_m00s2a_0 |          0 |          0 |       0 |    0 |     0 |      0 |      0 |          0 |
|           inst                                                                                                  |                                                                                    system_ic_data_hp0_0_sc_sc2axi_v1_0_10_top |          0 |          0 |       0 |    0 |     0 |      0 |      0 |          0 |
|         s00_axi2sc                                                                                              |                                                                                         system_ic_data_hp0_0_bd_8fe8_s00a2s_0 |          0 |          0 |       0 |    0 |     0 |      0 |      0 |          0 |
|           (s00_axi2sc)                                                                                          |                                                                                         system_ic_data_hp0_0_bd_8fe8_s00a2s_0 |          0 |          0 |       0 |    0 |     0 |      0 |      0 |          0 |
|           inst                                                                                                  |                                                                                    system_ic_data_hp0_0_sc_axi2sc_v1_0_10_top |          0 |          0 |       0 |    0 |     0 |      0 |      0 |          0 |
|         s00_entry_pipeline                                                                                      |                                                                            system_ic_data_hp0_0_s00_entry_pipeline_imp_72F9XE |        262 |        261 |       0 |    1 |   482 |      0 |      0 |          0 |
|           s00_mmu                                                                                               |                                                                                         system_ic_data_hp0_0_bd_8fe8_s00mmu_0 |        220 |        220 |       0 |    0 |   465 |      0 |      0 |          0 |
|             (s00_mmu)                                                                                           |                                                                                         system_ic_data_hp0_0_bd_8fe8_s00mmu_0 |          0 |          0 |       0 |    0 |     0 |      0 |      0 |          0 |
|             inst                                                                                                |                                                                            system_ic_data_hp0_0_sc_mmu_v1_0_13_top__xdcDup__1 |        220 |        220 |       0 |    0 |   465 |      0 |      0 |          0 |
|               (inst)                                                                                            |                                                                            system_ic_data_hp0_0_sc_mmu_v1_0_13_top__xdcDup__1 |          3 |          3 |       0 |    0 |    10 |      0 |      0 |          0 |
|               ar_reg_stall                                                                                      |                                                                         system_ic_data_hp0_0_sc_util_v1_0_4_axi_reg_stall_212 |         59 |         59 |       0 |    0 |   180 |      0 |      0 |          0 |
|               ar_sreg                                                                                           |                                                                         system_ic_data_hp0_0_sc_util_v1_0_4_axi_reg_stall_213 |         74 |         74 |       0 |    0 |   184 |      0 |      0 |          0 |
|               gen_endpoint.decerr_slave_inst                                                                    |                                                                          system_ic_data_hp0_0_sc_mmu_v1_0_13_decerr_slave_214 |         22 |         22 |       0 |    0 |    12 |      0 |      0 |          0 |
|               r_sreg                                                                                            |                                                                         system_ic_data_hp0_0_sc_util_v1_0_4_axi_reg_stall_215 |         61 |         61 |       0 |    0 |    76 |      0 |      0 |          0 |
|               xpm_cdc_async_rst_inst                                                                            |                                                                                    system_ic_data_hp0_0_xpm_cdc_async_rst__26 |          1 |          1 |       0 |    0 |     3 |      0 |      0 |          0 |
|           s00_si_converter                                                                                      |                                                                                         system_ic_data_hp0_0_bd_8fe8_s00sic_0 |         19 |         19 |       0 |    0 |     4 |      0 |      0 |          0 |
|             (s00_si_converter)                                                                                  |                                                                                         system_ic_data_hp0_0_bd_8fe8_s00sic_0 |          0 |          0 |       0 |    0 |     0 |      0 |      0 |          0 |
|             inst                                                                                                |                                                                   system_ic_data_hp0_0_sc_si_converter_v1_0_13_top__xdcDup__1 |         19 |         19 |       0 |    0 |     4 |      0 |      0 |          0 |
|               (inst)                                                                                            |                                                                   system_ic_data_hp0_0_sc_si_converter_v1_0_13_top__xdcDup__1 |         18 |         18 |       0 |    0 |     1 |      0 |      0 |          0 |
|               xpm_cdc_async_rst_inst                                                                            |                                                                                    system_ic_data_hp0_0_xpm_cdc_async_rst__28 |          1 |          1 |       0 |    0 |     3 |      0 |      0 |          0 |
|           s00_transaction_regulator                                                                             |                                                                                          system_ic_data_hp0_0_bd_8fe8_s00tr_0 |         23 |         22 |       0 |    1 |    13 |      0 |      0 |          0 |
|             (s00_transaction_regulator)                                                                         |                                                                                          system_ic_data_hp0_0_bd_8fe8_s00tr_0 |          0 |          0 |       0 |    0 |     0 |      0 |      0 |          0 |
|             inst                                                                                                |                                                          system_ic_data_hp0_0_sc_transaction_regulator_v1_0_11_top__xdcDup__1 |         23 |         22 |       0 |    1 |    13 |      0 |      0 |          0 |
|               (inst)                                                                                            |                                                          system_ic_data_hp0_0_sc_transaction_regulator_v1_0_11_top__xdcDup__1 |          1 |          1 |       0 |    0 |     1 |      0 |      0 |          0 |
|               gen_endpoint.gen_r_singleorder.r_singleorder                                                      |                                                         system_ic_data_hp0_0_sc_transaction_regulator_v1_0_11_singleorder_209 |         21 |         20 |       0 |    1 |     9 |      0 |      0 |          0 |
|                 gen_id_fifo.singleorder_fifo                                                                    |                                                                     system_ic_data_hp0_0_sc_util_v1_0_4_axic_reg_srl_fifo_210 |         21 |         20 |       0 |    1 |     9 |      0 |      0 |          0 |
|                   (gen_id_fifo.singleorder_fifo)                                                                |                                                                     system_ic_data_hp0_0_sc_util_v1_0_4_axic_reg_srl_fifo_210 |         18 |         18 |       0 |    0 |     9 |      0 |      0 |          0 |
|                   gen_srls[0].srl_nx1                                                                           |                                                                               system_ic_data_hp0_0_sc_util_v1_0_4_srl_rtl_211 |          3 |          2 |       0 |    1 |     0 |      0 |      0 |          0 |
|               xpm_cdc_async_rst_inst                                                                            |                                                                                    system_ic_data_hp0_0_xpm_cdc_async_rst__27 |          1 |          1 |       0 |    0 |     3 |      0 |      0 |          0 |
|         s00_nodes                                                                                               |                                                                                     system_ic_data_hp0_0_s00_nodes_imp_3JFDW8 |        328 |        184 |     144 |    0 |   307 |      0 |      0 |          0 |
|           s00_ar_node                                                                                           |                                                                                           system_ic_data_hp0_0_bd_8fe8_sarn_0 |        170 |         78 |      92 |    0 |   182 |      0 |      0 |          0 |
|             (s00_ar_node)                                                                                       |                                                                                           system_ic_data_hp0_0_bd_8fe8_sarn_0 |          0 |          0 |       0 |    0 |     0 |      0 |      0 |          0 |
|             inst                                                                                                |                                                           system_ic_data_hp0_0_sc_node_v1_0_16_top__parameterized4__xdcDup__1 |        170 |         78 |      92 |    0 |   182 |      0 |      0 |          0 |
|               (inst)                                                                                            |                                                           system_ic_data_hp0_0_sc_node_v1_0_16_top__parameterized4__xdcDup__1 |          3 |          3 |       0 |    0 |     1 |      0 |      0 |          0 |
|               inst_mi_handler                                                                                   |                                                    system_ic_data_hp0_0_sc_node_v1_0_16_mi_handler__parameterized4__xdcDup__1 |        164 |         72 |      92 |    0 |   174 |      0 |      0 |          0 |
|                 (inst_mi_handler)                                                                               |                                                    system_ic_data_hp0_0_sc_node_v1_0_16_mi_handler__parameterized4__xdcDup__1 |          0 |          0 |       0 |    0 |     2 |      0 |      0 |          0 |
|                 gen_normal_area.gen_fifo_req.inst_fifo_req                                                      |                                                          system_ic_data_hp0_0_sc_node_v1_0_16_fifo__parameterized6__xdcDup__1 |         27 |         27 |       0 |    0 |    20 |      0 |      0 |          0 |
|                   gen_xpm_memory_fifo.inst_fifo                                                                 |                                                system_ic_data_hp0_0_sc_util_v1_0_4_xpm_memory_fifo__parameterized6__xdcDup__1 |         27 |         27 |       0 |    0 |    20 |      0 |      0 |          0 |
|                     (gen_xpm_memory_fifo.inst_fifo)                                                             |                                                system_ic_data_hp0_0_sc_util_v1_0_4_xpm_memory_fifo__parameterized6__xdcDup__1 |          4 |          4 |       0 |    0 |     2 |      0 |      0 |          0 |
|                     gen_mem_rep[0].inst_rd_addrb                                                                |                                                               system_ic_data_hp0_0_sc_util_v1_0_4_counter__parameterized0_206 |          6 |          6 |       0 |    0 |     6 |      0 |      0 |          0 |
|                     gen_mem_rep[0].inst_wr_addra                                                                |                                                               system_ic_data_hp0_0_sc_util_v1_0_4_counter__parameterized0_207 |          5 |          5 |       0 |    0 |     6 |      0 |      0 |          0 |
|                     gen_wr.inst_wr_addra_p1                                                                     |                                                               system_ic_data_hp0_0_sc_util_v1_0_4_counter__parameterized1_208 |         12 |         12 |       0 |    0 |     6 |      0 |      0 |          0 |
|                 gen_normal_area.inst_fifo_node_payld                                                            |                                                          system_ic_data_hp0_0_sc_node_v1_0_16_fifo__parameterized7__xdcDup__1 |        132 |         40 |      92 |    0 |   148 |      0 |      0 |          0 |
|                   gen_xpm_memory_fifo.inst_fifo                                                                 |                                                system_ic_data_hp0_0_sc_util_v1_0_4_xpm_memory_fifo__parameterized7__xdcDup__1 |        132 |         40 |      92 |    0 |   148 |      0 |      0 |          0 |
|                     (gen_xpm_memory_fifo.inst_fifo)                                                             |                                                system_ic_data_hp0_0_sc_util_v1_0_4_xpm_memory_fifo__parameterized7__xdcDup__1 |          6 |          6 |       0 |    0 |     4 |      0 |      0 |          0 |
|                     gen_mem_rep[0].inst_rd_addrb                                                                |                                                               system_ic_data_hp0_0_sc_util_v1_0_4_counter__parameterized0_203 |          6 |          6 |       0 |    0 |     6 |      0 |      0 |          0 |
|                     gen_mem_rep[0].inst_wr_addra                                                                |                                                               system_ic_data_hp0_0_sc_util_v1_0_4_counter__parameterized0_204 |          5 |          5 |       0 |    0 |     6 |      0 |      0 |          0 |
|                     gen_mem_rep[0].inst_xpm_memory                                                              |                                                                        system_ic_data_hp0_0_xpm_memory_sdpram__parameterized7 |         92 |          0 |      92 |    0 |   126 |      0 |      0 |          0 |
|                       (gen_mem_rep[0].inst_xpm_memory)                                                          |                                                                        system_ic_data_hp0_0_xpm_memory_sdpram__parameterized7 |          0 |          0 |       0 |    0 |     0 |      0 |      0 |          0 |
|                       xpm_memory_base_inst                                                                      |                                                                          system_ic_data_hp0_0_xpm_memory_base__parameterized7 |         92 |          0 |      92 |    0 |   126 |      0 |      0 |          0 |
|                     gen_wr.inst_wr_addra_p1                                                                     |                                                               system_ic_data_hp0_0_sc_util_v1_0_4_counter__parameterized1_205 |         23 |         23 |       0 |    0 |     6 |      0 |      0 |          0 |
|                 gen_normal_area.inst_fifo_send                                                                  |                                                           system_ic_data_hp0_0_sc_node_v1_0_16_reg_slice3__parameterized1_202 |          5 |          5 |       0 |    0 |     4 |      0 |      0 |          0 |
|               inst_si_handler                                                                                   |                                                           system_ic_data_hp0_0_sc_node_v1_0_16_si_handler__parameterized1_201 |          1 |          1 |       0 |    0 |     1 |      0 |      0 |          0 |
|               m_sc_xpm_cdc_async_rst_inst                                                                       |                                                                                    system_ic_data_hp0_0_xpm_cdc_async_rst__74 |          1 |          1 |       0 |    0 |     3 |      0 |      0 |          0 |
|               s_sc_xpm_cdc_async_rst_inst                                                                       |                                                                                    system_ic_data_hp0_0_xpm_cdc_async_rst__73 |          1 |          1 |       0 |    0 |     3 |      0 |      0 |          0 |
|           s00_r_node                                                                                            |                                                                                            system_ic_data_hp0_0_bd_8fe8_srn_0 |        158 |        106 |      52 |    0 |   125 |      0 |      0 |          0 |
|             (s00_r_node)                                                                                        |                                                                                            system_ic_data_hp0_0_bd_8fe8_srn_0 |          0 |          0 |       0 |    0 |     0 |      0 |      0 |          0 |
|             inst                                                                                                |                                                           system_ic_data_hp0_0_sc_node_v1_0_16_top__parameterized5__xdcDup__1 |        158 |        106 |      52 |    0 |   125 |      0 |      0 |          0 |
|               (inst)                                                                                            |                                                           system_ic_data_hp0_0_sc_node_v1_0_16_top__parameterized5__xdcDup__1 |          3 |          3 |       0 |    0 |     1 |      0 |      0 |          0 |
|               inst_mi_handler                                                                                   |                                                    system_ic_data_hp0_0_sc_node_v1_0_16_mi_handler__parameterized5__xdcDup__1 |        151 |         99 |      52 |    0 |   117 |      0 |      0 |          0 |
|                 (inst_mi_handler)                                                                               |                                                    system_ic_data_hp0_0_sc_node_v1_0_16_mi_handler__parameterized5__xdcDup__1 |          0 |          0 |       0 |    0 |     2 |      0 |      0 |          0 |
|                 gen_normal_area.gen_downsizer.inst_downsizer                                                    |                                                                            system_ic_data_hp0_0_sc_node_v1_0_16_downsizer_192 |          2 |          2 |       0 |    0 |     3 |      0 |      0 |          0 |
|                 gen_normal_area.gen_node_prog_full.inst_node_prog_full                                          |                                                                          system_ic_data_hp0_0_sc_node_v1_0_16_fifo__xdcDup__4 |         35 |         35 |       0 |    0 |    21 |      0 |      0 |          0 |
|                   gen_xpm_memory_fifo.inst_fifo                                                                 |                                                                system_ic_data_hp0_0_sc_util_v1_0_4_xpm_memory_fifo__xdcDup__4 |         35 |         35 |       0 |    0 |    21 |      0 |      0 |          0 |
|                     (gen_xpm_memory_fifo.inst_fifo)                                                             |                                                                system_ic_data_hp0_0_sc_util_v1_0_4_xpm_memory_fifo__xdcDup__4 |          6 |          6 |       0 |    0 |     3 |      0 |      0 |          0 |
|                     gen_mem_rep[0].inst_rd_addrb                                                                |                                                               system_ic_data_hp0_0_sc_util_v1_0_4_counter__parameterized0_198 |          4 |          4 |       0 |    0 |     6 |      0 |      0 |          0 |
|                     gen_mem_rep[0].inst_wr_addra                                                                |                                                               system_ic_data_hp0_0_sc_util_v1_0_4_counter__parameterized0_199 |          5 |          5 |       0 |    0 |     6 |      0 |      0 |          0 |
|                     gen_wr.inst_wr_addra_p1                                                                     |                                                               system_ic_data_hp0_0_sc_util_v1_0_4_counter__parameterized1_200 |         20 |         20 |       0 |    0 |     6 |      0 |      0 |          0 |
|                 gen_normal_area.inst_fifo_node_payld                                                            |                                                          system_ic_data_hp0_0_sc_node_v1_0_16_fifo__parameterized5__xdcDup__2 |        114 |         62 |      52 |    0 |    90 |      0 |      0 |          0 |
|                   gen_xpm_memory_fifo.inst_fifo                                                                 |                                                system_ic_data_hp0_0_sc_util_v1_0_4_xpm_memory_fifo__parameterized5__xdcDup__2 |        114 |         62 |      52 |    0 |    90 |      0 |      0 |          0 |
|                     (gen_xpm_memory_fifo.inst_fifo)                                                             |                                                system_ic_data_hp0_0_sc_util_v1_0_4_xpm_memory_fifo__parameterized5__xdcDup__2 |         38 |         38 |       0 |    0 |     3 |      0 |      0 |          0 |
|                     gen_mem_rep[0].inst_rd_addrb                                                                |                                                               system_ic_data_hp0_0_sc_util_v1_0_4_counter__parameterized0_195 |          6 |          6 |       0 |    0 |     6 |      0 |      0 |          0 |
|                     gen_mem_rep[0].inst_wr_addra                                                                |                                                               system_ic_data_hp0_0_sc_util_v1_0_4_counter__parameterized0_196 |          4 |          4 |       0 |    0 |     6 |      0 |      0 |          0 |
|                     gen_mem_rep[0].inst_xpm_memory                                                              |                                                                     system_ic_data_hp0_0_xpm_memory_sdpram__parameterized5__8 |         52 |          0 |      52 |    0 |    69 |      0 |      0 |          0 |
|                       (gen_mem_rep[0].inst_xpm_memory)                                                          |                                                                     system_ic_data_hp0_0_xpm_memory_sdpram__parameterized5__8 |          0 |          0 |       0 |    0 |     0 |      0 |      0 |          0 |
|                       xpm_memory_base_inst                                                                      |                                                                       system_ic_data_hp0_0_xpm_memory_base__parameterized5__8 |         52 |          0 |      52 |    0 |    69 |      0 |      0 |          0 |
|                     gen_wr.inst_wr_addra_p1                                                                     |                                                               system_ic_data_hp0_0_sc_util_v1_0_4_counter__parameterized1_197 |         14 |         14 |       0 |    0 |     6 |      0 |      0 |          0 |
|                 inst_ingress                                                                                    |                                                              system_ic_data_hp0_0_sc_node_v1_0_16_ingress__parameterized5_193 |          0 |          0 |       0 |    0 |     1 |      0 |      0 |          0 |
|                   inst_pipeline_valid                                                                           |                                                              system_ic_data_hp0_0_sc_util_v1_0_4_pipeline__parameterized3_194 |          0 |          0 |       0 |    0 |     1 |      0 |      0 |          0 |
|               inst_si_handler                                                                                   |                                                           system_ic_data_hp0_0_sc_node_v1_0_16_si_handler__parameterized1_191 |          2 |          2 |       0 |    0 |     1 |      0 |      0 |          0 |
|               m_sc_xpm_cdc_async_rst_inst                                                                       |                                                                                    system_ic_data_hp0_0_xpm_cdc_async_rst__72 |          1 |          1 |       0 |    0 |     3 |      0 |      0 |          0 |
|               s_sc_xpm_cdc_async_rst_inst                                                                       |                                                                                    system_ic_data_hp0_0_xpm_cdc_async_rst__71 |          1 |          1 |       0 |    0 |     3 |      0 |      0 |          0 |
|         s01_axi2sc                                                                                              |                                                                                         system_ic_data_hp0_0_bd_8fe8_s01a2s_0 |          0 |          0 |       0 |    0 |     0 |      0 |      0 |          0 |
|           (s01_axi2sc)                                                                                          |                                                                                         system_ic_data_hp0_0_bd_8fe8_s01a2s_0 |          0 |          0 |       0 |    0 |     0 |      0 |      0 |          0 |
|           inst                                                                                                  |                                                                                 system_ic_data_hp0_0_sc_axi2sc_v1_0_10_top__4 |          0 |          0 |       0 |    0 |     0 |      0 |      0 |          0 |
|         s01_entry_pipeline                                                                                      |                                                                           system_ic_data_hp0_0_s01_entry_pipeline_imp_102ZB2U |        281 |        273 |       0 |    8 |   514 |      0 |      0 |          0 |
|           s01_mmu                                                                                               |                                                                                         system_ic_data_hp0_0_bd_8fe8_s01mmu_0 |        204 |        204 |       0 |    0 |   481 |      0 |      0 |          0 |
|             (s01_mmu)                                                                                           |                                                                                         system_ic_data_hp0_0_bd_8fe8_s01mmu_0 |          0 |          0 |       0 |    0 |     0 |      0 |      0 |          0 |
|             inst                                                                                                |                                                                            system_ic_data_hp0_0_sc_mmu_v1_0_13_top__xdcDup__2 |        204 |        204 |       0 |    0 |   481 |      0 |      0 |          0 |
|               (inst)                                                                                            |                                                                            system_ic_data_hp0_0_sc_mmu_v1_0_13_top__xdcDup__2 |          5 |          5 |       0 |    0 |    19 |      0 |      0 |          0 |
|               aw_reg_stall                                                                                      |                                                                         system_ic_data_hp0_0_sc_util_v1_0_4_axi_reg_stall_186 |         60 |         60 |       0 |    0 |   180 |      0 |      0 |          0 |
|               aw_sreg                                                                                           |                                                                         system_ic_data_hp0_0_sc_util_v1_0_4_axi_reg_stall_187 |         83 |         83 |       0 |    0 |   184 |      0 |      0 |          0 |
|               b_sreg                                                                                            |                                                                         system_ic_data_hp0_0_sc_util_v1_0_4_axi_reg_stall_188 |         13 |         13 |       0 |    0 |    10 |      0 |      0 |          0 |
|               gen_endpoint.decerr_slave_inst                                                                    |                                                                          system_ic_data_hp0_0_sc_mmu_v1_0_13_decerr_slave_189 |         12 |         12 |       0 |    0 |     7 |      0 |      0 |          0 |
|               w_sreg                                                                                            |                                                                         system_ic_data_hp0_0_sc_util_v1_0_4_axi_reg_stall_190 |         30 |         30 |       0 |    0 |    78 |      0 |      0 |          0 |
|               xpm_cdc_async_rst_inst                                                                            |                                                                                    system_ic_data_hp0_0_xpm_cdc_async_rst__29 |          1 |          1 |       0 |    0 |     3 |      0 |      0 |          0 |
|           s01_si_converter                                                                                      |                                                                                         system_ic_data_hp0_0_bd_8fe8_s01sic_0 |         56 |         49 |       0 |    7 |    20 |      0 |      0 |          0 |
|             (s01_si_converter)                                                                                  |                                                                                         system_ic_data_hp0_0_bd_8fe8_s01sic_0 |          0 |          0 |       0 |    0 |     0 |      0 |      0 |          0 |
|             inst                                                                                                |                                                                   system_ic_data_hp0_0_sc_si_converter_v1_0_13_top__xdcDup__2 |         56 |         49 |       0 |    7 |    20 |      0 |      0 |          0 |
|               (inst)                                                                                            |                                                                   system_ic_data_hp0_0_sc_si_converter_v1_0_13_top__xdcDup__2 |         10 |         10 |       0 |    0 |     1 |      0 |      0 |          0 |
|               gen_normal.splitter_inst                                                                          |                                                                     system_ic_data_hp0_0_sc_si_converter_v1_0_13_splitter_177 |         45 |         38 |       0 |    7 |    16 |      0 |      0 |          0 |
|                 (gen_normal.splitter_inst)                                                                      |                                                                     system_ic_data_hp0_0_sc_si_converter_v1_0_13_splitter_177 |          0 |          0 |       0 |    0 |     1 |      0 |      0 |          0 |
|                 gen_no_wsplitter.gen_endpoint_woffset.gen_wbypass_offset_fifo.wbypass_offset_fifo               |                                                     system_ic_data_hp0_0_sc_util_v1_0_4_axic_reg_srl_fifo__parameterized5_178 |         45 |         38 |       0 |    7 |    15 |      0 |      0 |          0 |
|                   (gen_no_wsplitter.gen_endpoint_woffset.gen_wbypass_offset_fifo.wbypass_offset_fifo)           |                                                     system_ic_data_hp0_0_sc_util_v1_0_4_axic_reg_srl_fifo__parameterized5_178 |         23 |         23 |       0 |    0 |    15 |      0 |      0 |          0 |
|                   gen_srls[0].srl_nx1                                                                           |                                                                               system_ic_data_hp0_0_sc_util_v1_0_4_srl_rtl_179 |          2 |          1 |       0 |    1 |     0 |      0 |      0 |          0 |
|                   gen_srls[2].srl_nx1                                                                           |                                                                               system_ic_data_hp0_0_sc_util_v1_0_4_srl_rtl_180 |          2 |          1 |       0 |    1 |     0 |      0 |      0 |          0 |
|                   gen_srls[4].srl_nx1                                                                           |                                                                               system_ic_data_hp0_0_sc_util_v1_0_4_srl_rtl_181 |          2 |          1 |       0 |    1 |     0 |      0 |      0 |          0 |
|                   gen_srls[5].srl_nx1                                                                           |                                                                               system_ic_data_hp0_0_sc_util_v1_0_4_srl_rtl_182 |          2 |          1 |       0 |    1 |     0 |      0 |      0 |          0 |
|                   gen_srls[6].srl_nx1                                                                           |                                                                               system_ic_data_hp0_0_sc_util_v1_0_4_srl_rtl_183 |          9 |          8 |       0 |    1 |     0 |      0 |      0 |          0 |
|                   gen_srls[7].srl_nx1                                                                           |                                                                               system_ic_data_hp0_0_sc_util_v1_0_4_srl_rtl_184 |          2 |          1 |       0 |    1 |     0 |      0 |      0 |          0 |
|                   gen_srls[9].srl_nx1                                                                           |                                                                               system_ic_data_hp0_0_sc_util_v1_0_4_srl_rtl_185 |          3 |          2 |       0 |    1 |     0 |      0 |      0 |          0 |
|               xpm_cdc_async_rst_inst                                                                            |                                                                                    system_ic_data_hp0_0_xpm_cdc_async_rst__31 |          1 |          1 |       0 |    0 |     3 |      0 |      0 |          0 |
|           s01_transaction_regulator                                                                             |                                                                                          system_ic_data_hp0_0_bd_8fe8_s01tr_0 |         21 |         20 |       0 |    1 |    13 |      0 |      0 |          0 |
|             (s01_transaction_regulator)                                                                         |                                                                                          system_ic_data_hp0_0_bd_8fe8_s01tr_0 |          0 |          0 |       0 |    0 |     0 |      0 |      0 |          0 |
|             inst                                                                                                |                                                          system_ic_data_hp0_0_sc_transaction_regulator_v1_0_11_top__xdcDup__2 |         21 |         20 |       0 |    1 |    13 |      0 |      0 |          0 |
|               (inst)                                                                                            |                                                          system_ic_data_hp0_0_sc_transaction_regulator_v1_0_11_top__xdcDup__2 |          1 |          1 |       0 |    0 |     1 |      0 |      0 |          0 |
|               gen_endpoint.gen_w_singleorder.w_singleorder                                                      |                                                         system_ic_data_hp0_0_sc_transaction_regulator_v1_0_11_singleorder_174 |         19 |         18 |       0 |    1 |     9 |      0 |      0 |          0 |
|                 gen_id_fifo.singleorder_fifo                                                                    |                                                                     system_ic_data_hp0_0_sc_util_v1_0_4_axic_reg_srl_fifo_175 |         19 |         18 |       0 |    1 |     9 |      0 |      0 |          0 |
|                   (gen_id_fifo.singleorder_fifo)                                                                |                                                                     system_ic_data_hp0_0_sc_util_v1_0_4_axic_reg_srl_fifo_175 |         16 |         16 |       0 |    0 |     9 |      0 |      0 |          0 |
|                   gen_srls[0].srl_nx1                                                                           |                                                                               system_ic_data_hp0_0_sc_util_v1_0_4_srl_rtl_176 |          3 |          2 |       0 |    1 |     0 |      0 |      0 |          0 |
|               xpm_cdc_async_rst_inst                                                                            |                                                                                    system_ic_data_hp0_0_xpm_cdc_async_rst__30 |          1 |          1 |       0 |    0 |     3 |      0 |      0 |          0 |
|         s01_nodes                                                                                               |                                                                                    system_ic_data_hp0_0_s01_nodes_imp_14GERFY |        379 |        235 |     144 |    0 |   446 |      0 |      0 |          0 |
|           s01_aw_node                                                                                           |                                                                                           system_ic_data_hp0_0_bd_8fe8_sawn_0 |        162 |         78 |      84 |    0 |   170 |      0 |      0 |          0 |
|             (s01_aw_node)                                                                                       |                                                                                           system_ic_data_hp0_0_bd_8fe8_sawn_0 |          0 |          0 |       0 |    0 |     0 |      0 |      0 |          0 |
|             inst                                                                                                |                                                           system_ic_data_hp0_0_sc_node_v1_0_16_top__parameterized6__xdcDup__1 |        162 |         78 |      84 |    0 |   170 |      0 |      0 |          0 |
|               (inst)                                                                                            |                                                           system_ic_data_hp0_0_sc_node_v1_0_16_top__parameterized6__xdcDup__1 |          3 |          3 |       0 |    0 |     1 |      0 |      0 |          0 |
|               inst_mi_handler                                                                                   |                                                    system_ic_data_hp0_0_sc_node_v1_0_16_mi_handler__parameterized6__xdcDup__1 |        156 |         72 |      84 |    0 |   162 |      0 |      0 |          0 |
|                 (inst_mi_handler)                                                                               |                                                    system_ic_data_hp0_0_sc_node_v1_0_16_mi_handler__parameterized6__xdcDup__1 |          0 |          0 |       0 |    0 |     2 |      0 |      0 |          0 |
|                 gen_normal_area.gen_fifo_req.inst_fifo_req                                                      |                                                          system_ic_data_hp0_0_sc_node_v1_0_16_fifo__parameterized6__xdcDup__2 |         27 |         27 |       0 |    0 |    20 |      0 |      0 |          0 |
|                   gen_xpm_memory_fifo.inst_fifo                                                                 |                                                system_ic_data_hp0_0_sc_util_v1_0_4_xpm_memory_fifo__parameterized6__xdcDup__2 |         27 |         27 |       0 |    0 |    20 |      0 |      0 |          0 |
|                     (gen_xpm_memory_fifo.inst_fifo)                                                             |                                                system_ic_data_hp0_0_sc_util_v1_0_4_xpm_memory_fifo__parameterized6__xdcDup__2 |          4 |          4 |       0 |    0 |     2 |      0 |      0 |          0 |
|                     gen_mem_rep[0].inst_rd_addrb                                                                |                                                               system_ic_data_hp0_0_sc_util_v1_0_4_counter__parameterized0_171 |          6 |          6 |       0 |    0 |     6 |      0 |      0 |          0 |
|                     gen_mem_rep[0].inst_wr_addra                                                                |                                                               system_ic_data_hp0_0_sc_util_v1_0_4_counter__parameterized0_172 |          5 |          5 |       0 |    0 |     6 |      0 |      0 |          0 |
|                     gen_wr.inst_wr_addra_p1                                                                     |                                                               system_ic_data_hp0_0_sc_util_v1_0_4_counter__parameterized1_173 |         12 |         12 |       0 |    0 |     6 |      0 |      0 |          0 |
|                 gen_normal_area.inst_fifo_node_payld                                                            |                                                          system_ic_data_hp0_0_sc_node_v1_0_16_fifo__parameterized7__xdcDup__2 |        124 |         40 |      84 |    0 |   136 |      0 |      0 |          0 |
|                   gen_xpm_memory_fifo.inst_fifo                                                                 |                                                system_ic_data_hp0_0_sc_util_v1_0_4_xpm_memory_fifo__parameterized7__xdcDup__2 |        124 |         40 |      84 |    0 |   136 |      0 |      0 |          0 |
|                     (gen_xpm_memory_fifo.inst_fifo)                                                             |                                                system_ic_data_hp0_0_sc_util_v1_0_4_xpm_memory_fifo__parameterized7__xdcDup__2 |          6 |          6 |       0 |    0 |     4 |      0 |      0 |          0 |
|                     gen_mem_rep[0].inst_rd_addrb                                                                |                                                               system_ic_data_hp0_0_sc_util_v1_0_4_counter__parameterized0_168 |          6 |          6 |       0 |    0 |     6 |      0 |      0 |          0 |
|                     gen_mem_rep[0].inst_wr_addra                                                                |                                                               system_ic_data_hp0_0_sc_util_v1_0_4_counter__parameterized0_169 |          5 |          5 |       0 |    0 |     6 |      0 |      0 |          0 |
|                     gen_mem_rep[0].inst_xpm_memory                                                              |                                                                    system_ic_data_hp0_0_xpm_memory_sdpram__parameterized7__12 |         84 |          0 |      84 |    0 |   114 |      0 |      0 |          0 |
|                       (gen_mem_rep[0].inst_xpm_memory)                                                          |                                                                    system_ic_data_hp0_0_xpm_memory_sdpram__parameterized7__12 |          0 |          0 |       0 |    0 |     0 |      0 |      0 |          0 |
|                       xpm_memory_base_inst                                                                      |                                                                      system_ic_data_hp0_0_xpm_memory_base__parameterized7__12 |         84 |          0 |      84 |    0 |   114 |      0 |      0 |          0 |
|                     gen_wr.inst_wr_addra_p1                                                                     |                                                               system_ic_data_hp0_0_sc_util_v1_0_4_counter__parameterized1_170 |         23 |         23 |       0 |    0 |     6 |      0 |      0 |          0 |
|                 gen_normal_area.inst_fifo_send                                                                  |                                                           system_ic_data_hp0_0_sc_node_v1_0_16_reg_slice3__parameterized1_167 |          5 |          5 |       0 |    0 |     4 |      0 |      0 |          0 |
|               inst_si_handler                                                                                   |                                                           system_ic_data_hp0_0_sc_node_v1_0_16_si_handler__parameterized1_166 |          1 |          1 |       0 |    0 |     1 |      0 |      0 |          0 |
|               m_sc_xpm_cdc_async_rst_inst                                                                       |                                                                                    system_ic_data_hp0_0_xpm_cdc_async_rst__70 |          1 |          1 |       0 |    0 |     3 |      0 |      0 |          0 |
|               s_sc_xpm_cdc_async_rst_inst                                                                       |                                                                                    system_ic_data_hp0_0_xpm_cdc_async_rst__69 |          1 |          1 |       0 |    0 |     3 |      0 |      0 |          0 |
|           s01_b_node                                                                                            |                                                                                            system_ic_data_hp0_0_bd_8fe8_sbn_0 |         75 |         71 |       4 |    0 |    55 |      0 |      0 |          0 |
|             (s01_b_node)                                                                                        |                                                                                            system_ic_data_hp0_0_bd_8fe8_sbn_0 |          0 |          0 |       0 |    0 |     0 |      0 |      0 |          0 |
|             inst                                                                                                |                                                           system_ic_data_hp0_0_sc_node_v1_0_16_top__parameterized7__xdcDup__1 |         75 |         71 |       4 |    0 |    55 |      0 |      0 |          0 |
|               (inst)                                                                                            |                                                           system_ic_data_hp0_0_sc_node_v1_0_16_top__parameterized7__xdcDup__1 |          3 |          3 |       0 |    0 |     1 |      0 |      0 |          0 |
|               inst_mi_handler                                                                                   |                                                    system_ic_data_hp0_0_sc_node_v1_0_16_mi_handler__parameterized7__xdcDup__1 |         68 |         64 |       4 |    0 |    47 |      0 |      0 |          0 |
|                 (inst_mi_handler)                                                                               |                                                    system_ic_data_hp0_0_sc_node_v1_0_16_mi_handler__parameterized7__xdcDup__1 |          0 |          0 |       0 |    0 |     2 |      0 |      0 |          0 |
|                 gen_normal_area.gen_node_prog_full.inst_node_prog_full                                          |                                                                          system_ic_data_hp0_0_sc_node_v1_0_16_fifo__xdcDup__5 |         37 |         37 |       0 |    0 |    21 |      0 |      0 |          0 |
|                   gen_xpm_memory_fifo.inst_fifo                                                                 |                                                                system_ic_data_hp0_0_sc_util_v1_0_4_xpm_memory_fifo__xdcDup__5 |         37 |         37 |       0 |    0 |    21 |      0 |      0 |          0 |
|                     (gen_xpm_memory_fifo.inst_fifo)                                                             |                                                                system_ic_data_hp0_0_sc_util_v1_0_4_xpm_memory_fifo__xdcDup__5 |          6 |          6 |       0 |    0 |     3 |      0 |      0 |          0 |
|                     gen_mem_rep[0].inst_rd_addrb                                                                |                                                               system_ic_data_hp0_0_sc_util_v1_0_4_counter__parameterized0_163 |          6 |          6 |       0 |    0 |     6 |      0 |      0 |          0 |
|                     gen_mem_rep[0].inst_wr_addra                                                                |                                                               system_ic_data_hp0_0_sc_util_v1_0_4_counter__parameterized0_164 |          5 |          5 |       0 |    0 |     6 |      0 |      0 |          0 |
|                     gen_wr.inst_wr_addra_p1                                                                     |                                                               system_ic_data_hp0_0_sc_util_v1_0_4_counter__parameterized1_165 |         20 |         20 |       0 |    0 |     6 |      0 |      0 |          0 |
|                 gen_normal_area.inst_fifo_node_payld                                                            |                                                          system_ic_data_hp0_0_sc_node_v1_0_16_fifo__parameterized8__xdcDup__1 |         31 |         27 |       4 |    0 |    23 |      0 |      0 |          0 |
|                   gen_xpm_memory_fifo.inst_fifo                                                                 |                                                system_ic_data_hp0_0_sc_util_v1_0_4_xpm_memory_fifo__parameterized8__xdcDup__1 |         31 |         27 |       4 |    0 |    23 |      0 |      0 |          0 |
|                     (gen_xpm_memory_fifo.inst_fifo)                                                             |                                                system_ic_data_hp0_0_sc_util_v1_0_4_xpm_memory_fifo__parameterized8__xdcDup__1 |          4 |          4 |       0 |    0 |     3 |      0 |      0 |          0 |
|                     gen_mem_rep[0].inst_rd_addrb                                                                |                                                               system_ic_data_hp0_0_sc_util_v1_0_4_counter__parameterized0_160 |          6 |          6 |       0 |    0 |     6 |      0 |      0 |          0 |
|                     gen_mem_rep[0].inst_wr_addra                                                                |                                                               system_ic_data_hp0_0_sc_util_v1_0_4_counter__parameterized0_161 |          4 |          4 |       0 |    0 |     6 |      0 |      0 |          0 |
|                     gen_mem_rep[0].inst_xpm_memory                                                              |                                                                        system_ic_data_hp0_0_xpm_memory_sdpram__parameterized8 |          4 |          0 |       4 |    0 |     2 |      0 |      0 |          0 |
|                       (gen_mem_rep[0].inst_xpm_memory)                                                          |                                                                        system_ic_data_hp0_0_xpm_memory_sdpram__parameterized8 |          0 |          0 |       0 |    0 |     0 |      0 |      0 |          0 |
|                       xpm_memory_base_inst                                                                      |                                                                          system_ic_data_hp0_0_xpm_memory_base__parameterized8 |          4 |          0 |       4 |    0 |     2 |      0 |      0 |          0 |
|                     gen_wr.inst_wr_addra_p1                                                                     |                                                               system_ic_data_hp0_0_sc_util_v1_0_4_counter__parameterized1_162 |         13 |         13 |       0 |    0 |     6 |      0 |      0 |          0 |
|                 inst_ingress                                                                                    |                                                              system_ic_data_hp0_0_sc_node_v1_0_16_ingress__parameterized7_158 |          0 |          0 |       0 |    0 |     1 |      0 |      0 |          0 |
|                   inst_pipeline_valid                                                                           |                                                              system_ic_data_hp0_0_sc_util_v1_0_4_pipeline__parameterized3_159 |          0 |          0 |       0 |    0 |     1 |      0 |      0 |          0 |
|               inst_si_handler                                                                                   |                                                           system_ic_data_hp0_0_sc_node_v1_0_16_si_handler__parameterized1_157 |          2 |          2 |       0 |    0 |     1 |      0 |      0 |          0 |
|               m_sc_xpm_cdc_async_rst_inst                                                                       |                                                                                    system_ic_data_hp0_0_xpm_cdc_async_rst__68 |          1 |          1 |       0 |    0 |     3 |      0 |      0 |          0 |
|               s_sc_xpm_cdc_async_rst_inst                                                                       |                                                                                    system_ic_data_hp0_0_xpm_cdc_async_rst__67 |          1 |          1 |       0 |    0 |     3 |      0 |      0 |          0 |
|           s01_w_node                                                                                            |                                                                                            system_ic_data_hp0_0_bd_8fe8_swn_0 |        142 |         86 |      56 |    0 |   221 |      0 |      0 |          0 |
|             (s01_w_node)                                                                                        |                                                                                            system_ic_data_hp0_0_bd_8fe8_swn_0 |          0 |          0 |       0 |    0 |     0 |      0 |      0 |          0 |
|             inst                                                                                                |                                                           system_ic_data_hp0_0_sc_node_v1_0_16_top__parameterized8__xdcDup__1 |        142 |         86 |      56 |    0 |   221 |      0 |      0 |          0 |
|               (inst)                                                                                            |                                                           system_ic_data_hp0_0_sc_node_v1_0_16_top__parameterized8__xdcDup__1 |          3 |          3 |       0 |    0 |     1 |      0 |      0 |          0 |
|               inst_mi_handler                                                                                   |                                                    system_ic_data_hp0_0_sc_node_v1_0_16_mi_handler__parameterized8__xdcDup__1 |        136 |         80 |      56 |    0 |   213 |      0 |      0 |          0 |
|                 (inst_mi_handler)                                                                               |                                                    system_ic_data_hp0_0_sc_node_v1_0_16_mi_handler__parameterized8__xdcDup__1 |          0 |          0 |       0 |    0 |     2 |      0 |      0 |          0 |
|                 gen_normal_area.gen_fi_regulator.inst_fi_regulator                                              |                                                                         system_ic_data_hp0_0_sc_node_v1_0_16_fi_regulator_147 |          1 |          1 |       0 |    0 |     2 |      0 |      0 |          0 |
|                 gen_normal_area.gen_fifo_req.inst_fifo_req                                                      |                                                          system_ic_data_hp0_0_sc_node_v1_0_16_fifo__parameterized9__xdcDup__1 |         31 |         27 |       4 |    0 |    22 |      0 |      0 |          0 |
|                   gen_xpm_memory_fifo.inst_fifo                                                                 |                                                system_ic_data_hp0_0_sc_util_v1_0_4_xpm_memory_fifo__parameterized9__xdcDup__1 |         31 |         27 |       4 |    0 |    22 |      0 |      0 |          0 |
|                     (gen_xpm_memory_fifo.inst_fifo)                                                             |                                                system_ic_data_hp0_0_sc_util_v1_0_4_xpm_memory_fifo__parameterized9__xdcDup__1 |          5 |          5 |       0 |    0 |     3 |      0 |      0 |          0 |
|                     gen_mem_rep[0].inst_rd_addrb                                                                |                                                               system_ic_data_hp0_0_sc_util_v1_0_4_counter__parameterized0_154 |          6 |          6 |       0 |    0 |     6 |      0 |      0 |          0 |
|                     gen_mem_rep[0].inst_wr_addra                                                                |                                                               system_ic_data_hp0_0_sc_util_v1_0_4_counter__parameterized0_155 |          4 |          4 |       0 |    0 |     6 |      0 |      0 |          0 |
|                     gen_mem_rep[0].inst_xpm_memory                                                              |                                                                    system_ic_data_hp0_0_xpm_memory_sdpram__parameterized6__16 |          4 |          0 |       4 |    0 |     1 |      0 |      0 |          0 |
|                       (gen_mem_rep[0].inst_xpm_memory)                                                          |                                                                    system_ic_data_hp0_0_xpm_memory_sdpram__parameterized6__16 |          0 |          0 |       0 |    0 |     0 |      0 |      0 |          0 |
|                       xpm_memory_base_inst                                                                      |                                                                      system_ic_data_hp0_0_xpm_memory_base__parameterized6__16 |          4 |          0 |       4 |    0 |     1 |      0 |      0 |          0 |
|                     gen_wr.inst_wr_addra_p1                                                                     |                                                               system_ic_data_hp0_0_sc_util_v1_0_4_counter__parameterized1_156 |         12 |         12 |       0 |    0 |     6 |      0 |      0 |          0 |
|                 gen_normal_area.gen_upsizer.inst_upsizer                                                        |                                                                              system_ic_data_hp0_0_sc_node_v1_0_16_upsizer_148 |         16 |         16 |       0 |    0 |    85 |      0 |      0 |          0 |
|                   (gen_normal_area.gen_upsizer.inst_upsizer)                                                    |                                                                              system_ic_data_hp0_0_sc_node_v1_0_16_upsizer_148 |         15 |         15 |       0 |    0 |    81 |      0 |      0 |          0 |
|                   inst_upsizer_target_pipeline                                                                  |                                                              system_ic_data_hp0_0_sc_util_v1_0_4_pipeline__parameterized9_153 |          1 |          1 |       0 |    0 |     4 |      0 |      0 |          0 |
|                 gen_normal_area.inst_fifo_node_payld                                                            |                                                         system_ic_data_hp0_0_sc_node_v1_0_16_fifo__parameterized10__xdcDup__1 |         83 |         31 |      52 |    0 |    98 |      0 |      0 |          0 |
|                   gen_xpm_memory_fifo.inst_fifo                                                                 |                                               system_ic_data_hp0_0_sc_util_v1_0_4_xpm_memory_fifo__parameterized10__xdcDup__1 |         83 |         31 |      52 |    0 |    98 |      0 |      0 |          0 |
|                     (gen_xpm_memory_fifo.inst_fifo)                                                             |                                               system_ic_data_hp0_0_sc_util_v1_0_4_xpm_memory_fifo__parameterized10__xdcDup__1 |          4 |          4 |       0 |    0 |     4 |      0 |      0 |          0 |
|                     gen_mem_rep[0].inst_rd_addrb                                                                |                                                               system_ic_data_hp0_0_sc_util_v1_0_4_counter__parameterized0_150 |          6 |          6 |       0 |    0 |     6 |      0 |      0 |          0 |
|                     gen_mem_rep[0].inst_wr_addra                                                                |                                                               system_ic_data_hp0_0_sc_util_v1_0_4_counter__parameterized0_151 |          4 |          4 |       0 |    0 |     6 |      0 |      0 |          0 |
|                     gen_mem_rep[0].inst_xpm_memory                                                              |                                                                        system_ic_data_hp0_0_xpm_memory_sdpram__parameterized9 |         52 |          0 |      52 |    0 |    76 |      0 |      0 |          0 |
|                       (gen_mem_rep[0].inst_xpm_memory)                                                          |                                                                        system_ic_data_hp0_0_xpm_memory_sdpram__parameterized9 |          0 |          0 |       0 |    0 |     0 |      0 |      0 |          0 |
|                       xpm_memory_base_inst                                                                      |                                                                          system_ic_data_hp0_0_xpm_memory_base__parameterized9 |         52 |          0 |      52 |    0 |    76 |      0 |      0 |          0 |
|                     gen_wr.inst_wr_addra_p1                                                                     |                                                               system_ic_data_hp0_0_sc_util_v1_0_4_counter__parameterized1_152 |         17 |         17 |       0 |    0 |     6 |      0 |      0 |          0 |
|                 gen_normal_area.inst_fifo_send                                                                  |                                                           system_ic_data_hp0_0_sc_node_v1_0_16_reg_slice3__parameterized1_149 |          5 |          5 |       0 |    0 |     4 |      0 |      0 |          0 |
|               inst_si_handler                                                                                   |                                                           system_ic_data_hp0_0_sc_node_v1_0_16_si_handler__parameterized1_146 |          1 |          1 |       0 |    0 |     1 |      0 |      0 |          0 |
|               m_sc_xpm_cdc_async_rst_inst                                                                       |                                                                                    system_ic_data_hp0_0_xpm_cdc_async_rst__66 |          1 |          1 |       0 |    0 |     3 |      0 |      0 |          0 |
|               s_sc_xpm_cdc_async_rst_inst                                                                       |                                                                                    system_ic_data_hp0_0_xpm_cdc_async_rst__65 |          1 |          1 |       0 |    0 |     3 |      0 |      0 |          0 |
|         s02_axi2sc                                                                                              |                                                                                         system_ic_data_hp0_0_bd_8fe8_s02a2s_0 |          0 |          0 |       0 |    0 |     0 |      0 |      0 |          0 |
|           (s02_axi2sc)                                                                                          |                                                                                         system_ic_data_hp0_0_bd_8fe8_s02a2s_0 |          0 |          0 |       0 |    0 |     0 |      0 |      0 |          0 |
|           inst                                                                                                  |                                                                                 system_ic_data_hp0_0_sc_axi2sc_v1_0_10_top__3 |          0 |          0 |       0 |    0 |     0 |      0 |      0 |          0 |
|         s02_entry_pipeline                                                                                      |                                                                           system_ic_data_hp0_0_s02_entry_pipeline_imp_1VYJNXN |        247 |        246 |       0 |    1 |   422 |      0 |      0 |          0 |
|           s02_mmu                                                                                               |                                                                                         system_ic_data_hp0_0_bd_8fe8_s02mmu_0 |        205 |        205 |       0 |    0 |   405 |      0 |      0 |          0 |
|             (s02_mmu)                                                                                           |                                                                                         system_ic_data_hp0_0_bd_8fe8_s02mmu_0 |          0 |          0 |       0 |    0 |     0 |      0 |      0 |          0 |
|             inst                                                                                                |                                                                            system_ic_data_hp0_0_sc_mmu_v1_0_13_top__xdcDup__3 |        205 |        205 |       0 |    0 |   405 |      0 |      0 |          0 |
|               (inst)                                                                                            |                                                                            system_ic_data_hp0_0_sc_mmu_v1_0_13_top__xdcDup__3 |          3 |          3 |       0 |    0 |    10 |      0 |      0 |          0 |
|               ar_reg_stall                                                                                      |                                                                         system_ic_data_hp0_0_sc_util_v1_0_4_axi_reg_stall_142 |         44 |         44 |       0 |    0 |   120 |      0 |      0 |          0 |
|               ar_sreg                                                                                           |                                                                         system_ic_data_hp0_0_sc_util_v1_0_4_axi_reg_stall_143 |         74 |         74 |       0 |    0 |   184 |      0 |      0 |          0 |
|               gen_endpoint.decerr_slave_inst                                                                    |                                                                          system_ic_data_hp0_0_sc_mmu_v1_0_13_decerr_slave_144 |         22 |         22 |       0 |    0 |    12 |      0 |      0 |          0 |
|               r_sreg                                                                                            |                                                                         system_ic_data_hp0_0_sc_util_v1_0_4_axi_reg_stall_145 |         61 |         61 |       0 |    0 |    76 |      0 |      0 |          0 |
|               xpm_cdc_async_rst_inst                                                                            |                                                                                    system_ic_data_hp0_0_xpm_cdc_async_rst__32 |          1 |          1 |       0 |    0 |     3 |      0 |      0 |          0 |
|           s02_si_converter                                                                                      |                                                                                         system_ic_data_hp0_0_bd_8fe8_s02sic_0 |         19 |         19 |       0 |    0 |     4 |      0 |      0 |          0 |
|             (s02_si_converter)                                                                                  |                                                                                         system_ic_data_hp0_0_bd_8fe8_s02sic_0 |          0 |          0 |       0 |    0 |     0 |      0 |      0 |          0 |
|             inst                                                                                                |                                                                   system_ic_data_hp0_0_sc_si_converter_v1_0_13_top__xdcDup__3 |         19 |         19 |       0 |    0 |     4 |      0 |      0 |          0 |
|               (inst)                                                                                            |                                                                   system_ic_data_hp0_0_sc_si_converter_v1_0_13_top__xdcDup__3 |         18 |         18 |       0 |    0 |     1 |      0 |      0 |          0 |
|               xpm_cdc_async_rst_inst                                                                            |                                                                                    system_ic_data_hp0_0_xpm_cdc_async_rst__34 |          1 |          1 |       0 |    0 |     3 |      0 |      0 |          0 |
|           s02_transaction_regulator                                                                             |                                                                                          system_ic_data_hp0_0_bd_8fe8_s02tr_0 |         23 |         22 |       0 |    1 |    13 |      0 |      0 |          0 |
|             (s02_transaction_regulator)                                                                         |                                                                                          system_ic_data_hp0_0_bd_8fe8_s02tr_0 |          0 |          0 |       0 |    0 |     0 |      0 |      0 |          0 |
|             inst                                                                                                |                                                          system_ic_data_hp0_0_sc_transaction_regulator_v1_0_11_top__xdcDup__3 |         23 |         22 |       0 |    1 |    13 |      0 |      0 |          0 |
|               (inst)                                                                                            |                                                          system_ic_data_hp0_0_sc_transaction_regulator_v1_0_11_top__xdcDup__3 |          1 |          1 |       0 |    0 |     1 |      0 |      0 |          0 |
|               gen_endpoint.gen_r_singleorder.r_singleorder                                                      |                                                         system_ic_data_hp0_0_sc_transaction_regulator_v1_0_11_singleorder_139 |         21 |         20 |       0 |    1 |     9 |      0 |      0 |          0 |
|                 gen_id_fifo.singleorder_fifo                                                                    |                                                                     system_ic_data_hp0_0_sc_util_v1_0_4_axic_reg_srl_fifo_140 |         21 |         20 |       0 |    1 |     9 |      0 |      0 |          0 |
|                   (gen_id_fifo.singleorder_fifo)                                                                |                                                                     system_ic_data_hp0_0_sc_util_v1_0_4_axic_reg_srl_fifo_140 |         18 |         18 |       0 |    0 |     9 |      0 |      0 |          0 |
|                   gen_srls[0].srl_nx1                                                                           |                                                                               system_ic_data_hp0_0_sc_util_v1_0_4_srl_rtl_141 |          3 |          2 |       0 |    1 |     0 |      0 |      0 |          0 |
|               xpm_cdc_async_rst_inst                                                                            |                                                                                    system_ic_data_hp0_0_xpm_cdc_async_rst__33 |          1 |          1 |       0 |    0 |     3 |      0 |      0 |          0 |
|         s02_nodes                                                                                               |                                                                                    system_ic_data_hp0_0_s02_nodes_imp_1TY5PRP |        308 |        184 |     124 |    0 |   280 |      0 |      0 |          0 |
|           s02_ar_node                                                                                           |                                                                                           system_ic_data_hp0_0_bd_8fe8_sarn_1 |        150 |         78 |      72 |    0 |   155 |      0 |      0 |          0 |
|             (s02_ar_node)                                                                                       |                                                                                           system_ic_data_hp0_0_bd_8fe8_sarn_1 |          0 |          0 |       0 |    0 |     0 |      0 |      0 |          0 |
|             inst                                                                                                |                                                           system_ic_data_hp0_0_sc_node_v1_0_16_top__parameterized4__xdcDup__2 |        150 |         78 |      72 |    0 |   155 |      0 |      0 |          0 |
|               (inst)                                                                                            |                                                           system_ic_data_hp0_0_sc_node_v1_0_16_top__parameterized4__xdcDup__2 |          3 |          3 |       0 |    0 |     1 |      0 |      0 |          0 |
|               inst_mi_handler                                                                                   |                                                    system_ic_data_hp0_0_sc_node_v1_0_16_mi_handler__parameterized4__xdcDup__2 |        144 |         72 |      72 |    0 |   147 |      0 |      0 |          0 |
|                 (inst_mi_handler)                                                                               |                                                    system_ic_data_hp0_0_sc_node_v1_0_16_mi_handler__parameterized4__xdcDup__2 |          0 |          0 |       0 |    0 |     2 |      0 |      0 |          0 |
|                 gen_normal_area.gen_fifo_req.inst_fifo_req                                                      |                                                          system_ic_data_hp0_0_sc_node_v1_0_16_fifo__parameterized6__xdcDup__3 |         27 |         27 |       0 |    0 |    20 |      0 |      0 |          0 |
|                   gen_xpm_memory_fifo.inst_fifo                                                                 |                                                system_ic_data_hp0_0_sc_util_v1_0_4_xpm_memory_fifo__parameterized6__xdcDup__3 |         27 |         27 |       0 |    0 |    20 |      0 |      0 |          0 |
|                     (gen_xpm_memory_fifo.inst_fifo)                                                             |                                                system_ic_data_hp0_0_sc_util_v1_0_4_xpm_memory_fifo__parameterized6__xdcDup__3 |          4 |          4 |       0 |    0 |     2 |      0 |      0 |          0 |
|                     gen_mem_rep[0].inst_rd_addrb                                                                |                                                               system_ic_data_hp0_0_sc_util_v1_0_4_counter__parameterized0_136 |          6 |          6 |       0 |    0 |     6 |      0 |      0 |          0 |
|                     gen_mem_rep[0].inst_wr_addra                                                                |                                                               system_ic_data_hp0_0_sc_util_v1_0_4_counter__parameterized0_137 |          5 |          5 |       0 |    0 |     6 |      0 |      0 |          0 |
|                     gen_wr.inst_wr_addra_p1                                                                     |                                                               system_ic_data_hp0_0_sc_util_v1_0_4_counter__parameterized1_138 |         12 |         12 |       0 |    0 |     6 |      0 |      0 |          0 |
|                 gen_normal_area.inst_fifo_node_payld                                                            |                                                          system_ic_data_hp0_0_sc_node_v1_0_16_fifo__parameterized7__xdcDup__3 |        112 |         40 |      72 |    0 |   121 |      0 |      0 |          0 |
|                   gen_xpm_memory_fifo.inst_fifo                                                                 |                                                system_ic_data_hp0_0_sc_util_v1_0_4_xpm_memory_fifo__parameterized7__xdcDup__3 |        112 |         40 |      72 |    0 |   121 |      0 |      0 |          0 |
|                     (gen_xpm_memory_fifo.inst_fifo)                                                             |                                                system_ic_data_hp0_0_sc_util_v1_0_4_xpm_memory_fifo__parameterized7__xdcDup__3 |          6 |          6 |       0 |    0 |     4 |      0 |      0 |          0 |
|                     gen_mem_rep[0].inst_rd_addrb                                                                |                                                               system_ic_data_hp0_0_sc_util_v1_0_4_counter__parameterized0_133 |          6 |          6 |       0 |    0 |     6 |      0 |      0 |          0 |
|                     gen_mem_rep[0].inst_wr_addra                                                                |                                                               system_ic_data_hp0_0_sc_util_v1_0_4_counter__parameterized0_134 |          5 |          5 |       0 |    0 |     6 |      0 |      0 |          0 |
|                     gen_mem_rep[0].inst_xpm_memory                                                              |                                                                    system_ic_data_hp0_0_xpm_memory_sdpram__parameterized7__11 |         72 |          0 |      72 |    0 |    99 |      0 |      0 |          0 |
|                       (gen_mem_rep[0].inst_xpm_memory)                                                          |                                                                    system_ic_data_hp0_0_xpm_memory_sdpram__parameterized7__11 |          0 |          0 |       0 |    0 |     0 |      0 |      0 |          0 |
|                       xpm_memory_base_inst                                                                      |                                                                      system_ic_data_hp0_0_xpm_memory_base__parameterized7__11 |         72 |          0 |      72 |    0 |    99 |      0 |      0 |          0 |
|                     gen_wr.inst_wr_addra_p1                                                                     |                                                               system_ic_data_hp0_0_sc_util_v1_0_4_counter__parameterized1_135 |         23 |         23 |       0 |    0 |     6 |      0 |      0 |          0 |
|                 gen_normal_area.inst_fifo_send                                                                  |                                                           system_ic_data_hp0_0_sc_node_v1_0_16_reg_slice3__parameterized1_132 |          5 |          5 |       0 |    0 |     4 |      0 |      0 |          0 |
|               inst_si_handler                                                                                   |                                                           system_ic_data_hp0_0_sc_node_v1_0_16_si_handler__parameterized1_131 |          1 |          1 |       0 |    0 |     1 |      0 |      0 |          0 |
|               m_sc_xpm_cdc_async_rst_inst                                                                       |                                                                                    system_ic_data_hp0_0_xpm_cdc_async_rst__64 |          1 |          1 |       0 |    0 |     3 |      0 |      0 |          0 |
|               s_sc_xpm_cdc_async_rst_inst                                                                       |                                                                                    system_ic_data_hp0_0_xpm_cdc_async_rst__63 |          1 |          1 |       0 |    0 |     3 |      0 |      0 |          0 |
|           s02_r_node                                                                                            |                                                                                            system_ic_data_hp0_0_bd_8fe8_srn_1 |        158 |        106 |      52 |    0 |   125 |      0 |      0 |          0 |
|             (s02_r_node)                                                                                        |                                                                                            system_ic_data_hp0_0_bd_8fe8_srn_1 |          0 |          0 |       0 |    0 |     0 |      0 |      0 |          0 |
|             inst                                                                                                |                                                           system_ic_data_hp0_0_sc_node_v1_0_16_top__parameterized5__xdcDup__2 |        158 |        106 |      52 |    0 |   125 |      0 |      0 |          0 |
|               (inst)                                                                                            |                                                           system_ic_data_hp0_0_sc_node_v1_0_16_top__parameterized5__xdcDup__2 |          3 |          3 |       0 |    0 |     1 |      0 |      0 |          0 |
|               inst_mi_handler                                                                                   |                                                    system_ic_data_hp0_0_sc_node_v1_0_16_mi_handler__parameterized5__xdcDup__2 |        151 |         99 |      52 |    0 |   117 |      0 |      0 |          0 |
|                 (inst_mi_handler)                                                                               |                                                    system_ic_data_hp0_0_sc_node_v1_0_16_mi_handler__parameterized5__xdcDup__2 |          0 |          0 |       0 |    0 |     2 |      0 |      0 |          0 |
|                 gen_normal_area.gen_downsizer.inst_downsizer                                                    |                                                                            system_ic_data_hp0_0_sc_node_v1_0_16_downsizer_122 |          2 |          2 |       0 |    0 |     3 |      0 |      0 |          0 |
|                 gen_normal_area.gen_node_prog_full.inst_node_prog_full                                          |                                                                          system_ic_data_hp0_0_sc_node_v1_0_16_fifo__xdcDup__6 |         35 |         35 |       0 |    0 |    21 |      0 |      0 |          0 |
|                   gen_xpm_memory_fifo.inst_fifo                                                                 |                                                                system_ic_data_hp0_0_sc_util_v1_0_4_xpm_memory_fifo__xdcDup__6 |         35 |         35 |       0 |    0 |    21 |      0 |      0 |          0 |
|                     (gen_xpm_memory_fifo.inst_fifo)                                                             |                                                                system_ic_data_hp0_0_sc_util_v1_0_4_xpm_memory_fifo__xdcDup__6 |          6 |          6 |       0 |    0 |     3 |      0 |      0 |          0 |
|                     gen_mem_rep[0].inst_rd_addrb                                                                |                                                               system_ic_data_hp0_0_sc_util_v1_0_4_counter__parameterized0_128 |          4 |          4 |       0 |    0 |     6 |      0 |      0 |          0 |
|                     gen_mem_rep[0].inst_wr_addra                                                                |                                                               system_ic_data_hp0_0_sc_util_v1_0_4_counter__parameterized0_129 |          5 |          5 |       0 |    0 |     6 |      0 |      0 |          0 |
|                     gen_wr.inst_wr_addra_p1                                                                     |                                                               system_ic_data_hp0_0_sc_util_v1_0_4_counter__parameterized1_130 |         20 |         20 |       0 |    0 |     6 |      0 |      0 |          0 |
|                 gen_normal_area.inst_fifo_node_payld                                                            |                                                          system_ic_data_hp0_0_sc_node_v1_0_16_fifo__parameterized5__xdcDup__3 |        114 |         62 |      52 |    0 |    90 |      0 |      0 |          0 |
|                   gen_xpm_memory_fifo.inst_fifo                                                                 |                                                system_ic_data_hp0_0_sc_util_v1_0_4_xpm_memory_fifo__parameterized5__xdcDup__3 |        114 |         62 |      52 |    0 |    90 |      0 |      0 |          0 |
|                     (gen_xpm_memory_fifo.inst_fifo)                                                             |                                                system_ic_data_hp0_0_sc_util_v1_0_4_xpm_memory_fifo__parameterized5__xdcDup__3 |         38 |         38 |       0 |    0 |     3 |      0 |      0 |          0 |
|                     gen_mem_rep[0].inst_rd_addrb                                                                |                                                               system_ic_data_hp0_0_sc_util_v1_0_4_counter__parameterized0_125 |          6 |          6 |       0 |    0 |     6 |      0 |      0 |          0 |
|                     gen_mem_rep[0].inst_wr_addra                                                                |                                                               system_ic_data_hp0_0_sc_util_v1_0_4_counter__parameterized0_126 |          4 |          4 |       0 |    0 |     6 |      0 |      0 |          0 |
|                     gen_mem_rep[0].inst_xpm_memory                                                              |                                                                     system_ic_data_hp0_0_xpm_memory_sdpram__parameterized5__7 |         52 |          0 |      52 |    0 |    69 |      0 |      0 |          0 |
|                       (gen_mem_rep[0].inst_xpm_memory)                                                          |                                                                     system_ic_data_hp0_0_xpm_memory_sdpram__parameterized5__7 |          0 |          0 |       0 |    0 |     0 |      0 |      0 |          0 |
|                       xpm_memory_base_inst                                                                      |                                                                       system_ic_data_hp0_0_xpm_memory_base__parameterized5__7 |         52 |          0 |      52 |    0 |    69 |      0 |      0 |          0 |
|                     gen_wr.inst_wr_addra_p1                                                                     |                                                               system_ic_data_hp0_0_sc_util_v1_0_4_counter__parameterized1_127 |         14 |         14 |       0 |    0 |     6 |      0 |      0 |          0 |
|                 inst_ingress                                                                                    |                                                              system_ic_data_hp0_0_sc_node_v1_0_16_ingress__parameterized5_123 |          0 |          0 |       0 |    0 |     1 |      0 |      0 |          0 |
|                   inst_pipeline_valid                                                                           |                                                              system_ic_data_hp0_0_sc_util_v1_0_4_pipeline__parameterized3_124 |          0 |          0 |       0 |    0 |     1 |      0 |      0 |          0 |
|               inst_si_handler                                                                                   |                                                           system_ic_data_hp0_0_sc_node_v1_0_16_si_handler__parameterized1_121 |          2 |          2 |       0 |    0 |     1 |      0 |      0 |          0 |
|               m_sc_xpm_cdc_async_rst_inst                                                                       |                                                                                    system_ic_data_hp0_0_xpm_cdc_async_rst__62 |          1 |          1 |       0 |    0 |     3 |      0 |      0 |          0 |
|               s_sc_xpm_cdc_async_rst_inst                                                                       |                                                                                    system_ic_data_hp0_0_xpm_cdc_async_rst__61 |          1 |          1 |       0 |    0 |     3 |      0 |      0 |          0 |
|         s03_axi2sc                                                                                              |                                                                                         system_ic_data_hp0_0_bd_8fe8_s03a2s_0 |          0 |          0 |       0 |    0 |     0 |      0 |      0 |          0 |
|           (s03_axi2sc)                                                                                          |                                                                                         system_ic_data_hp0_0_bd_8fe8_s03a2s_0 |          0 |          0 |       0 |    0 |     0 |      0 |      0 |          0 |
|           inst                                                                                                  |                                                                                 system_ic_data_hp0_0_sc_axi2sc_v1_0_10_top__2 |          0 |          0 |       0 |    0 |     0 |      0 |      0 |          0 |
|         s03_entry_pipeline                                                                                      |                                                                            system_ic_data_hp0_0_s03_entry_pipeline_imp_UYWDOF |        503 |        494 |       0 |    9 |   864 |      0 |      0 |          0 |
|           s03_mmu                                                                                               |                                                                                         system_ic_data_hp0_0_bd_8fe8_s03mmu_0 |        391 |        391 |       0 |    0 |   822 |      0 |      0 |          0 |
|             (s03_mmu)                                                                                           |                                                                                         system_ic_data_hp0_0_bd_8fe8_s03mmu_0 |          0 |          0 |       0 |    0 |     0 |      0 |      0 |          0 |
|             inst                                                                                                |                                                                            system_ic_data_hp0_0_sc_mmu_v1_0_13_top__xdcDup__4 |        391 |        391 |       0 |    0 |   822 |      0 |      0 |          0 |
|               (inst)                                                                                            |                                                                            system_ic_data_hp0_0_sc_mmu_v1_0_13_top__xdcDup__4 |          6 |          6 |       0 |    0 |    28 |      0 |      0 |          0 |
|               ar_reg_stall                                                                                      |                                                                         system_ic_data_hp0_0_sc_util_v1_0_4_axi_reg_stall_113 |         46 |         46 |       0 |    0 |   120 |      0 |      0 |          0 |
|               ar_sreg                                                                                           |                                                                         system_ic_data_hp0_0_sc_util_v1_0_4_axi_reg_stall_114 |         75 |         75 |       0 |    0 |   184 |      0 |      0 |          0 |
|               aw_reg_stall                                                                                      |                                                                         system_ic_data_hp0_0_sc_util_v1_0_4_axi_reg_stall_115 |         45 |         45 |       0 |    0 |   120 |      0 |      0 |          0 |
|               aw_sreg                                                                                           |                                                                         system_ic_data_hp0_0_sc_util_v1_0_4_axi_reg_stall_116 |         80 |         80 |       0 |    0 |   184 |      0 |      0 |          0 |
|               b_sreg                                                                                            |                                                                         system_ic_data_hp0_0_sc_util_v1_0_4_axi_reg_stall_117 |         14 |         14 |       0 |    0 |    10 |      0 |      0 |          0 |
|               gen_endpoint.decerr_slave_inst                                                                    |                                                                          system_ic_data_hp0_0_sc_mmu_v1_0_13_decerr_slave_118 |         32 |         32 |       0 |    0 |    19 |      0 |      0 |          0 |
|               r_sreg                                                                                            |                                                                         system_ic_data_hp0_0_sc_util_v1_0_4_axi_reg_stall_119 |         60 |         60 |       0 |    0 |    76 |      0 |      0 |          0 |
|               w_sreg                                                                                            |                                                                         system_ic_data_hp0_0_sc_util_v1_0_4_axi_reg_stall_120 |         32 |         32 |       0 |    0 |    78 |      0 |      0 |          0 |
|               xpm_cdc_async_rst_inst                                                                            |                                                                                    system_ic_data_hp0_0_xpm_cdc_async_rst__35 |          1 |          1 |       0 |    0 |     3 |      0 |      0 |          0 |
|           s03_si_converter                                                                                      |                                                                                         system_ic_data_hp0_0_bd_8fe8_s03sic_0 |         74 |         67 |       0 |    7 |    20 |      0 |      0 |          0 |
|             (s03_si_converter)                                                                                  |                                                                                         system_ic_data_hp0_0_bd_8fe8_s03sic_0 |          0 |          0 |       0 |    0 |     0 |      0 |      0 |          0 |
|             inst                                                                                                |                                                                   system_ic_data_hp0_0_sc_si_converter_v1_0_13_top__xdcDup__4 |         74 |         67 |       0 |    7 |    20 |      0 |      0 |          0 |
|               (inst)                                                                                            |                                                                   system_ic_data_hp0_0_sc_si_converter_v1_0_13_top__xdcDup__4 |         27 |         27 |       0 |    0 |     1 |      0 |      0 |          0 |
|               gen_normal.splitter_inst                                                                          |                                                                     system_ic_data_hp0_0_sc_si_converter_v1_0_13_splitter_104 |         46 |         39 |       0 |    7 |    16 |      0 |      0 |          0 |
|                 (gen_normal.splitter_inst)                                                                      |                                                                     system_ic_data_hp0_0_sc_si_converter_v1_0_13_splitter_104 |          0 |          0 |       0 |    0 |     1 |      0 |      0 |          0 |
|                 gen_no_wsplitter.gen_endpoint_woffset.gen_wbypass_offset_fifo.wbypass_offset_fifo               |                                                     system_ic_data_hp0_0_sc_util_v1_0_4_axic_reg_srl_fifo__parameterized5_105 |         46 |         39 |       0 |    7 |    15 |      0 |      0 |          0 |
|                   (gen_no_wsplitter.gen_endpoint_woffset.gen_wbypass_offset_fifo.wbypass_offset_fifo)           |                                                     system_ic_data_hp0_0_sc_util_v1_0_4_axic_reg_srl_fifo__parameterized5_105 |         24 |         24 |       0 |    0 |    15 |      0 |      0 |          0 |
|                   gen_srls[0].srl_nx1                                                                           |                                                                               system_ic_data_hp0_0_sc_util_v1_0_4_srl_rtl_106 |          2 |          1 |       0 |    1 |     0 |      0 |      0 |          0 |
|                   gen_srls[2].srl_nx1                                                                           |                                                                               system_ic_data_hp0_0_sc_util_v1_0_4_srl_rtl_107 |          2 |          1 |       0 |    1 |     0 |      0 |      0 |          0 |
|                   gen_srls[4].srl_nx1                                                                           |                                                                               system_ic_data_hp0_0_sc_util_v1_0_4_srl_rtl_108 |          2 |          1 |       0 |    1 |     0 |      0 |      0 |          0 |
|                   gen_srls[5].srl_nx1                                                                           |                                                                               system_ic_data_hp0_0_sc_util_v1_0_4_srl_rtl_109 |          2 |          1 |       0 |    1 |     0 |      0 |      0 |          0 |
|                   gen_srls[6].srl_nx1                                                                           |                                                                               system_ic_data_hp0_0_sc_util_v1_0_4_srl_rtl_110 |          9 |          8 |       0 |    1 |     0 |      0 |      0 |          0 |
|                   gen_srls[7].srl_nx1                                                                           |                                                                               system_ic_data_hp0_0_sc_util_v1_0_4_srl_rtl_111 |          2 |          1 |       0 |    1 |     0 |      0 |      0 |          0 |
|                   gen_srls[9].srl_nx1                                                                           |                                                                               system_ic_data_hp0_0_sc_util_v1_0_4_srl_rtl_112 |          3 |          2 |       0 |    1 |     0 |      0 |      0 |          0 |
|               xpm_cdc_async_rst_inst                                                                            |                                                                                    system_ic_data_hp0_0_xpm_cdc_async_rst__37 |          1 |          1 |       0 |    0 |     3 |      0 |      0 |          0 |
|           s03_transaction_regulator                                                                             |                                                                                          system_ic_data_hp0_0_bd_8fe8_s03tr_0 |         38 |         36 |       0 |    2 |    22 |      0 |      0 |          0 |
|             (s03_transaction_regulator)                                                                         |                                                                                          system_ic_data_hp0_0_bd_8fe8_s03tr_0 |          0 |          0 |       0 |    0 |     0 |      0 |      0 |          0 |
|             inst                                                                                                |                                                          system_ic_data_hp0_0_sc_transaction_regulator_v1_0_11_top__xdcDup__4 |         38 |         36 |       0 |    2 |    22 |      0 |      0 |          0 |
|               (inst)                                                                                            |                                                          system_ic_data_hp0_0_sc_transaction_regulator_v1_0_11_top__xdcDup__4 |          1 |          1 |       0 |    0 |     1 |      0 |      0 |          0 |
|               gen_endpoint.gen_r_singleorder.r_singleorder                                                      |                                                          system_ic_data_hp0_0_sc_transaction_regulator_v1_0_11_singleorder_98 |         19 |         18 |       0 |    1 |     9 |      0 |      0 |          0 |
|                 gen_id_fifo.singleorder_fifo                                                                    |                                                                     system_ic_data_hp0_0_sc_util_v1_0_4_axic_reg_srl_fifo_102 |         19 |         18 |       0 |    1 |     9 |      0 |      0 |          0 |
|                   (gen_id_fifo.singleorder_fifo)                                                                |                                                                     system_ic_data_hp0_0_sc_util_v1_0_4_axic_reg_srl_fifo_102 |         16 |         16 |       0 |    0 |     9 |      0 |      0 |          0 |
|                   gen_srls[0].srl_nx1                                                                           |                                                                               system_ic_data_hp0_0_sc_util_v1_0_4_srl_rtl_103 |          3 |          2 |       0 |    1 |     0 |      0 |      0 |          0 |
|               gen_endpoint.gen_w_singleorder.w_singleorder                                                      |                                                          system_ic_data_hp0_0_sc_transaction_regulator_v1_0_11_singleorder_99 |         17 |         16 |       0 |    1 |     9 |      0 |      0 |          0 |
|                 gen_id_fifo.singleorder_fifo                                                                    |                                                                     system_ic_data_hp0_0_sc_util_v1_0_4_axic_reg_srl_fifo_100 |         17 |         16 |       0 |    1 |     9 |      0 |      0 |          0 |
|                   (gen_id_fifo.singleorder_fifo)                                                                |                                                                     system_ic_data_hp0_0_sc_util_v1_0_4_axic_reg_srl_fifo_100 |         14 |         14 |       0 |    0 |     9 |      0 |      0 |          0 |
|                   gen_srls[0].srl_nx1                                                                           |                                                                               system_ic_data_hp0_0_sc_util_v1_0_4_srl_rtl_101 |          3 |          2 |       0 |    1 |     0 |      0 |      0 |          0 |
|               xpm_cdc_async_rst_inst                                                                            |                                                                                    system_ic_data_hp0_0_xpm_cdc_async_rst__36 |          1 |          1 |       0 |    0 |     3 |      0 |      0 |          0 |
|         s03_nodes                                                                                               |                                                                                     system_ic_data_hp0_0_s03_nodes_imp_V90MGZ |        643 |        419 |     224 |    0 |   671 |      0 |      0 |          0 |
|           s03_ar_node                                                                                           |                                                                                           system_ic_data_hp0_0_bd_8fe8_sarn_2 |        138 |         78 |      60 |    0 |   141 |      0 |      0 |          0 |
|             (s03_ar_node)                                                                                       |                                                                                           system_ic_data_hp0_0_bd_8fe8_sarn_2 |          0 |          0 |       0 |    0 |     0 |      0 |      0 |          0 |
|             inst                                                                                                |                                                           system_ic_data_hp0_0_sc_node_v1_0_16_top__parameterized4__xdcDup__3 |        138 |         78 |      60 |    0 |   141 |      0 |      0 |          0 |
|               (inst)                                                                                            |                                                           system_ic_data_hp0_0_sc_node_v1_0_16_top__parameterized4__xdcDup__3 |          3 |          3 |       0 |    0 |     1 |      0 |      0 |          0 |
|               inst_mi_handler                                                                                   |                                                    system_ic_data_hp0_0_sc_node_v1_0_16_mi_handler__parameterized4__xdcDup__3 |        132 |         72 |      60 |    0 |   133 |      0 |      0 |          0 |
|                 (inst_mi_handler)                                                                               |                                                    system_ic_data_hp0_0_sc_node_v1_0_16_mi_handler__parameterized4__xdcDup__3 |          0 |          0 |       0 |    0 |     2 |      0 |      0 |          0 |
|                 gen_normal_area.gen_fifo_req.inst_fifo_req                                                      |                                                          system_ic_data_hp0_0_sc_node_v1_0_16_fifo__parameterized6__xdcDup__4 |         27 |         27 |       0 |    0 |    20 |      0 |      0 |          0 |
|                   gen_xpm_memory_fifo.inst_fifo                                                                 |                                                system_ic_data_hp0_0_sc_util_v1_0_4_xpm_memory_fifo__parameterized6__xdcDup__4 |         27 |         27 |       0 |    0 |    20 |      0 |      0 |          0 |
|                     (gen_xpm_memory_fifo.inst_fifo)                                                             |                                                system_ic_data_hp0_0_sc_util_v1_0_4_xpm_memory_fifo__parameterized6__xdcDup__4 |          4 |          4 |       0 |    0 |     2 |      0 |      0 |          0 |
|                     gen_mem_rep[0].inst_rd_addrb                                                                |                                                                system_ic_data_hp0_0_sc_util_v1_0_4_counter__parameterized0_95 |          6 |          6 |       0 |    0 |     6 |      0 |      0 |          0 |
|                     gen_mem_rep[0].inst_wr_addra                                                                |                                                                system_ic_data_hp0_0_sc_util_v1_0_4_counter__parameterized0_96 |          5 |          5 |       0 |    0 |     6 |      0 |      0 |          0 |
|                     gen_wr.inst_wr_addra_p1                                                                     |                                                                system_ic_data_hp0_0_sc_util_v1_0_4_counter__parameterized1_97 |         12 |         12 |       0 |    0 |     6 |      0 |      0 |          0 |
|                 gen_normal_area.inst_fifo_node_payld                                                            |                                                          system_ic_data_hp0_0_sc_node_v1_0_16_fifo__parameterized7__xdcDup__4 |        100 |         40 |      60 |    0 |   107 |      0 |      0 |          0 |
|                   gen_xpm_memory_fifo.inst_fifo                                                                 |                                                system_ic_data_hp0_0_sc_util_v1_0_4_xpm_memory_fifo__parameterized7__xdcDup__4 |        100 |         40 |      60 |    0 |   107 |      0 |      0 |          0 |
|                     (gen_xpm_memory_fifo.inst_fifo)                                                             |                                                system_ic_data_hp0_0_sc_util_v1_0_4_xpm_memory_fifo__parameterized7__xdcDup__4 |          6 |          6 |       0 |    0 |     4 |      0 |      0 |          0 |
|                     gen_mem_rep[0].inst_rd_addrb                                                                |                                                                system_ic_data_hp0_0_sc_util_v1_0_4_counter__parameterized0_92 |          6 |          6 |       0 |    0 |     6 |      0 |      0 |          0 |
|                     gen_mem_rep[0].inst_wr_addra                                                                |                                                                system_ic_data_hp0_0_sc_util_v1_0_4_counter__parameterized0_93 |          5 |          5 |       0 |    0 |     6 |      0 |      0 |          0 |
|                     gen_mem_rep[0].inst_xpm_memory                                                              |                                                                    system_ic_data_hp0_0_xpm_memory_sdpram__parameterized7__10 |         60 |          0 |      60 |    0 |    85 |      0 |      0 |          0 |
|                       (gen_mem_rep[0].inst_xpm_memory)                                                          |                                                                    system_ic_data_hp0_0_xpm_memory_sdpram__parameterized7__10 |          0 |          0 |       0 |    0 |     0 |      0 |      0 |          0 |
|                       xpm_memory_base_inst                                                                      |                                                                      system_ic_data_hp0_0_xpm_memory_base__parameterized7__10 |         60 |          0 |      60 |    0 |    85 |      0 |      0 |          0 |
|                     gen_wr.inst_wr_addra_p1                                                                     |                                                                system_ic_data_hp0_0_sc_util_v1_0_4_counter__parameterized1_94 |         23 |         23 |       0 |    0 |     6 |      0 |      0 |          0 |
|                 gen_normal_area.inst_fifo_send                                                                  |                                                            system_ic_data_hp0_0_sc_node_v1_0_16_reg_slice3__parameterized1_91 |          5 |          5 |       0 |    0 |     4 |      0 |      0 |          0 |
|               inst_si_handler                                                                                   |                                                            system_ic_data_hp0_0_sc_node_v1_0_16_si_handler__parameterized1_90 |          1 |          1 |       0 |    0 |     1 |      0 |      0 |          0 |
|               m_sc_xpm_cdc_async_rst_inst                                                                       |                                                                                    system_ic_data_hp0_0_xpm_cdc_async_rst__60 |          1 |          1 |       0 |    0 |     3 |      0 |      0 |          0 |
|               s_sc_xpm_cdc_async_rst_inst                                                                       |                                                                                    system_ic_data_hp0_0_xpm_cdc_async_rst__59 |          1 |          1 |       0 |    0 |     3 |      0 |      0 |          0 |
|           s03_aw_node                                                                                           |                                                                                           system_ic_data_hp0_0_bd_8fe8_sawn_1 |        130 |         78 |      52 |    0 |   129 |      0 |      0 |          0 |
|             (s03_aw_node)                                                                                       |                                                                                           system_ic_data_hp0_0_bd_8fe8_sawn_1 |          0 |          0 |       0 |    0 |     0 |      0 |      0 |          0 |
|             inst                                                                                                |                                                           system_ic_data_hp0_0_sc_node_v1_0_16_top__parameterized6__xdcDup__2 |        130 |         78 |      52 |    0 |   129 |      0 |      0 |          0 |
|               (inst)                                                                                            |                                                           system_ic_data_hp0_0_sc_node_v1_0_16_top__parameterized6__xdcDup__2 |          3 |          3 |       0 |    0 |     1 |      0 |      0 |          0 |
|               inst_mi_handler                                                                                   |                                                    system_ic_data_hp0_0_sc_node_v1_0_16_mi_handler__parameterized6__xdcDup__2 |        124 |         72 |      52 |    0 |   121 |      0 |      0 |          0 |
|                 (inst_mi_handler)                                                                               |                                                    system_ic_data_hp0_0_sc_node_v1_0_16_mi_handler__parameterized6__xdcDup__2 |          0 |          0 |       0 |    0 |     2 |      0 |      0 |          0 |
|                 gen_normal_area.gen_fifo_req.inst_fifo_req                                                      |                                                          system_ic_data_hp0_0_sc_node_v1_0_16_fifo__parameterized6__xdcDup__5 |         27 |         27 |       0 |    0 |    20 |      0 |      0 |          0 |
|                   gen_xpm_memory_fifo.inst_fifo                                                                 |                                                system_ic_data_hp0_0_sc_util_v1_0_4_xpm_memory_fifo__parameterized6__xdcDup__5 |         27 |         27 |       0 |    0 |    20 |      0 |      0 |          0 |
|                     (gen_xpm_memory_fifo.inst_fifo)                                                             |                                                system_ic_data_hp0_0_sc_util_v1_0_4_xpm_memory_fifo__parameterized6__xdcDup__5 |          4 |          4 |       0 |    0 |     2 |      0 |      0 |          0 |
|                     gen_mem_rep[0].inst_rd_addrb                                                                |                                                                system_ic_data_hp0_0_sc_util_v1_0_4_counter__parameterized0_87 |          6 |          6 |       0 |    0 |     6 |      0 |      0 |          0 |
|                     gen_mem_rep[0].inst_wr_addra                                                                |                                                                system_ic_data_hp0_0_sc_util_v1_0_4_counter__parameterized0_88 |          5 |          5 |       0 |    0 |     6 |      0 |      0 |          0 |
|                     gen_wr.inst_wr_addra_p1                                                                     |                                                                system_ic_data_hp0_0_sc_util_v1_0_4_counter__parameterized1_89 |         12 |         12 |       0 |    0 |     6 |      0 |      0 |          0 |
|                 gen_normal_area.inst_fifo_node_payld                                                            |                                                          system_ic_data_hp0_0_sc_node_v1_0_16_fifo__parameterized7__xdcDup__5 |         92 |         40 |      52 |    0 |    95 |      0 |      0 |          0 |
|                   gen_xpm_memory_fifo.inst_fifo                                                                 |                                                system_ic_data_hp0_0_sc_util_v1_0_4_xpm_memory_fifo__parameterized7__xdcDup__5 |         92 |         40 |      52 |    0 |    95 |      0 |      0 |          0 |
|                     (gen_xpm_memory_fifo.inst_fifo)                                                             |                                                system_ic_data_hp0_0_sc_util_v1_0_4_xpm_memory_fifo__parameterized7__xdcDup__5 |          6 |          6 |       0 |    0 |     4 |      0 |      0 |          0 |
|                     gen_mem_rep[0].inst_rd_addrb                                                                |                                                                system_ic_data_hp0_0_sc_util_v1_0_4_counter__parameterized0_84 |          6 |          6 |       0 |    0 |     6 |      0 |      0 |          0 |
|                     gen_mem_rep[0].inst_wr_addra                                                                |                                                                system_ic_data_hp0_0_sc_util_v1_0_4_counter__parameterized0_85 |          5 |          5 |       0 |    0 |     6 |      0 |      0 |          0 |
|                     gen_mem_rep[0].inst_xpm_memory                                                              |                                                                     system_ic_data_hp0_0_xpm_memory_sdpram__parameterized7__9 |         52 |          0 |      52 |    0 |    73 |      0 |      0 |          0 |
|                       (gen_mem_rep[0].inst_xpm_memory)                                                          |                                                                     system_ic_data_hp0_0_xpm_memory_sdpram__parameterized7__9 |          0 |          0 |       0 |    0 |     0 |      0 |      0 |          0 |
|                       xpm_memory_base_inst                                                                      |                                                                       system_ic_data_hp0_0_xpm_memory_base__parameterized7__9 |         52 |          0 |      52 |    0 |    73 |      0 |      0 |          0 |
|                     gen_wr.inst_wr_addra_p1                                                                     |                                                                system_ic_data_hp0_0_sc_util_v1_0_4_counter__parameterized1_86 |         23 |         23 |       0 |    0 |     6 |      0 |      0 |          0 |
|                 gen_normal_area.inst_fifo_send                                                                  |                                                            system_ic_data_hp0_0_sc_node_v1_0_16_reg_slice3__parameterized1_83 |          5 |          5 |       0 |    0 |     4 |      0 |      0 |          0 |
|               inst_si_handler                                                                                   |                                                            system_ic_data_hp0_0_sc_node_v1_0_16_si_handler__parameterized1_82 |          1 |          1 |       0 |    0 |     1 |      0 |      0 |          0 |
|               m_sc_xpm_cdc_async_rst_inst                                                                       |                                                                                    system_ic_data_hp0_0_xpm_cdc_async_rst__58 |          1 |          1 |       0 |    0 |     3 |      0 |      0 |          0 |
|               s_sc_xpm_cdc_async_rst_inst                                                                       |                                                                                    system_ic_data_hp0_0_xpm_cdc_async_rst__57 |          1 |          1 |       0 |    0 |     3 |      0 |      0 |          0 |
|           s03_b_node                                                                                            |                                                                                            system_ic_data_hp0_0_bd_8fe8_sbn_1 |         75 |         71 |       4 |    0 |    55 |      0 |      0 |          0 |
|             (s03_b_node)                                                                                        |                                                                                            system_ic_data_hp0_0_bd_8fe8_sbn_1 |          0 |          0 |       0 |    0 |     0 |      0 |      0 |          0 |
|             inst                                                                                                |                                                           system_ic_data_hp0_0_sc_node_v1_0_16_top__parameterized7__xdcDup__2 |         75 |         71 |       4 |    0 |    55 |      0 |      0 |          0 |
|               (inst)                                                                                            |                                                           system_ic_data_hp0_0_sc_node_v1_0_16_top__parameterized7__xdcDup__2 |          3 |          3 |       0 |    0 |     1 |      0 |      0 |          0 |
|               inst_mi_handler                                                                                   |                                                    system_ic_data_hp0_0_sc_node_v1_0_16_mi_handler__parameterized7__xdcDup__2 |         68 |         64 |       4 |    0 |    47 |      0 |      0 |          0 |
|                 (inst_mi_handler)                                                                               |                                                    system_ic_data_hp0_0_sc_node_v1_0_16_mi_handler__parameterized7__xdcDup__2 |          0 |          0 |       0 |    0 |     2 |      0 |      0 |          0 |
|                 gen_normal_area.gen_node_prog_full.inst_node_prog_full                                          |                                                                          system_ic_data_hp0_0_sc_node_v1_0_16_fifo__xdcDup__7 |         37 |         37 |       0 |    0 |    21 |      0 |      0 |          0 |
|                   gen_xpm_memory_fifo.inst_fifo                                                                 |                                                                system_ic_data_hp0_0_sc_util_v1_0_4_xpm_memory_fifo__xdcDup__7 |         37 |         37 |       0 |    0 |    21 |      0 |      0 |          0 |
|                     (gen_xpm_memory_fifo.inst_fifo)                                                             |                                                                system_ic_data_hp0_0_sc_util_v1_0_4_xpm_memory_fifo__xdcDup__7 |          6 |          6 |       0 |    0 |     3 |      0 |      0 |          0 |
|                     gen_mem_rep[0].inst_rd_addrb                                                                |                                                                system_ic_data_hp0_0_sc_util_v1_0_4_counter__parameterized0_79 |          6 |          6 |       0 |    0 |     6 |      0 |      0 |          0 |
|                     gen_mem_rep[0].inst_wr_addra                                                                |                                                                system_ic_data_hp0_0_sc_util_v1_0_4_counter__parameterized0_80 |          5 |          5 |       0 |    0 |     6 |      0 |      0 |          0 |
|                     gen_wr.inst_wr_addra_p1                                                                     |                                                                system_ic_data_hp0_0_sc_util_v1_0_4_counter__parameterized1_81 |         20 |         20 |       0 |    0 |     6 |      0 |      0 |          0 |
|                 gen_normal_area.inst_fifo_node_payld                                                            |                                                          system_ic_data_hp0_0_sc_node_v1_0_16_fifo__parameterized8__xdcDup__2 |         31 |         27 |       4 |    0 |    23 |      0 |      0 |          0 |
|                   gen_xpm_memory_fifo.inst_fifo                                                                 |                                                system_ic_data_hp0_0_sc_util_v1_0_4_xpm_memory_fifo__parameterized8__xdcDup__2 |         31 |         27 |       4 |    0 |    23 |      0 |      0 |          0 |
|                     (gen_xpm_memory_fifo.inst_fifo)                                                             |                                                system_ic_data_hp0_0_sc_util_v1_0_4_xpm_memory_fifo__parameterized8__xdcDup__2 |          4 |          4 |       0 |    0 |     3 |      0 |      0 |          0 |
|                     gen_mem_rep[0].inst_rd_addrb                                                                |                                                                system_ic_data_hp0_0_sc_util_v1_0_4_counter__parameterized0_76 |          6 |          6 |       0 |    0 |     6 |      0 |      0 |          0 |
|                     gen_mem_rep[0].inst_wr_addra                                                                |                                                                system_ic_data_hp0_0_sc_util_v1_0_4_counter__parameterized0_77 |          4 |          4 |       0 |    0 |     6 |      0 |      0 |          0 |
|                     gen_mem_rep[0].inst_xpm_memory                                                              |                                                                     system_ic_data_hp0_0_xpm_memory_sdpram__parameterized8__4 |          4 |          0 |       4 |    0 |     2 |      0 |      0 |          0 |
|                       (gen_mem_rep[0].inst_xpm_memory)                                                          |                                                                     system_ic_data_hp0_0_xpm_memory_sdpram__parameterized8__4 |          0 |          0 |       0 |    0 |     0 |      0 |      0 |          0 |
|                       xpm_memory_base_inst                                                                      |                                                                       system_ic_data_hp0_0_xpm_memory_base__parameterized8__4 |          4 |          0 |       4 |    0 |     2 |      0 |      0 |          0 |
|                     gen_wr.inst_wr_addra_p1                                                                     |                                                                system_ic_data_hp0_0_sc_util_v1_0_4_counter__parameterized1_78 |         13 |         13 |       0 |    0 |     6 |      0 |      0 |          0 |
|                 inst_ingress                                                                                    |                                                               system_ic_data_hp0_0_sc_node_v1_0_16_ingress__parameterized7_74 |          0 |          0 |       0 |    0 |     1 |      0 |      0 |          0 |
|                   inst_pipeline_valid                                                                           |                                                               system_ic_data_hp0_0_sc_util_v1_0_4_pipeline__parameterized3_75 |          0 |          0 |       0 |    0 |     1 |      0 |      0 |          0 |
|               inst_si_handler                                                                                   |                                                            system_ic_data_hp0_0_sc_node_v1_0_16_si_handler__parameterized1_73 |          2 |          2 |       0 |    0 |     1 |      0 |      0 |          0 |
|               m_sc_xpm_cdc_async_rst_inst                                                                       |                                                                                    system_ic_data_hp0_0_xpm_cdc_async_rst__56 |          1 |          1 |       0 |    0 |     3 |      0 |      0 |          0 |
|               s_sc_xpm_cdc_async_rst_inst                                                                       |                                                                                    system_ic_data_hp0_0_xpm_cdc_async_rst__55 |          1 |          1 |       0 |    0 |     3 |      0 |      0 |          0 |
|           s03_r_node                                                                                            |                                                                                            system_ic_data_hp0_0_bd_8fe8_srn_2 |        158 |        106 |      52 |    0 |   125 |      0 |      0 |          0 |
|             (s03_r_node)                                                                                        |                                                                                            system_ic_data_hp0_0_bd_8fe8_srn_2 |          0 |          0 |       0 |    0 |     0 |      0 |      0 |          0 |
|             inst                                                                                                |                                                           system_ic_data_hp0_0_sc_node_v1_0_16_top__parameterized5__xdcDup__3 |        158 |        106 |      52 |    0 |   125 |      0 |      0 |          0 |
|               (inst)                                                                                            |                                                           system_ic_data_hp0_0_sc_node_v1_0_16_top__parameterized5__xdcDup__3 |          3 |          3 |       0 |    0 |     1 |      0 |      0 |          0 |
|               inst_mi_handler                                                                                   |                                                    system_ic_data_hp0_0_sc_node_v1_0_16_mi_handler__parameterized5__xdcDup__3 |        151 |         99 |      52 |    0 |   117 |      0 |      0 |          0 |
|                 (inst_mi_handler)                                                                               |                                                    system_ic_data_hp0_0_sc_node_v1_0_16_mi_handler__parameterized5__xdcDup__3 |          0 |          0 |       0 |    0 |     2 |      0 |      0 |          0 |
|                 gen_normal_area.gen_downsizer.inst_downsizer                                                    |                                                                             system_ic_data_hp0_0_sc_node_v1_0_16_downsizer_64 |          2 |          2 |       0 |    0 |     3 |      0 |      0 |          0 |
|                 gen_normal_area.gen_node_prog_full.inst_node_prog_full                                          |                                                                          system_ic_data_hp0_0_sc_node_v1_0_16_fifo__xdcDup__8 |         35 |         35 |       0 |    0 |    21 |      0 |      0 |          0 |
|                   gen_xpm_memory_fifo.inst_fifo                                                                 |                                                                system_ic_data_hp0_0_sc_util_v1_0_4_xpm_memory_fifo__xdcDup__8 |         35 |         35 |       0 |    0 |    21 |      0 |      0 |          0 |
|                     (gen_xpm_memory_fifo.inst_fifo)                                                             |                                                                system_ic_data_hp0_0_sc_util_v1_0_4_xpm_memory_fifo__xdcDup__8 |          6 |          6 |       0 |    0 |     3 |      0 |      0 |          0 |
|                     gen_mem_rep[0].inst_rd_addrb                                                                |                                                                system_ic_data_hp0_0_sc_util_v1_0_4_counter__parameterized0_70 |          4 |          4 |       0 |    0 |     6 |      0 |      0 |          0 |
|                     gen_mem_rep[0].inst_wr_addra                                                                |                                                                system_ic_data_hp0_0_sc_util_v1_0_4_counter__parameterized0_71 |          5 |          5 |       0 |    0 |     6 |      0 |      0 |          0 |
|                     gen_wr.inst_wr_addra_p1                                                                     |                                                                system_ic_data_hp0_0_sc_util_v1_0_4_counter__parameterized1_72 |         20 |         20 |       0 |    0 |     6 |      0 |      0 |          0 |
|                 gen_normal_area.inst_fifo_node_payld                                                            |                                                          system_ic_data_hp0_0_sc_node_v1_0_16_fifo__parameterized5__xdcDup__4 |        114 |         62 |      52 |    0 |    90 |      0 |      0 |          0 |
|                   gen_xpm_memory_fifo.inst_fifo                                                                 |                                                system_ic_data_hp0_0_sc_util_v1_0_4_xpm_memory_fifo__parameterized5__xdcDup__4 |        114 |         62 |      52 |    0 |    90 |      0 |      0 |          0 |
|                     (gen_xpm_memory_fifo.inst_fifo)                                                             |                                                system_ic_data_hp0_0_sc_util_v1_0_4_xpm_memory_fifo__parameterized5__xdcDup__4 |         38 |         38 |       0 |    0 |     3 |      0 |      0 |          0 |
|                     gen_mem_rep[0].inst_rd_addrb                                                                |                                                                system_ic_data_hp0_0_sc_util_v1_0_4_counter__parameterized0_67 |          6 |          6 |       0 |    0 |     6 |      0 |      0 |          0 |
|                     gen_mem_rep[0].inst_wr_addra                                                                |                                                                system_ic_data_hp0_0_sc_util_v1_0_4_counter__parameterized0_68 |          4 |          4 |       0 |    0 |     6 |      0 |      0 |          0 |
|                     gen_mem_rep[0].inst_xpm_memory                                                              |                                                                     system_ic_data_hp0_0_xpm_memory_sdpram__parameterized5__6 |         52 |          0 |      52 |    0 |    69 |      0 |      0 |          0 |
|                       (gen_mem_rep[0].inst_xpm_memory)                                                          |                                                                     system_ic_data_hp0_0_xpm_memory_sdpram__parameterized5__6 |          0 |          0 |       0 |    0 |     0 |      0 |      0 |          0 |
|                       xpm_memory_base_inst                                                                      |                                                                       system_ic_data_hp0_0_xpm_memory_base__parameterized5__6 |         52 |          0 |      52 |    0 |    69 |      0 |      0 |          0 |
|                     gen_wr.inst_wr_addra_p1                                                                     |                                                                system_ic_data_hp0_0_sc_util_v1_0_4_counter__parameterized1_69 |         14 |         14 |       0 |    0 |     6 |      0 |      0 |          0 |
|                 inst_ingress                                                                                    |                                                               system_ic_data_hp0_0_sc_node_v1_0_16_ingress__parameterized5_65 |          0 |          0 |       0 |    0 |     1 |      0 |      0 |          0 |
|                   inst_pipeline_valid                                                                           |                                                               system_ic_data_hp0_0_sc_util_v1_0_4_pipeline__parameterized3_66 |          0 |          0 |       0 |    0 |     1 |      0 |      0 |          0 |
|               inst_si_handler                                                                                   |                                                            system_ic_data_hp0_0_sc_node_v1_0_16_si_handler__parameterized1_63 |          2 |          2 |       0 |    0 |     1 |      0 |      0 |          0 |
|               m_sc_xpm_cdc_async_rst_inst                                                                       |                                                                                    system_ic_data_hp0_0_xpm_cdc_async_rst__54 |          1 |          1 |       0 |    0 |     3 |      0 |      0 |          0 |
|               s_sc_xpm_cdc_async_rst_inst                                                                       |                                                                                    system_ic_data_hp0_0_xpm_cdc_async_rst__53 |          1 |          1 |       0 |    0 |     3 |      0 |      0 |          0 |
|           s03_w_node                                                                                            |                                                                                            system_ic_data_hp0_0_bd_8fe8_swn_1 |        142 |         86 |      56 |    0 |   221 |      0 |      0 |          0 |
|             (s03_w_node)                                                                                        |                                                                                            system_ic_data_hp0_0_bd_8fe8_swn_1 |          0 |          0 |       0 |    0 |     0 |      0 |      0 |          0 |
|             inst                                                                                                |                                                           system_ic_data_hp0_0_sc_node_v1_0_16_top__parameterized8__xdcDup__2 |        142 |         86 |      56 |    0 |   221 |      0 |      0 |          0 |
|               (inst)                                                                                            |                                                           system_ic_data_hp0_0_sc_node_v1_0_16_top__parameterized8__xdcDup__2 |          3 |          3 |       0 |    0 |     1 |      0 |      0 |          0 |
|               inst_mi_handler                                                                                   |                                                    system_ic_data_hp0_0_sc_node_v1_0_16_mi_handler__parameterized8__xdcDup__2 |        136 |         80 |      56 |    0 |   213 |      0 |      0 |          0 |
|                 (inst_mi_handler)                                                                               |                                                    system_ic_data_hp0_0_sc_node_v1_0_16_mi_handler__parameterized8__xdcDup__2 |          0 |          0 |       0 |    0 |     2 |      0 |      0 |          0 |
|                 gen_normal_area.gen_fi_regulator.inst_fi_regulator                                              |                                                                          system_ic_data_hp0_0_sc_node_v1_0_16_fi_regulator_53 |          1 |          1 |       0 |    0 |     2 |      0 |      0 |          0 |
|                 gen_normal_area.gen_fifo_req.inst_fifo_req                                                      |                                                          system_ic_data_hp0_0_sc_node_v1_0_16_fifo__parameterized9__xdcDup__2 |         31 |         27 |       4 |    0 |    22 |      0 |      0 |          0 |
|                   gen_xpm_memory_fifo.inst_fifo                                                                 |                                                system_ic_data_hp0_0_sc_util_v1_0_4_xpm_memory_fifo__parameterized9__xdcDup__2 |         31 |         27 |       4 |    0 |    22 |      0 |      0 |          0 |
|                     (gen_xpm_memory_fifo.inst_fifo)                                                             |                                                system_ic_data_hp0_0_sc_util_v1_0_4_xpm_memory_fifo__parameterized9__xdcDup__2 |          5 |          5 |       0 |    0 |     3 |      0 |      0 |          0 |
|                     gen_mem_rep[0].inst_rd_addrb                                                                |                                                                system_ic_data_hp0_0_sc_util_v1_0_4_counter__parameterized0_60 |          6 |          6 |       0 |    0 |     6 |      0 |      0 |          0 |
|                     gen_mem_rep[0].inst_wr_addra                                                                |                                                                system_ic_data_hp0_0_sc_util_v1_0_4_counter__parameterized0_61 |          4 |          4 |       0 |    0 |     6 |      0 |      0 |          0 |
|                     gen_mem_rep[0].inst_xpm_memory                                                              |                                                                    system_ic_data_hp0_0_xpm_memory_sdpram__parameterized6__12 |          4 |          0 |       4 |    0 |     1 |      0 |      0 |          0 |
|                       (gen_mem_rep[0].inst_xpm_memory)                                                          |                                                                    system_ic_data_hp0_0_xpm_memory_sdpram__parameterized6__12 |          0 |          0 |       0 |    0 |     0 |      0 |      0 |          0 |
|                       xpm_memory_base_inst                                                                      |                                                                      system_ic_data_hp0_0_xpm_memory_base__parameterized6__12 |          4 |          0 |       4 |    0 |     1 |      0 |      0 |          0 |
|                     gen_wr.inst_wr_addra_p1                                                                     |                                                                system_ic_data_hp0_0_sc_util_v1_0_4_counter__parameterized1_62 |         12 |         12 |       0 |    0 |     6 |      0 |      0 |          0 |
|                 gen_normal_area.gen_upsizer.inst_upsizer                                                        |                                                                               system_ic_data_hp0_0_sc_node_v1_0_16_upsizer_54 |         16 |         16 |       0 |    0 |    85 |      0 |      0 |          0 |
|                   (gen_normal_area.gen_upsizer.inst_upsizer)                                                    |                                                                               system_ic_data_hp0_0_sc_node_v1_0_16_upsizer_54 |         15 |         15 |       0 |    0 |    81 |      0 |      0 |          0 |
|                   inst_upsizer_target_pipeline                                                                  |                                                               system_ic_data_hp0_0_sc_util_v1_0_4_pipeline__parameterized9_59 |          1 |          1 |       0 |    0 |     4 |      0 |      0 |          0 |
|                 gen_normal_area.inst_fifo_node_payld                                                            |                                                         system_ic_data_hp0_0_sc_node_v1_0_16_fifo__parameterized10__xdcDup__2 |         83 |         31 |      52 |    0 |    98 |      0 |      0 |          0 |
|                   gen_xpm_memory_fifo.inst_fifo                                                                 |                                               system_ic_data_hp0_0_sc_util_v1_0_4_xpm_memory_fifo__parameterized10__xdcDup__2 |         83 |         31 |      52 |    0 |    98 |      0 |      0 |          0 |
|                     (gen_xpm_memory_fifo.inst_fifo)                                                             |                                               system_ic_data_hp0_0_sc_util_v1_0_4_xpm_memory_fifo__parameterized10__xdcDup__2 |          4 |          4 |       0 |    0 |     4 |      0 |      0 |          0 |
|                     gen_mem_rep[0].inst_rd_addrb                                                                |                                                                system_ic_data_hp0_0_sc_util_v1_0_4_counter__parameterized0_56 |          6 |          6 |       0 |    0 |     6 |      0 |      0 |          0 |
|                     gen_mem_rep[0].inst_wr_addra                                                                |                                                                system_ic_data_hp0_0_sc_util_v1_0_4_counter__parameterized0_57 |          4 |          4 |       0 |    0 |     6 |      0 |      0 |          0 |
|                     gen_mem_rep[0].inst_xpm_memory                                                              |                                                                     system_ic_data_hp0_0_xpm_memory_sdpram__parameterized9__4 |         52 |          0 |      52 |    0 |    76 |      0 |      0 |          0 |
|                       (gen_mem_rep[0].inst_xpm_memory)                                                          |                                                                     system_ic_data_hp0_0_xpm_memory_sdpram__parameterized9__4 |          0 |          0 |       0 |    0 |     0 |      0 |      0 |          0 |
|                       xpm_memory_base_inst                                                                      |                                                                       system_ic_data_hp0_0_xpm_memory_base__parameterized9__4 |         52 |          0 |      52 |    0 |    76 |      0 |      0 |          0 |
|                     gen_wr.inst_wr_addra_p1                                                                     |                                                                system_ic_data_hp0_0_sc_util_v1_0_4_counter__parameterized1_58 |         17 |         17 |       0 |    0 |     6 |      0 |      0 |          0 |
|                 gen_normal_area.inst_fifo_send                                                                  |                                                            system_ic_data_hp0_0_sc_node_v1_0_16_reg_slice3__parameterized1_55 |          5 |          5 |       0 |    0 |     4 |      0 |      0 |          0 |
|               inst_si_handler                                                                                   |                                                            system_ic_data_hp0_0_sc_node_v1_0_16_si_handler__parameterized1_52 |          1 |          1 |       0 |    0 |     1 |      0 |      0 |          0 |
|               m_sc_xpm_cdc_async_rst_inst                                                                       |                                                                                    system_ic_data_hp0_0_xpm_cdc_async_rst__52 |          1 |          1 |       0 |    0 |     3 |      0 |      0 |          0 |
|               s_sc_xpm_cdc_async_rst_inst                                                                       |                                                                                    system_ic_data_hp0_0_xpm_cdc_async_rst__51 |          1 |          1 |       0 |    0 |     3 |      0 |      0 |          0 |
|         s04_axi2sc                                                                                              |                                                                                         system_ic_data_hp0_0_bd_8fe8_s04a2s_0 |          0 |          0 |       0 |    0 |     0 |      0 |      0 |          0 |
|           (s04_axi2sc)                                                                                          |                                                                                         system_ic_data_hp0_0_bd_8fe8_s04a2s_0 |          0 |          0 |       0 |    0 |     0 |      0 |      0 |          0 |
|           inst                                                                                                  |                                                                                 system_ic_data_hp0_0_sc_axi2sc_v1_0_10_top__1 |          0 |          0 |       0 |    0 |     0 |      0 |      0 |          0 |
|         s04_entry_pipeline                                                                                      |                                                                            system_ic_data_hp0_0_s04_entry_pipeline_imp_6Z4RKH |        503 |        494 |       0 |    9 |   864 |      0 |      0 |          0 |
|           s04_mmu                                                                                               |                                                                                         system_ic_data_hp0_0_bd_8fe8_s04mmu_0 |        391 |        391 |       0 |    0 |   822 |      0 |      0 |          0 |
|             (s04_mmu)                                                                                           |                                                                                         system_ic_data_hp0_0_bd_8fe8_s04mmu_0 |          0 |          0 |       0 |    0 |     0 |      0 |      0 |          0 |
|             inst                                                                                                |                                                                                       system_ic_data_hp0_0_sc_mmu_v1_0_13_top |        391 |        391 |       0 |    0 |   822 |      0 |      0 |          0 |
|               (inst)                                                                                            |                                                                                       system_ic_data_hp0_0_sc_mmu_v1_0_13_top |          6 |          6 |       0 |    0 |    28 |      0 |      0 |          0 |
|               ar_reg_stall                                                                                      |                                                                             system_ic_data_hp0_0_sc_util_v1_0_4_axi_reg_stall |         46 |         46 |       0 |    0 |   120 |      0 |      0 |          0 |
|               ar_sreg                                                                                           |                                                                          system_ic_data_hp0_0_sc_util_v1_0_4_axi_reg_stall_46 |         75 |         75 |       0 |    0 |   184 |      0 |      0 |          0 |
|               aw_reg_stall                                                                                      |                                                                          system_ic_data_hp0_0_sc_util_v1_0_4_axi_reg_stall_47 |         45 |         45 |       0 |    0 |   120 |      0 |      0 |          0 |
|               aw_sreg                                                                                           |                                                                          system_ic_data_hp0_0_sc_util_v1_0_4_axi_reg_stall_48 |         80 |         80 |       0 |    0 |   184 |      0 |      0 |          0 |
|               b_sreg                                                                                            |                                                                          system_ic_data_hp0_0_sc_util_v1_0_4_axi_reg_stall_49 |         14 |         14 |       0 |    0 |    10 |      0 |      0 |          0 |
|               gen_endpoint.decerr_slave_inst                                                                    |                                                                              system_ic_data_hp0_0_sc_mmu_v1_0_13_decerr_slave |         32 |         32 |       0 |    0 |    19 |      0 |      0 |          0 |
|               r_sreg                                                                                            |                                                                          system_ic_data_hp0_0_sc_util_v1_0_4_axi_reg_stall_50 |         60 |         60 |       0 |    0 |    76 |      0 |      0 |          0 |
|               w_sreg                                                                                            |                                                                          system_ic_data_hp0_0_sc_util_v1_0_4_axi_reg_stall_51 |         32 |         32 |       0 |    0 |    78 |      0 |      0 |          0 |
|               xpm_cdc_async_rst_inst                                                                            |                                                                                    system_ic_data_hp0_0_xpm_cdc_async_rst__38 |          1 |          1 |       0 |    0 |     3 |      0 |      0 |          0 |
|           s04_si_converter                                                                                      |                                                                                         system_ic_data_hp0_0_bd_8fe8_s04sic_0 |         74 |         67 |       0 |    7 |    20 |      0 |      0 |          0 |
|             (s04_si_converter)                                                                                  |                                                                                         system_ic_data_hp0_0_bd_8fe8_s04sic_0 |          0 |          0 |       0 |    0 |     0 |      0 |      0 |          0 |
|             inst                                                                                                |                                                                              system_ic_data_hp0_0_sc_si_converter_v1_0_13_top |         74 |         67 |       0 |    7 |    20 |      0 |      0 |          0 |
|               (inst)                                                                                            |                                                                              system_ic_data_hp0_0_sc_si_converter_v1_0_13_top |         27 |         27 |       0 |    0 |     1 |      0 |      0 |          0 |
|               gen_normal.splitter_inst                                                                          |                                                                         system_ic_data_hp0_0_sc_si_converter_v1_0_13_splitter |         46 |         39 |       0 |    7 |    16 |      0 |      0 |          0 |
|                 (gen_normal.splitter_inst)                                                                      |                                                                         system_ic_data_hp0_0_sc_si_converter_v1_0_13_splitter |          0 |          0 |       0 |    0 |     1 |      0 |      0 |          0 |
|                 gen_no_wsplitter.gen_endpoint_woffset.gen_wbypass_offset_fifo.wbypass_offset_fifo               |                                                         system_ic_data_hp0_0_sc_util_v1_0_4_axic_reg_srl_fifo__parameterized5 |         46 |         39 |       0 |    7 |    15 |      0 |      0 |          0 |
|                   (gen_no_wsplitter.gen_endpoint_woffset.gen_wbypass_offset_fifo.wbypass_offset_fifo)           |                                                         system_ic_data_hp0_0_sc_util_v1_0_4_axic_reg_srl_fifo__parameterized5 |         24 |         24 |       0 |    0 |    15 |      0 |      0 |          0 |
|                   gen_srls[0].srl_nx1                                                                           |                                                                                system_ic_data_hp0_0_sc_util_v1_0_4_srl_rtl_39 |          2 |          1 |       0 |    1 |     0 |      0 |      0 |          0 |
|                   gen_srls[2].srl_nx1                                                                           |                                                                                system_ic_data_hp0_0_sc_util_v1_0_4_srl_rtl_40 |          2 |          1 |       0 |    1 |     0 |      0 |      0 |          0 |
|                   gen_srls[4].srl_nx1                                                                           |                                                                                system_ic_data_hp0_0_sc_util_v1_0_4_srl_rtl_41 |          2 |          1 |       0 |    1 |     0 |      0 |      0 |          0 |
|                   gen_srls[5].srl_nx1                                                                           |                                                                                system_ic_data_hp0_0_sc_util_v1_0_4_srl_rtl_42 |          2 |          1 |       0 |    1 |     0 |      0 |      0 |          0 |
|                   gen_srls[6].srl_nx1                                                                           |                                                                                system_ic_data_hp0_0_sc_util_v1_0_4_srl_rtl_43 |          9 |          8 |       0 |    1 |     0 |      0 |      0 |          0 |
|                   gen_srls[7].srl_nx1                                                                           |                                                                                system_ic_data_hp0_0_sc_util_v1_0_4_srl_rtl_44 |          2 |          1 |       0 |    1 |     0 |      0 |      0 |          0 |
|                   gen_srls[9].srl_nx1                                                                           |                                                                                system_ic_data_hp0_0_sc_util_v1_0_4_srl_rtl_45 |          3 |          2 |       0 |    1 |     0 |      0 |      0 |          0 |
|               xpm_cdc_async_rst_inst                                                                            |                                                                                    system_ic_data_hp0_0_xpm_cdc_async_rst__40 |          1 |          1 |       0 |    0 |     3 |      0 |      0 |          0 |
|           s04_transaction_regulator                                                                             |                                                                                          system_ic_data_hp0_0_bd_8fe8_s04tr_0 |         38 |         36 |       0 |    2 |    22 |      0 |      0 |          0 |
|             (s04_transaction_regulator)                                                                         |                                                                                          system_ic_data_hp0_0_bd_8fe8_s04tr_0 |          0 |          0 |       0 |    0 |     0 |      0 |      0 |          0 |
|             inst                                                                                                |                                                                     system_ic_data_hp0_0_sc_transaction_regulator_v1_0_11_top |         38 |         36 |       0 |    2 |    22 |      0 |      0 |          0 |
|               (inst)                                                                                            |                                                                     system_ic_data_hp0_0_sc_transaction_regulator_v1_0_11_top |          1 |          1 |       0 |    0 |     1 |      0 |      0 |          0 |
|               gen_endpoint.gen_r_singleorder.r_singleorder                                                      |                                                             system_ic_data_hp0_0_sc_transaction_regulator_v1_0_11_singleorder |         19 |         18 |       0 |    1 |     9 |      0 |      0 |          0 |
|                 gen_id_fifo.singleorder_fifo                                                                    |                                                                      system_ic_data_hp0_0_sc_util_v1_0_4_axic_reg_srl_fifo_37 |         19 |         18 |       0 |    1 |     9 |      0 |      0 |          0 |
|                   (gen_id_fifo.singleorder_fifo)                                                                |                                                                      system_ic_data_hp0_0_sc_util_v1_0_4_axic_reg_srl_fifo_37 |         16 |         16 |       0 |    0 |     9 |      0 |      0 |          0 |
|                   gen_srls[0].srl_nx1                                                                           |                                                                                system_ic_data_hp0_0_sc_util_v1_0_4_srl_rtl_38 |          3 |          2 |       0 |    1 |     0 |      0 |      0 |          0 |
|               gen_endpoint.gen_w_singleorder.w_singleorder                                                      |                                                          system_ic_data_hp0_0_sc_transaction_regulator_v1_0_11_singleorder_36 |         17 |         16 |       0 |    1 |     9 |      0 |      0 |          0 |
|                 gen_id_fifo.singleorder_fifo                                                                    |                                                                         system_ic_data_hp0_0_sc_util_v1_0_4_axic_reg_srl_fifo |         17 |         16 |       0 |    1 |     9 |      0 |      0 |          0 |
|                   (gen_id_fifo.singleorder_fifo)                                                                |                                                                         system_ic_data_hp0_0_sc_util_v1_0_4_axic_reg_srl_fifo |         14 |         14 |       0 |    0 |     9 |      0 |      0 |          0 |
|                   gen_srls[0].srl_nx1                                                                           |                                                                                   system_ic_data_hp0_0_sc_util_v1_0_4_srl_rtl |          3 |          2 |       0 |    1 |     0 |      0 |      0 |          0 |
|               xpm_cdc_async_rst_inst                                                                            |                                                                                    system_ic_data_hp0_0_xpm_cdc_async_rst__39 |          1 |          1 |       0 |    0 |     3 |      0 |      0 |          0 |
|         s04_nodes                                                                                               |                                                                                     system_ic_data_hp0_0_s04_nodes_imp_5Y1343 |        643 |        419 |     224 |    0 |   671 |      0 |      0 |          0 |
|           s04_ar_node                                                                                           |                                                                                           system_ic_data_hp0_0_bd_8fe8_sarn_3 |        138 |         78 |      60 |    0 |   141 |      0 |      0 |          0 |
|             (s04_ar_node)                                                                                       |                                                                                           system_ic_data_hp0_0_bd_8fe8_sarn_3 |          0 |          0 |       0 |    0 |     0 |      0 |      0 |          0 |
|             inst                                                                                                |                                                                      system_ic_data_hp0_0_sc_node_v1_0_16_top__parameterized4 |        138 |         78 |      60 |    0 |   141 |      0 |      0 |          0 |
|               (inst)                                                                                            |                                                                      system_ic_data_hp0_0_sc_node_v1_0_16_top__parameterized4 |          3 |          3 |       0 |    0 |     1 |      0 |      0 |          0 |
|               inst_mi_handler                                                                                   |                                                               system_ic_data_hp0_0_sc_node_v1_0_16_mi_handler__parameterized4 |        132 |         72 |      60 |    0 |   133 |      0 |      0 |          0 |
|                 (inst_mi_handler)                                                                               |                                                               system_ic_data_hp0_0_sc_node_v1_0_16_mi_handler__parameterized4 |          0 |          0 |       0 |    0 |     2 |      0 |      0 |          0 |
|                 gen_normal_area.gen_fifo_req.inst_fifo_req                                                      |                                                          system_ic_data_hp0_0_sc_node_v1_0_16_fifo__parameterized6__xdcDup__6 |         27 |         27 |       0 |    0 |    20 |      0 |      0 |          0 |
|                   gen_xpm_memory_fifo.inst_fifo                                                                 |                                                system_ic_data_hp0_0_sc_util_v1_0_4_xpm_memory_fifo__parameterized6__xdcDup__6 |         27 |         27 |       0 |    0 |    20 |      0 |      0 |          0 |
|                     (gen_xpm_memory_fifo.inst_fifo)                                                             |                                                system_ic_data_hp0_0_sc_util_v1_0_4_xpm_memory_fifo__parameterized6__xdcDup__6 |          4 |          4 |       0 |    0 |     2 |      0 |      0 |          0 |
|                     gen_mem_rep[0].inst_rd_addrb                                                                |                                                                system_ic_data_hp0_0_sc_util_v1_0_4_counter__parameterized0_33 |          6 |          6 |       0 |    0 |     6 |      0 |      0 |          0 |
|                     gen_mem_rep[0].inst_wr_addra                                                                |                                                                system_ic_data_hp0_0_sc_util_v1_0_4_counter__parameterized0_34 |          5 |          5 |       0 |    0 |     6 |      0 |      0 |          0 |
|                     gen_wr.inst_wr_addra_p1                                                                     |                                                                system_ic_data_hp0_0_sc_util_v1_0_4_counter__parameterized1_35 |         12 |         12 |       0 |    0 |     6 |      0 |      0 |          0 |
|                 gen_normal_area.inst_fifo_node_payld                                                            |                                                          system_ic_data_hp0_0_sc_node_v1_0_16_fifo__parameterized7__xdcDup__6 |        100 |         40 |      60 |    0 |   107 |      0 |      0 |          0 |
|                   gen_xpm_memory_fifo.inst_fifo                                                                 |                                                system_ic_data_hp0_0_sc_util_v1_0_4_xpm_memory_fifo__parameterized7__xdcDup__6 |        100 |         40 |      60 |    0 |   107 |      0 |      0 |          0 |
|                     (gen_xpm_memory_fifo.inst_fifo)                                                             |                                                system_ic_data_hp0_0_sc_util_v1_0_4_xpm_memory_fifo__parameterized7__xdcDup__6 |          6 |          6 |       0 |    0 |     4 |      0 |      0 |          0 |
|                     gen_mem_rep[0].inst_rd_addrb                                                                |                                                                system_ic_data_hp0_0_sc_util_v1_0_4_counter__parameterized0_30 |          6 |          6 |       0 |    0 |     6 |      0 |      0 |          0 |
|                     gen_mem_rep[0].inst_wr_addra                                                                |                                                                system_ic_data_hp0_0_sc_util_v1_0_4_counter__parameterized0_31 |          5 |          5 |       0 |    0 |     6 |      0 |      0 |          0 |
|                     gen_mem_rep[0].inst_xpm_memory                                                              |                                                                     system_ic_data_hp0_0_xpm_memory_sdpram__parameterized7__8 |         60 |          0 |      60 |    0 |    85 |      0 |      0 |          0 |
|                       (gen_mem_rep[0].inst_xpm_memory)                                                          |                                                                     system_ic_data_hp0_0_xpm_memory_sdpram__parameterized7__8 |          0 |          0 |       0 |    0 |     0 |      0 |      0 |          0 |
|                       xpm_memory_base_inst                                                                      |                                                                       system_ic_data_hp0_0_xpm_memory_base__parameterized7__8 |         60 |          0 |      60 |    0 |    85 |      0 |      0 |          0 |
|                     gen_wr.inst_wr_addra_p1                                                                     |                                                                system_ic_data_hp0_0_sc_util_v1_0_4_counter__parameterized1_32 |         23 |         23 |       0 |    0 |     6 |      0 |      0 |          0 |
|                 gen_normal_area.inst_fifo_send                                                                  |                                                            system_ic_data_hp0_0_sc_node_v1_0_16_reg_slice3__parameterized1_29 |          5 |          5 |       0 |    0 |     4 |      0 |      0 |          0 |
|               inst_si_handler                                                                                   |                                                            system_ic_data_hp0_0_sc_node_v1_0_16_si_handler__parameterized1_28 |          1 |          1 |       0 |    0 |     1 |      0 |      0 |          0 |
|               m_sc_xpm_cdc_async_rst_inst                                                                       |                                                                                    system_ic_data_hp0_0_xpm_cdc_async_rst__50 |          1 |          1 |       0 |    0 |     3 |      0 |      0 |          0 |
|               s_sc_xpm_cdc_async_rst_inst                                                                       |                                                                                    system_ic_data_hp0_0_xpm_cdc_async_rst__49 |          1 |          1 |       0 |    0 |     3 |      0 |      0 |          0 |
|           s04_aw_node                                                                                           |                                                                                           system_ic_data_hp0_0_bd_8fe8_sawn_2 |        130 |         78 |      52 |    0 |   129 |      0 |      0 |          0 |
|             (s04_aw_node)                                                                                       |                                                                                           system_ic_data_hp0_0_bd_8fe8_sawn_2 |          0 |          0 |       0 |    0 |     0 |      0 |      0 |          0 |
|             inst                                                                                                |                                                                      system_ic_data_hp0_0_sc_node_v1_0_16_top__parameterized6 |        130 |         78 |      52 |    0 |   129 |      0 |      0 |          0 |
|               (inst)                                                                                            |                                                                      system_ic_data_hp0_0_sc_node_v1_0_16_top__parameterized6 |          3 |          3 |       0 |    0 |     1 |      0 |      0 |          0 |
|               inst_mi_handler                                                                                   |                                                               system_ic_data_hp0_0_sc_node_v1_0_16_mi_handler__parameterized6 |        124 |         72 |      52 |    0 |   121 |      0 |      0 |          0 |
|                 (inst_mi_handler)                                                                               |                                                               system_ic_data_hp0_0_sc_node_v1_0_16_mi_handler__parameterized6 |          0 |          0 |       0 |    0 |     2 |      0 |      0 |          0 |
|                 gen_normal_area.gen_fifo_req.inst_fifo_req                                                      |                                                                     system_ic_data_hp0_0_sc_node_v1_0_16_fifo__parameterized6 |         27 |         27 |       0 |    0 |    20 |      0 |      0 |          0 |
|                   gen_xpm_memory_fifo.inst_fifo                                                                 |                                                           system_ic_data_hp0_0_sc_util_v1_0_4_xpm_memory_fifo__parameterized6 |         27 |         27 |       0 |    0 |    20 |      0 |      0 |          0 |
|                     (gen_xpm_memory_fifo.inst_fifo)                                                             |                                                           system_ic_data_hp0_0_sc_util_v1_0_4_xpm_memory_fifo__parameterized6 |          4 |          4 |       0 |    0 |     2 |      0 |      0 |          0 |
|                     gen_mem_rep[0].inst_rd_addrb                                                                |                                                                system_ic_data_hp0_0_sc_util_v1_0_4_counter__parameterized0_25 |          6 |          6 |       0 |    0 |     6 |      0 |      0 |          0 |
|                     gen_mem_rep[0].inst_wr_addra                                                                |                                                                system_ic_data_hp0_0_sc_util_v1_0_4_counter__parameterized0_26 |          5 |          5 |       0 |    0 |     6 |      0 |      0 |          0 |
|                     gen_wr.inst_wr_addra_p1                                                                     |                                                                system_ic_data_hp0_0_sc_util_v1_0_4_counter__parameterized1_27 |         12 |         12 |       0 |    0 |     6 |      0 |      0 |          0 |
|                 gen_normal_area.inst_fifo_node_payld                                                            |                                                                     system_ic_data_hp0_0_sc_node_v1_0_16_fifo__parameterized7 |         92 |         40 |      52 |    0 |    95 |      0 |      0 |          0 |
|                   gen_xpm_memory_fifo.inst_fifo                                                                 |                                                           system_ic_data_hp0_0_sc_util_v1_0_4_xpm_memory_fifo__parameterized7 |         92 |         40 |      52 |    0 |    95 |      0 |      0 |          0 |
|                     (gen_xpm_memory_fifo.inst_fifo)                                                             |                                                           system_ic_data_hp0_0_sc_util_v1_0_4_xpm_memory_fifo__parameterized7 |          6 |          6 |       0 |    0 |     4 |      0 |      0 |          0 |
|                     gen_mem_rep[0].inst_rd_addrb                                                                |                                                                system_ic_data_hp0_0_sc_util_v1_0_4_counter__parameterized0_22 |          6 |          6 |       0 |    0 |     6 |      0 |      0 |          0 |
|                     gen_mem_rep[0].inst_wr_addra                                                                |                                                                system_ic_data_hp0_0_sc_util_v1_0_4_counter__parameterized0_23 |          5 |          5 |       0 |    0 |     6 |      0 |      0 |          0 |
|                     gen_mem_rep[0].inst_xpm_memory                                                              |                                                                     system_ic_data_hp0_0_xpm_memory_sdpram__parameterized7__7 |         52 |          0 |      52 |    0 |    73 |      0 |      0 |          0 |
|                       (gen_mem_rep[0].inst_xpm_memory)                                                          |                                                                     system_ic_data_hp0_0_xpm_memory_sdpram__parameterized7__7 |          0 |          0 |       0 |    0 |     0 |      0 |      0 |          0 |
|                       xpm_memory_base_inst                                                                      |                                                                       system_ic_data_hp0_0_xpm_memory_base__parameterized7__7 |         52 |          0 |      52 |    0 |    73 |      0 |      0 |          0 |
|                     gen_wr.inst_wr_addra_p1                                                                     |                                                                system_ic_data_hp0_0_sc_util_v1_0_4_counter__parameterized1_24 |         23 |         23 |       0 |    0 |     6 |      0 |      0 |          0 |
|                 gen_normal_area.inst_fifo_send                                                                  |                                                            system_ic_data_hp0_0_sc_node_v1_0_16_reg_slice3__parameterized1_21 |          5 |          5 |       0 |    0 |     4 |      0 |      0 |          0 |
|               inst_si_handler                                                                                   |                                                            system_ic_data_hp0_0_sc_node_v1_0_16_si_handler__parameterized1_20 |          1 |          1 |       0 |    0 |     1 |      0 |      0 |          0 |
|               m_sc_xpm_cdc_async_rst_inst                                                                       |                                                                                    system_ic_data_hp0_0_xpm_cdc_async_rst__48 |          1 |          1 |       0 |    0 |     3 |      0 |      0 |          0 |
|               s_sc_xpm_cdc_async_rst_inst                                                                       |                                                                                    system_ic_data_hp0_0_xpm_cdc_async_rst__47 |          1 |          1 |       0 |    0 |     3 |      0 |      0 |          0 |
|           s04_b_node                                                                                            |                                                                                            system_ic_data_hp0_0_bd_8fe8_sbn_2 |         75 |         71 |       4 |    0 |    55 |      0 |      0 |          0 |
|             (s04_b_node)                                                                                        |                                                                                            system_ic_data_hp0_0_bd_8fe8_sbn_2 |          0 |          0 |       0 |    0 |     0 |      0 |      0 |          0 |
|             inst                                                                                                |                                                                      system_ic_data_hp0_0_sc_node_v1_0_16_top__parameterized7 |         75 |         71 |       4 |    0 |    55 |      0 |      0 |          0 |
|               (inst)                                                                                            |                                                                      system_ic_data_hp0_0_sc_node_v1_0_16_top__parameterized7 |          3 |          3 |       0 |    0 |     1 |      0 |      0 |          0 |
|               inst_mi_handler                                                                                   |                                                               system_ic_data_hp0_0_sc_node_v1_0_16_mi_handler__parameterized7 |         68 |         64 |       4 |    0 |    47 |      0 |      0 |          0 |
|                 (inst_mi_handler)                                                                               |                                                               system_ic_data_hp0_0_sc_node_v1_0_16_mi_handler__parameterized7 |          0 |          0 |       0 |    0 |     2 |      0 |      0 |          0 |
|                 gen_normal_area.gen_node_prog_full.inst_node_prog_full                                          |                                                                          system_ic_data_hp0_0_sc_node_v1_0_16_fifo__xdcDup__9 |         37 |         37 |       0 |    0 |    21 |      0 |      0 |          0 |
|                   gen_xpm_memory_fifo.inst_fifo                                                                 |                                                                system_ic_data_hp0_0_sc_util_v1_0_4_xpm_memory_fifo__xdcDup__9 |         37 |         37 |       0 |    0 |    21 |      0 |      0 |          0 |
|                     (gen_xpm_memory_fifo.inst_fifo)                                                             |                                                                system_ic_data_hp0_0_sc_util_v1_0_4_xpm_memory_fifo__xdcDup__9 |          6 |          6 |       0 |    0 |     3 |      0 |      0 |          0 |
|                     gen_mem_rep[0].inst_rd_addrb                                                                |                                                                system_ic_data_hp0_0_sc_util_v1_0_4_counter__parameterized0_17 |          6 |          6 |       0 |    0 |     6 |      0 |      0 |          0 |
|                     gen_mem_rep[0].inst_wr_addra                                                                |                                                                system_ic_data_hp0_0_sc_util_v1_0_4_counter__parameterized0_18 |          5 |          5 |       0 |    0 |     6 |      0 |      0 |          0 |
|                     gen_wr.inst_wr_addra_p1                                                                     |                                                                system_ic_data_hp0_0_sc_util_v1_0_4_counter__parameterized1_19 |         20 |         20 |       0 |    0 |     6 |      0 |      0 |          0 |
|                 gen_normal_area.inst_fifo_node_payld                                                            |                                                                     system_ic_data_hp0_0_sc_node_v1_0_16_fifo__parameterized8 |         31 |         27 |       4 |    0 |    23 |      0 |      0 |          0 |
|                   gen_xpm_memory_fifo.inst_fifo                                                                 |                                                           system_ic_data_hp0_0_sc_util_v1_0_4_xpm_memory_fifo__parameterized8 |         31 |         27 |       4 |    0 |    23 |      0 |      0 |          0 |
|                     (gen_xpm_memory_fifo.inst_fifo)                                                             |                                                           system_ic_data_hp0_0_sc_util_v1_0_4_xpm_memory_fifo__parameterized8 |          4 |          4 |       0 |    0 |     3 |      0 |      0 |          0 |
|                     gen_mem_rep[0].inst_rd_addrb                                                                |                                                                system_ic_data_hp0_0_sc_util_v1_0_4_counter__parameterized0_14 |          6 |          6 |       0 |    0 |     6 |      0 |      0 |          0 |
|                     gen_mem_rep[0].inst_wr_addra                                                                |                                                                system_ic_data_hp0_0_sc_util_v1_0_4_counter__parameterized0_15 |          4 |          4 |       0 |    0 |     6 |      0 |      0 |          0 |
|                     gen_mem_rep[0].inst_xpm_memory                                                              |                                                                     system_ic_data_hp0_0_xpm_memory_sdpram__parameterized8__3 |          4 |          0 |       4 |    0 |     2 |      0 |      0 |          0 |
|                       (gen_mem_rep[0].inst_xpm_memory)                                                          |                                                                     system_ic_data_hp0_0_xpm_memory_sdpram__parameterized8__3 |          0 |          0 |       0 |    0 |     0 |      0 |      0 |          0 |
|                       xpm_memory_base_inst                                                                      |                                                                       system_ic_data_hp0_0_xpm_memory_base__parameterized8__3 |          4 |          0 |       4 |    0 |     2 |      0 |      0 |          0 |
|                     gen_wr.inst_wr_addra_p1                                                                     |                                                                system_ic_data_hp0_0_sc_util_v1_0_4_counter__parameterized1_16 |         13 |         13 |       0 |    0 |     6 |      0 |      0 |          0 |
|                 inst_ingress                                                                                    |                                                                  system_ic_data_hp0_0_sc_node_v1_0_16_ingress__parameterized7 |          0 |          0 |       0 |    0 |     1 |      0 |      0 |          0 |
|                   inst_pipeline_valid                                                                           |                                                               system_ic_data_hp0_0_sc_util_v1_0_4_pipeline__parameterized3_13 |          0 |          0 |       0 |    0 |     1 |      0 |      0 |          0 |
|               inst_si_handler                                                                                   |                                                            system_ic_data_hp0_0_sc_node_v1_0_16_si_handler__parameterized1_12 |          2 |          2 |       0 |    0 |     1 |      0 |      0 |          0 |
|               m_sc_xpm_cdc_async_rst_inst                                                                       |                                                                                    system_ic_data_hp0_0_xpm_cdc_async_rst__46 |          1 |          1 |       0 |    0 |     3 |      0 |      0 |          0 |
|               s_sc_xpm_cdc_async_rst_inst                                                                       |                                                                                    system_ic_data_hp0_0_xpm_cdc_async_rst__45 |          1 |          1 |       0 |    0 |     3 |      0 |      0 |          0 |
|           s04_r_node                                                                                            |                                                                                            system_ic_data_hp0_0_bd_8fe8_srn_3 |        158 |        106 |      52 |    0 |   125 |      0 |      0 |          0 |
|             (s04_r_node)                                                                                        |                                                                                            system_ic_data_hp0_0_bd_8fe8_srn_3 |          0 |          0 |       0 |    0 |     0 |      0 |      0 |          0 |
|             inst                                                                                                |                                                                      system_ic_data_hp0_0_sc_node_v1_0_16_top__parameterized5 |        158 |        106 |      52 |    0 |   125 |      0 |      0 |          0 |
|               (inst)                                                                                            |                                                                      system_ic_data_hp0_0_sc_node_v1_0_16_top__parameterized5 |          3 |          3 |       0 |    0 |     1 |      0 |      0 |          0 |
|               inst_mi_handler                                                                                   |                                                               system_ic_data_hp0_0_sc_node_v1_0_16_mi_handler__parameterized5 |        151 |         99 |      52 |    0 |   117 |      0 |      0 |          0 |
|                 (inst_mi_handler)                                                                               |                                                               system_ic_data_hp0_0_sc_node_v1_0_16_mi_handler__parameterized5 |          0 |          0 |       0 |    0 |     2 |      0 |      0 |          0 |
|                 gen_normal_area.gen_downsizer.inst_downsizer                                                    |                                                                                system_ic_data_hp0_0_sc_node_v1_0_16_downsizer |          2 |          2 |       0 |    0 |     3 |      0 |      0 |          0 |
|                 gen_normal_area.gen_node_prog_full.inst_node_prog_full                                          |                                                                                     system_ic_data_hp0_0_sc_node_v1_0_16_fifo |         35 |         35 |       0 |    0 |    21 |      0 |      0 |          0 |
|                   gen_xpm_memory_fifo.inst_fifo                                                                 |                                                                           system_ic_data_hp0_0_sc_util_v1_0_4_xpm_memory_fifo |         35 |         35 |       0 |    0 |    21 |      0 |      0 |          0 |
|                     (gen_xpm_memory_fifo.inst_fifo)                                                             |                                                                           system_ic_data_hp0_0_sc_util_v1_0_4_xpm_memory_fifo |          6 |          6 |       0 |    0 |     3 |      0 |      0 |          0 |
|                     gen_mem_rep[0].inst_rd_addrb                                                                |                                                                 system_ic_data_hp0_0_sc_util_v1_0_4_counter__parameterized0_9 |          4 |          4 |       0 |    0 |     6 |      0 |      0 |          0 |
|                     gen_mem_rep[0].inst_wr_addra                                                                |                                                                system_ic_data_hp0_0_sc_util_v1_0_4_counter__parameterized0_10 |          5 |          5 |       0 |    0 |     6 |      0 |      0 |          0 |
|                     gen_wr.inst_wr_addra_p1                                                                     |                                                                system_ic_data_hp0_0_sc_util_v1_0_4_counter__parameterized1_11 |         20 |         20 |       0 |    0 |     6 |      0 |      0 |          0 |
|                 gen_normal_area.inst_fifo_node_payld                                                            |                                                                     system_ic_data_hp0_0_sc_node_v1_0_16_fifo__parameterized5 |        114 |         62 |      52 |    0 |    90 |      0 |      0 |          0 |
|                   gen_xpm_memory_fifo.inst_fifo                                                                 |                                                           system_ic_data_hp0_0_sc_util_v1_0_4_xpm_memory_fifo__parameterized5 |        114 |         62 |      52 |    0 |    90 |      0 |      0 |          0 |
|                     (gen_xpm_memory_fifo.inst_fifo)                                                             |                                                           system_ic_data_hp0_0_sc_util_v1_0_4_xpm_memory_fifo__parameterized5 |         38 |         38 |       0 |    0 |     3 |      0 |      0 |          0 |
|                     gen_mem_rep[0].inst_rd_addrb                                                                |                                                                 system_ic_data_hp0_0_sc_util_v1_0_4_counter__parameterized0_6 |          6 |          6 |       0 |    0 |     6 |      0 |      0 |          0 |
|                     gen_mem_rep[0].inst_wr_addra                                                                |                                                                 system_ic_data_hp0_0_sc_util_v1_0_4_counter__parameterized0_7 |          4 |          4 |       0 |    0 |     6 |      0 |      0 |          0 |
|                     gen_mem_rep[0].inst_xpm_memory                                                              |                                                                     system_ic_data_hp0_0_xpm_memory_sdpram__parameterized5__5 |         52 |          0 |      52 |    0 |    69 |      0 |      0 |          0 |
|                       (gen_mem_rep[0].inst_xpm_memory)                                                          |                                                                     system_ic_data_hp0_0_xpm_memory_sdpram__parameterized5__5 |          0 |          0 |       0 |    0 |     0 |      0 |      0 |          0 |
|                       xpm_memory_base_inst                                                                      |                                                                       system_ic_data_hp0_0_xpm_memory_base__parameterized5__5 |         52 |          0 |      52 |    0 |    69 |      0 |      0 |          0 |
|                     gen_wr.inst_wr_addra_p1                                                                     |                                                                 system_ic_data_hp0_0_sc_util_v1_0_4_counter__parameterized1_8 |         14 |         14 |       0 |    0 |     6 |      0 |      0 |          0 |
|                 inst_ingress                                                                                    |                                                                  system_ic_data_hp0_0_sc_node_v1_0_16_ingress__parameterized5 |          0 |          0 |       0 |    0 |     1 |      0 |      0 |          0 |
|                   inst_pipeline_valid                                                                           |                                                                  system_ic_data_hp0_0_sc_util_v1_0_4_pipeline__parameterized3 |          0 |          0 |       0 |    0 |     1 |      0 |      0 |          0 |
|               inst_si_handler                                                                                   |                                                             system_ic_data_hp0_0_sc_node_v1_0_16_si_handler__parameterized1_5 |          2 |          2 |       0 |    0 |     1 |      0 |      0 |          0 |
|               m_sc_xpm_cdc_async_rst_inst                                                                       |                                                                                    system_ic_data_hp0_0_xpm_cdc_async_rst__44 |          1 |          1 |       0 |    0 |     3 |      0 |      0 |          0 |
|               s_sc_xpm_cdc_async_rst_inst                                                                       |                                                                                    system_ic_data_hp0_0_xpm_cdc_async_rst__43 |          1 |          1 |       0 |    0 |     3 |      0 |      0 |          0 |
|           s04_w_node                                                                                            |                                                                                            system_ic_data_hp0_0_bd_8fe8_swn_2 |        142 |         86 |      56 |    0 |   221 |      0 |      0 |          0 |
|             (s04_w_node)                                                                                        |                                                                                            system_ic_data_hp0_0_bd_8fe8_swn_2 |          0 |          0 |       0 |    0 |     0 |      0 |      0 |          0 |
|             inst                                                                                                |                                                                      system_ic_data_hp0_0_sc_node_v1_0_16_top__parameterized8 |        142 |         86 |      56 |    0 |   221 |      0 |      0 |          0 |
|               (inst)                                                                                            |                                                                      system_ic_data_hp0_0_sc_node_v1_0_16_top__parameterized8 |          3 |          3 |       0 |    0 |     1 |      0 |      0 |          0 |
|               inst_mi_handler                                                                                   |                                                               system_ic_data_hp0_0_sc_node_v1_0_16_mi_handler__parameterized8 |        136 |         80 |      56 |    0 |   213 |      0 |      0 |          0 |
|                 (inst_mi_handler)                                                                               |                                                               system_ic_data_hp0_0_sc_node_v1_0_16_mi_handler__parameterized8 |          0 |          0 |       0 |    0 |     2 |      0 |      0 |          0 |
|                 gen_normal_area.gen_fi_regulator.inst_fi_regulator                                              |                                                                             system_ic_data_hp0_0_sc_node_v1_0_16_fi_regulator |          1 |          1 |       0 |    0 |     2 |      0 |      0 |          0 |
|                 gen_normal_area.gen_fifo_req.inst_fifo_req                                                      |                                                                     system_ic_data_hp0_0_sc_node_v1_0_16_fifo__parameterized9 |         31 |         27 |       4 |    0 |    22 |      0 |      0 |          0 |
|                   gen_xpm_memory_fifo.inst_fifo                                                                 |                                                           system_ic_data_hp0_0_sc_util_v1_0_4_xpm_memory_fifo__parameterized9 |         31 |         27 |       4 |    0 |    22 |      0 |      0 |          0 |
|                     (gen_xpm_memory_fifo.inst_fifo)                                                             |                                                           system_ic_data_hp0_0_sc_util_v1_0_4_xpm_memory_fifo__parameterized9 |          5 |          5 |       0 |    0 |     3 |      0 |      0 |          0 |
|                     gen_mem_rep[0].inst_rd_addrb                                                                |                                                                 system_ic_data_hp0_0_sc_util_v1_0_4_counter__parameterized0_2 |          6 |          6 |       0 |    0 |     6 |      0 |      0 |          0 |
|                     gen_mem_rep[0].inst_wr_addra                                                                |                                                                 system_ic_data_hp0_0_sc_util_v1_0_4_counter__parameterized0_3 |          4 |          4 |       0 |    0 |     6 |      0 |      0 |          0 |
|                     gen_mem_rep[0].inst_xpm_memory                                                              |                                                                     system_ic_data_hp0_0_xpm_memory_sdpram__parameterized6__9 |          4 |          0 |       4 |    0 |     1 |      0 |      0 |          0 |
|                       (gen_mem_rep[0].inst_xpm_memory)                                                          |                                                                     system_ic_data_hp0_0_xpm_memory_sdpram__parameterized6__9 |          0 |          0 |       0 |    0 |     0 |      0 |      0 |          0 |
|                       xpm_memory_base_inst                                                                      |                                                                       system_ic_data_hp0_0_xpm_memory_base__parameterized6__9 |          4 |          0 |       4 |    0 |     1 |      0 |      0 |          0 |
|                     gen_wr.inst_wr_addra_p1                                                                     |                                                                 system_ic_data_hp0_0_sc_util_v1_0_4_counter__parameterized1_4 |         12 |         12 |       0 |    0 |     6 |      0 |      0 |          0 |
|                 gen_normal_area.gen_upsizer.inst_upsizer                                                        |                                                                                  system_ic_data_hp0_0_sc_node_v1_0_16_upsizer |         16 |         16 |       0 |    0 |    85 |      0 |      0 |          0 |
|                   (gen_normal_area.gen_upsizer.inst_upsizer)                                                    |                                                                                  system_ic_data_hp0_0_sc_node_v1_0_16_upsizer |         15 |         15 |       0 |    0 |    81 |      0 |      0 |          0 |
|                   inst_upsizer_target_pipeline                                                                  |                                                                  system_ic_data_hp0_0_sc_util_v1_0_4_pipeline__parameterized9 |          1 |          1 |       0 |    0 |     4 |      0 |      0 |          0 |
|                 gen_normal_area.inst_fifo_node_payld                                                            |                                                                    system_ic_data_hp0_0_sc_node_v1_0_16_fifo__parameterized10 |         83 |         31 |      52 |    0 |    98 |      0 |      0 |          0 |
|                   gen_xpm_memory_fifo.inst_fifo                                                                 |                                                          system_ic_data_hp0_0_sc_util_v1_0_4_xpm_memory_fifo__parameterized10 |         83 |         31 |      52 |    0 |    98 |      0 |      0 |          0 |
|                     (gen_xpm_memory_fifo.inst_fifo)                                                             |                                                          system_ic_data_hp0_0_sc_util_v1_0_4_xpm_memory_fifo__parameterized10 |          4 |          4 |       0 |    0 |     4 |      0 |      0 |          0 |
|                     gen_mem_rep[0].inst_rd_addrb                                                                |                                                                   system_ic_data_hp0_0_sc_util_v1_0_4_counter__parameterized0 |          6 |          6 |       0 |    0 |     6 |      0 |      0 |          0 |
|                     gen_mem_rep[0].inst_wr_addra                                                                |                                                                 system_ic_data_hp0_0_sc_util_v1_0_4_counter__parameterized0_1 |          4 |          4 |       0 |    0 |     6 |      0 |      0 |          0 |
|                     gen_mem_rep[0].inst_xpm_memory                                                              |                                                                     system_ic_data_hp0_0_xpm_memory_sdpram__parameterized9__3 |         52 |          0 |      52 |    0 |    76 |      0 |      0 |          0 |
|                       (gen_mem_rep[0].inst_xpm_memory)                                                          |                                                                     system_ic_data_hp0_0_xpm_memory_sdpram__parameterized9__3 |          0 |          0 |       0 |    0 |     0 |      0 |      0 |          0 |
|                       xpm_memory_base_inst                                                                      |                                                                       system_ic_data_hp0_0_xpm_memory_base__parameterized9__3 |         52 |          0 |      52 |    0 |    76 |      0 |      0 |          0 |
|                     gen_wr.inst_wr_addra_p1                                                                     |                                                                   system_ic_data_hp0_0_sc_util_v1_0_4_counter__parameterized1 |         17 |         17 |       0 |    0 |     6 |      0 |      0 |          0 |
|                 gen_normal_area.inst_fifo_send                                                                  |                                                               system_ic_data_hp0_0_sc_node_v1_0_16_reg_slice3__parameterized1 |          5 |          5 |       0 |    0 |     4 |      0 |      0 |          0 |
|               inst_si_handler                                                                                   |                                                               system_ic_data_hp0_0_sc_node_v1_0_16_si_handler__parameterized1 |          1 |          1 |       0 |    0 |     1 |      0 |      0 |          0 |
|               m_sc_xpm_cdc_async_rst_inst                                                                       |                                                                                    system_ic_data_hp0_0_xpm_cdc_async_rst__42 |          1 |          1 |       0 |    0 |     3 |      0 |      0 |          0 |
|               s_sc_xpm_cdc_async_rst_inst                                                                       |                                                                                    system_ic_data_hp0_0_xpm_cdc_async_rst__41 |          1 |          1 |       0 |    0 |     3 |      0 |      0 |          0 |
|         switchboards                                                                                            |                                                                                  system_ic_data_hp0_0_switchboards_imp_SMYJNW |        438 |        438 |       0 |    0 |   314 |      0 |      0 |          0 |
|           ar_switchboard                                                                                        |                                                                                           system_ic_data_hp0_0_bd_8fe8_arsw_0 |        170 |        170 |       0 |    0 |    85 |      0 |      0 |          0 |
|             (ar_switchboard)                                                                                    |                                                                                           system_ic_data_hp0_0_bd_8fe8_arsw_0 |          0 |          0 |       0 |    0 |     0 |      0 |      0 |          0 |
|             inst                                                                                                |                                                                                system_ic_data_hp0_0_sc_switchboard_v1_0_8_top |        170 |        170 |       0 |    0 |    85 |      0 |      0 |          0 |
|               (inst)                                                                                            |                                                                                system_ic_data_hp0_0_sc_switchboard_v1_0_8_top |          0 |          0 |       0 |    0 |     0 |      0 |      0 |          0 |
|               gen_mi[0].inst_opipe_payld                                                                        |                                                               system_ic_data_hp0_0_sc_util_v1_0_4_pipeline__parameterized11_0 |        170 |        170 |       0 |    0 |    85 |      0 |      0 |          0 |
|           aw_switchboard                                                                                        |                                                                                           system_ic_data_hp0_0_bd_8fe8_awsw_0 |        132 |        132 |       0 |    0 |    73 |      0 |      0 |          0 |
|             (aw_switchboard)                                                                                    |                                                                                           system_ic_data_hp0_0_bd_8fe8_awsw_0 |          0 |          0 |       0 |    0 |     0 |      0 |      0 |          0 |
|             inst                                                                                                |                                                                             system_ic_data_hp0_0_sc_switchboard_v1_0_8_top__1 |        132 |        132 |       0 |    0 |    73 |      0 |      0 |          0 |
|               (inst)                                                                                            |                                                                             system_ic_data_hp0_0_sc_switchboard_v1_0_8_top__1 |          0 |          0 |       0 |    0 |     0 |      0 |      0 |          0 |
|               gen_mi[0].inst_opipe_payld                                                                        |                                                                 system_ic_data_hp0_0_sc_util_v1_0_4_pipeline__parameterized11 |        132 |        132 |       0 |    0 |    73 |      0 |      0 |          0 |
|           b_switchboard                                                                                         |                                                                                            system_ic_data_hp0_0_bd_8fe8_bsw_0 |          0 |          0 |       0 |    0 |     6 |      0 |      0 |          0 |
|             (b_switchboard)                                                                                     |                                                                                            system_ic_data_hp0_0_bd_8fe8_bsw_0 |          0 |          0 |       0 |    0 |     0 |      0 |      0 |          0 |
|             inst                                                                                                |                                                                system_ic_data_hp0_0_sc_switchboard_v1_0_8_top__parameterized0 |          0 |          0 |       0 |    0 |     6 |      0 |      0 |          0 |
|               (inst)                                                                                            |                                                                system_ic_data_hp0_0_sc_switchboard_v1_0_8_top__parameterized0 |          0 |          0 |       0 |    0 |     0 |      0 |      0 |          0 |
|               gen_mi[1].inst_opipe_payld                                                                        |                                                                 system_ic_data_hp0_0_sc_util_v1_0_4_pipeline__parameterized12 |          0 |          0 |       0 |    0 |     6 |      0 |      0 |          0 |
|           r_switchboard                                                                                         |                                                                                            system_ic_data_hp0_0_bd_8fe8_rsw_0 |          0 |          0 |       0 |    0 |    74 |      0 |      0 |          0 |
|             (r_switchboard)                                                                                     |                                                                                            system_ic_data_hp0_0_bd_8fe8_rsw_0 |          0 |          0 |       0 |    0 |     0 |      0 |      0 |          0 |
|             inst                                                                                                |                                                                system_ic_data_hp0_0_sc_switchboard_v1_0_8_top__parameterized1 |          0 |          0 |       0 |    0 |    74 |      0 |      0 |          0 |
|               (inst)                                                                                            |                                                                system_ic_data_hp0_0_sc_switchboard_v1_0_8_top__parameterized1 |          0 |          0 |       0 |    0 |     0 |      0 |      0 |          0 |
|               gen_mi[0].inst_opipe_payld                                                                        |                                                                 system_ic_data_hp0_0_sc_util_v1_0_4_pipeline__parameterized13 |          0 |          0 |       0 |    0 |    74 |      0 |      0 |          0 |
|           w_switchboard                                                                                         |                                                                                            system_ic_data_hp0_0_bd_8fe8_wsw_0 |        136 |        136 |       0 |    0 |    76 |      0 |      0 |          0 |
|             (w_switchboard)                                                                                     |                                                                                            system_ic_data_hp0_0_bd_8fe8_wsw_0 |          0 |          0 |       0 |    0 |     0 |      0 |      0 |          0 |
|             inst                                                                                                |                                                                system_ic_data_hp0_0_sc_switchboard_v1_0_8_top__parameterized2 |        136 |        136 |       0 |    0 |    76 |      0 |      0 |          0 |
|               (inst)                                                                                            |                                                                system_ic_data_hp0_0_sc_switchboard_v1_0_8_top__parameterized2 |          0 |          0 |       0 |    0 |     0 |      0 |      0 |          0 |
|               gen_mi[0].inst_opipe_payld                                                                        |                                                                 system_ic_data_hp0_0_sc_util_v1_0_4_pipeline__parameterized14 |        136 |        136 |       0 |    0 |    76 |      0 |      0 |          0 |
|     ic_data_hp1                                                                                                 |                                                                                                          system_ic_data_hp1_0 |       2293 |       1847 |     422 |   24 |  3277 |      0 |      0 |          0 |
|       (ic_data_hp1)                                                                                             |                                                                                                          system_ic_data_hp1_0 |          0 |          0 |       0 |    0 |     0 |      0 |      0 |          0 |
|       inst                                                                                                      |                                                                                                  system_ic_data_hp1_0_bd_4fb9 |       2293 |       1847 |     422 |   24 |  3277 |      0 |      0 |          0 |
|         (inst)                                                                                                  |                                                                                                  system_ic_data_hp1_0_bd_4fb9 |          0 |          0 |       0 |    0 |     0 |      0 |      0 |          0 |
|         clk_map                                                                                                 |                                                                                       system_ic_data_hp1_0_clk_map_imp_4K4FN7 |         13 |         12 |       0 |    1 |    22 |      0 |      0 |          0 |
|           psr_aclk                                                                                              |                                                                                       system_ic_data_hp1_0_bd_4fb9_psr_aclk_0 |         13 |         12 |       0 |    1 |    22 |      0 |      0 |          0 |
|             U0                                                                                                  |                                                                                           system_ic_data_hp1_0_proc_sys_reset |         13 |         12 |       0 |    1 |    22 |      0 |      0 |          0 |
|               (U0)                                                                                              |                                                                                           system_ic_data_hp1_0_proc_sys_reset |          0 |          0 |       0 |    0 |     1 |      0 |      0 |          0 |
|               EXT_LPF                                                                                           |                                                                                                      system_ic_data_hp1_0_lpf |          3 |          2 |       0 |    1 |     6 |      0 |      0 |          0 |
|                 (EXT_LPF)                                                                                       |                                                                                                      system_ic_data_hp1_0_lpf |          2 |          1 |       0 |    1 |     2 |      0 |      0 |          0 |
|                 ACTIVE_LOW_AUX.ACT_LO_AUX                                                                       |                                                                                                 system_ic_data_hp1_0_cdc_sync |          1 |          1 |       0 |    0 |     4 |      0 |      0 |          0 |
|               SEQ                                                                                               |                                                                                             system_ic_data_hp1_0_sequence_psr |         10 |         10 |       0 |    0 |    15 |      0 |      0 |          0 |
|                 (SEQ)                                                                                           |                                                                                             system_ic_data_hp1_0_sequence_psr |          5 |          5 |       0 |    0 |     9 |      0 |      0 |          0 |
|                 SEQ_COUNTER                                                                                     |                                                                                                  system_ic_data_hp1_0_upcnt_n |          5 |          5 |       0 |    0 |     6 |      0 |      0 |          0 |
|         m00_exit_pipeline                                                                                       |                                                                            system_ic_data_hp1_0_m00_exit_pipeline_imp_1SKXGX4 |        644 |        627 |       0 |   17 |   958 |      0 |      0 |          0 |
|           m00_exit                                                                                              |                                                                                           system_ic_data_hp1_0_bd_4fb9_m00e_0 |        644 |        627 |       0 |   17 |   958 |      0 |      0 |          0 |
|             (m00_exit)                                                                                          |                                                                                           system_ic_data_hp1_0_bd_4fb9_m00e_0 |          0 |          0 |       0 |    0 |     0 |      0 |      0 |          0 |
|             inst                                                                                                |                                                                                      system_ic_data_hp1_0_sc_exit_v1_0_15_top |        644 |        627 |       0 |   17 |   958 |      0 |      0 |          0 |
|               (inst)                                                                                            |                                                                                      system_ic_data_hp1_0_sc_exit_v1_0_15_top |          1 |          1 |       0 |    0 |     2 |      0 |      0 |          0 |
|               ar_reg                                                                                            |                                                                          system_ic_data_hp1_0_sc_util_v1_0_4_axi_reg_stall_88 |         33 |         33 |       0 |    0 |   102 |      0 |      0 |          0 |
|               aw_reg                                                                                            |                                                                          system_ic_data_hp1_0_sc_util_v1_0_4_axi_reg_stall_89 |         33 |         33 |       0 |    0 |   102 |      0 |      0 |          0 |
|               b_reg                                                                                             |                                                                          system_ic_data_hp1_0_sc_util_v1_0_4_axi_reg_stall_90 |         10 |         10 |       0 |    0 |     8 |      0 |      0 |          0 |
|               exit_inst                                                                                         |                                                                                     system_ic_data_hp1_0_sc_exit_v1_0_15_exit |         52 |         42 |       0 |   10 |    27 |      0 |      0 |          0 |
|                 (exit_inst)                                                                                     |                                                                                     system_ic_data_hp1_0_sc_exit_v1_0_15_exit |          2 |          2 |       0 |    0 |     1 |      0 |      0 |          0 |
|                 gen_r_cmd_fifo.r_cmd_fifo                                                                       |                                                         system_ic_data_hp1_0_sc_util_v1_0_4_axic_reg_srl_fifo__parameterized2 |         28 |         22 |       0 |    6 |    14 |      0 |      0 |          0 |
|                   (gen_r_cmd_fifo.r_cmd_fifo)                                                                   |                                                         system_ic_data_hp1_0_sc_util_v1_0_4_axic_reg_srl_fifo__parameterized2 |         15 |         15 |       0 |    0 |    14 |      0 |      0 |          0 |
|                   gen_srls[15].srl_nx1                                                                          |                                                                               system_ic_data_hp1_0_sc_util_v1_0_4_srl_rtl_107 |          2 |          1 |       0 |    1 |     0 |      0 |      0 |          0 |
|                   gen_srls[16].srl_nx1                                                                          |                                                                               system_ic_data_hp1_0_sc_util_v1_0_4_srl_rtl_108 |          2 |          1 |       0 |    1 |     0 |      0 |      0 |          0 |
|                   gen_srls[17].srl_nx1                                                                          |                                                                               system_ic_data_hp1_0_sc_util_v1_0_4_srl_rtl_109 |          2 |          1 |       0 |    1 |     0 |      0 |      0 |          0 |
|                   gen_srls[18].srl_nx1                                                                          |                                                                               system_ic_data_hp1_0_sc_util_v1_0_4_srl_rtl_110 |          3 |          2 |       0 |    1 |     0 |      0 |      0 |          0 |
|                   gen_srls[1].srl_nx1                                                                           |                                                                               system_ic_data_hp1_0_sc_util_v1_0_4_srl_rtl_111 |          2 |          1 |       0 |    1 |     0 |      0 |      0 |          0 |
|                   gen_srls[8].srl_nx1                                                                           |                                                                               system_ic_data_hp1_0_sc_util_v1_0_4_srl_rtl_112 |          2 |          1 |       0 |    1 |     0 |      0 |      0 |          0 |
|                 gen_w_cmd_fifo.w_cmd_fifo                                                                       |                                                         system_ic_data_hp1_0_sc_util_v1_0_4_axic_reg_srl_fifo__parameterized3 |         22 |         18 |       0 |    4 |    12 |      0 |      0 |          0 |
|                   (gen_w_cmd_fifo.w_cmd_fifo)                                                                   |                                                         system_ic_data_hp1_0_sc_util_v1_0_4_axic_reg_srl_fifo__parameterized3 |         13 |         13 |       0 |    0 |    12 |      0 |      0 |          0 |
|                   gen_srls[1].srl_nx1                                                                           |                                                                               system_ic_data_hp1_0_sc_util_v1_0_4_srl_rtl_103 |          2 |          1 |       0 |    1 |     0 |      0 |      0 |          0 |
|                   gen_srls[2].srl_nx1                                                                           |                                                                               system_ic_data_hp1_0_sc_util_v1_0_4_srl_rtl_104 |          2 |          1 |       0 |    1 |     0 |      0 |      0 |          0 |
|                   gen_srls[3].srl_nx1                                                                           |                                                                               system_ic_data_hp1_0_sc_util_v1_0_4_srl_rtl_105 |          2 |          1 |       0 |    1 |     0 |      0 |      0 |          0 |
|                   gen_srls[4].srl_nx1                                                                           |                                                                               system_ic_data_hp1_0_sc_util_v1_0_4_srl_rtl_106 |          3 |          2 |       0 |    1 |     0 |      0 |      0 |          0 |
|               r_reg                                                                                             |                                                                          system_ic_data_hp1_0_sc_util_v1_0_4_axi_reg_stall_91 |         41 |         41 |       0 |    0 |   138 |      0 |      0 |          0 |
|               splitter_inst                                                                                     |                                                                                 system_ic_data_hp1_0_sc_exit_v1_0_15_splitter |        430 |        423 |       0 |    7 |   426 |      0 |      0 |          0 |
|                 (splitter_inst)                                                                                 |                                                                                 system_ic_data_hp1_0_sc_exit_v1_0_15_splitter |          0 |          0 |       0 |    0 |     1 |      0 |      0 |          0 |
|                 gen_axi3.splitter_inst                                                                          |                                                                                system_ic_data_hp1_0_sc_exit_v1_0_15_axi3_conv |        430 |        423 |       0 |    7 |   425 |      0 |      0 |          0 |
|                   (gen_axi3.splitter_inst)                                                                      |                                                                                system_ic_data_hp1_0_sc_exit_v1_0_15_axi3_conv |        102 |        102 |       0 |    0 |   136 |      0 |      0 |          0 |
|                   ar_cmd_reg                                                                                    |                                                                          system_ic_data_hp1_0_sc_util_v1_0_4_axi_reg_stall_93 |        131 |        131 |       0 |    0 |   130 |      0 |      0 |          0 |
|                   aw_cmd_reg                                                                                    |                                                                          system_ic_data_hp1_0_sc_util_v1_0_4_axi_reg_stall_94 |        128 |        128 |       0 |    0 |   128 |      0 |      0 |          0 |
|                   gen_rsplitter.gen_rthread_loop[0].r_split_fifo                                                |                                                                         system_ic_data_hp1_0_sc_util_v1_0_4_axic_reg_srl_fifo |         15 |         14 |       0 |    1 |     9 |      0 |      0 |          0 |
|                     (gen_rsplitter.gen_rthread_loop[0].r_split_fifo)                                            |                                                                         system_ic_data_hp1_0_sc_util_v1_0_4_axic_reg_srl_fifo |         11 |         11 |       0 |    0 |     9 |      0 |      0 |          0 |
|                     gen_srls[0].srl_nx1                                                                         |                                                                               system_ic_data_hp1_0_sc_util_v1_0_4_srl_rtl_102 |          4 |          3 |       0 |    1 |     0 |      0 |      0 |          0 |
|                   gen_wsplitter.gen_wthread_loop[0].b_split_fifo                                                |                                                                      system_ic_data_hp1_0_sc_util_v1_0_4_axic_reg_srl_fifo_95 |         18 |         17 |       0 |    1 |     9 |      0 |      0 |          0 |
|                     (gen_wsplitter.gen_wthread_loop[0].b_split_fifo)                                            |                                                                      system_ic_data_hp1_0_sc_util_v1_0_4_axic_reg_srl_fifo_95 |         15 |         15 |       0 |    0 |     9 |      0 |      0 |          0 |
|                     gen_srls[0].srl_nx1                                                                         |                                                                               system_ic_data_hp1_0_sc_util_v1_0_4_srl_rtl_101 |          3 |          2 |       0 |    1 |     0 |      0 |      0 |          0 |
|                   gen_wsplitter.w_split_fifo                                                                    |                                                         system_ic_data_hp1_0_sc_util_v1_0_4_axic_reg_srl_fifo__parameterized0 |         36 |         31 |       0 |    5 |    13 |      0 |      0 |          0 |
|                     (gen_wsplitter.w_split_fifo)                                                                |                                                         system_ic_data_hp1_0_sc_util_v1_0_4_axic_reg_srl_fifo__parameterized0 |         24 |         24 |       0 |    0 |    13 |      0 |      0 |          0 |
|                     gen_srls[0].srl_nx1                                                                         |                                                                                system_ic_data_hp1_0_sc_util_v1_0_4_srl_rtl_96 |          3 |          2 |       0 |    1 |     0 |      0 |      0 |          0 |
|                     gen_srls[1].srl_nx1                                                                         |                                                                                system_ic_data_hp1_0_sc_util_v1_0_4_srl_rtl_97 |          2 |          1 |       0 |    1 |     0 |      0 |      0 |          0 |
|                     gen_srls[2].srl_nx1                                                                         |                                                                                system_ic_data_hp1_0_sc_util_v1_0_4_srl_rtl_98 |          2 |          1 |       0 |    1 |     0 |      0 |      0 |          0 |
|                     gen_srls[3].srl_nx1                                                                         |                                                                                system_ic_data_hp1_0_sc_util_v1_0_4_srl_rtl_99 |          2 |          1 |       0 |    1 |     0 |      0 |      0 |          0 |
|                     gen_srls[4].srl_nx1                                                                         |                                                                               system_ic_data_hp1_0_sc_util_v1_0_4_srl_rtl_100 |          3 |          2 |       0 |    1 |     0 |      0 |      0 |          0 |
|               w_reg                                                                                             |                                                                          system_ic_data_hp1_0_sc_util_v1_0_4_axi_reg_stall_92 |         43 |         43 |       0 |    0 |   150 |      0 |      0 |          0 |
|               xpm_cdc_async_rst_inst                                                                            |                                                                                     system_ic_data_hp1_0_xpm_cdc_async_rst__3 |          1 |          1 |       0 |    0 |     3 |      0 |      0 |          0 |
|         m00_nodes                                                                                               |                                                                                    system_ic_data_hp1_0_m00_nodes_imp_1FBG1J8 |        635 |        420 |     214 |    1 |   592 |      0 |      0 |          0 |
|           m00_ar_node                                                                                           |                                                                                         system_ic_data_hp1_0_bd_4fb9_m00arn_0 |        127 |         75 |      52 |    0 |   126 |      0 |      0 |          0 |
|             (m00_ar_node)                                                                                       |                                                                                         system_ic_data_hp1_0_bd_4fb9_m00arn_0 |          0 |          0 |       0 |    0 |     0 |      0 |      0 |          0 |
|             inst                                                                                                |                                                                                      system_ic_data_hp1_0_sc_node_v1_0_16_top |        127 |         75 |      52 |    0 |   126 |      0 |      0 |          0 |
|               (inst)                                                                                            |                                                                                      system_ic_data_hp1_0_sc_node_v1_0_16_top |          3 |          3 |       0 |    0 |     1 |      0 |      0 |          0 |
|               inst_mi_handler                                                                                   |                                                                               system_ic_data_hp1_0_sc_node_v1_0_16_mi_handler |        116 |         64 |      52 |    0 |   112 |      0 |      0 |          0 |
|                 (inst_mi_handler)                                                                               |                                                                               system_ic_data_hp1_0_sc_node_v1_0_16_mi_handler |          0 |          0 |       0 |    0 |     2 |      0 |      0 |          0 |
|                 gen_normal_area.gen_node_prog_full.inst_node_prog_full                                          |                                                                          system_ic_data_hp1_0_sc_node_v1_0_16_fifo__xdcDup__1 |         37 |         37 |       0 |    0 |    21 |      0 |      0 |          0 |
|                   gen_xpm_memory_fifo.inst_fifo                                                                 |                                                                system_ic_data_hp1_0_sc_util_v1_0_4_xpm_memory_fifo__xdcDup__1 |         37 |         37 |       0 |    0 |    21 |      0 |      0 |          0 |
|                     (gen_xpm_memory_fifo.inst_fifo)                                                             |                                                                system_ic_data_hp1_0_sc_util_v1_0_4_xpm_memory_fifo__xdcDup__1 |          6 |          6 |       0 |    0 |     3 |      0 |      0 |          0 |
|                     gen_mem_rep[0].inst_rd_addrb                                                                |                                                                system_ic_data_hp1_0_sc_util_v1_0_4_counter__parameterized0_85 |          6 |          6 |       0 |    0 |     6 |      0 |      0 |          0 |
|                     gen_mem_rep[0].inst_wr_addra                                                                |                                                                system_ic_data_hp1_0_sc_util_v1_0_4_counter__parameterized0_86 |          5 |          5 |       0 |    0 |     6 |      0 |      0 |          0 |
|                     gen_wr.inst_wr_addra_p1                                                                     |                                                                system_ic_data_hp1_0_sc_util_v1_0_4_counter__parameterized1_87 |         20 |         20 |       0 |    0 |     6 |      0 |      0 |          0 |
|                 gen_normal_area.inst_fifo_node_payld                                                            |                                                          system_ic_data_hp1_0_sc_node_v1_0_16_fifo__parameterized0__xdcDup__1 |         79 |         27 |      52 |    0 |    88 |      0 |      0 |          0 |
|                   gen_xpm_memory_fifo.inst_fifo                                                                 |                                                system_ic_data_hp1_0_sc_util_v1_0_4_xpm_memory_fifo__parameterized0__xdcDup__1 |         79 |         27 |      52 |    0 |    88 |      0 |      0 |          0 |
|                     (gen_xpm_memory_fifo.inst_fifo)                                                             |                                                system_ic_data_hp1_0_sc_util_v1_0_4_xpm_memory_fifo__parameterized0__xdcDup__1 |          4 |          4 |       0 |    0 |     3 |      0 |      0 |          0 |
|                     gen_mem_rep[0].inst_rd_addrb                                                                |                                                                system_ic_data_hp1_0_sc_util_v1_0_4_counter__parameterized0_82 |          6 |          6 |       0 |    0 |     6 |      0 |      0 |          0 |
|                     gen_mem_rep[0].inst_wr_addra                                                                |                                                                system_ic_data_hp1_0_sc_util_v1_0_4_counter__parameterized0_83 |          4 |          4 |       0 |    0 |     6 |      0 |      0 |          0 |
|                     gen_mem_rep[0].inst_xpm_memory                                                              |                                                                        system_ic_data_hp1_0_xpm_memory_sdpram__parameterized0 |         52 |          0 |      52 |    0 |    67 |      0 |      0 |          0 |
|                       (gen_mem_rep[0].inst_xpm_memory)                                                          |                                                                        system_ic_data_hp1_0_xpm_memory_sdpram__parameterized0 |          0 |          0 |       0 |    0 |     0 |      0 |      0 |          0 |
|                       xpm_memory_base_inst                                                                      |                                                                          system_ic_data_hp1_0_xpm_memory_base__parameterized0 |         52 |          0 |      52 |    0 |    67 |      0 |      0 |          0 |
|                     gen_wr.inst_wr_addra_p1                                                                     |                                                                system_ic_data_hp1_0_sc_util_v1_0_4_counter__parameterized1_84 |         13 |         13 |       0 |    0 |     6 |      0 |      0 |          0 |
|                 inst_ingress                                                                                    |                                                                                  system_ic_data_hp1_0_sc_node_v1_0_16_ingress |          0 |          0 |       0 |    0 |     1 |      0 |      0 |          0 |
|                   inst_pipeline_valid                                                                           |                                                               system_ic_data_hp1_0_sc_util_v1_0_4_pipeline__parameterized3_81 |          0 |          0 |       0 |    0 |     1 |      0 |      0 |          0 |
|               inst_si_handler                                                                                   |                                                                               system_ic_data_hp1_0_sc_node_v1_0_16_si_handler |          6 |          6 |       0 |    0 |     7 |      0 |      0 |          0 |
|                 (inst_si_handler)                                                                               |                                                                               system_ic_data_hp1_0_sc_node_v1_0_16_si_handler |          0 |          0 |       0 |    0 |     1 |      0 |      0 |          0 |
|                 gen_si_handler.gen_arbiter_rr_normal_area.inst_arbiter                                          |                                                                            system_ic_data_hp1_0_sc_node_v1_0_16_arb_alg_rr_79 |          4 |          4 |       0 |    0 |     3 |      0 |      0 |          0 |
|                 gen_si_handler.gen_request_counters.gen_req_counter[0].inst_req_counter                         |                                                                                system_ic_data_hp1_0_sc_util_v1_0_4_counter_80 |          2 |          2 |       0 |    0 |     3 |      0 |      0 |          0 |
|               m_sc_xpm_cdc_async_rst_inst                                                                       |                                                                                        system_ic_data_hp1_0_xpm_cdc_async_rst |          1 |          1 |       0 |    0 |     3 |      0 |      0 |          0 |
|               s_sc_xpm_cdc_async_rst_inst                                                                       |                                                                                    system_ic_data_hp1_0_xpm_cdc_async_rst__28 |          1 |          1 |       0 |    0 |     3 |      0 |      0 |          0 |
|           m00_aw_node                                                                                           |                                                                                         system_ic_data_hp1_0_bd_4fb9_m00awn_0 |        139 |         90 |      48 |    1 |   133 |      0 |      0 |          0 |
|             (m00_aw_node)                                                                                       |                                                                                         system_ic_data_hp1_0_bd_4fb9_m00awn_0 |          0 |          0 |       0 |    0 |     0 |      0 |      0 |          0 |
|             inst                                                                                                |                                                                      system_ic_data_hp1_0_sc_node_v1_0_16_top__parameterized0 |        139 |         90 |      48 |    1 |   133 |      0 |      0 |          0 |
|               (inst)                                                                                            |                                                                      system_ic_data_hp1_0_sc_node_v1_0_16_top__parameterized0 |          3 |          3 |       0 |    0 |     1 |      0 |      0 |          0 |
|               inst_mi_handler                                                                                   |                                                               system_ic_data_hp1_0_sc_node_v1_0_16_mi_handler__parameterized0 |        112 |         64 |      48 |    0 |   111 |      0 |      0 |          0 |
|                 (inst_mi_handler)                                                                               |                                                               system_ic_data_hp1_0_sc_node_v1_0_16_mi_handler__parameterized0 |          0 |          0 |       0 |    0 |     2 |      0 |      0 |          0 |
|                 gen_normal_area.gen_node_prog_full.inst_node_prog_full                                          |                                                                          system_ic_data_hp1_0_sc_node_v1_0_16_fifo__xdcDup__2 |         37 |         37 |       0 |    0 |    21 |      0 |      0 |          0 |
|                   gen_xpm_memory_fifo.inst_fifo                                                                 |                                                                system_ic_data_hp1_0_sc_util_v1_0_4_xpm_memory_fifo__xdcDup__2 |         37 |         37 |       0 |    0 |    21 |      0 |      0 |          0 |
|                     (gen_xpm_memory_fifo.inst_fifo)                                                             |                                                                system_ic_data_hp1_0_sc_util_v1_0_4_xpm_memory_fifo__xdcDup__2 |          5 |          5 |       0 |    0 |     3 |      0 |      0 |          0 |
|                     gen_mem_rep[0].inst_rd_addrb                                                                |                                                                system_ic_data_hp1_0_sc_util_v1_0_4_counter__parameterized0_76 |          6 |          6 |       0 |    0 |     6 |      0 |      0 |          0 |
|                     gen_mem_rep[0].inst_wr_addra                                                                |                                                                system_ic_data_hp1_0_sc_util_v1_0_4_counter__parameterized0_77 |          5 |          5 |       0 |    0 |     6 |      0 |      0 |          0 |
|                     gen_wr.inst_wr_addra_p1                                                                     |                                                                system_ic_data_hp1_0_sc_util_v1_0_4_counter__parameterized1_78 |         21 |         21 |       0 |    0 |     6 |      0 |      0 |          0 |
|                 gen_normal_area.inst_fifo_node_payld                                                            |                                                                     system_ic_data_hp1_0_sc_node_v1_0_16_fifo__parameterized0 |         75 |         27 |      48 |    0 |    87 |      0 |      0 |          0 |
|                   gen_xpm_memory_fifo.inst_fifo                                                                 |                                                           system_ic_data_hp1_0_sc_util_v1_0_4_xpm_memory_fifo__parameterized0 |         75 |         27 |      48 |    0 |    87 |      0 |      0 |          0 |
|                     (gen_xpm_memory_fifo.inst_fifo)                                                             |                                                           system_ic_data_hp1_0_sc_util_v1_0_4_xpm_memory_fifo__parameterized0 |          4 |          4 |       0 |    0 |     3 |      0 |      0 |          0 |
|                     gen_mem_rep[0].inst_rd_addrb                                                                |                                                                system_ic_data_hp1_0_sc_util_v1_0_4_counter__parameterized0_73 |          6 |          6 |       0 |    0 |     6 |      0 |      0 |          0 |
|                     gen_mem_rep[0].inst_wr_addra                                                                |                                                                system_ic_data_hp1_0_sc_util_v1_0_4_counter__parameterized0_74 |          4 |          4 |       0 |    0 |     6 |      0 |      0 |          0 |
|                     gen_mem_rep[0].inst_xpm_memory                                                              |                                                                     system_ic_data_hp1_0_xpm_memory_sdpram__parameterized0__2 |         48 |          0 |      48 |    0 |    66 |      0 |      0 |          0 |
|                       (gen_mem_rep[0].inst_xpm_memory)                                                          |                                                                     system_ic_data_hp1_0_xpm_memory_sdpram__parameterized0__2 |          0 |          0 |       0 |    0 |     0 |      0 |      0 |          0 |
|                       xpm_memory_base_inst                                                                      |                                                                       system_ic_data_hp1_0_xpm_memory_base__parameterized0__2 |         48 |          0 |      48 |    0 |    66 |      0 |      0 |          0 |
|                     gen_wr.inst_wr_addra_p1                                                                     |                                                                system_ic_data_hp1_0_sc_util_v1_0_4_counter__parameterized1_75 |         13 |         13 |       0 |    0 |     6 |      0 |      0 |          0 |
|                 inst_ingress                                                                                    |                                                                  system_ic_data_hp1_0_sc_node_v1_0_16_ingress__parameterized0 |          0 |          0 |       0 |    0 |     1 |      0 |      0 |          0 |
|                   inst_pipeline_valid                                                                           |                                                               system_ic_data_hp1_0_sc_util_v1_0_4_pipeline__parameterized3_72 |          0 |          0 |       0 |    0 |     1 |      0 |      0 |          0 |
|               inst_si_handler                                                                                   |                                                               system_ic_data_hp1_0_sc_node_v1_0_16_si_handler__parameterized0 |         22 |         21 |       0 |    1 |    15 |      0 |      0 |          0 |
|                 (inst_si_handler)                                                                               |                                                               system_ic_data_hp1_0_sc_node_v1_0_16_si_handler__parameterized0 |          0 |          0 |       0 |    0 |     1 |      0 |      0 |          0 |
|                 gen_m_axis_arb_fifo.inst_axis_arb_fifo                                                          |                                                         system_ic_data_hp1_0_sc_util_v1_0_4_axic_reg_srl_fifo__parameterized4 |         18 |         17 |       0 |    1 |     9 |      0 |      0 |          0 |
|                   (gen_m_axis_arb_fifo.inst_axis_arb_fifo)                                                      |                                                         system_ic_data_hp1_0_sc_util_v1_0_4_axic_reg_srl_fifo__parameterized4 |         15 |         15 |       0 |    0 |     9 |      0 |      0 |          0 |
|                   gen_srls[1].srl_nx1                                                                           |                                                                                system_ic_data_hp1_0_sc_util_v1_0_4_srl_rtl_71 |          3 |          2 |       0 |    1 |     0 |      0 |      0 |          0 |
|                 gen_si_handler.gen_arbiter_rr_normal_area.inst_arbiter                                          |                                                                               system_ic_data_hp1_0_sc_node_v1_0_16_arb_alg_rr |          2 |          2 |       0 |    0 |     2 |      0 |      0 |          0 |
|                 gen_si_handler.gen_request_counters.gen_req_counter[1].inst_req_counter                         |                                                                                   system_ic_data_hp1_0_sc_util_v1_0_4_counter |          2 |          2 |       0 |    0 |     3 |      0 |      0 |          0 |
|               m_sc_xpm_cdc_async_rst_inst                                                                       |                                                                                    system_ic_data_hp1_0_xpm_cdc_async_rst__27 |          1 |          1 |       0 |    0 |     3 |      0 |      0 |          0 |
|               s_sc_xpm_cdc_async_rst_inst                                                                       |                                                                                    system_ic_data_hp1_0_xpm_cdc_async_rst__26 |          1 |          1 |       0 |    0 |     3 |      0 |      0 |          0 |
|           m00_b_node                                                                                            |                                                                                          system_ic_data_hp1_0_bd_4fb9_m00bn_0 |         91 |         83 |       8 |    0 |    65 |      0 |      0 |          0 |
|             (m00_b_node)                                                                                        |                                                                                          system_ic_data_hp1_0_bd_4fb9_m00bn_0 |          0 |          0 |       0 |    0 |     0 |      0 |      0 |          0 |
|             inst                                                                                                |                                                                      system_ic_data_hp1_0_sc_node_v1_0_16_top__parameterized1 |         91 |         83 |       8 |    0 |    65 |      0 |      0 |          0 |
|               (inst)                                                                                            |                                                                      system_ic_data_hp1_0_sc_node_v1_0_16_top__parameterized1 |          3 |          3 |       0 |    0 |     1 |      0 |      0 |          0 |
|               inst_mi_handler                                                                                   |                                                               system_ic_data_hp1_0_sc_node_v1_0_16_mi_handler__parameterized1 |         85 |         77 |       8 |    0 |    57 |      0 |      0 |          0 |
|                 (inst_mi_handler)                                                                               |                                                               system_ic_data_hp1_0_sc_node_v1_0_16_mi_handler__parameterized1 |          0 |          0 |       0 |    0 |     2 |      0 |      0 |          0 |
|                 gen_normal_area.gen_fifo_req.inst_fifo_req                                                      |                                                          system_ic_data_hp1_0_sc_node_v1_0_16_fifo__parameterized1__xdcDup__1 |         33 |         29 |       4 |    0 |    22 |      0 |      0 |          0 |
|                   gen_xpm_memory_fifo.inst_fifo                                                                 |                                                system_ic_data_hp1_0_sc_util_v1_0_4_xpm_memory_fifo__parameterized1__xdcDup__1 |         33 |         29 |       4 |    0 |    22 |      0 |      0 |          0 |
|                     (gen_xpm_memory_fifo.inst_fifo)                                                             |                                                system_ic_data_hp1_0_sc_util_v1_0_4_xpm_memory_fifo__parameterized1__xdcDup__1 |          4 |          4 |       0 |    0 |     3 |      0 |      0 |          0 |
|                     gen_mem_rep[0].inst_rd_addrb                                                                |                                                                system_ic_data_hp1_0_sc_util_v1_0_4_counter__parameterized0_68 |          6 |          6 |       0 |    0 |     6 |      0 |      0 |          0 |
|                     gen_mem_rep[0].inst_wr_addra                                                                |                                                                system_ic_data_hp1_0_sc_util_v1_0_4_counter__parameterized0_69 |          5 |          5 |       0 |    0 |     6 |      0 |      0 |          0 |
|                     gen_mem_rep[0].inst_xpm_memory                                                              |                                                                        system_ic_data_hp1_0_xpm_memory_sdpram__parameterized1 |          4 |          0 |       4 |    0 |     1 |      0 |      0 |          0 |
|                       (gen_mem_rep[0].inst_xpm_memory)                                                          |                                                                        system_ic_data_hp1_0_xpm_memory_sdpram__parameterized1 |          0 |          0 |       0 |    0 |     0 |      0 |      0 |          0 |
|                       xpm_memory_base_inst                                                                      |                                                                          system_ic_data_hp1_0_xpm_memory_base__parameterized1 |          4 |          0 |       4 |    0 |     1 |      0 |      0 |          0 |
|                     gen_wr.inst_wr_addra_p1                                                                     |                                                                system_ic_data_hp1_0_sc_util_v1_0_4_counter__parameterized1_70 |         14 |         14 |       0 |    0 |     6 |      0 |      0 |          0 |
|                 gen_normal_area.inst_fifo_node_payld                                                            |                                                                     system_ic_data_hp1_0_sc_node_v1_0_16_fifo__parameterized2 |         44 |         40 |       4 |    0 |    25 |      0 |      0 |          0 |
|                   gen_xpm_memory_fifo.inst_fifo                                                                 |                                                           system_ic_data_hp1_0_sc_util_v1_0_4_xpm_memory_fifo__parameterized2 |         44 |         40 |       4 |    0 |    25 |      0 |      0 |          0 |
|                     (gen_xpm_memory_fifo.inst_fifo)                                                             |                                                           system_ic_data_hp1_0_sc_util_v1_0_4_xpm_memory_fifo__parameterized2 |          6 |          6 |       0 |    0 |     4 |      0 |      0 |          0 |
|                     gen_mem_rep[0].inst_rd_addrb                                                                |                                                                system_ic_data_hp1_0_sc_util_v1_0_4_counter__parameterized0_65 |          6 |          6 |       0 |    0 |     6 |      0 |      0 |          0 |
|                     gen_mem_rep[0].inst_wr_addra                                                                |                                                                system_ic_data_hp1_0_sc_util_v1_0_4_counter__parameterized0_66 |          5 |          5 |       0 |    0 |     6 |      0 |      0 |          0 |
|                     gen_mem_rep[0].inst_xpm_memory                                                              |                                                                        system_ic_data_hp1_0_xpm_memory_sdpram__parameterized2 |          4 |          0 |       4 |    0 |     3 |      0 |      0 |          0 |
|                       (gen_mem_rep[0].inst_xpm_memory)                                                          |                                                                        system_ic_data_hp1_0_xpm_memory_sdpram__parameterized2 |          0 |          0 |       0 |    0 |     0 |      0 |      0 |          0 |
|                       xpm_memory_base_inst                                                                      |                                                                          system_ic_data_hp1_0_xpm_memory_base__parameterized2 |          4 |          0 |       4 |    0 |     3 |      0 |      0 |          0 |
|                     gen_wr.inst_wr_addra_p1                                                                     |                                                                system_ic_data_hp1_0_sc_util_v1_0_4_counter__parameterized1_67 |         23 |         23 |       0 |    0 |     6 |      0 |      0 |          0 |
|                 gen_normal_area.inst_fifo_send                                                                  |                                                            system_ic_data_hp1_0_sc_node_v1_0_16_reg_slice3__parameterized0_64 |          8 |          8 |       0 |    0 |     8 |      0 |      0 |          0 |
|               inst_si_handler                                                                                   |                                                            system_ic_data_hp1_0_sc_node_v1_0_16_si_handler__parameterized1_63 |          1 |          1 |       0 |    0 |     1 |      0 |      0 |          0 |
|               m_sc_xpm_cdc_async_rst_inst                                                                       |                                                                                    system_ic_data_hp1_0_xpm_cdc_async_rst__25 |          1 |          1 |       0 |    0 |     3 |      0 |      0 |          0 |
|               s_sc_xpm_cdc_async_rst_inst                                                                       |                                                                                    system_ic_data_hp1_0_xpm_cdc_async_rst__24 |          1 |          1 |       0 |    0 |     3 |      0 |      0 |          0 |
|           m00_r_node                                                                                            |                                                                                          system_ic_data_hp1_0_bd_4fb9_m00rn_0 |        136 |         84 |      52 |    0 |   131 |      0 |      0 |          0 |
|             (m00_r_node)                                                                                        |                                                                                          system_ic_data_hp1_0_bd_4fb9_m00rn_0 |          0 |          0 |       0 |    0 |     0 |      0 |      0 |          0 |
|             inst                                                                                                |                                                                      system_ic_data_hp1_0_sc_node_v1_0_16_top__parameterized2 |        136 |         84 |      52 |    0 |   131 |      0 |      0 |          0 |
|               (inst)                                                                                            |                                                                      system_ic_data_hp1_0_sc_node_v1_0_16_top__parameterized2 |          3 |          3 |       0 |    0 |     1 |      0 |      0 |          0 |
|               inst_mi_handler                                                                                   |                                                               system_ic_data_hp1_0_sc_node_v1_0_16_mi_handler__parameterized2 |        130 |         78 |      52 |    0 |   123 |      0 |      0 |          0 |
|                 (inst_mi_handler)                                                                               |                                                               system_ic_data_hp1_0_sc_node_v1_0_16_mi_handler__parameterized2 |          0 |          0 |       0 |    0 |     2 |      0 |      0 |          0 |
|                 gen_normal_area.gen_fifo_req.inst_fifo_req                                                      |                                                                     system_ic_data_hp1_0_sc_node_v1_0_16_fifo__parameterized1 |         34 |         30 |       4 |    0 |    22 |      0 |      0 |          0 |
|                   gen_xpm_memory_fifo.inst_fifo                                                                 |                                                           system_ic_data_hp1_0_sc_util_v1_0_4_xpm_memory_fifo__parameterized1 |         34 |         30 |       4 |    0 |    22 |      0 |      0 |          0 |
|                     (gen_xpm_memory_fifo.inst_fifo)                                                             |                                                           system_ic_data_hp1_0_sc_util_v1_0_4_xpm_memory_fifo__parameterized1 |          5 |          5 |       0 |    0 |     3 |      0 |      0 |          0 |
|                     gen_mem_rep[0].inst_rd_addrb                                                                |                                                                system_ic_data_hp1_0_sc_util_v1_0_4_counter__parameterized0_60 |          6 |          6 |       0 |    0 |     6 |      0 |      0 |          0 |
|                     gen_mem_rep[0].inst_wr_addra                                                                |                                                                system_ic_data_hp1_0_sc_util_v1_0_4_counter__parameterized0_61 |          5 |          5 |       0 |    0 |     6 |      0 |      0 |          0 |
|                     gen_mem_rep[0].inst_xpm_memory                                                              |                                                                     system_ic_data_hp1_0_xpm_memory_sdpram__parameterized1__2 |          4 |          0 |       4 |    0 |     1 |      0 |      0 |          0 |
|                       (gen_mem_rep[0].inst_xpm_memory)                                                          |                                                                     system_ic_data_hp1_0_xpm_memory_sdpram__parameterized1__2 |          0 |          0 |       0 |    0 |     0 |      0 |      0 |          0 |
|                       xpm_memory_base_inst                                                                      |                                                                       system_ic_data_hp1_0_xpm_memory_base__parameterized1__2 |          4 |          0 |       4 |    0 |     1 |      0 |      0 |          0 |
|                     gen_wr.inst_wr_addra_p1                                                                     |                                                                system_ic_data_hp1_0_sc_util_v1_0_4_counter__parameterized1_62 |         14 |         14 |       0 |    0 |     6 |      0 |      0 |          0 |
|                 gen_normal_area.inst_fifo_node_payld                                                            |                                                                     system_ic_data_hp1_0_sc_node_v1_0_16_fifo__parameterized3 |         88 |         40 |      48 |    0 |    91 |      0 |      0 |          0 |
|                   gen_xpm_memory_fifo.inst_fifo                                                                 |                                                           system_ic_data_hp1_0_sc_util_v1_0_4_xpm_memory_fifo__parameterized3 |         88 |         40 |      48 |    0 |    91 |      0 |      0 |          0 |
|                     (gen_xpm_memory_fifo.inst_fifo)                                                             |                                                           system_ic_data_hp1_0_sc_util_v1_0_4_xpm_memory_fifo__parameterized3 |          6 |          6 |       0 |    0 |     4 |      0 |      0 |          0 |
|                     gen_mem_rep[0].inst_rd_addrb                                                                |                                                                system_ic_data_hp1_0_sc_util_v1_0_4_counter__parameterized0_57 |          6 |          6 |       0 |    0 |     6 |      0 |      0 |          0 |
|                     gen_mem_rep[0].inst_wr_addra                                                                |                                                                system_ic_data_hp1_0_sc_util_v1_0_4_counter__parameterized0_58 |          5 |          5 |       0 |    0 |     6 |      0 |      0 |          0 |
|                     gen_mem_rep[0].inst_xpm_memory                                                              |                                                                        system_ic_data_hp1_0_xpm_memory_sdpram__parameterized3 |         48 |          0 |      48 |    0 |    69 |      0 |      0 |          0 |
|                       (gen_mem_rep[0].inst_xpm_memory)                                                          |                                                                        system_ic_data_hp1_0_xpm_memory_sdpram__parameterized3 |          0 |          0 |       0 |    0 |     0 |      0 |      0 |          0 |
|                       xpm_memory_base_inst                                                                      |                                                                          system_ic_data_hp1_0_xpm_memory_base__parameterized3 |         48 |          0 |      48 |    0 |    69 |      0 |      0 |          0 |
|                     gen_wr.inst_wr_addra_p1                                                                     |                                                                system_ic_data_hp1_0_sc_util_v1_0_4_counter__parameterized1_59 |         23 |         23 |       0 |    0 |     6 |      0 |      0 |          0 |
|                 gen_normal_area.inst_fifo_send                                                                  |                                                               system_ic_data_hp1_0_sc_node_v1_0_16_reg_slice3__parameterized0 |          8 |          8 |       0 |    0 |     8 |      0 |      0 |          0 |
|               inst_si_handler                                                                                   |                                                            system_ic_data_hp1_0_sc_node_v1_0_16_si_handler__parameterized1_56 |          1 |          1 |       0 |    0 |     1 |      0 |      0 |          0 |
|               m_sc_xpm_cdc_async_rst_inst                                                                       |                                                                                    system_ic_data_hp1_0_xpm_cdc_async_rst__23 |          1 |          1 |       0 |    0 |     3 |      0 |      0 |          0 |
|               s_sc_xpm_cdc_async_rst_inst                                                                       |                                                                                    system_ic_data_hp1_0_xpm_cdc_async_rst__22 |          1 |          1 |       0 |    0 |     3 |      0 |      0 |          0 |
|           m00_w_node                                                                                            |                                                                                          system_ic_data_hp1_0_bd_4fb9_m00wn_0 |        142 |         88 |      54 |    0 |   137 |      0 |      0 |          0 |
|             (m00_w_node)                                                                                        |                                                                                          system_ic_data_hp1_0_bd_4fb9_m00wn_0 |          0 |          0 |       0 |    0 |     0 |      0 |      0 |          0 |
|             inst                                                                                                |                                                                      system_ic_data_hp1_0_sc_node_v1_0_16_top__parameterized3 |        142 |         88 |      54 |    0 |   137 |      0 |      0 |          0 |
|               (inst)                                                                                            |                                                                      system_ic_data_hp1_0_sc_node_v1_0_16_top__parameterized3 |          3 |          3 |       0 |    0 |     1 |      0 |      0 |          0 |
|               inst_mi_handler                                                                                   |                                                               system_ic_data_hp1_0_sc_node_v1_0_16_mi_handler__parameterized3 |        114 |         62 |      52 |    0 |   117 |      0 |      0 |          0 |
|                 (inst_mi_handler)                                                                               |                                                               system_ic_data_hp1_0_sc_node_v1_0_16_mi_handler__parameterized3 |          0 |          0 |       0 |    0 |     2 |      0 |      0 |          0 |
|                 gen_normal_area.gen_node_prog_full.inst_node_prog_full                                          |                                                                          system_ic_data_hp1_0_sc_node_v1_0_16_fifo__xdcDup__3 |         36 |         36 |       0 |    0 |    21 |      0 |      0 |          0 |
|                   gen_xpm_memory_fifo.inst_fifo                                                                 |                                                                system_ic_data_hp1_0_sc_util_v1_0_4_xpm_memory_fifo__xdcDup__3 |         36 |         36 |       0 |    0 |    21 |      0 |      0 |          0 |
|                     (gen_xpm_memory_fifo.inst_fifo)                                                             |                                                                system_ic_data_hp1_0_sc_util_v1_0_4_xpm_memory_fifo__xdcDup__3 |          7 |          7 |       0 |    0 |     3 |      0 |      0 |          0 |
|                     gen_mem_rep[0].inst_rd_addrb                                                                |                                                                system_ic_data_hp1_0_sc_util_v1_0_4_counter__parameterized0_53 |          6 |          6 |       0 |    0 |     6 |      0 |      0 |          0 |
|                     gen_mem_rep[0].inst_wr_addra                                                                |                                                                system_ic_data_hp1_0_sc_util_v1_0_4_counter__parameterized0_54 |          4 |          4 |       0 |    0 |     6 |      0 |      0 |          0 |
|                     gen_wr.inst_wr_addra_p1                                                                     |                                                                system_ic_data_hp1_0_sc_util_v1_0_4_counter__parameterized1_55 |         19 |         19 |       0 |    0 |     6 |      0 |      0 |          0 |
|                 gen_normal_area.inst_fifo_node_payld                                                            |                                                                     system_ic_data_hp1_0_sc_node_v1_0_16_fifo__parameterized5 |         78 |         26 |      52 |    0 |    93 |      0 |      0 |          0 |
|                   gen_xpm_memory_fifo.inst_fifo                                                                 |                                                           system_ic_data_hp1_0_sc_util_v1_0_4_xpm_memory_fifo__parameterized5 |         78 |         26 |      52 |    0 |    93 |      0 |      0 |          0 |
|                     (gen_xpm_memory_fifo.inst_fifo)                                                             |                                                           system_ic_data_hp1_0_sc_util_v1_0_4_xpm_memory_fifo__parameterized5 |          4 |          4 |       0 |    0 |     3 |      0 |      0 |          0 |
|                     gen_mem_rep[0].inst_rd_addrb                                                                |                                                                system_ic_data_hp1_0_sc_util_v1_0_4_counter__parameterized0_50 |          6 |          6 |       0 |    0 |     6 |      0 |      0 |          0 |
|                     gen_mem_rep[0].inst_wr_addra                                                                |                                                                system_ic_data_hp1_0_sc_util_v1_0_4_counter__parameterized0_51 |          4 |          4 |       0 |    0 |     6 |      0 |      0 |          0 |
|                     gen_mem_rep[0].inst_xpm_memory                                                              |                                                                        system_ic_data_hp1_0_xpm_memory_sdpram__parameterized5 |         52 |          0 |      52 |    0 |    72 |      0 |      0 |          0 |
|                       (gen_mem_rep[0].inst_xpm_memory)                                                          |                                                                        system_ic_data_hp1_0_xpm_memory_sdpram__parameterized5 |          0 |          0 |       0 |    0 |     0 |      0 |      0 |          0 |
|                       xpm_memory_base_inst                                                                      |                                                                          system_ic_data_hp1_0_xpm_memory_base__parameterized5 |         52 |          0 |      52 |    0 |    72 |      0 |      0 |          0 |
|                     gen_wr.inst_wr_addra_p1                                                                     |                                                                system_ic_data_hp1_0_sc_util_v1_0_4_counter__parameterized1_52 |         12 |         12 |       0 |    0 |     6 |      0 |      0 |          0 |
|                 inst_ingress                                                                                    |                                                                  system_ic_data_hp1_0_sc_node_v1_0_16_ingress__parameterized3 |          0 |          0 |       0 |    0 |     1 |      0 |      0 |          0 |
|                   inst_pipeline_valid                                                                           |                                                               system_ic_data_hp1_0_sc_util_v1_0_4_pipeline__parameterized3_49 |          0 |          0 |       0 |    0 |     1 |      0 |      0 |          0 |
|               inst_si_handler                                                                                   |                                                               system_ic_data_hp1_0_sc_node_v1_0_16_si_handler__parameterized3 |         23 |         21 |       2 |    0 |    13 |      0 |      0 |          0 |
|                 (inst_si_handler)                                                                               |                                                               system_ic_data_hp1_0_sc_node_v1_0_16_si_handler__parameterized3 |          0 |          0 |       0 |    0 |     1 |      0 |      0 |          0 |
|                 gen_si_handler.gen_axis_packet_slave_normal_area.inst_allow_transfer_late                       |                                                               system_ic_data_hp1_0_sc_util_v1_0_4_pipeline__parameterized3_47 |          2 |          2 |       0 |    0 |     1 |      0 |      0 |          0 |
|                 gen_si_handler.gen_request_fifos.gen_req_fifo[0].inst_req_fifo                                  |                                                          system_ic_data_hp1_0_sc_node_v1_0_16_fifo__parameterized4__xdcDup__1 |          6 |          6 |       0 |    0 |     0 |      0 |      0 |          0 |
|                   gen_xpm_memory_fifo.inst_fifo                                                                 |                                                system_ic_data_hp1_0_sc_util_v1_0_4_xpm_memory_fifo__parameterized4__xdcDup__1 |          6 |          6 |       0 |    0 |     0 |      0 |      0 |          0 |
|                 gen_si_handler.gen_request_fifos.gen_req_fifo[1].inst_req_fifo                                  |                                                                     system_ic_data_hp1_0_sc_node_v1_0_16_fifo__parameterized4 |         15 |         13 |       2 |    0 |    11 |      0 |      0 |          0 |
|                   gen_xpm_memory_fifo.inst_fifo                                                                 |                                                           system_ic_data_hp1_0_sc_util_v1_0_4_xpm_memory_fifo__parameterized4 |         15 |         13 |       2 |    0 |    11 |      0 |      0 |          0 |
|                     (gen_xpm_memory_fifo.inst_fifo)                                                             |                                                           system_ic_data_hp1_0_sc_util_v1_0_4_xpm_memory_fifo__parameterized4 |          3 |          3 |       0 |    0 |     2 |      0 |      0 |          0 |
|                     gen_mem_rep[0].inst_rd_addrb                                                                |                                                                   system_ic_data_hp1_0_sc_util_v1_0_4_counter__parameterized3 |          2 |          2 |       0 |    0 |     3 |      0 |      0 |          0 |
|                     gen_mem_rep[0].inst_wr_addra                                                                |                                                                system_ic_data_hp1_0_sc_util_v1_0_4_counter__parameterized3_48 |          2 |          2 |       0 |    0 |     3 |      0 |      0 |          0 |
|                     gen_mem_rep[0].inst_xpm_memory                                                              |                                                                     system_ic_data_hp1_0_xpm_memory_sdpram__parameterized4__2 |          2 |          0 |       2 |    0 |     0 |      0 |      0 |          0 |
|                       (gen_mem_rep[0].inst_xpm_memory)                                                          |                                                                     system_ic_data_hp1_0_xpm_memory_sdpram__parameterized4__2 |          0 |          0 |       0 |    0 |     0 |      0 |      0 |          0 |
|                       xpm_memory_base_inst                                                                      |                                                                       system_ic_data_hp1_0_xpm_memory_base__parameterized4__2 |          2 |          0 |       2 |    0 |     0 |      0 |      0 |          0 |
|                     gen_wr.inst_wr_addra_p1                                                                     |                                                                   system_ic_data_hp1_0_sc_util_v1_0_4_counter__parameterized4 |          6 |          6 |       0 |    0 |     3 |      0 |      0 |          0 |
|               m_sc_xpm_cdc_async_rst_inst                                                                       |                                                                                    system_ic_data_hp1_0_xpm_cdc_async_rst__21 |          1 |          1 |       0 |    0 |     3 |      0 |      0 |          0 |
|               s_sc_xpm_cdc_async_rst_inst                                                                       |                                                                                    system_ic_data_hp1_0_xpm_cdc_async_rst__20 |          1 |          1 |       0 |    0 |     3 |      0 |      0 |          0 |
|         m00_sc2axi                                                                                              |                                                                                         system_ic_data_hp1_0_bd_4fb9_m00s2a_0 |          0 |          0 |       0 |    0 |     0 |      0 |      0 |          0 |
|           (m00_sc2axi)                                                                                          |                                                                                         system_ic_data_hp1_0_bd_4fb9_m00s2a_0 |          0 |          0 |       0 |    0 |     0 |      0 |      0 |          0 |
|           inst                                                                                                  |                                                                                    system_ic_data_hp1_0_sc_sc2axi_v1_0_10_top |          0 |          0 |       0 |    0 |     0 |      0 |      0 |          0 |
|         s00_axi2sc                                                                                              |                                                                                         system_ic_data_hp1_0_bd_4fb9_s00a2s_0 |          0 |          0 |       0 |    0 |     0 |      0 |      0 |          0 |
|           (s00_axi2sc)                                                                                          |                                                                                         system_ic_data_hp1_0_bd_4fb9_s00a2s_0 |          0 |          0 |       0 |    0 |     0 |      0 |      0 |          0 |
|           inst                                                                                                  |                                                                                    system_ic_data_hp1_0_sc_axi2sc_v1_0_10_top |          0 |          0 |       0 |    0 |     0 |      0 |      0 |          0 |
|         s00_entry_pipeline                                                                                      |                                                                            system_ic_data_hp1_0_s00_entry_pipeline_imp_TXV6JV |        194 |        194 |       0 |    0 |   401 |      0 |      0 |          0 |
|           s00_mmu                                                                                               |                                                                                         system_ic_data_hp1_0_bd_4fb9_s00mmu_0 |        188 |        188 |       0 |    0 |   394 |      0 |      0 |          0 |
|             (s00_mmu)                                                                                           |                                                                                         system_ic_data_hp1_0_bd_4fb9_s00mmu_0 |          0 |          0 |       0 |    0 |     0 |      0 |      0 |          0 |
|             inst                                                                                                |                                                                            system_ic_data_hp1_0_sc_mmu_v1_0_13_top__xdcDup__1 |        188 |        188 |       0 |    0 |   394 |      0 |      0 |          0 |
|               (inst)                                                                                            |                                                                            system_ic_data_hp1_0_sc_mmu_v1_0_13_top__xdcDup__1 |          3 |          3 |       0 |    0 |    10 |      0 |      0 |          0 |
|               ar_reg_stall                                                                                      |                                                                          system_ic_data_hp1_0_sc_util_v1_0_4_axi_reg_stall_43 |         43 |         43 |       0 |    0 |   114 |      0 |      0 |          0 |
|               ar_sreg                                                                                           |                                                                          system_ic_data_hp1_0_sc_util_v1_0_4_axi_reg_stall_44 |         48 |         48 |       0 |    0 |   118 |      0 |      0 |          0 |
|               gen_endpoint.decerr_slave_inst                                                                    |                                                                           system_ic_data_hp1_0_sc_mmu_v1_0_13_decerr_slave_45 |         19 |         19 |       0 |    0 |    11 |      0 |      0 |          0 |
|               r_sreg                                                                                            |                                                                          system_ic_data_hp1_0_sc_util_v1_0_4_axi_reg_stall_46 |         74 |         74 |       0 |    0 |   138 |      0 |      0 |          0 |
|               xpm_cdc_async_rst_inst                                                                            |                                                                                     system_ic_data_hp1_0_xpm_cdc_async_rst__4 |          1 |          1 |       0 |    0 |     3 |      0 |      0 |          0 |
|           s00_si_converter                                                                                      |                                                                                         system_ic_data_hp1_0_bd_4fb9_s00sic_0 |          5 |          5 |       0 |    0 |     4 |      0 |      0 |          0 |
|             (s00_si_converter)                                                                                  |                                                                                         system_ic_data_hp1_0_bd_4fb9_s00sic_0 |          0 |          0 |       0 |    0 |     0 |      0 |      0 |          0 |
|             inst                                                                                                |                                                                              system_ic_data_hp1_0_sc_si_converter_v1_0_13_top |          5 |          5 |       0 |    0 |     4 |      0 |      0 |          0 |
|               (inst)                                                                                            |                                                                              system_ic_data_hp1_0_sc_si_converter_v1_0_13_top |          4 |          4 |       0 |    0 |     1 |      0 |      0 |          0 |
|               xpm_cdc_async_rst_inst                                                                            |                                                                                     system_ic_data_hp1_0_xpm_cdc_async_rst__6 |          1 |          1 |       0 |    0 |     3 |      0 |      0 |          0 |
|           s00_transaction_regulator                                                                             |                                                                                          system_ic_data_hp1_0_bd_4fb9_s00tr_0 |          1 |          1 |       0 |    0 |     3 |      0 |      0 |          0 |
|             (s00_transaction_regulator)                                                                         |                                                                                          system_ic_data_hp1_0_bd_4fb9_s00tr_0 |          0 |          0 |       0 |    0 |     0 |      0 |      0 |          0 |
|             inst                                                                                                |                                                          system_ic_data_hp1_0_sc_transaction_regulator_v1_0_11_top__xdcDup__1 |          1 |          1 |       0 |    0 |     3 |      0 |      0 |          0 |
|               (inst)                                                                                            |                                                          system_ic_data_hp1_0_sc_transaction_regulator_v1_0_11_top__xdcDup__1 |          0 |          0 |       0 |    0 |     0 |      0 |      0 |          0 |
|               xpm_cdc_async_rst_inst                                                                            |                                                                                     system_ic_data_hp1_0_xpm_cdc_async_rst__5 |          1 |          1 |       0 |    0 |     3 |      0 |      0 |          0 |
|         s00_nodes                                                                                               |                                                                                     system_ic_data_hp1_0_s00_nodes_imp_Z1RQB5 |        249 |        149 |     100 |    0 |   253 |      0 |      0 |          0 |
|           s00_ar_node                                                                                           |                                                                                           system_ic_data_hp1_0_bd_4fb9_sarn_0 |        130 |         78 |      52 |    0 |   133 |      0 |      0 |          0 |
|             (s00_ar_node)                                                                                       |                                                                                           system_ic_data_hp1_0_bd_4fb9_sarn_0 |          0 |          0 |       0 |    0 |     0 |      0 |      0 |          0 |
|             inst                                                                                                |                                                                      system_ic_data_hp1_0_sc_node_v1_0_16_top__parameterized4 |        130 |         78 |      52 |    0 |   133 |      0 |      0 |          0 |
|               (inst)                                                                                            |                                                                      system_ic_data_hp1_0_sc_node_v1_0_16_top__parameterized4 |          3 |          3 |       0 |    0 |     1 |      0 |      0 |          0 |
|               inst_mi_handler                                                                                   |                                                               system_ic_data_hp1_0_sc_node_v1_0_16_mi_handler__parameterized4 |        124 |         72 |      52 |    0 |   125 |      0 |      0 |          0 |
|                 (inst_mi_handler)                                                                               |                                                               system_ic_data_hp1_0_sc_node_v1_0_16_mi_handler__parameterized4 |          0 |          0 |       0 |    0 |     2 |      0 |      0 |          0 |
|                 gen_normal_area.gen_fifo_req.inst_fifo_req                                                      |                                                          system_ic_data_hp1_0_sc_node_v1_0_16_fifo__parameterized6__xdcDup__1 |         27 |         27 |       0 |    0 |    20 |      0 |      0 |          0 |
|                   gen_xpm_memory_fifo.inst_fifo                                                                 |                                                system_ic_data_hp1_0_sc_util_v1_0_4_xpm_memory_fifo__parameterized6__xdcDup__1 |         27 |         27 |       0 |    0 |    20 |      0 |      0 |          0 |
|                     (gen_xpm_memory_fifo.inst_fifo)                                                             |                                                system_ic_data_hp1_0_sc_util_v1_0_4_xpm_memory_fifo__parameterized6__xdcDup__1 |          4 |          4 |       0 |    0 |     2 |      0 |      0 |          0 |
|                     gen_mem_rep[0].inst_rd_addrb                                                                |                                                                system_ic_data_hp1_0_sc_util_v1_0_4_counter__parameterized0_40 |          6 |          6 |       0 |    0 |     6 |      0 |      0 |          0 |
|                     gen_mem_rep[0].inst_wr_addra                                                                |                                                                system_ic_data_hp1_0_sc_util_v1_0_4_counter__parameterized0_41 |          5 |          5 |       0 |    0 |     6 |      0 |      0 |          0 |
|                     gen_wr.inst_wr_addra_p1                                                                     |                                                                system_ic_data_hp1_0_sc_util_v1_0_4_counter__parameterized1_42 |         12 |         12 |       0 |    0 |     6 |      0 |      0 |          0 |
|                 gen_normal_area.inst_fifo_node_payld                                                            |                                                          system_ic_data_hp1_0_sc_node_v1_0_16_fifo__parameterized7__xdcDup__1 |         92 |         40 |      52 |    0 |    99 |      0 |      0 |          0 |
|                   gen_xpm_memory_fifo.inst_fifo                                                                 |                                                system_ic_data_hp1_0_sc_util_v1_0_4_xpm_memory_fifo__parameterized7__xdcDup__1 |         92 |         40 |      52 |    0 |    99 |      0 |      0 |          0 |
|                     (gen_xpm_memory_fifo.inst_fifo)                                                             |                                                system_ic_data_hp1_0_sc_util_v1_0_4_xpm_memory_fifo__parameterized7__xdcDup__1 |          6 |          6 |       0 |    0 |     4 |      0 |      0 |          0 |
|                     gen_mem_rep[0].inst_rd_addrb                                                                |                                                                system_ic_data_hp1_0_sc_util_v1_0_4_counter__parameterized0_37 |          6 |          6 |       0 |    0 |     6 |      0 |      0 |          0 |
|                     gen_mem_rep[0].inst_wr_addra                                                                |                                                                system_ic_data_hp1_0_sc_util_v1_0_4_counter__parameterized0_38 |          5 |          5 |       0 |    0 |     6 |      0 |      0 |          0 |
|                     gen_mem_rep[0].inst_xpm_memory                                                              |                                                                        system_ic_data_hp1_0_xpm_memory_sdpram__parameterized7 |         52 |          0 |      52 |    0 |    77 |      0 |      0 |          0 |
|                       (gen_mem_rep[0].inst_xpm_memory)                                                          |                                                                        system_ic_data_hp1_0_xpm_memory_sdpram__parameterized7 |          0 |          0 |       0 |    0 |     0 |      0 |      0 |          0 |
|                       xpm_memory_base_inst                                                                      |                                                                          system_ic_data_hp1_0_xpm_memory_base__parameterized7 |         52 |          0 |      52 |    0 |    77 |      0 |      0 |          0 |
|                     gen_wr.inst_wr_addra_p1                                                                     |                                                                system_ic_data_hp1_0_sc_util_v1_0_4_counter__parameterized1_39 |         23 |         23 |       0 |    0 |     6 |      0 |      0 |          0 |
|                 gen_normal_area.inst_fifo_send                                                                  |                                                            system_ic_data_hp1_0_sc_node_v1_0_16_reg_slice3__parameterized1_36 |          5 |          5 |       0 |    0 |     4 |      0 |      0 |          0 |
|               inst_si_handler                                                                                   |                                                            system_ic_data_hp1_0_sc_node_v1_0_16_si_handler__parameterized1_35 |          1 |          1 |       0 |    0 |     1 |      0 |      0 |          0 |
|               m_sc_xpm_cdc_async_rst_inst                                                                       |                                                                                    system_ic_data_hp1_0_xpm_cdc_async_rst__19 |          1 |          1 |       0 |    0 |     3 |      0 |      0 |          0 |
|               s_sc_xpm_cdc_async_rst_inst                                                                       |                                                                                    system_ic_data_hp1_0_xpm_cdc_async_rst__18 |          1 |          1 |       0 |    0 |     3 |      0 |      0 |          0 |
|           s00_r_node                                                                                            |                                                                                            system_ic_data_hp1_0_bd_4fb9_srn_0 |        119 |         71 |      48 |    0 |   120 |      0 |      0 |          0 |
|             (s00_r_node)                                                                                        |                                                                                            system_ic_data_hp1_0_bd_4fb9_srn_0 |          0 |          0 |       0 |    0 |     0 |      0 |      0 |          0 |
|             inst                                                                                                |                                                                      system_ic_data_hp1_0_sc_node_v1_0_16_top__parameterized5 |        119 |         71 |      48 |    0 |   120 |      0 |      0 |          0 |
|               (inst)                                                                                            |                                                                      system_ic_data_hp1_0_sc_node_v1_0_16_top__parameterized5 |          3 |          3 |       0 |    0 |     1 |      0 |      0 |          0 |
|               inst_mi_handler                                                                                   |                                                               system_ic_data_hp1_0_sc_node_v1_0_16_mi_handler__parameterized5 |        112 |         64 |      48 |    0 |   112 |      0 |      0 |          0 |
|                 (inst_mi_handler)                                                                               |                                                               system_ic_data_hp1_0_sc_node_v1_0_16_mi_handler__parameterized5 |          0 |          0 |       0 |    0 |     2 |      0 |      0 |          0 |
|                 gen_normal_area.gen_node_prog_full.inst_node_prog_full                                          |                                                                          system_ic_data_hp1_0_sc_node_v1_0_16_fifo__xdcDup__4 |         37 |         37 |       0 |    0 |    21 |      0 |      0 |          0 |
|                   gen_xpm_memory_fifo.inst_fifo                                                                 |                                                                system_ic_data_hp1_0_sc_util_v1_0_4_xpm_memory_fifo__xdcDup__4 |         37 |         37 |       0 |    0 |    21 |      0 |      0 |          0 |
|                     (gen_xpm_memory_fifo.inst_fifo)                                                             |                                                                system_ic_data_hp1_0_sc_util_v1_0_4_xpm_memory_fifo__xdcDup__4 |          6 |          6 |       0 |    0 |     3 |      0 |      0 |          0 |
|                     gen_mem_rep[0].inst_rd_addrb                                                                |                                                                system_ic_data_hp1_0_sc_util_v1_0_4_counter__parameterized0_32 |          6 |          6 |       0 |    0 |     6 |      0 |      0 |          0 |
|                     gen_mem_rep[0].inst_wr_addra                                                                |                                                                system_ic_data_hp1_0_sc_util_v1_0_4_counter__parameterized0_33 |          5 |          5 |       0 |    0 |     6 |      0 |      0 |          0 |
|                     gen_wr.inst_wr_addra_p1                                                                     |                                                                system_ic_data_hp1_0_sc_util_v1_0_4_counter__parameterized1_34 |         20 |         20 |       0 |    0 |     6 |      0 |      0 |          0 |
|                 gen_normal_area.inst_fifo_node_payld                                                            |                                                                     system_ic_data_hp1_0_sc_node_v1_0_16_fifo__parameterized8 |         75 |         27 |      48 |    0 |    88 |      0 |      0 |          0 |
|                   gen_xpm_memory_fifo.inst_fifo                                                                 |                                                           system_ic_data_hp1_0_sc_util_v1_0_4_xpm_memory_fifo__parameterized8 |         75 |         27 |      48 |    0 |    88 |      0 |      0 |          0 |
|                     (gen_xpm_memory_fifo.inst_fifo)                                                             |                                                           system_ic_data_hp1_0_sc_util_v1_0_4_xpm_memory_fifo__parameterized8 |          4 |          4 |       0 |    0 |     3 |      0 |      0 |          0 |
|                     gen_mem_rep[0].inst_rd_addrb                                                                |                                                                system_ic_data_hp1_0_sc_util_v1_0_4_counter__parameterized0_29 |          6 |          6 |       0 |    0 |     6 |      0 |      0 |          0 |
|                     gen_mem_rep[0].inst_wr_addra                                                                |                                                                system_ic_data_hp1_0_sc_util_v1_0_4_counter__parameterized0_30 |          4 |          4 |       0 |    0 |     6 |      0 |      0 |          0 |
|                     gen_mem_rep[0].inst_xpm_memory                                                              |                                                                        system_ic_data_hp1_0_xpm_memory_sdpram__parameterized8 |         48 |          0 |      48 |    0 |    67 |      0 |      0 |          0 |
|                       (gen_mem_rep[0].inst_xpm_memory)                                                          |                                                                        system_ic_data_hp1_0_xpm_memory_sdpram__parameterized8 |          0 |          0 |       0 |    0 |     0 |      0 |      0 |          0 |
|                       xpm_memory_base_inst                                                                      |                                                                          system_ic_data_hp1_0_xpm_memory_base__parameterized8 |         48 |          0 |      48 |    0 |    67 |      0 |      0 |          0 |
|                     gen_wr.inst_wr_addra_p1                                                                     |                                                                system_ic_data_hp1_0_sc_util_v1_0_4_counter__parameterized1_31 |         13 |         13 |       0 |    0 |     6 |      0 |      0 |          0 |
|                 inst_ingress                                                                                    |                                                                  system_ic_data_hp1_0_sc_node_v1_0_16_ingress__parameterized5 |          0 |          0 |       0 |    0 |     1 |      0 |      0 |          0 |
|                   inst_pipeline_valid                                                                           |                                                               system_ic_data_hp1_0_sc_util_v1_0_4_pipeline__parameterized3_28 |          0 |          0 |       0 |    0 |     1 |      0 |      0 |          0 |
|               inst_si_handler                                                                                   |                                                            system_ic_data_hp1_0_sc_node_v1_0_16_si_handler__parameterized1_27 |          2 |          2 |       0 |    0 |     1 |      0 |      0 |          0 |
|               m_sc_xpm_cdc_async_rst_inst                                                                       |                                                                                    system_ic_data_hp1_0_xpm_cdc_async_rst__17 |          1 |          1 |       0 |    0 |     3 |      0 |      0 |          0 |
|               s_sc_xpm_cdc_async_rst_inst                                                                       |                                                                                    system_ic_data_hp1_0_xpm_cdc_async_rst__16 |          1 |          1 |       0 |    0 |     3 |      0 |      0 |          0 |
|         s01_axi2sc                                                                                              |                                                                                         system_ic_data_hp1_0_bd_4fb9_s01a2s_0 |          0 |          0 |       0 |    0 |     0 |      0 |      0 |          0 |
|           (s01_axi2sc)                                                                                          |                                                                                         system_ic_data_hp1_0_bd_4fb9_s01a2s_0 |          0 |          0 |       0 |    0 |     0 |      0 |      0 |          0 |
|           inst                                                                                                  |                                                                                 system_ic_data_hp1_0_sc_axi2sc_v1_0_10_top__1 |          0 |          0 |       0 |    0 |     0 |      0 |      0 |          0 |
|         s01_entry_pipeline                                                                                      |                                                                           system_ic_data_hp1_0_s01_entry_pipeline_imp_1URCVGF |        218 |        213 |       0 |    5 |   439 |      0 |      0 |          0 |
|           s01_mmu                                                                                               |                                                                                         system_ic_data_hp1_0_bd_4fb9_s01mmu_0 |        168 |        168 |       0 |    0 |   418 |      0 |      0 |          0 |
|             (s01_mmu)                                                                                           |                                                                                         system_ic_data_hp1_0_bd_4fb9_s01mmu_0 |          0 |          0 |       0 |    0 |     0 |      0 |      0 |          0 |
|             inst                                                                                                |                                                                                       system_ic_data_hp1_0_sc_mmu_v1_0_13_top |        168 |        168 |       0 |    0 |   418 |      0 |      0 |          0 |
|               (inst)                                                                                            |                                                                                       system_ic_data_hp1_0_sc_mmu_v1_0_13_top |          4 |          4 |       0 |    0 |    19 |      0 |      0 |          0 |
|               aw_reg_stall                                                                                      |                                                                             system_ic_data_hp1_0_sc_util_v1_0_4_axi_reg_stall |         42 |         42 |       0 |    0 |   114 |      0 |      0 |          0 |
|               aw_sreg                                                                                           |                                                                          system_ic_data_hp1_0_sc_util_v1_0_4_axi_reg_stall_24 |         57 |         57 |       0 |    0 |   118 |      0 |      0 |          0 |
|               b_sreg                                                                                            |                                                                          system_ic_data_hp1_0_sc_util_v1_0_4_axi_reg_stall_25 |          8 |          8 |       0 |    0 |     8 |      0 |      0 |          0 |
|               gen_endpoint.decerr_slave_inst                                                                    |                                                                              system_ic_data_hp1_0_sc_mmu_v1_0_13_decerr_slave |         10 |         10 |       0 |    0 |     6 |      0 |      0 |          0 |
|               w_sreg                                                                                            |                                                                          system_ic_data_hp1_0_sc_util_v1_0_4_axi_reg_stall_26 |         46 |         46 |       0 |    0 |   150 |      0 |      0 |          0 |
|               xpm_cdc_async_rst_inst                                                                            |                                                                                     system_ic_data_hp1_0_xpm_cdc_async_rst__7 |          1 |          1 |       0 |    0 |     3 |      0 |      0 |          0 |
|           s01_si_converter                                                                                      |                                                                                         system_ic_data_hp1_0_bd_4fb9_s01sic_0 |         49 |         44 |       0 |    5 |    18 |      0 |      0 |          0 |
|             (s01_si_converter)                                                                                  |                                                                                         system_ic_data_hp1_0_bd_4fb9_s01sic_0 |          0 |          0 |       0 |    0 |     0 |      0 |      0 |          0 |
|             inst                                                                                                |                                                              system_ic_data_hp1_0_sc_si_converter_v1_0_13_top__parameterized0 |         49 |         44 |       0 |    5 |    18 |      0 |      0 |          0 |
|               (inst)                                                                                            |                                                              system_ic_data_hp1_0_sc_si_converter_v1_0_13_top__parameterized0 |          1 |          1 |       0 |    0 |     1 |      0 |      0 |          0 |
|               gen_normal.splitter_inst                                                                          |                                                                         system_ic_data_hp1_0_sc_si_converter_v1_0_13_splitter |         47 |         42 |       0 |    5 |    14 |      0 |      0 |          0 |
|                 (gen_normal.splitter_inst)                                                                      |                                                                         system_ic_data_hp1_0_sc_si_converter_v1_0_13_splitter |          0 |          0 |       0 |    0 |     1 |      0 |      0 |          0 |
|                 gen_no_wsplitter.gen_endpoint_woffset.gen_wbypass_offset_fifo.wbypass_offset_fifo               |                                                         system_ic_data_hp1_0_sc_util_v1_0_4_axic_reg_srl_fifo__parameterized5 |         47 |         42 |       0 |    5 |    13 |      0 |      0 |          0 |
|                   (gen_no_wsplitter.gen_endpoint_woffset.gen_wbypass_offset_fifo.wbypass_offset_fifo)           |                                                         system_ic_data_hp1_0_sc_util_v1_0_4_axic_reg_srl_fifo__parameterized5 |         25 |         25 |       0 |    0 |    13 |      0 |      0 |          0 |
|                   gen_srls[0].srl_nx1                                                                           |                                                                                   system_ic_data_hp1_0_sc_util_v1_0_4_srl_rtl |          2 |          1 |       0 |    1 |     0 |      0 |      0 |          0 |
|                   gen_srls[4].srl_nx1                                                                           |                                                                                system_ic_data_hp1_0_sc_util_v1_0_4_srl_rtl_20 |          2 |          1 |       0 |    1 |     0 |      0 |      0 |          0 |
|                   gen_srls[5].srl_nx1                                                                           |                                                                                system_ic_data_hp1_0_sc_util_v1_0_4_srl_rtl_21 |          2 |          1 |       0 |    1 |     0 |      0 |      0 |          0 |
|                   gen_srls[6].srl_nx1                                                                           |                                                                                system_ic_data_hp1_0_sc_util_v1_0_4_srl_rtl_22 |         13 |         12 |       0 |    1 |     0 |      0 |      0 |          0 |
|                   gen_srls[7].srl_nx1                                                                           |                                                                                system_ic_data_hp1_0_sc_util_v1_0_4_srl_rtl_23 |          3 |          2 |       0 |    1 |     0 |      0 |      0 |          0 |
|               xpm_cdc_async_rst_inst                                                                            |                                                                                     system_ic_data_hp1_0_xpm_cdc_async_rst__9 |          1 |          1 |       0 |    0 |     3 |      0 |      0 |          0 |
|           s01_transaction_regulator                                                                             |                                                                                          system_ic_data_hp1_0_bd_4fb9_s01tr_0 |          1 |          1 |       0 |    0 |     3 |      0 |      0 |          0 |
|             (s01_transaction_regulator)                                                                         |                                                                                          system_ic_data_hp1_0_bd_4fb9_s01tr_0 |          0 |          0 |       0 |    0 |     0 |      0 |      0 |          0 |
|             inst                                                                                                |                                                                     system_ic_data_hp1_0_sc_transaction_regulator_v1_0_11_top |          1 |          1 |       0 |    0 |     3 |      0 |      0 |          0 |
|               (inst)                                                                                            |                                                                     system_ic_data_hp1_0_sc_transaction_regulator_v1_0_11_top |          0 |          0 |       0 |    0 |     0 |      0 |      0 |          0 |
|               xpm_cdc_async_rst_inst                                                                            |                                                                                     system_ic_data_hp1_0_xpm_cdc_async_rst__8 |          1 |          1 |       0 |    0 |     3 |      0 |      0 |          0 |
|         s01_nodes                                                                                               |                                                                                    system_ic_data_hp1_0_s01_nodes_imp_1R343UV |        338 |        230 |     108 |    0 |   316 |      0 |      0 |          0 |
|           s01_aw_node                                                                                           |                                                                                           system_ic_data_hp1_0_bd_4fb9_sawn_0 |        126 |         78 |      48 |    0 |   127 |      0 |      0 |          0 |
|             (s01_aw_node)                                                                                       |                                                                                           system_ic_data_hp1_0_bd_4fb9_sawn_0 |          0 |          0 |       0 |    0 |     0 |      0 |      0 |          0 |
|             inst                                                                                                |                                                                      system_ic_data_hp1_0_sc_node_v1_0_16_top__parameterized6 |        126 |         78 |      48 |    0 |   127 |      0 |      0 |          0 |
|               (inst)                                                                                            |                                                                      system_ic_data_hp1_0_sc_node_v1_0_16_top__parameterized6 |          3 |          3 |       0 |    0 |     1 |      0 |      0 |          0 |
|               inst_mi_handler                                                                                   |                                                               system_ic_data_hp1_0_sc_node_v1_0_16_mi_handler__parameterized6 |        120 |         72 |      48 |    0 |   119 |      0 |      0 |          0 |
|                 (inst_mi_handler)                                                                               |                                                               system_ic_data_hp1_0_sc_node_v1_0_16_mi_handler__parameterized6 |          0 |          0 |       0 |    0 |     2 |      0 |      0 |          0 |
|                 gen_normal_area.gen_fifo_req.inst_fifo_req                                                      |                                                          system_ic_data_hp1_0_sc_node_v1_0_16_fifo__parameterized6__xdcDup__2 |         27 |         27 |       0 |    0 |    20 |      0 |      0 |          0 |
|                   gen_xpm_memory_fifo.inst_fifo                                                                 |                                                system_ic_data_hp1_0_sc_util_v1_0_4_xpm_memory_fifo__parameterized6__xdcDup__2 |         27 |         27 |       0 |    0 |    20 |      0 |      0 |          0 |
|                     (gen_xpm_memory_fifo.inst_fifo)                                                             |                                                system_ic_data_hp1_0_sc_util_v1_0_4_xpm_memory_fifo__parameterized6__xdcDup__2 |          4 |          4 |       0 |    0 |     2 |      0 |      0 |          0 |
|                     gen_mem_rep[0].inst_rd_addrb                                                                |                                                                system_ic_data_hp1_0_sc_util_v1_0_4_counter__parameterized0_17 |          6 |          6 |       0 |    0 |     6 |      0 |      0 |          0 |
|                     gen_mem_rep[0].inst_wr_addra                                                                |                                                                system_ic_data_hp1_0_sc_util_v1_0_4_counter__parameterized0_18 |          5 |          5 |       0 |    0 |     6 |      0 |      0 |          0 |
|                     gen_wr.inst_wr_addra_p1                                                                     |                                                                system_ic_data_hp1_0_sc_util_v1_0_4_counter__parameterized1_19 |         12 |         12 |       0 |    0 |     6 |      0 |      0 |          0 |
|                 gen_normal_area.inst_fifo_node_payld                                                            |                                                                     system_ic_data_hp1_0_sc_node_v1_0_16_fifo__parameterized7 |         88 |         40 |      48 |    0 |    93 |      0 |      0 |          0 |
|                   gen_xpm_memory_fifo.inst_fifo                                                                 |                                                           system_ic_data_hp1_0_sc_util_v1_0_4_xpm_memory_fifo__parameterized7 |         88 |         40 |      48 |    0 |    93 |      0 |      0 |          0 |
|                     (gen_xpm_memory_fifo.inst_fifo)                                                             |                                                           system_ic_data_hp1_0_sc_util_v1_0_4_xpm_memory_fifo__parameterized7 |          6 |          6 |       0 |    0 |     4 |      0 |      0 |          0 |
|                     gen_mem_rep[0].inst_rd_addrb                                                                |                                                                system_ic_data_hp1_0_sc_util_v1_0_4_counter__parameterized0_14 |          6 |          6 |       0 |    0 |     6 |      0 |      0 |          0 |
|                     gen_mem_rep[0].inst_wr_addra                                                                |                                                                system_ic_data_hp1_0_sc_util_v1_0_4_counter__parameterized0_15 |          5 |          5 |       0 |    0 |     6 |      0 |      0 |          0 |
|                     gen_mem_rep[0].inst_xpm_memory                                                              |                                                                     system_ic_data_hp1_0_xpm_memory_sdpram__parameterized7__2 |         48 |          0 |      48 |    0 |    71 |      0 |      0 |          0 |
|                       (gen_mem_rep[0].inst_xpm_memory)                                                          |                                                                     system_ic_data_hp1_0_xpm_memory_sdpram__parameterized7__2 |          0 |          0 |       0 |    0 |     0 |      0 |      0 |          0 |
|                       xpm_memory_base_inst                                                                      |                                                                       system_ic_data_hp1_0_xpm_memory_base__parameterized7__2 |         48 |          0 |      48 |    0 |    71 |      0 |      0 |          0 |
|                     gen_wr.inst_wr_addra_p1                                                                     |                                                                system_ic_data_hp1_0_sc_util_v1_0_4_counter__parameterized1_16 |         23 |         23 |       0 |    0 |     6 |      0 |      0 |          0 |
|                 gen_normal_area.inst_fifo_send                                                                  |                                                            system_ic_data_hp1_0_sc_node_v1_0_16_reg_slice3__parameterized1_13 |          5 |          5 |       0 |    0 |     4 |      0 |      0 |          0 |
|               inst_si_handler                                                                                   |                                                            system_ic_data_hp1_0_sc_node_v1_0_16_si_handler__parameterized1_12 |          1 |          1 |       0 |    0 |     1 |      0 |      0 |          0 |
|               m_sc_xpm_cdc_async_rst_inst                                                                       |                                                                                    system_ic_data_hp1_0_xpm_cdc_async_rst__15 |          1 |          1 |       0 |    0 |     3 |      0 |      0 |          0 |
|               s_sc_xpm_cdc_async_rst_inst                                                                       |                                                                                    system_ic_data_hp1_0_xpm_cdc_async_rst__14 |          1 |          1 |       0 |    0 |     3 |      0 |      0 |          0 |
|           s01_b_node                                                                                            |                                                                                            system_ic_data_hp1_0_bd_4fb9_sbn_0 |         75 |         71 |       4 |    0 |    55 |      0 |      0 |          0 |
|             (s01_b_node)                                                                                        |                                                                                            system_ic_data_hp1_0_bd_4fb9_sbn_0 |          0 |          0 |       0 |    0 |     0 |      0 |      0 |          0 |
|             inst                                                                                                |                                                                      system_ic_data_hp1_0_sc_node_v1_0_16_top__parameterized7 |         75 |         71 |       4 |    0 |    55 |      0 |      0 |          0 |
|               (inst)                                                                                            |                                                                      system_ic_data_hp1_0_sc_node_v1_0_16_top__parameterized7 |          3 |          3 |       0 |    0 |     1 |      0 |      0 |          0 |
|               inst_mi_handler                                                                                   |                                                               system_ic_data_hp1_0_sc_node_v1_0_16_mi_handler__parameterized7 |         68 |         64 |       4 |    0 |    47 |      0 |      0 |          0 |
|                 (inst_mi_handler)                                                                               |                                                               system_ic_data_hp1_0_sc_node_v1_0_16_mi_handler__parameterized7 |          0 |          0 |       0 |    0 |     2 |      0 |      0 |          0 |
|                 gen_normal_area.gen_node_prog_full.inst_node_prog_full                                          |                                                                                     system_ic_data_hp1_0_sc_node_v1_0_16_fifo |         37 |         37 |       0 |    0 |    21 |      0 |      0 |          0 |
|                   gen_xpm_memory_fifo.inst_fifo                                                                 |                                                                           system_ic_data_hp1_0_sc_util_v1_0_4_xpm_memory_fifo |         37 |         37 |       0 |    0 |    21 |      0 |      0 |          0 |
|                     (gen_xpm_memory_fifo.inst_fifo)                                                             |                                                                           system_ic_data_hp1_0_sc_util_v1_0_4_xpm_memory_fifo |          6 |          6 |       0 |    0 |     3 |      0 |      0 |          0 |
|                     gen_mem_rep[0].inst_rd_addrb                                                                |                                                                 system_ic_data_hp1_0_sc_util_v1_0_4_counter__parameterized0_9 |          6 |          6 |       0 |    0 |     6 |      0 |      0 |          0 |
|                     gen_mem_rep[0].inst_wr_addra                                                                |                                                                system_ic_data_hp1_0_sc_util_v1_0_4_counter__parameterized0_10 |          5 |          5 |       0 |    0 |     6 |      0 |      0 |          0 |
|                     gen_wr.inst_wr_addra_p1                                                                     |                                                                system_ic_data_hp1_0_sc_util_v1_0_4_counter__parameterized1_11 |         20 |         20 |       0 |    0 |     6 |      0 |      0 |          0 |
|                 gen_normal_area.inst_fifo_node_payld                                                            |                                                                     system_ic_data_hp1_0_sc_node_v1_0_16_fifo__parameterized9 |         31 |         27 |       4 |    0 |    23 |      0 |      0 |          0 |
|                   gen_xpm_memory_fifo.inst_fifo                                                                 |                                                           system_ic_data_hp1_0_sc_util_v1_0_4_xpm_memory_fifo__parameterized9 |         31 |         27 |       4 |    0 |    23 |      0 |      0 |          0 |
|                     (gen_xpm_memory_fifo.inst_fifo)                                                             |                                                           system_ic_data_hp1_0_sc_util_v1_0_4_xpm_memory_fifo__parameterized9 |          4 |          4 |       0 |    0 |     3 |      0 |      0 |          0 |
|                     gen_mem_rep[0].inst_rd_addrb                                                                |                                                                 system_ic_data_hp1_0_sc_util_v1_0_4_counter__parameterized0_6 |          6 |          6 |       0 |    0 |     6 |      0 |      0 |          0 |
|                     gen_mem_rep[0].inst_wr_addra                                                                |                                                                 system_ic_data_hp1_0_sc_util_v1_0_4_counter__parameterized0_7 |          4 |          4 |       0 |    0 |     6 |      0 |      0 |          0 |
|                     gen_mem_rep[0].inst_xpm_memory                                                              |                                                                        system_ic_data_hp1_0_xpm_memory_sdpram__parameterized9 |          4 |          0 |       4 |    0 |     2 |      0 |      0 |          0 |
|                       (gen_mem_rep[0].inst_xpm_memory)                                                          |                                                                        system_ic_data_hp1_0_xpm_memory_sdpram__parameterized9 |          0 |          0 |       0 |    0 |     0 |      0 |      0 |          0 |
|                       xpm_memory_base_inst                                                                      |                                                                          system_ic_data_hp1_0_xpm_memory_base__parameterized9 |          4 |          0 |       4 |    0 |     2 |      0 |      0 |          0 |
|                     gen_wr.inst_wr_addra_p1                                                                     |                                                                 system_ic_data_hp1_0_sc_util_v1_0_4_counter__parameterized1_8 |         13 |         13 |       0 |    0 |     6 |      0 |      0 |          0 |
|                 inst_ingress                                                                                    |                                                                  system_ic_data_hp1_0_sc_node_v1_0_16_ingress__parameterized7 |          0 |          0 |       0 |    0 |     1 |      0 |      0 |          0 |
|                   inst_pipeline_valid                                                                           |                                                                  system_ic_data_hp1_0_sc_util_v1_0_4_pipeline__parameterized3 |          0 |          0 |       0 |    0 |     1 |      0 |      0 |          0 |
|               inst_si_handler                                                                                   |                                                             system_ic_data_hp1_0_sc_node_v1_0_16_si_handler__parameterized1_5 |          2 |          2 |       0 |    0 |     1 |      0 |      0 |          0 |
|               m_sc_xpm_cdc_async_rst_inst                                                                       |                                                                                    system_ic_data_hp1_0_xpm_cdc_async_rst__13 |          1 |          1 |       0 |    0 |     3 |      0 |      0 |          0 |
|               s_sc_xpm_cdc_async_rst_inst                                                                       |                                                                                    system_ic_data_hp1_0_xpm_cdc_async_rst__12 |          1 |          1 |       0 |    0 |     3 |      0 |      0 |          0 |
|           s01_w_node                                                                                            |                                                                                            system_ic_data_hp1_0_bd_4fb9_swn_0 |        137 |         81 |      56 |    0 |   134 |      0 |      0 |          0 |
|             (s01_w_node)                                                                                        |                                                                                            system_ic_data_hp1_0_bd_4fb9_swn_0 |          0 |          0 |       0 |    0 |     0 |      0 |      0 |          0 |
|             inst                                                                                                |                                                                      system_ic_data_hp1_0_sc_node_v1_0_16_top__parameterized8 |        137 |         81 |      56 |    0 |   134 |      0 |      0 |          0 |
|               (inst)                                                                                            |                                                                      system_ic_data_hp1_0_sc_node_v1_0_16_top__parameterized8 |          3 |          3 |       0 |    0 |     1 |      0 |      0 |          0 |
|               inst_mi_handler                                                                                   |                                                               system_ic_data_hp1_0_sc_node_v1_0_16_mi_handler__parameterized8 |        131 |         75 |      56 |    0 |   126 |      0 |      0 |          0 |
|                 (inst_mi_handler)                                                                               |                                                               system_ic_data_hp1_0_sc_node_v1_0_16_mi_handler__parameterized8 |          0 |          0 |       0 |    0 |     2 |      0 |      0 |          0 |
|                 gen_normal_area.gen_fifo_req.inst_fifo_req                                                      |                                                                     system_ic_data_hp1_0_sc_node_v1_0_16_fifo__parameterized6 |         34 |         30 |       4 |    0 |    22 |      0 |      0 |          0 |
|                   gen_xpm_memory_fifo.inst_fifo                                                                 |                                                           system_ic_data_hp1_0_sc_util_v1_0_4_xpm_memory_fifo__parameterized6 |         34 |         30 |       4 |    0 |    22 |      0 |      0 |          0 |
|                     (gen_xpm_memory_fifo.inst_fifo)                                                             |                                                           system_ic_data_hp1_0_sc_util_v1_0_4_xpm_memory_fifo__parameterized6 |          5 |          5 |       0 |    0 |     3 |      0 |      0 |          0 |
|                     gen_mem_rep[0].inst_rd_addrb                                                                |                                                                 system_ic_data_hp1_0_sc_util_v1_0_4_counter__parameterized0_2 |          6 |          6 |       0 |    0 |     6 |      0 |      0 |          0 |
|                     gen_mem_rep[0].inst_wr_addra                                                                |                                                                 system_ic_data_hp1_0_sc_util_v1_0_4_counter__parameterized0_3 |          5 |          5 |       0 |    0 |     6 |      0 |      0 |          0 |
|                     gen_mem_rep[0].inst_xpm_memory                                                              |                                                                     system_ic_data_hp1_0_xpm_memory_sdpram__parameterized6__3 |          4 |          0 |       4 |    0 |     1 |      0 |      0 |          0 |
|                       (gen_mem_rep[0].inst_xpm_memory)                                                          |                                                                     system_ic_data_hp1_0_xpm_memory_sdpram__parameterized6__3 |          0 |          0 |       0 |    0 |     0 |      0 |      0 |          0 |
|                       xpm_memory_base_inst                                                                      |                                                                       system_ic_data_hp1_0_xpm_memory_base__parameterized6__3 |          4 |          0 |       4 |    0 |     1 |      0 |      0 |          0 |
|                     gen_wr.inst_wr_addra_p1                                                                     |                                                                 system_ic_data_hp1_0_sc_util_v1_0_4_counter__parameterized1_4 |         14 |         14 |       0 |    0 |     6 |      0 |      0 |          0 |
|                 gen_normal_area.inst_fifo_node_payld                                                            |                                                                    system_ic_data_hp1_0_sc_node_v1_0_16_fifo__parameterized10 |         92 |         40 |      52 |    0 |    98 |      0 |      0 |          0 |
|                   gen_xpm_memory_fifo.inst_fifo                                                                 |                                                          system_ic_data_hp1_0_sc_util_v1_0_4_xpm_memory_fifo__parameterized10 |         92 |         40 |      52 |    0 |    98 |      0 |      0 |          0 |
|                     (gen_xpm_memory_fifo.inst_fifo)                                                             |                                                          system_ic_data_hp1_0_sc_util_v1_0_4_xpm_memory_fifo__parameterized10 |          6 |          6 |       0 |    0 |     4 |      0 |      0 |          0 |
|                     gen_mem_rep[0].inst_rd_addrb                                                                |                                                                   system_ic_data_hp1_0_sc_util_v1_0_4_counter__parameterized0 |          6 |          6 |       0 |    0 |     6 |      0 |      0 |          0 |
|                     gen_mem_rep[0].inst_wr_addra                                                                |                                                                 system_ic_data_hp1_0_sc_util_v1_0_4_counter__parameterized0_1 |          5 |          5 |       0 |    0 |     6 |      0 |      0 |          0 |
|                     gen_mem_rep[0].inst_xpm_memory                                                              |                                                                       system_ic_data_hp1_0_xpm_memory_sdpram__parameterized10 |         52 |          0 |      52 |    0 |    76 |      0 |      0 |          0 |
|                       (gen_mem_rep[0].inst_xpm_memory)                                                          |                                                                       system_ic_data_hp1_0_xpm_memory_sdpram__parameterized10 |          0 |          0 |       0 |    0 |     0 |      0 |      0 |          0 |
|                       xpm_memory_base_inst                                                                      |                                                                         system_ic_data_hp1_0_xpm_memory_base__parameterized10 |         52 |          0 |      52 |    0 |    76 |      0 |      0 |          0 |
|                     gen_wr.inst_wr_addra_p1                                                                     |                                                                   system_ic_data_hp1_0_sc_util_v1_0_4_counter__parameterized1 |         23 |         23 |       0 |    0 |     6 |      0 |      0 |          0 |
|                 gen_normal_area.inst_fifo_send                                                                  |                                                               system_ic_data_hp1_0_sc_node_v1_0_16_reg_slice3__parameterized1 |          5 |          5 |       0 |    0 |     4 |      0 |      0 |          0 |
|               inst_si_handler                                                                                   |                                                               system_ic_data_hp1_0_sc_node_v1_0_16_si_handler__parameterized1 |          1 |          1 |       0 |    0 |     1 |      0 |      0 |          0 |
|               m_sc_xpm_cdc_async_rst_inst                                                                       |                                                                                    system_ic_data_hp1_0_xpm_cdc_async_rst__11 |          1 |          1 |       0 |    0 |     3 |      0 |      0 |          0 |
|               s_sc_xpm_cdc_async_rst_inst                                                                       |                                                                                    system_ic_data_hp1_0_xpm_cdc_async_rst__10 |          1 |          1 |       0 |    0 |     3 |      0 |      0 |          0 |
|         switchboards                                                                                            |                                                                                  system_ic_data_hp1_0_switchboards_imp_6091ID |          2 |          2 |       0 |    0 |   296 |      0 |      0 |          0 |
|           ar_switchboard                                                                                        |                                                                                           system_ic_data_hp1_0_bd_4fb9_arsw_0 |          0 |          0 |       0 |    0 |    77 |      0 |      0 |          0 |
|             (ar_switchboard)                                                                                    |                                                                                           system_ic_data_hp1_0_bd_4fb9_arsw_0 |          0 |          0 |       0 |    0 |     0 |      0 |      0 |          0 |
|             inst                                                                                                |                                                                                system_ic_data_hp1_0_sc_switchboard_v1_0_8_top |          0 |          0 |       0 |    0 |    77 |      0 |      0 |          0 |
|               (inst)                                                                                            |                                                                                system_ic_data_hp1_0_sc_switchboard_v1_0_8_top |          0 |          0 |       0 |    0 |     0 |      0 |      0 |          0 |
|               gen_mi[0].inst_opipe_payld                                                                        |                                                                system_ic_data_hp1_0_sc_util_v1_0_4_pipeline__parameterized8_0 |          0 |          0 |       0 |    0 |    77 |      0 |      0 |          0 |
|           aw_switchboard                                                                                        |                                                                                           system_ic_data_hp1_0_bd_4fb9_awsw_0 |          1 |          1 |       0 |    0 |    71 |      0 |      0 |          0 |
|             (aw_switchboard)                                                                                    |                                                                                           system_ic_data_hp1_0_bd_4fb9_awsw_0 |          0 |          0 |       0 |    0 |     0 |      0 |      0 |          0 |
|             inst                                                                                                |                                                                             system_ic_data_hp1_0_sc_switchboard_v1_0_8_top__1 |          1 |          1 |       0 |    0 |    71 |      0 |      0 |          0 |
|               (inst)                                                                                            |                                                                             system_ic_data_hp1_0_sc_switchboard_v1_0_8_top__1 |          0 |          0 |       0 |    0 |     0 |      0 |      0 |          0 |
|               gen_mi[0].inst_opipe_payld                                                                        |                                                                  system_ic_data_hp1_0_sc_util_v1_0_4_pipeline__parameterized8 |          1 |          1 |       0 |    0 |    71 |      0 |      0 |          0 |
|           b_switchboard                                                                                         |                                                                                            system_ic_data_hp1_0_bd_4fb9_bsw_0 |          0 |          0 |       0 |    0 |     3 |      0 |      0 |          0 |
|             (b_switchboard)                                                                                     |                                                                                            system_ic_data_hp1_0_bd_4fb9_bsw_0 |          0 |          0 |       0 |    0 |     0 |      0 |      0 |          0 |
|             inst                                                                                                |                                                                system_ic_data_hp1_0_sc_switchboard_v1_0_8_top__parameterized0 |          0 |          0 |       0 |    0 |     3 |      0 |      0 |          0 |
|               (inst)                                                                                            |                                                                system_ic_data_hp1_0_sc_switchboard_v1_0_8_top__parameterized0 |          0 |          0 |       0 |    0 |     0 |      0 |      0 |          0 |
|               gen_mi[1].inst_opipe_payld                                                                        |                                                                  system_ic_data_hp1_0_sc_util_v1_0_4_pipeline__parameterized9 |          0 |          0 |       0 |    0 |     3 |      0 |      0 |          0 |
|           r_switchboard                                                                                         |                                                                                            system_ic_data_hp1_0_bd_4fb9_rsw_0 |          0 |          0 |       0 |    0 |    69 |      0 |      0 |          0 |
|             (r_switchboard)                                                                                     |                                                                                            system_ic_data_hp1_0_bd_4fb9_rsw_0 |          0 |          0 |       0 |    0 |     0 |      0 |      0 |          0 |
|             inst                                                                                                |                                                                system_ic_data_hp1_0_sc_switchboard_v1_0_8_top__parameterized1 |          0 |          0 |       0 |    0 |    69 |      0 |      0 |          0 |
|               (inst)                                                                                            |                                                                system_ic_data_hp1_0_sc_switchboard_v1_0_8_top__parameterized1 |          0 |          0 |       0 |    0 |     0 |      0 |      0 |          0 |
|               gen_mi[0].inst_opipe_payld                                                                        |                                                                 system_ic_data_hp1_0_sc_util_v1_0_4_pipeline__parameterized10 |          0 |          0 |       0 |    0 |    69 |      0 |      0 |          0 |
|           w_switchboard                                                                                         |                                                                                            system_ic_data_hp1_0_bd_4fb9_wsw_0 |          1 |          1 |       0 |    0 |    76 |      0 |      0 |          0 |
|             (w_switchboard)                                                                                     |                                                                                            system_ic_data_hp1_0_bd_4fb9_wsw_0 |          0 |          0 |       0 |    0 |     0 |      0 |      0 |          0 |
|             inst                                                                                                |                                                                system_ic_data_hp1_0_sc_switchboard_v1_0_8_top__parameterized2 |          1 |          1 |       0 |    0 |    76 |      0 |      0 |          0 |
|               (inst)                                                                                            |                                                                system_ic_data_hp1_0_sc_switchboard_v1_0_8_top__parameterized2 |          0 |          0 |       0 |    0 |     0 |      0 |      0 |          0 |
|               gen_mi[0].inst_opipe_payld                                                                        |                                                                 system_ic_data_hp1_0_sc_util_v1_0_4_pipeline__parameterized11 |          1 |          1 |       0 |    0 |    76 |      0 |      0 |          0 |
|     irq_concat                                                                                                  |                                                                                                           system_irq_concat_0 |          0 |          0 |       0 |    0 |     0 |      0 |      0 |          0 |
|     ps_0                                                                                                        |                                                                                                                 system_ps_0_0 |         24 |         24 |       0 |    0 |     0 |      0 |      0 |          0 |
|       (ps_0)                                                                                                    |                                                                                                                 system_ps_0_0 |          0 |          0 |       0 |    0 |     0 |      0 |      0 |          0 |
|       inst                                                                                                      |                                                                      system_ps_0_0_processing_system7_v5_5_processing_system7 |         24 |         24 |       0 |    0 |     0 |      0 |      0 |          0 |
|     rst_clk0                                                                                                    |                                                                                                             system_rst_clk0_0 |         19 |         18 |       0 |    1 |    40 |      0 |      0 |          0 |
|       U0                                                                                                        |                                                                                              system_rst_clk0_0_proc_sys_reset |         19 |         18 |       0 |    1 |    40 |      0 |      0 |          0 |
|         (U0)                                                                                                    |                                                                                              system_rst_clk0_0_proc_sys_reset |          0 |          0 |       0 |    0 |     5 |      0 |      0 |          0 |
|         EXT_LPF                                                                                                 |                                                                                                         system_rst_clk0_0_lpf |          6 |          5 |       0 |    1 |    17 |      0 |      0 |          0 |
|           (EXT_LPF)                                                                                             |                                                                                                         system_rst_clk0_0_lpf |          2 |          1 |       0 |    1 |     9 |      0 |      0 |          0 |
|           ACTIVE_LOW_AUX.ACT_LO_AUX                                                                             |                                                                                                    system_rst_clk0_0_cdc_sync |          2 |          2 |       0 |    0 |     4 |      0 |      0 |          0 |
|           ACTIVE_LOW_EXT.ACT_LO_EXT                                                                             |                                                                                                  system_rst_clk0_0_cdc_sync_0 |          2 |          2 |       0 |    0 |     4 |      0 |      0 |          0 |
|         SEQ                                                                                                     |                                                                                                system_rst_clk0_0_sequence_psr |         13 |         13 |       0 |    0 |    18 |      0 |      0 |          0 |
|           (SEQ)                                                                                                 |                                                                                                system_rst_clk0_0_sequence_psr |          8 |          8 |       0 |    0 |    12 |      0 |      0 |          0 |
|           SEQ_COUNTER                                                                                           |                                                                                                     system_rst_clk0_0_upcnt_n |          5 |          5 |       0 |    0 |     6 |      0 |      0 |          0 |
|     rst_clk1                                                                                                    |                                                                                                             system_rst_clk1_0 |         19 |         18 |       0 |    1 |    40 |      0 |      0 |          0 |
|       U0                                                                                                        |                                                                                              system_rst_clk1_0_proc_sys_reset |         19 |         18 |       0 |    1 |    40 |      0 |      0 |          0 |
|         (U0)                                                                                                    |                                                                                              system_rst_clk1_0_proc_sys_reset |          0 |          0 |       0 |    0 |     5 |      0 |      0 |          0 |
|         EXT_LPF                                                                                                 |                                                                                                         system_rst_clk1_0_lpf |          6 |          5 |       0 |    1 |    17 |      0 |      0 |          0 |
|           (EXT_LPF)                                                                                             |                                                                                                         system_rst_clk1_0_lpf |          2 |          1 |       0 |    1 |     9 |      0 |      0 |          0 |
|           ACTIVE_LOW_AUX.ACT_LO_AUX                                                                             |                                                                                                    system_rst_clk1_0_cdc_sync |          2 |          2 |       0 |    0 |     4 |      0 |      0 |          0 |
|           ACTIVE_LOW_EXT.ACT_LO_EXT                                                                             |                                                                                                  system_rst_clk1_0_cdc_sync_0 |          2 |          2 |       0 |    0 |     4 |      0 |      0 |          0 |
|         SEQ                                                                                                     |                                                                                                system_rst_clk1_0_sequence_psr |         13 |         13 |       0 |    0 |    18 |      0 |      0 |          0 |
|           (SEQ)                                                                                                 |                                                                                                system_rst_clk1_0_sequence_psr |          8 |          8 |       0 |    0 |    12 |      0 |      0 |          0 |
|           SEQ_COUNTER                                                                                           |                                                                                                     system_rst_clk1_0_upcnt_n |          5 |          5 |       0 |    0 |     6 |      0 |      0 |          0 |
|     spike_accel_0                                                                                               |                                                                                                        system_spike_accel_0_0 |      57939 |      56040 |       0 | 1899 | 64550 |      0 |      7 |        161 |
|       (spike_accel_0)                                                                                           |                                                                                                        system_spike_accel_0_0 |          0 |          0 |       0 |    0 |     0 |      0 |      0 |          0 |
|       inst                                                                                                      |                                                                                       system_spike_accel_0_0_sa_tiny_fpga_top |      57939 |      56040 |       0 | 1899 | 64550 |      0 |      7 |        161 |
|         (inst)                                                                                                  |                                                                                       system_spike_accel_0_0_sa_tiny_fpga_top |         64 |         60 |       0 |    4 |  1432 |      0 |      0 |          0 |
|         control_r_s_axi_U                                                                                       |                                                                       system_spike_accel_0_0_sa_tiny_fpga_top_control_r_s_axi |       1169 |       1169 |       0 |    0 |  1195 |      0 |      0 |          0 |
|         control_s_axi_U                                                                                         |                                                                         system_spike_accel_0_0_sa_tiny_fpga_top_control_s_axi |        108 |        108 |       0 |    0 |    84 |      0 |      0 |          0 |
|         gmem0_m_axi_U                                                                                           |                                                                           system_spike_accel_0_0_sa_tiny_fpga_top_gmem0_m_axi |        705 |        605 |       0 |  100 |   990 |      0 |      1 |          0 |
|           bus_read                                                                                              |                                                                      system_spike_accel_0_0_sa_tiny_fpga_top_gmem0_m_axi_read |        391 |        391 |       0 |    0 |   624 |      0 |      0 |          0 |
|             fifo_burst                                                                                          |                                                      system_spike_accel_0_0_sa_tiny_fpga_top_gmem0_m_axi_fifo__parameterized9 |         16 |         16 |       0 |    0 |    13 |      0 |      0 |          0 |
|               (fifo_burst)                                                                                      |                                                      system_spike_accel_0_0_sa_tiny_fpga_top_gmem0_m_axi_fifo__parameterized9 |         15 |         15 |       0 |    0 |    12 |      0 |      0 |          0 |
|               U_fifo_srl                                                                                        |                                                       system_spike_accel_0_0_sa_tiny_fpga_top_gmem0_m_axi_srl__parameterized7 |          1 |          1 |       0 |    0 |     1 |      0 |      0 |          0 |
|             fifo_rctl                                                                                           |                                                  system_spike_accel_0_0_sa_tiny_fpga_top_gmem0_m_axi_fifo__parameterized9_448 |          9 |          9 |       0 |    0 |     8 |      0 |      0 |          0 |
|             rreq_burst_conv                                                                                     |                                                           system_spike_accel_0_0_sa_tiny_fpga_top_gmem0_m_axi_burst_converter |        326 |        326 |       0 |    0 |   532 |      0 |      0 |          0 |
|               (rreq_burst_conv)                                                                                 |                                                           system_spike_accel_0_0_sa_tiny_fpga_top_gmem0_m_axi_burst_converter |        174 |        174 |       0 |    0 |   335 |      0 |      0 |          0 |
|               rs_req                                                                                            |                                                 system_spike_accel_0_0_sa_tiny_fpga_top_gmem0_m_axi_reg_slice__parameterized0 |        152 |        152 |       0 |    0 |   197 |      0 |      0 |          0 |
|             rs_rdata                                                                                            |                                                             system_spike_accel_0_0_sa_tiny_fpga_top_gmem0_m_axi_reg_slice_449 |         40 |         40 |       0 |    0 |    71 |      0 |      0 |          0 |
|           bus_write                                                                                             |                                                                     system_spike_accel_0_0_sa_tiny_fpga_top_gmem0_m_axi_write |          2 |          2 |       0 |    0 |     3 |      0 |      0 |          0 |
|             rs_resp                                                                                             |                                                 system_spike_accel_0_0_sa_tiny_fpga_top_gmem0_m_axi_reg_slice__parameterized2 |          2 |          2 |       0 |    0 |     3 |      0 |      0 |          0 |
|           load_unit_0                                                                                           |                                                                      system_spike_accel_0_0_sa_tiny_fpga_top_gmem0_m_axi_load |        312 |        212 |       0 |  100 |   363 |      0 |      1 |          0 |
|             (load_unit_0)                                                                                       |                                                                      system_spike_accel_0_0_sa_tiny_fpga_top_gmem0_m_axi_load |          1 |          1 |       0 |    0 |   134 |      0 |      0 |          0 |
|             buff_rdata                                                                                          |                                                      system_spike_accel_0_0_sa_tiny_fpga_top_gmem0_m_axi_fifo__parameterized5 |         42 |         42 |       0 |    0 |    36 |      0 |      1 |          0 |
|               (buff_rdata)                                                                                      |                                                      system_spike_accel_0_0_sa_tiny_fpga_top_gmem0_m_axi_fifo__parameterized5 |         27 |         27 |       0 |    0 |    28 |      0 |      0 |          0 |
|               U_fifo_mem                                                                                        |                                                       system_spike_accel_0_0_sa_tiny_fpga_top_gmem0_m_axi_mem__parameterized0 |         15 |         15 |       0 |    0 |     8 |      0 |      1 |          0 |
|             bus_wide_gen.rreq_offset                                                                            |                                                      system_spike_accel_0_0_sa_tiny_fpga_top_gmem0_m_axi_fifo__parameterized4 |         39 |         35 |       0 |    4 |    16 |      0 |      0 |          0 |
|               (bus_wide_gen.rreq_offset)                                                                        |                                                      system_spike_accel_0_0_sa_tiny_fpga_top_gmem0_m_axi_fifo__parameterized4 |          7 |          7 |       0 |    0 |    12 |      0 |      0 |          0 |
|               U_fifo_srl                                                                                        |                                                       system_spike_accel_0_0_sa_tiny_fpga_top_gmem0_m_axi_srl__parameterized3 |         32 |         28 |       0 |    4 |     4 |      0 |      0 |          0 |
|             bus_wide_gen.rs_tmp_rdata                                                                           |                                                                 system_spike_accel_0_0_sa_tiny_fpga_top_gmem0_m_axi_reg_slice |         77 |         77 |       0 |    0 |    71 |      0 |      0 |          0 |
|             fifo_rreq                                                                                           |                                                      system_spike_accel_0_0_sa_tiny_fpga_top_gmem0_m_axi_fifo__parameterized0 |        153 |         57 |       0 |   96 |   106 |      0 |      0 |          0 |
|               (fifo_rreq)                                                                                       |                                                      system_spike_accel_0_0_sa_tiny_fpga_top_gmem0_m_axi_fifo__parameterized0 |         15 |         15 |       0 |    0 |    10 |      0 |      0 |          0 |
|               U_fifo_srl                                                                                        |                                                       system_spike_accel_0_0_sa_tiny_fpga_top_gmem0_m_axi_srl__parameterized0 |        138 |         42 |       0 |   96 |    96 |      0 |      0 |          0 |
|         gmem1_m_axi_U                                                                                           |                                                                           system_spike_accel_0_0_sa_tiny_fpga_top_gmem1_m_axi |        898 |        689 |       0 |  209 |  1173 |      0 |      1 |          0 |
|           bus_read                                                                                              |                                                                      system_spike_accel_0_0_sa_tiny_fpga_top_gmem1_m_axi_read |          1 |          1 |       0 |    0 |     2 |      0 |      0 |          0 |
|             rs_rdata                                                                                            |                                                                 system_spike_accel_0_0_sa_tiny_fpga_top_gmem1_m_axi_reg_slice |          1 |          1 |       0 |    0 |     2 |      0 |      0 |          0 |
|           bus_write                                                                                             |                                                                     system_spike_accel_0_0_sa_tiny_fpga_top_gmem1_m_axi_write |        578 |        470 |       0 |  108 |   826 |      0 |      0 |          0 |
|             (bus_write)                                                                                         |                                                                     system_spike_accel_0_0_sa_tiny_fpga_top_gmem1_m_axi_write |          6 |          6 |       0 |    0 |    46 |      0 |      0 |          0 |
|             fifo_burst                                                                                          |                                                      system_spike_accel_0_0_sa_tiny_fpga_top_gmem1_m_axi_fifo__parameterized6 |         26 |         22 |       0 |    4 |    16 |      0 |      0 |          0 |
|               (fifo_burst)                                                                                      |                                                      system_spike_accel_0_0_sa_tiny_fpga_top_gmem1_m_axi_fifo__parameterized6 |         13 |         13 |       0 |    0 |    12 |      0 |      0 |          0 |
|               U_fifo_srl                                                                                        |                                                       system_spike_accel_0_0_sa_tiny_fpga_top_gmem1_m_axi_srl__parameterized4 |         13 |          9 |       0 |    4 |     4 |      0 |      0 |          0 |
|             fifo_resp                                                                                           |                                                  system_spike_accel_0_0_sa_tiny_fpga_top_gmem1_m_axi_fifo__parameterized2_446 |         18 |         17 |       0 |    1 |    13 |      0 |      0 |          0 |
|               (fifo_resp)                                                                                       |                                                  system_spike_accel_0_0_sa_tiny_fpga_top_gmem1_m_axi_fifo__parameterized2_446 |          4 |          4 |       0 |    0 |    12 |      0 |      0 |          0 |
|               U_fifo_srl                                                                                        |                                                   system_spike_accel_0_0_sa_tiny_fpga_top_gmem1_m_axi_srl__parameterized1_447 |         14 |         13 |       0 |    1 |     1 |      0 |      0 |          0 |
|             rs_resp                                                                                             |                                                 system_spike_accel_0_0_sa_tiny_fpga_top_gmem1_m_axi_reg_slice__parameterized2 |          4 |          4 |       0 |    0 |     5 |      0 |      0 |          0 |
|             wreq_burst_conv                                                                                     |                                                           system_spike_accel_0_0_sa_tiny_fpga_top_gmem1_m_axi_burst_converter |        302 |        302 |       0 |    0 |   476 |      0 |      0 |          0 |
|               (wreq_burst_conv)                                                                                 |                                                           system_spike_accel_0_0_sa_tiny_fpga_top_gmem1_m_axi_burst_converter |        176 |        176 |       0 |    0 |   335 |      0 |      0 |          0 |
|               rs_req                                                                                            |                                                 system_spike_accel_0_0_sa_tiny_fpga_top_gmem1_m_axi_reg_slice__parameterized0 |        126 |        126 |       0 |    0 |   141 |      0 |      0 |          0 |
|             wreq_throttle                                                                                       |                                                                  system_spike_accel_0_0_sa_tiny_fpga_top_gmem1_m_axi_throttle |        222 |        119 |       0 |  103 |   270 |      0 |      0 |          0 |
|               (wreq_throttle)                                                                                   |                                                                  system_spike_accel_0_0_sa_tiny_fpga_top_gmem1_m_axi_throttle |          1 |          1 |       0 |    0 |     6 |      0 |      0 |          0 |
|               data_fifo                                                                                         |                                                      system_spike_accel_0_0_sa_tiny_fpga_top_gmem1_m_axi_fifo__parameterized8 |         65 |         28 |       0 |   37 |    49 |      0 |      0 |          0 |
|                 (data_fifo)                                                                                     |                                                      system_spike_accel_0_0_sa_tiny_fpga_top_gmem1_m_axi_fifo__parameterized8 |         17 |         17 |       0 |    0 |    12 |      0 |      0 |          0 |
|                 U_fifo_srl                                                                                      |                                                       system_spike_accel_0_0_sa_tiny_fpga_top_gmem1_m_axi_srl__parameterized6 |         48 |         11 |       0 |   37 |    37 |      0 |      0 |          0 |
|               req_fifo                                                                                          |                                                      system_spike_accel_0_0_sa_tiny_fpga_top_gmem1_m_axi_fifo__parameterized7 |         83 |         17 |       0 |   66 |    78 |      0 |      0 |          0 |
|                 (req_fifo)                                                                                      |                                                      system_spike_accel_0_0_sa_tiny_fpga_top_gmem1_m_axi_fifo__parameterized7 |         15 |         15 |       0 |    0 |    12 |      0 |      0 |          0 |
|                 U_fifo_srl                                                                                      |                                                       system_spike_accel_0_0_sa_tiny_fpga_top_gmem1_m_axi_srl__parameterized5 |         68 |          2 |       0 |   66 |    66 |      0 |      0 |          0 |
|               rs_req                                                                                            |                                                 system_spike_accel_0_0_sa_tiny_fpga_top_gmem1_m_axi_reg_slice__parameterized1 |         73 |         73 |       0 |    0 |   137 |      0 |      0 |          0 |
|           store_unit                                                                                            |                                                                     system_spike_accel_0_0_sa_tiny_fpga_top_gmem1_m_axi_store |        319 |        218 |       0 |  101 |   345 |      0 |      1 |          0 |
|             (store_unit)                                                                                        |                                                                     system_spike_accel_0_0_sa_tiny_fpga_top_gmem1_m_axi_store |         61 |         61 |       0 |    0 |   178 |      0 |      0 |          0 |
|             buff_wdata                                                                                          |                                                      system_spike_accel_0_0_sa_tiny_fpga_top_gmem1_m_axi_fifo__parameterized1 |         47 |         47 |       0 |    0 |    28 |      0 |      1 |          0 |
|               (buff_wdata)                                                                                      |                                                      system_spike_accel_0_0_sa_tiny_fpga_top_gmem1_m_axi_fifo__parameterized1 |         38 |         38 |       0 |    0 |    22 |      0 |      0 |          0 |
|               U_fifo_mem                                                                                        |                                                                       system_spike_accel_0_0_sa_tiny_fpga_top_gmem1_m_axi_mem |          9 |          9 |       0 |    0 |     6 |      0 |      1 |          0 |
|             bus_wide_gen.wreq_offset                                                                            |                                                                      system_spike_accel_0_0_sa_tiny_fpga_top_gmem1_m_axi_fifo |         59 |         25 |       0 |   34 |    46 |      0 |      0 |          0 |
|               (bus_wide_gen.wreq_offset)                                                                        |                                                                      system_spike_accel_0_0_sa_tiny_fpga_top_gmem1_m_axi_fifo |         18 |         18 |       0 |    0 |    12 |      0 |      0 |          0 |
|               U_fifo_srl                                                                                        |                                                                       system_spike_accel_0_0_sa_tiny_fpga_top_gmem1_m_axi_srl |         41 |          7 |       0 |   34 |    34 |      0 |      0 |          0 |
|             fifo_wreq                                                                                           |                                                      system_spike_accel_0_0_sa_tiny_fpga_top_gmem1_m_axi_fifo__parameterized0 |        112 |         46 |       0 |   66 |    74 |      0 |      0 |          0 |
|               (fifo_wreq)                                                                                       |                                                      system_spike_accel_0_0_sa_tiny_fpga_top_gmem1_m_axi_fifo__parameterized0 |          9 |          9 |       0 |    0 |     8 |      0 |      0 |          0 |
|               U_fifo_srl                                                                                        |                                                       system_spike_accel_0_0_sa_tiny_fpga_top_gmem1_m_axi_srl__parameterized0 |        103 |         37 |       0 |   66 |    66 |      0 |      0 |          0 |
|             fifo_wrsp                                                                                           |                                                      system_spike_accel_0_0_sa_tiny_fpga_top_gmem1_m_axi_fifo__parameterized2 |         19 |         18 |       0 |    1 |    13 |      0 |      0 |          0 |
|               (fifo_wrsp)                                                                                       |                                                      system_spike_accel_0_0_sa_tiny_fpga_top_gmem1_m_axi_fifo__parameterized2 |          4 |          4 |       0 |    0 |    12 |      0 |      0 |          0 |
|               U_fifo_srl                                                                                        |                                                       system_spike_accel_0_0_sa_tiny_fpga_top_gmem1_m_axi_srl__parameterized1 |         15 |         14 |       0 |    1 |     1 |      0 |      0 |          0 |
|             user_resp                                                                                           |                                                      system_spike_accel_0_0_sa_tiny_fpga_top_gmem1_m_axi_fifo__parameterized3 |         21 |         21 |       0 |    0 |     6 |      0 |      0 |          0 |
|         gmem2_m_axi_U                                                                                           |                                                                           system_spike_accel_0_0_sa_tiny_fpga_top_gmem2_m_axi |        602 |        508 |       0 |   94 |   857 |      0 |      1 |          0 |
|           bus_read                                                                                              |                                                                      system_spike_accel_0_0_sa_tiny_fpga_top_gmem2_m_axi_read |        385 |        385 |       0 |    0 |   616 |      0 |      0 |          0 |
|             fifo_burst                                                                                          |                                                      system_spike_accel_0_0_sa_tiny_fpga_top_gmem2_m_axi_fifo__parameterized7 |         17 |         17 |       0 |    0 |    13 |      0 |      0 |          0 |
|               (fifo_burst)                                                                                      |                                                      system_spike_accel_0_0_sa_tiny_fpga_top_gmem2_m_axi_fifo__parameterized7 |         15 |         15 |       0 |    0 |    12 |      0 |      0 |          0 |
|               U_fifo_srl                                                                                        |                                                       system_spike_accel_0_0_sa_tiny_fpga_top_gmem2_m_axi_srl__parameterized5 |          2 |          2 |       0 |    0 |     1 |      0 |      0 |          0 |
|             fifo_rctl                                                                                           |                                                  system_spike_accel_0_0_sa_tiny_fpga_top_gmem2_m_axi_fifo__parameterized7_445 |          9 |          9 |       0 |    0 |     8 |      0 |      0 |          0 |
|             rreq_burst_conv                                                                                     |                                                           system_spike_accel_0_0_sa_tiny_fpga_top_gmem2_m_axi_burst_converter |        320 |        320 |       0 |    0 |   524 |      0 |      0 |          0 |
|               (rreq_burst_conv)                                                                                 |                                                           system_spike_accel_0_0_sa_tiny_fpga_top_gmem2_m_axi_burst_converter |        175 |        175 |       0 |    0 |   335 |      0 |      0 |          0 |
|               rs_req                                                                                            |                                                                 system_spike_accel_0_0_sa_tiny_fpga_top_gmem2_m_axi_reg_slice |        145 |        145 |       0 |    0 |   189 |      0 |      0 |          0 |
|             rs_rdata                                                                                            |                                                 system_spike_accel_0_0_sa_tiny_fpga_top_gmem2_m_axi_reg_slice__parameterized2 |         39 |         39 |       0 |    0 |    71 |      0 |      0 |          0 |
|           bus_write                                                                                             |                                                                     system_spike_accel_0_0_sa_tiny_fpga_top_gmem2_m_axi_write |          2 |          2 |       0 |    0 |     3 |      0 |      0 |          0 |
|             rs_resp                                                                                             |                                                 system_spike_accel_0_0_sa_tiny_fpga_top_gmem2_m_axi_reg_slice__parameterized1 |          2 |          2 |       0 |    0 |     3 |      0 |      0 |          0 |
|           load_unit_0                                                                                           |                                                                      system_spike_accel_0_0_sa_tiny_fpga_top_gmem2_m_axi_load |        215 |        121 |       0 |   94 |   238 |      0 |      1 |          0 |
|             (load_unit_0)                                                                                       |                                                                      system_spike_accel_0_0_sa_tiny_fpga_top_gmem2_m_axi_load |          0 |          0 |       0 |    0 |    94 |      0 |      0 |          0 |
|             buff_rdata                                                                                          |                                                      system_spike_accel_0_0_sa_tiny_fpga_top_gmem2_m_axi_fifo__parameterized3 |         57 |         57 |       0 |    0 |    36 |      0 |      1 |          0 |
|               (buff_rdata)                                                                                      |                                                      system_spike_accel_0_0_sa_tiny_fpga_top_gmem2_m_axi_fifo__parameterized3 |         43 |         43 |       0 |    0 |    28 |      0 |      0 |          0 |
|               U_fifo_mem                                                                                        |                                                       system_spike_accel_0_0_sa_tiny_fpga_top_gmem2_m_axi_mem__parameterized0 |         14 |         14 |       0 |    0 |     8 |      0 |      1 |          0 |
|             fifo_rreq                                                                                           |                                                                      system_spike_accel_0_0_sa_tiny_fpga_top_gmem2_m_axi_fifo |        158 |         64 |       0 |   94 |   108 |      0 |      0 |          0 |
|               (fifo_rreq)                                                                                       |                                                                      system_spike_accel_0_0_sa_tiny_fpga_top_gmem2_m_axi_fifo |         20 |         20 |       0 |    0 |    14 |      0 |      0 |          0 |
|               U_fifo_srl                                                                                        |                                                                       system_spike_accel_0_0_sa_tiny_fpga_top_gmem2_m_axi_srl |        138 |         44 |       0 |   94 |    94 |      0 |      0 |          0 |
|         gmem3_m_axi_U                                                                                           |                                                                           system_spike_accel_0_0_sa_tiny_fpga_top_gmem3_m_axi |       1366 |       1069 |       0 |  297 |  1925 |      0 |      2 |          0 |
|           bus_read                                                                                              |                                                                      system_spike_accel_0_0_sa_tiny_fpga_top_gmem3_m_axi_read |        380 |        380 |       0 |    0 |   616 |      0 |      0 |          0 |
|             fifo_burst                                                                                          |                                                  system_spike_accel_0_0_sa_tiny_fpga_top_gmem3_m_axi_fifo__parameterized1_440 |         16 |         16 |       0 |    0 |    13 |      0 |      0 |          0 |
|               (fifo_burst)                                                                                      |                                                  system_spike_accel_0_0_sa_tiny_fpga_top_gmem3_m_axi_fifo__parameterized1_440 |         15 |         15 |       0 |    0 |    12 |      0 |      0 |          0 |
|               U_fifo_srl                                                                                        |                                                   system_spike_accel_0_0_sa_tiny_fpga_top_gmem3_m_axi_srl__parameterized0_444 |          1 |          1 |       0 |    0 |     1 |      0 |      0 |          0 |
|             fifo_rctl                                                                                           |                                                  system_spike_accel_0_0_sa_tiny_fpga_top_gmem3_m_axi_fifo__parameterized1_441 |          9 |          9 |       0 |    0 |     8 |      0 |      0 |          0 |
|             rreq_burst_conv                                                                                     |                                                       system_spike_accel_0_0_sa_tiny_fpga_top_gmem3_m_axi_burst_converter_442 |        315 |        315 |       0 |    0 |   524 |      0 |      0 |          0 |
|               (rreq_burst_conv)                                                                                 |                                                       system_spike_accel_0_0_sa_tiny_fpga_top_gmem3_m_axi_burst_converter_442 |        174 |        174 |       0 |    0 |   335 |      0 |      0 |          0 |
|               rs_req                                                                                            |                                                             system_spike_accel_0_0_sa_tiny_fpga_top_gmem3_m_axi_reg_slice_443 |        141 |        141 |       0 |    0 |   189 |      0 |      0 |          0 |
|             rs_rdata                                                                                            |                                                 system_spike_accel_0_0_sa_tiny_fpga_top_gmem3_m_axi_reg_slice__parameterized2 |         40 |         40 |       0 |    0 |    71 |      0 |      0 |          0 |
|           bus_write                                                                                             |                                                                     system_spike_accel_0_0_sa_tiny_fpga_top_gmem3_m_axi_write |        593 |        485 |       0 |  108 |   838 |      0 |      0 |          0 |
|             (bus_write)                                                                                         |                                                                     system_spike_accel_0_0_sa_tiny_fpga_top_gmem3_m_axi_write |          6 |          6 |       0 |    0 |    10 |      0 |      0 |          0 |
|             fifo_burst                                                                                          |                                                      system_spike_accel_0_0_sa_tiny_fpga_top_gmem3_m_axi_fifo__parameterized4 |         25 |         21 |       0 |    4 |    16 |      0 |      0 |          0 |
|               (fifo_burst)                                                                                      |                                                      system_spike_accel_0_0_sa_tiny_fpga_top_gmem3_m_axi_fifo__parameterized4 |         11 |         11 |       0 |    0 |    12 |      0 |      0 |          0 |
|               U_fifo_srl                                                                                        |                                                       system_spike_accel_0_0_sa_tiny_fpga_top_gmem3_m_axi_srl__parameterized2 |         14 |         10 |       0 |    4 |     4 |      0 |      0 |          0 |
|             fifo_resp                                                                                           |                                                  system_spike_accel_0_0_sa_tiny_fpga_top_gmem3_m_axi_fifo__parameterized1_438 |         17 |         16 |       0 |    1 |    13 |      0 |      0 |          0 |
|               (fifo_resp)                                                                                       |                                                  system_spike_accel_0_0_sa_tiny_fpga_top_gmem3_m_axi_fifo__parameterized1_438 |         13 |         13 |       0 |    0 |    12 |      0 |      0 |          0 |
|               U_fifo_srl                                                                                        |                                                   system_spike_accel_0_0_sa_tiny_fpga_top_gmem3_m_axi_srl__parameterized0_439 |          4 |          3 |       0 |    1 |     1 |      0 |      0 |          0 |
|             rs_resp                                                                                             |                                                 system_spike_accel_0_0_sa_tiny_fpga_top_gmem3_m_axi_reg_slice__parameterized1 |          4 |          4 |       0 |    0 |     5 |      0 |      0 |          0 |
|             wreq_burst_conv                                                                                     |                                                           system_spike_accel_0_0_sa_tiny_fpga_top_gmem3_m_axi_burst_converter |        319 |        319 |       0 |    0 |   524 |      0 |      0 |          0 |
|               (wreq_burst_conv)                                                                                 |                                                           system_spike_accel_0_0_sa_tiny_fpga_top_gmem3_m_axi_burst_converter |        177 |        177 |       0 |    0 |   335 |      0 |      0 |          0 |
|               rs_req                                                                                            |                                                                 system_spike_accel_0_0_sa_tiny_fpga_top_gmem3_m_axi_reg_slice |        142 |        142 |       0 |    0 |   189 |      0 |      0 |          0 |
|             wreq_throttle                                                                                       |                                                                  system_spike_accel_0_0_sa_tiny_fpga_top_gmem3_m_axi_throttle |        222 |        119 |       0 |  103 |   270 |      0 |      0 |          0 |
|               (wreq_throttle)                                                                                   |                                                                  system_spike_accel_0_0_sa_tiny_fpga_top_gmem3_m_axi_throttle |          1 |          1 |       0 |    0 |     6 |      0 |      0 |          0 |
|               data_fifo                                                                                         |                                                      system_spike_accel_0_0_sa_tiny_fpga_top_gmem3_m_axi_fifo__parameterized6 |         65 |         28 |       0 |   37 |    49 |      0 |      0 |          0 |
|                 (data_fifo)                                                                                     |                                                      system_spike_accel_0_0_sa_tiny_fpga_top_gmem3_m_axi_fifo__parameterized6 |         17 |         17 |       0 |    0 |    12 |      0 |      0 |          0 |
|                 U_fifo_srl                                                                                      |                                                       system_spike_accel_0_0_sa_tiny_fpga_top_gmem3_m_axi_srl__parameterized4 |         48 |         11 |       0 |   37 |    37 |      0 |      0 |          0 |
|               req_fifo                                                                                          |                                                      system_spike_accel_0_0_sa_tiny_fpga_top_gmem3_m_axi_fifo__parameterized5 |         83 |         17 |       0 |   66 |    78 |      0 |      0 |          0 |
|                 (req_fifo)                                                                                      |                                                      system_spike_accel_0_0_sa_tiny_fpga_top_gmem3_m_axi_fifo__parameterized5 |         15 |         15 |       0 |    0 |    12 |      0 |      0 |          0 |
|                 U_fifo_srl                                                                                      |                                                       system_spike_accel_0_0_sa_tiny_fpga_top_gmem3_m_axi_srl__parameterized3 |         68 |          2 |       0 |   66 |    66 |      0 |      0 |          0 |
|               rs_req                                                                                            |                                                 system_spike_accel_0_0_sa_tiny_fpga_top_gmem3_m_axi_reg_slice__parameterized0 |         73 |         73 |       0 |    0 |   137 |      0 |      0 |          0 |
|           load_unit_0                                                                                           |                                                                      system_spike_accel_0_0_sa_tiny_fpga_top_gmem3_m_axi_load |        196 |        102 |       0 |   94 |   234 |      0 |      1 |          0 |
|             (load_unit_0)                                                                                       |                                                                      system_spike_accel_0_0_sa_tiny_fpga_top_gmem3_m_axi_load |          1 |          1 |       0 |    0 |    94 |      0 |      0 |          0 |
|             buff_rdata                                                                                          |                                                      system_spike_accel_0_0_sa_tiny_fpga_top_gmem3_m_axi_fifo__parameterized3 |         42 |         42 |       0 |    0 |    36 |      0 |      1 |          0 |
|               (buff_rdata)                                                                                      |                                                      system_spike_accel_0_0_sa_tiny_fpga_top_gmem3_m_axi_fifo__parameterized3 |         27 |         27 |       0 |    0 |    28 |      0 |      0 |          0 |
|               U_fifo_mem                                                                                        |                                                       system_spike_accel_0_0_sa_tiny_fpga_top_gmem3_m_axi_mem__parameterized0 |         15 |         15 |       0 |    0 |     8 |      0 |      1 |          0 |
|             fifo_rreq                                                                                           |                                                                  system_spike_accel_0_0_sa_tiny_fpga_top_gmem3_m_axi_fifo_436 |        153 |         59 |       0 |   94 |   104 |      0 |      0 |          0 |
|               (fifo_rreq)                                                                                       |                                                                  system_spike_accel_0_0_sa_tiny_fpga_top_gmem3_m_axi_fifo_436 |         12 |         12 |       0 |    0 |    10 |      0 |      0 |          0 |
|               U_fifo_srl                                                                                        |                                                                   system_spike_accel_0_0_sa_tiny_fpga_top_gmem3_m_axi_srl_437 |        141 |         47 |       0 |   94 |    94 |      0 |      0 |          0 |
|           store_unit                                                                                            |                                                                     system_spike_accel_0_0_sa_tiny_fpga_top_gmem3_m_axi_store |        197 |        102 |       0 |   95 |   237 |      0 |      1 |          0 |
|             (store_unit)                                                                                        |                                                                     system_spike_accel_0_0_sa_tiny_fpga_top_gmem3_m_axi_store |          1 |          1 |       0 |    0 |    93 |      0 |      0 |          0 |
|             buff_wdata                                                                                          |                                                      system_spike_accel_0_0_sa_tiny_fpga_top_gmem3_m_axi_fifo__parameterized0 |         15 |         15 |       0 |    0 |    20 |      0 |      1 |          0 |
|               (buff_wdata)                                                                                      |                                                      system_spike_accel_0_0_sa_tiny_fpga_top_gmem3_m_axi_fifo__parameterized0 |         11 |         11 |       0 |    0 |    16 |      0 |      0 |          0 |
|               U_fifo_mem                                                                                        |                                                                       system_spike_accel_0_0_sa_tiny_fpga_top_gmem3_m_axi_mem |          4 |          4 |       0 |    0 |     4 |      0 |      1 |          0 |
|             fifo_wreq                                                                                           |                                                                      system_spike_accel_0_0_sa_tiny_fpga_top_gmem3_m_axi_fifo |        154 |         60 |       0 |   94 |   104 |      0 |      0 |          0 |
|               (fifo_wreq)                                                                                       |                                                                      system_spike_accel_0_0_sa_tiny_fpga_top_gmem3_m_axi_fifo |         12 |         12 |       0 |    0 |    10 |      0 |      0 |          0 |
|               U_fifo_srl                                                                                        |                                                                       system_spike_accel_0_0_sa_tiny_fpga_top_gmem3_m_axi_srl |        142 |         48 |       0 |   94 |    94 |      0 |      0 |          0 |
|             fifo_wrsp                                                                                           |                                                      system_spike_accel_0_0_sa_tiny_fpga_top_gmem3_m_axi_fifo__parameterized1 |         19 |         18 |       0 |    1 |    13 |      0 |      0 |          0 |
|               (fifo_wrsp)                                                                                       |                                                      system_spike_accel_0_0_sa_tiny_fpga_top_gmem3_m_axi_fifo__parameterized1 |          5 |          5 |       0 |    0 |    12 |      0 |      0 |          0 |
|               U_fifo_srl                                                                                        |                                                       system_spike_accel_0_0_sa_tiny_fpga_top_gmem3_m_axi_srl__parameterized0 |         14 |         13 |       0 |    1 |     1 |      0 |      0 |          0 |
|             user_resp                                                                                           |                                                      system_spike_accel_0_0_sa_tiny_fpga_top_gmem3_m_axi_fifo__parameterized2 |          8 |          8 |       0 |    0 |     7 |      0 |      0 |          0 |
|         gmem4_m_axi_U                                                                                           |                                                                           system_spike_accel_0_0_sa_tiny_fpga_top_gmem4_m_axi |       1632 |       1335 |       0 |  297 |  1934 |      0 |      2 |          0 |
|           bus_read                                                                                              |                                                                      system_spike_accel_0_0_sa_tiny_fpga_top_gmem4_m_axi_read |        380 |        380 |       0 |    0 |   616 |      0 |      0 |          0 |
|             fifo_burst                                                                                          |                                                  system_spike_accel_0_0_sa_tiny_fpga_top_gmem4_m_axi_fifo__parameterized1_431 |         16 |         16 |       0 |    0 |    13 |      0 |      0 |          0 |
|               (fifo_burst)                                                                                      |                                                  system_spike_accel_0_0_sa_tiny_fpga_top_gmem4_m_axi_fifo__parameterized1_431 |         15 |         15 |       0 |    0 |    12 |      0 |      0 |          0 |
|               U_fifo_srl                                                                                        |                                                   system_spike_accel_0_0_sa_tiny_fpga_top_gmem4_m_axi_srl__parameterized0_435 |          1 |          1 |       0 |    0 |     1 |      0 |      0 |          0 |
|             fifo_rctl                                                                                           |                                                  system_spike_accel_0_0_sa_tiny_fpga_top_gmem4_m_axi_fifo__parameterized1_432 |          9 |          9 |       0 |    0 |     8 |      0 |      0 |          0 |
|             rreq_burst_conv                                                                                     |                                                       system_spike_accel_0_0_sa_tiny_fpga_top_gmem4_m_axi_burst_converter_433 |        315 |        315 |       0 |    0 |   524 |      0 |      0 |          0 |
|               (rreq_burst_conv)                                                                                 |                                                       system_spike_accel_0_0_sa_tiny_fpga_top_gmem4_m_axi_burst_converter_433 |        174 |        174 |       0 |    0 |   335 |      0 |      0 |          0 |
|               rs_req                                                                                            |                                                             system_spike_accel_0_0_sa_tiny_fpga_top_gmem4_m_axi_reg_slice_434 |        141 |        141 |       0 |    0 |   189 |      0 |      0 |          0 |
|             rs_rdata                                                                                            |                                                 system_spike_accel_0_0_sa_tiny_fpga_top_gmem4_m_axi_reg_slice__parameterized2 |         40 |         40 |       0 |    0 |    71 |      0 |      0 |          0 |
|           bus_write                                                                                             |                                                                     system_spike_accel_0_0_sa_tiny_fpga_top_gmem4_m_axi_write |        592 |        484 |       0 |  108 |   838 |      0 |      0 |          0 |
|             (bus_write)                                                                                         |                                                                     system_spike_accel_0_0_sa_tiny_fpga_top_gmem4_m_axi_write |          6 |          6 |       0 |    0 |    10 |      0 |      0 |          0 |
|             fifo_burst                                                                                          |                                                      system_spike_accel_0_0_sa_tiny_fpga_top_gmem4_m_axi_fifo__parameterized4 |         25 |         21 |       0 |    4 |    16 |      0 |      0 |          0 |
|               (fifo_burst)                                                                                      |                                                      system_spike_accel_0_0_sa_tiny_fpga_top_gmem4_m_axi_fifo__parameterized4 |         11 |         11 |       0 |    0 |    12 |      0 |      0 |          0 |
|               U_fifo_srl                                                                                        |                                                       system_spike_accel_0_0_sa_tiny_fpga_top_gmem4_m_axi_srl__parameterized2 |         14 |         10 |       0 |    4 |     4 |      0 |      0 |          0 |
|             fifo_resp                                                                                           |                                                  system_spike_accel_0_0_sa_tiny_fpga_top_gmem4_m_axi_fifo__parameterized1_429 |         17 |         16 |       0 |    1 |    13 |      0 |      0 |          0 |
|               (fifo_resp)                                                                                       |                                                  system_spike_accel_0_0_sa_tiny_fpga_top_gmem4_m_axi_fifo__parameterized1_429 |         13 |         13 |       0 |    0 |    12 |      0 |      0 |          0 |
|               U_fifo_srl                                                                                        |                                                   system_spike_accel_0_0_sa_tiny_fpga_top_gmem4_m_axi_srl__parameterized0_430 |          4 |          3 |       0 |    1 |     1 |      0 |      0 |          0 |
|             rs_resp                                                                                             |                                                 system_spike_accel_0_0_sa_tiny_fpga_top_gmem4_m_axi_reg_slice__parameterized1 |          4 |          4 |       0 |    0 |     5 |      0 |      0 |          0 |
|             wreq_burst_conv                                                                                     |                                                           system_spike_accel_0_0_sa_tiny_fpga_top_gmem4_m_axi_burst_converter |        318 |        318 |       0 |    0 |   524 |      0 |      0 |          0 |
|               (wreq_burst_conv)                                                                                 |                                                           system_spike_accel_0_0_sa_tiny_fpga_top_gmem4_m_axi_burst_converter |        177 |        177 |       0 |    0 |   335 |      0 |      0 |          0 |
|               rs_req                                                                                            |                                                                 system_spike_accel_0_0_sa_tiny_fpga_top_gmem4_m_axi_reg_slice |        141 |        141 |       0 |    0 |   189 |      0 |      0 |          0 |
|             wreq_throttle                                                                                       |                                                                  system_spike_accel_0_0_sa_tiny_fpga_top_gmem4_m_axi_throttle |        222 |        119 |       0 |  103 |   270 |      0 |      0 |          0 |
|               (wreq_throttle)                                                                                   |                                                                  system_spike_accel_0_0_sa_tiny_fpga_top_gmem4_m_axi_throttle |          1 |          1 |       0 |    0 |     6 |      0 |      0 |          0 |
|               data_fifo                                                                                         |                                                      system_spike_accel_0_0_sa_tiny_fpga_top_gmem4_m_axi_fifo__parameterized6 |         65 |         28 |       0 |   37 |    49 |      0 |      0 |          0 |
|                 (data_fifo)                                                                                     |                                                      system_spike_accel_0_0_sa_tiny_fpga_top_gmem4_m_axi_fifo__parameterized6 |         17 |         17 |       0 |    0 |    12 |      0 |      0 |          0 |
|                 U_fifo_srl                                                                                      |                                                       system_spike_accel_0_0_sa_tiny_fpga_top_gmem4_m_axi_srl__parameterized4 |         48 |         11 |       0 |   37 |    37 |      0 |      0 |          0 |
|               req_fifo                                                                                          |                                                      system_spike_accel_0_0_sa_tiny_fpga_top_gmem4_m_axi_fifo__parameterized5 |         83 |         17 |       0 |   66 |    78 |      0 |      0 |          0 |
|                 (req_fifo)                                                                                      |                                                      system_spike_accel_0_0_sa_tiny_fpga_top_gmem4_m_axi_fifo__parameterized5 |         15 |         15 |       0 |    0 |    12 |      0 |      0 |          0 |
|                 U_fifo_srl                                                                                      |                                                       system_spike_accel_0_0_sa_tiny_fpga_top_gmem4_m_axi_srl__parameterized3 |         68 |          2 |       0 |   66 |    66 |      0 |      0 |          0 |
|               rs_req                                                                                            |                                                 system_spike_accel_0_0_sa_tiny_fpga_top_gmem4_m_axi_reg_slice__parameterized0 |         73 |         73 |       0 |    0 |   137 |      0 |      0 |          0 |
|           load_unit_0                                                                                           |                                                                      system_spike_accel_0_0_sa_tiny_fpga_top_gmem4_m_axi_load |        415 |        321 |       0 |   94 |   238 |      0 |      1 |          0 |
|             (load_unit_0)                                                                                       |                                                                      system_spike_accel_0_0_sa_tiny_fpga_top_gmem4_m_axi_load |          1 |          1 |       0 |    0 |    94 |      0 |      0 |          0 |
|             buff_rdata                                                                                          |                                                      system_spike_accel_0_0_sa_tiny_fpga_top_gmem4_m_axi_fifo__parameterized3 |        256 |        256 |       0 |    0 |    36 |      0 |      1 |          0 |
|               (buff_rdata)                                                                                      |                                                      system_spike_accel_0_0_sa_tiny_fpga_top_gmem4_m_axi_fifo__parameterized3 |         28 |         28 |       0 |    0 |    28 |      0 |      0 |          0 |
|               U_fifo_mem                                                                                        |                                                       system_spike_accel_0_0_sa_tiny_fpga_top_gmem4_m_axi_mem__parameterized0 |        228 |        228 |       0 |    0 |     8 |      0 |      1 |          0 |
|             fifo_rreq                                                                                           |                                                                  system_spike_accel_0_0_sa_tiny_fpga_top_gmem4_m_axi_fifo_427 |        158 |         64 |       0 |   94 |   108 |      0 |      0 |          0 |
|               (fifo_rreq)                                                                                       |                                                                  system_spike_accel_0_0_sa_tiny_fpga_top_gmem4_m_axi_fifo_427 |         19 |         19 |       0 |    0 |    14 |      0 |      0 |          0 |
|               U_fifo_srl                                                                                        |                                                                   system_spike_accel_0_0_sa_tiny_fpga_top_gmem4_m_axi_srl_428 |        139 |         45 |       0 |   94 |    94 |      0 |      0 |          0 |
|           store_unit                                                                                            |                                                                     system_spike_accel_0_0_sa_tiny_fpga_top_gmem4_m_axi_store |        245 |        150 |       0 |   95 |   242 |      0 |      1 |          0 |
|             (store_unit)                                                                                        |                                                                     system_spike_accel_0_0_sa_tiny_fpga_top_gmem4_m_axi_store |          1 |          1 |       0 |    0 |    93 |      0 |      0 |          0 |
|             buff_wdata                                                                                          |                                                      system_spike_accel_0_0_sa_tiny_fpga_top_gmem4_m_axi_fifo__parameterized0 |         28 |         28 |       0 |    0 |    20 |      0 |      1 |          0 |
|               (buff_wdata)                                                                                      |                                                      system_spike_accel_0_0_sa_tiny_fpga_top_gmem4_m_axi_fifo__parameterized0 |         20 |         20 |       0 |    0 |    16 |      0 |      0 |          0 |
|               U_fifo_mem                                                                                        |                                                                       system_spike_accel_0_0_sa_tiny_fpga_top_gmem4_m_axi_mem |          8 |          8 |       0 |    0 |     4 |      0 |      1 |          0 |
|             fifo_wreq                                                                                           |                                                                      system_spike_accel_0_0_sa_tiny_fpga_top_gmem4_m_axi_fifo |        175 |         81 |       0 |   94 |   109 |      0 |      0 |          0 |
|               (fifo_wreq)                                                                                       |                                                                      system_spike_accel_0_0_sa_tiny_fpga_top_gmem4_m_axi_fifo |         32 |         32 |       0 |    0 |    15 |      0 |      0 |          0 |
|               U_fifo_srl                                                                                        |                                                                       system_spike_accel_0_0_sa_tiny_fpga_top_gmem4_m_axi_srl |        143 |         49 |       0 |   94 |    94 |      0 |      0 |          0 |
|             fifo_wrsp                                                                                           |                                                      system_spike_accel_0_0_sa_tiny_fpga_top_gmem4_m_axi_fifo__parameterized1 |         19 |         18 |       0 |    1 |    13 |      0 |      0 |          0 |
|               (fifo_wrsp)                                                                                       |                                                      system_spike_accel_0_0_sa_tiny_fpga_top_gmem4_m_axi_fifo__parameterized1 |          5 |          5 |       0 |    0 |    12 |      0 |      0 |          0 |
|               U_fifo_srl                                                                                        |                                                       system_spike_accel_0_0_sa_tiny_fpga_top_gmem4_m_axi_srl__parameterized0 |         14 |         13 |       0 |    1 |     1 |      0 |      0 |          0 |
|             user_resp                                                                                           |                                                      system_spike_accel_0_0_sa_tiny_fpga_top_gmem4_m_axi_fifo__parameterized2 |         22 |         22 |       0 |    0 |     7 |      0 |      0 |          0 |
|         grp_sa_conv2d_bn_40_71_118_240_333_426_1_fu_658                                                         |                                                  system_spike_accel_0_0_sa_tiny_fpga_top_sa_conv2d_bn_40_71_118_240_333_426_1 |      28195 |      28129 |       0 |   66 | 31122 |      0 |      0 |          2 |
|           (grp_sa_conv2d_bn_40_71_118_240_333_426_1_fu_658)                                                     |                                                  system_spike_accel_0_0_sa_tiny_fpga_top_sa_conv2d_bn_40_71_118_240_333_426_1 |         40 |         39 |       0 |    1 |   297 |      0 |      0 |          0 |
|           grp_sa_conv2d_bn_40_71_118_240_333_426_1_Pipeline_VITIS_LOOP_106_7_fu_178                             |                        system_spike_accel_0_0_sa_tiny_fpga_top_sa_conv2d_bn_40_71_118_240_333_426_1_Pipeline_VITIS_LOOP_106_7 |        348 |        283 |       0 |   65 |   329 |      0 |      0 |          0 |
|             (grp_sa_conv2d_bn_40_71_118_240_333_426_1_Pipeline_VITIS_LOOP_106_7_fu_178)                         |                        system_spike_accel_0_0_sa_tiny_fpga_top_sa_conv2d_bn_40_71_118_240_333_426_1_Pipeline_VITIS_LOOP_106_7 |        323 |        258 |       0 |   65 |   327 |      0 |      0 |          0 |
|             flow_control_loop_pipe_sequential_init_U                                                            |                                            system_spike_accel_0_0_sa_tiny_fpga_top_flow_control_loop_pipe_sequential_init_426 |         25 |         25 |       0 |    0 |     2 |      0 |      0 |          0 |
|           grp_sa_conv2d_int_43_74_429_1_fu_162                                                                  |                                                             system_spike_accel_0_0_sa_tiny_fpga_top_sa_conv2d_int_43_74_429_1 |      27807 |      27807 |       0 |    0 | 30496 |      0 |      0 |          2 |
|             (grp_sa_conv2d_int_43_74_429_1_fu_162)                                                              |                                                             system_spike_accel_0_0_sa_tiny_fpga_top_sa_conv2d_int_43_74_429_1 |         73 |         73 |       0 |    0 |    80 |      0 |      0 |          0 |
|             grp_sa_conv2d_int_43_74_429_1_Pipeline_VITIS_LOOP_65_2_VITIS_LOOP_66_3_VITIS_LOOP_67_fu_82          |      system_spike_accel_0_0_sa_tiny_fpga_top_sa_conv2d_int_43_74_429_1_Pipeline_VITIS_LOOP_65_2_VITIS_LOOP_66_3_VITIS_LOOP_67 |         30 |         30 |       0 |    0 |    20 |      0 |      0 |          0 |
|               (grp_sa_conv2d_int_43_74_429_1_Pipeline_VITIS_LOOP_65_2_VITIS_LOOP_66_3_VITIS_LOOP_67_fu_82)      |      system_spike_accel_0_0_sa_tiny_fpga_top_sa_conv2d_int_43_74_429_1_Pipeline_VITIS_LOOP_65_2_VITIS_LOOP_66_3_VITIS_LOOP_67 |          1 |          1 |       0 |    0 |    18 |      0 |      0 |          0 |
|               flow_control_loop_pipe_sequential_init_U                                                          |                                            system_spike_accel_0_0_sa_tiny_fpga_top_flow_control_loop_pipe_sequential_init_425 |         29 |         29 |       0 |    0 |     2 |      0 |      0 |          0 |
|             grp_sa_conv2d_int_43_74_429_1_Pipeline_VITIS_LOOP_81_7_VITIS_LOOP_82_8_VITIS_LOOP_83_fu_89          |      system_spike_accel_0_0_sa_tiny_fpga_top_sa_conv2d_int_43_74_429_1_Pipeline_VITIS_LOOP_81_7_VITIS_LOOP_82_8_VITIS_LOOP_83 |      27704 |      27704 |       0 |    0 | 30396 |      0 |      0 |          2 |
|               (grp_sa_conv2d_int_43_74_429_1_Pipeline_VITIS_LOOP_81_7_VITIS_LOOP_82_8_VITIS_LOOP_83_fu_89)      |      system_spike_accel_0_0_sa_tiny_fpga_top_sa_conv2d_int_43_74_429_1_Pipeline_VITIS_LOOP_81_7_VITIS_LOOP_82_8_VITIS_LOOP_83 |      18213 |      18213 |       0 |    0 | 30369 |      0 |      0 |          1 |
|               flow_control_loop_pipe_sequential_init_U                                                          |                                            system_spike_accel_0_0_sa_tiny_fpga_top_flow_control_loop_pipe_sequential_init_279 |          7 |          7 |       0 |    0 |     2 |      0 |      0 |          0 |
|               mac_muladd_8s_8s_16s_17_4_1_U510                                                                  |                                                           system_spike_accel_0_0_sa_tiny_fpga_top_mac_muladd_8s_8s_16s_17_4_1 |         29 |         29 |       0 |    0 |    25 |      0 |      0 |          1 |
|                 sa_tiny_fpga_top_mac_muladd_8s_8s_16s_17_4_1_DSP48_0_U                                          |                                                   system_spike_accel_0_0_sa_tiny_fpga_top_mac_muladd_8s_8s_16s_17_4_1_DSP48_0 |         29 |         29 |       0 |    0 |    25 |      0 |      0 |          1 |
|               mul_8s_8s_16_1_1_U364                                                                             |                                                                      system_spike_accel_0_0_sa_tiny_fpga_top_mul_8s_8s_16_1_1 |         61 |         61 |       0 |    0 |     0 |      0 |      0 |          0 |
|               mul_8s_8s_16_1_1_U365                                                                             |                                                                  system_spike_accel_0_0_sa_tiny_fpga_top_mul_8s_8s_16_1_1_280 |         75 |         75 |       0 |    0 |     0 |      0 |      0 |          0 |
|               mul_8s_8s_16_1_1_U366                                                                             |                                                                  system_spike_accel_0_0_sa_tiny_fpga_top_mul_8s_8s_16_1_1_281 |         75 |         75 |       0 |    0 |     0 |      0 |      0 |          0 |
|               mul_8s_8s_16_1_1_U367                                                                             |                                                                  system_spike_accel_0_0_sa_tiny_fpga_top_mul_8s_8s_16_1_1_282 |         61 |         61 |       0 |    0 |     0 |      0 |      0 |          0 |
|               mul_8s_8s_16_1_1_U368                                                                             |                                                                  system_spike_accel_0_0_sa_tiny_fpga_top_mul_8s_8s_16_1_1_283 |         75 |         75 |       0 |    0 |     0 |      0 |      0 |          0 |
|               mul_8s_8s_16_1_1_U369                                                                             |                                                                  system_spike_accel_0_0_sa_tiny_fpga_top_mul_8s_8s_16_1_1_284 |         61 |         61 |       0 |    0 |     0 |      0 |      0 |          0 |
|               mul_8s_8s_16_1_1_U370                                                                             |                                                                  system_spike_accel_0_0_sa_tiny_fpga_top_mul_8s_8s_16_1_1_285 |         61 |         61 |       0 |    0 |     0 |      0 |      0 |          0 |
|               mul_8s_8s_16_1_1_U371                                                                             |                                                                  system_spike_accel_0_0_sa_tiny_fpga_top_mul_8s_8s_16_1_1_286 |         61 |         61 |       0 |    0 |     0 |      0 |      0 |          0 |
|               mul_8s_8s_16_1_1_U372                                                                             |                                                                  system_spike_accel_0_0_sa_tiny_fpga_top_mul_8s_8s_16_1_1_287 |         75 |         75 |       0 |    0 |     0 |      0 |      0 |          0 |
|               mul_8s_8s_16_1_1_U373                                                                             |                                                                  system_spike_accel_0_0_sa_tiny_fpga_top_mul_8s_8s_16_1_1_288 |         68 |         68 |       0 |    0 |     0 |      0 |      0 |          0 |
|               mul_8s_8s_16_1_1_U374                                                                             |                                                                  system_spike_accel_0_0_sa_tiny_fpga_top_mul_8s_8s_16_1_1_289 |         61 |         61 |       0 |    0 |     0 |      0 |      0 |          0 |
|               mul_8s_8s_16_1_1_U375                                                                             |                                                                  system_spike_accel_0_0_sa_tiny_fpga_top_mul_8s_8s_16_1_1_290 |         75 |         75 |       0 |    0 |     0 |      0 |      0 |          0 |
|               mul_8s_8s_16_1_1_U376                                                                             |                                                                  system_spike_accel_0_0_sa_tiny_fpga_top_mul_8s_8s_16_1_1_291 |         75 |         75 |       0 |    0 |     0 |      0 |      0 |          0 |
|               mul_8s_8s_16_1_1_U377                                                                             |                                                                  system_spike_accel_0_0_sa_tiny_fpga_top_mul_8s_8s_16_1_1_292 |         61 |         61 |       0 |    0 |     0 |      0 |      0 |          0 |
|               mul_8s_8s_16_1_1_U378                                                                             |                                                                  system_spike_accel_0_0_sa_tiny_fpga_top_mul_8s_8s_16_1_1_293 |         61 |         61 |       0 |    0 |     0 |      0 |      0 |          0 |
|               mul_8s_8s_16_1_1_U379                                                                             |                                                                  system_spike_accel_0_0_sa_tiny_fpga_top_mul_8s_8s_16_1_1_294 |         61 |         61 |       0 |    0 |     0 |      0 |      0 |          0 |
|               mul_8s_8s_16_1_1_U380                                                                             |                                                                  system_spike_accel_0_0_sa_tiny_fpga_top_mul_8s_8s_16_1_1_295 |         61 |         61 |       0 |    0 |     0 |      0 |      0 |          0 |
|               mul_8s_8s_16_1_1_U381                                                                             |                                                                  system_spike_accel_0_0_sa_tiny_fpga_top_mul_8s_8s_16_1_1_296 |         75 |         75 |       0 |    0 |     0 |      0 |      0 |          0 |
|               mul_8s_8s_16_1_1_U382                                                                             |                                                                  system_spike_accel_0_0_sa_tiny_fpga_top_mul_8s_8s_16_1_1_297 |         61 |         61 |       0 |    0 |     0 |      0 |      0 |          0 |
|               mul_8s_8s_16_1_1_U383                                                                             |                                                                  system_spike_accel_0_0_sa_tiny_fpga_top_mul_8s_8s_16_1_1_298 |         75 |         75 |       0 |    0 |     0 |      0 |      0 |          0 |
|               mul_8s_8s_16_1_1_U384                                                                             |                                                                  system_spike_accel_0_0_sa_tiny_fpga_top_mul_8s_8s_16_1_1_299 |         61 |         61 |       0 |    0 |     0 |      0 |      0 |          0 |
|               mul_8s_8s_16_1_1_U385                                                                             |                                                                  system_spike_accel_0_0_sa_tiny_fpga_top_mul_8s_8s_16_1_1_300 |         75 |         75 |       0 |    0 |     0 |      0 |      0 |          0 |
|               mul_8s_8s_16_1_1_U386                                                                             |                                                                  system_spike_accel_0_0_sa_tiny_fpga_top_mul_8s_8s_16_1_1_301 |         61 |         61 |       0 |    0 |     0 |      0 |      0 |          0 |
|               mul_8s_8s_16_1_1_U387                                                                             |                                                                  system_spike_accel_0_0_sa_tiny_fpga_top_mul_8s_8s_16_1_1_302 |         61 |         61 |       0 |    0 |     0 |      0 |      0 |          0 |
|               mul_8s_8s_16_1_1_U388                                                                             |                                                                  system_spike_accel_0_0_sa_tiny_fpga_top_mul_8s_8s_16_1_1_303 |         61 |         61 |       0 |    0 |     0 |      0 |      0 |          0 |
|               mul_8s_8s_16_1_1_U389                                                                             |                                                                  system_spike_accel_0_0_sa_tiny_fpga_top_mul_8s_8s_16_1_1_304 |         61 |         61 |       0 |    0 |     0 |      0 |      0 |          0 |
|               mul_8s_8s_16_1_1_U390                                                                             |                                                                  system_spike_accel_0_0_sa_tiny_fpga_top_mul_8s_8s_16_1_1_305 |         75 |         75 |       0 |    0 |     0 |      0 |      0 |          0 |
|               mul_8s_8s_16_1_1_U391                                                                             |                                                                  system_spike_accel_0_0_sa_tiny_fpga_top_mul_8s_8s_16_1_1_306 |         61 |         61 |       0 |    0 |     0 |      0 |      0 |          0 |
|               mul_8s_8s_16_1_1_U392                                                                             |                                                                  system_spike_accel_0_0_sa_tiny_fpga_top_mul_8s_8s_16_1_1_307 |         75 |         75 |       0 |    0 |     0 |      0 |      0 |          0 |
|               mul_8s_8s_16_1_1_U393                                                                             |                                                                  system_spike_accel_0_0_sa_tiny_fpga_top_mul_8s_8s_16_1_1_308 |         61 |         61 |       0 |    0 |     0 |      0 |      0 |          0 |
|               mul_8s_8s_16_1_1_U394                                                                             |                                                                  system_spike_accel_0_0_sa_tiny_fpga_top_mul_8s_8s_16_1_1_309 |         75 |         75 |       0 |    0 |     0 |      0 |      0 |          0 |
|               mul_8s_8s_16_1_1_U395                                                                             |                                                                  system_spike_accel_0_0_sa_tiny_fpga_top_mul_8s_8s_16_1_1_310 |         61 |         61 |       0 |    0 |     0 |      0 |      0 |          0 |
|               mul_8s_8s_16_1_1_U396                                                                             |                                                                  system_spike_accel_0_0_sa_tiny_fpga_top_mul_8s_8s_16_1_1_311 |         61 |         61 |       0 |    0 |     0 |      0 |      0 |          0 |
|               mul_8s_8s_16_1_1_U397                                                                             |                                                                  system_spike_accel_0_0_sa_tiny_fpga_top_mul_8s_8s_16_1_1_312 |         61 |         61 |       0 |    0 |     0 |      0 |      0 |          0 |
|               mul_8s_8s_16_1_1_U398                                                                             |                                                                  system_spike_accel_0_0_sa_tiny_fpga_top_mul_8s_8s_16_1_1_313 |         61 |         61 |       0 |    0 |     0 |      0 |      0 |          0 |
|               mul_8s_8s_16_1_1_U399                                                                             |                                                                  system_spike_accel_0_0_sa_tiny_fpga_top_mul_8s_8s_16_1_1_314 |         75 |         75 |       0 |    0 |     0 |      0 |      0 |          0 |
|               mul_8s_8s_16_1_1_U400                                                                             |                                                                  system_spike_accel_0_0_sa_tiny_fpga_top_mul_8s_8s_16_1_1_315 |         50 |         50 |       0 |    0 |     0 |      0 |      0 |          0 |
|               mul_8s_8s_16_1_1_U401                                                                             |                                                                  system_spike_accel_0_0_sa_tiny_fpga_top_mul_8s_8s_16_1_1_316 |         75 |         75 |       0 |    0 |     0 |      0 |      0 |          0 |
|               mul_8s_8s_16_1_1_U402                                                                             |                                                                  system_spike_accel_0_0_sa_tiny_fpga_top_mul_8s_8s_16_1_1_317 |         50 |         50 |       0 |    0 |     0 |      0 |      0 |          0 |
|               mul_8s_8s_16_1_1_U403                                                                             |                                                                  system_spike_accel_0_0_sa_tiny_fpga_top_mul_8s_8s_16_1_1_318 |         75 |         75 |       0 |    0 |     0 |      0 |      0 |          0 |
|               mul_8s_8s_16_1_1_U404                                                                             |                                                                  system_spike_accel_0_0_sa_tiny_fpga_top_mul_8s_8s_16_1_1_319 |         61 |         61 |       0 |    0 |     0 |      0 |      0 |          0 |
|               mul_8s_8s_16_1_1_U405                                                                             |                                                                  system_spike_accel_0_0_sa_tiny_fpga_top_mul_8s_8s_16_1_1_320 |         61 |         61 |       0 |    0 |     0 |      0 |      0 |          0 |
|               mul_8s_8s_16_1_1_U406                                                                             |                                                                  system_spike_accel_0_0_sa_tiny_fpga_top_mul_8s_8s_16_1_1_321 |         61 |         61 |       0 |    0 |     0 |      0 |      0 |          0 |
|               mul_8s_8s_16_1_1_U407                                                                             |                                                                  system_spike_accel_0_0_sa_tiny_fpga_top_mul_8s_8s_16_1_1_322 |         75 |         75 |       0 |    0 |     0 |      0 |      0 |          0 |
|               mul_8s_8s_16_1_1_U408                                                                             |                                                                  system_spike_accel_0_0_sa_tiny_fpga_top_mul_8s_8s_16_1_1_323 |         68 |         68 |       0 |    0 |     0 |      0 |      0 |          0 |
|               mul_8s_8s_16_1_1_U409                                                                             |                                                                  system_spike_accel_0_0_sa_tiny_fpga_top_mul_8s_8s_16_1_1_324 |         61 |         61 |       0 |    0 |     0 |      0 |      0 |          0 |
|               mul_8s_8s_16_1_1_U410                                                                             |                                                                  system_spike_accel_0_0_sa_tiny_fpga_top_mul_8s_8s_16_1_1_325 |         75 |         75 |       0 |    0 |     0 |      0 |      0 |          0 |
|               mul_8s_8s_16_1_1_U411                                                                             |                                                                  system_spike_accel_0_0_sa_tiny_fpga_top_mul_8s_8s_16_1_1_326 |         61 |         61 |       0 |    0 |     0 |      0 |      0 |          0 |
|               mul_8s_8s_16_1_1_U412                                                                             |                                                                  system_spike_accel_0_0_sa_tiny_fpga_top_mul_8s_8s_16_1_1_327 |         75 |         75 |       0 |    0 |     0 |      0 |      0 |          0 |
|               mul_8s_8s_16_1_1_U413                                                                             |                                                                  system_spike_accel_0_0_sa_tiny_fpga_top_mul_8s_8s_16_1_1_328 |         61 |         61 |       0 |    0 |     0 |      0 |      0 |          0 |
|               mul_8s_8s_16_1_1_U414                                                                             |                                                                  system_spike_accel_0_0_sa_tiny_fpga_top_mul_8s_8s_16_1_1_329 |         75 |         75 |       0 |    0 |     0 |      0 |      0 |          0 |
|               mul_8s_8s_16_1_1_U415                                                                             |                                                                  system_spike_accel_0_0_sa_tiny_fpga_top_mul_8s_8s_16_1_1_330 |         74 |         74 |       0 |    0 |     0 |      0 |      0 |          0 |
|               mul_8s_8s_16_1_1_U416                                                                             |                                                                  system_spike_accel_0_0_sa_tiny_fpga_top_mul_8s_8s_16_1_1_331 |         61 |         61 |       0 |    0 |     0 |      0 |      0 |          0 |
|               mul_8s_8s_16_1_1_U417                                                                             |                                                                  system_spike_accel_0_0_sa_tiny_fpga_top_mul_8s_8s_16_1_1_332 |         61 |         61 |       0 |    0 |     0 |      0 |      0 |          0 |
|               mul_8s_8s_16_1_1_U418                                                                             |                                                                  system_spike_accel_0_0_sa_tiny_fpga_top_mul_8s_8s_16_1_1_333 |         61 |         61 |       0 |    0 |     0 |      0 |      0 |          0 |
|               mul_8s_8s_16_1_1_U419                                                                             |                                                                  system_spike_accel_0_0_sa_tiny_fpga_top_mul_8s_8s_16_1_1_334 |         75 |         75 |       0 |    0 |     0 |      0 |      0 |          0 |
|               mul_8s_8s_16_1_1_U420                                                                             |                                                                  system_spike_accel_0_0_sa_tiny_fpga_top_mul_8s_8s_16_1_1_335 |         61 |         61 |       0 |    0 |     0 |      0 |      0 |          0 |
|               mul_8s_8s_16_1_1_U421                                                                             |                                                                  system_spike_accel_0_0_sa_tiny_fpga_top_mul_8s_8s_16_1_1_336 |         75 |         75 |       0 |    0 |     0 |      0 |      0 |          0 |
|               mul_8s_8s_16_1_1_U422                                                                             |                                                                  system_spike_accel_0_0_sa_tiny_fpga_top_mul_8s_8s_16_1_1_337 |         68 |         68 |       0 |    0 |     0 |      0 |      0 |          0 |
|               mul_8s_8s_16_1_1_U423                                                                             |                                                                  system_spike_accel_0_0_sa_tiny_fpga_top_mul_8s_8s_16_1_1_338 |         61 |         61 |       0 |    0 |     0 |      0 |      0 |          0 |
|               mul_8s_8s_16_1_1_U424                                                                             |                                                                  system_spike_accel_0_0_sa_tiny_fpga_top_mul_8s_8s_16_1_1_339 |         61 |         61 |       0 |    0 |     0 |      0 |      0 |          0 |
|               mul_8s_8s_16_1_1_U425                                                                             |                                                                  system_spike_accel_0_0_sa_tiny_fpga_top_mul_8s_8s_16_1_1_340 |         61 |         61 |       0 |    0 |     0 |      0 |      0 |          0 |
|               mul_8s_8s_16_1_1_U426                                                                             |                                                                  system_spike_accel_0_0_sa_tiny_fpga_top_mul_8s_8s_16_1_1_341 |         75 |         75 |       0 |    0 |     0 |      0 |      0 |          0 |
|               mul_8s_8s_16_1_1_U427                                                                             |                                                                  system_spike_accel_0_0_sa_tiny_fpga_top_mul_8s_8s_16_1_1_342 |         61 |         61 |       0 |    0 |     0 |      0 |      0 |          0 |
|               mul_8s_8s_16_1_1_U428                                                                             |                                                                  system_spike_accel_0_0_sa_tiny_fpga_top_mul_8s_8s_16_1_1_343 |         61 |         61 |       0 |    0 |     0 |      0 |      0 |          0 |
|               mul_8s_8s_16_1_1_U429                                                                             |                                                                  system_spike_accel_0_0_sa_tiny_fpga_top_mul_8s_8s_16_1_1_344 |         61 |         61 |       0 |    0 |     0 |      0 |      0 |          0 |
|               mul_8s_8s_16_1_1_U430                                                                             |                                                                  system_spike_accel_0_0_sa_tiny_fpga_top_mul_8s_8s_16_1_1_345 |         61 |         61 |       0 |    0 |     0 |      0 |      0 |          0 |
|               mul_8s_8s_16_1_1_U431                                                                             |                                                                  system_spike_accel_0_0_sa_tiny_fpga_top_mul_8s_8s_16_1_1_346 |         75 |         75 |       0 |    0 |     0 |      0 |      0 |          0 |
|               mul_8s_8s_16_1_1_U432                                                                             |                                                                  system_spike_accel_0_0_sa_tiny_fpga_top_mul_8s_8s_16_1_1_347 |         61 |         61 |       0 |    0 |     0 |      0 |      0 |          0 |
|               mul_8s_8s_16_1_1_U433                                                                             |                                                                  system_spike_accel_0_0_sa_tiny_fpga_top_mul_8s_8s_16_1_1_348 |         61 |         61 |       0 |    0 |     0 |      0 |      0 |          0 |
|               mul_8s_8s_16_1_1_U434                                                                             |                                                                  system_spike_accel_0_0_sa_tiny_fpga_top_mul_8s_8s_16_1_1_349 |         61 |         61 |       0 |    0 |     0 |      0 |      0 |          0 |
|               mul_8s_8s_16_1_1_U435                                                                             |                                                                  system_spike_accel_0_0_sa_tiny_fpga_top_mul_8s_8s_16_1_1_350 |         61 |         61 |       0 |    0 |     0 |      0 |      0 |          0 |
|               mul_8s_8s_16_1_1_U436                                                                             |                                                                  system_spike_accel_0_0_sa_tiny_fpga_top_mul_8s_8s_16_1_1_351 |         75 |         75 |       0 |    0 |     0 |      0 |      0 |          0 |
|               mul_8s_8s_16_1_1_U437                                                                             |                                                                  system_spike_accel_0_0_sa_tiny_fpga_top_mul_8s_8s_16_1_1_352 |         61 |         61 |       0 |    0 |     0 |      0 |      0 |          0 |
|               mul_8s_8s_16_1_1_U438                                                                             |                                                                  system_spike_accel_0_0_sa_tiny_fpga_top_mul_8s_8s_16_1_1_353 |         75 |         75 |       0 |    0 |     0 |      0 |      0 |          0 |
|               mul_8s_8s_16_1_1_U439                                                                             |                                                                  system_spike_accel_0_0_sa_tiny_fpga_top_mul_8s_8s_16_1_1_354 |         61 |         61 |       0 |    0 |     0 |      0 |      0 |          0 |
|               mul_8s_8s_16_1_1_U440                                                                             |                                                                  system_spike_accel_0_0_sa_tiny_fpga_top_mul_8s_8s_16_1_1_355 |         75 |         75 |       0 |    0 |     0 |      0 |      0 |          0 |
|               mul_8s_8s_16_1_1_U441                                                                             |                                                                  system_spike_accel_0_0_sa_tiny_fpga_top_mul_8s_8s_16_1_1_356 |         61 |         61 |       0 |    0 |     0 |      0 |      0 |          0 |
|               mul_8s_8s_16_1_1_U442                                                                             |                                                                  system_spike_accel_0_0_sa_tiny_fpga_top_mul_8s_8s_16_1_1_357 |         61 |         61 |       0 |    0 |     0 |      0 |      0 |          0 |
|               mul_8s_8s_16_1_1_U443                                                                             |                                                                  system_spike_accel_0_0_sa_tiny_fpga_top_mul_8s_8s_16_1_1_358 |         61 |         61 |       0 |    0 |     0 |      0 |      0 |          0 |
|               mul_8s_8s_16_1_1_U444                                                                             |                                                                  system_spike_accel_0_0_sa_tiny_fpga_top_mul_8s_8s_16_1_1_359 |         61 |         61 |       0 |    0 |     0 |      0 |      0 |          0 |
|               mul_8s_8s_16_1_1_U445                                                                             |                                                                  system_spike_accel_0_0_sa_tiny_fpga_top_mul_8s_8s_16_1_1_360 |         75 |         75 |       0 |    0 |     0 |      0 |      0 |          0 |
|               mul_8s_8s_16_1_1_U446                                                                             |                                                                  system_spike_accel_0_0_sa_tiny_fpga_top_mul_8s_8s_16_1_1_361 |         61 |         61 |       0 |    0 |     0 |      0 |      0 |          0 |
|               mul_8s_8s_16_1_1_U447                                                                             |                                                                  system_spike_accel_0_0_sa_tiny_fpga_top_mul_8s_8s_16_1_1_362 |         75 |         75 |       0 |    0 |     0 |      0 |      0 |          0 |
|               mul_8s_8s_16_1_1_U448                                                                             |                                                                  system_spike_accel_0_0_sa_tiny_fpga_top_mul_8s_8s_16_1_1_363 |         61 |         61 |       0 |    0 |     0 |      0 |      0 |          0 |
|               mul_8s_8s_16_1_1_U449                                                                             |                                                                  system_spike_accel_0_0_sa_tiny_fpga_top_mul_8s_8s_16_1_1_364 |         75 |         75 |       0 |    0 |     0 |      0 |      0 |          0 |
|               mul_8s_8s_16_1_1_U450                                                                             |                                                                  system_spike_accel_0_0_sa_tiny_fpga_top_mul_8s_8s_16_1_1_365 |         61 |         61 |       0 |    0 |     0 |      0 |      0 |          0 |
|               mul_8s_8s_16_1_1_U451                                                                             |                                                                  system_spike_accel_0_0_sa_tiny_fpga_top_mul_8s_8s_16_1_1_366 |         61 |         61 |       0 |    0 |     0 |      0 |      0 |          0 |
|               mul_8s_8s_16_1_1_U452                                                                             |                                                                  system_spike_accel_0_0_sa_tiny_fpga_top_mul_8s_8s_16_1_1_367 |         61 |         61 |       0 |    0 |     0 |      0 |      0 |          0 |
|               mul_8s_8s_16_1_1_U453                                                                             |                                                                  system_spike_accel_0_0_sa_tiny_fpga_top_mul_8s_8s_16_1_1_368 |         61 |         61 |       0 |    0 |     0 |      0 |      0 |          0 |
|               mul_8s_8s_16_1_1_U454                                                                             |                                                                  system_spike_accel_0_0_sa_tiny_fpga_top_mul_8s_8s_16_1_1_369 |         75 |         75 |       0 |    0 |     0 |      0 |      0 |          0 |
|               mul_8s_8s_16_1_1_U455                                                                             |                                                                  system_spike_accel_0_0_sa_tiny_fpga_top_mul_8s_8s_16_1_1_370 |         61 |         61 |       0 |    0 |     0 |      0 |      0 |          0 |
|               mul_8s_8s_16_1_1_U456                                                                             |                                                                  system_spike_accel_0_0_sa_tiny_fpga_top_mul_8s_8s_16_1_1_371 |         75 |         75 |       0 |    0 |     0 |      0 |      0 |          0 |
|               mul_8s_8s_16_1_1_U457                                                                             |                                                                  system_spike_accel_0_0_sa_tiny_fpga_top_mul_8s_8s_16_1_1_372 |         69 |         69 |       0 |    0 |     0 |      0 |      0 |          0 |
|               mul_8s_8s_16_1_1_U458                                                                             |                                                                  system_spike_accel_0_0_sa_tiny_fpga_top_mul_8s_8s_16_1_1_373 |         61 |         61 |       0 |    0 |     0 |      0 |      0 |          0 |
|               mul_8s_8s_16_1_1_U459                                                                             |                                                                  system_spike_accel_0_0_sa_tiny_fpga_top_mul_8s_8s_16_1_1_374 |         75 |         75 |       0 |    0 |     0 |      0 |      0 |          0 |
|               mul_8s_8s_16_1_1_U460                                                                             |                                                                  system_spike_accel_0_0_sa_tiny_fpga_top_mul_8s_8s_16_1_1_375 |         61 |         61 |       0 |    0 |     0 |      0 |      0 |          0 |
|               mul_8s_8s_16_1_1_U461                                                                             |                                                                  system_spike_accel_0_0_sa_tiny_fpga_top_mul_8s_8s_16_1_1_376 |         61 |         61 |       0 |    0 |     0 |      0 |      0 |          0 |
|               mul_8s_8s_16_1_1_U462                                                                             |                                                                  system_spike_accel_0_0_sa_tiny_fpga_top_mul_8s_8s_16_1_1_377 |         61 |         61 |       0 |    0 |     0 |      0 |      0 |          0 |
|               mul_8s_8s_16_1_1_U463                                                                             |                                                                  system_spike_accel_0_0_sa_tiny_fpga_top_mul_8s_8s_16_1_1_378 |         75 |         75 |       0 |    0 |     0 |      0 |      0 |          0 |
|               mul_8s_8s_16_1_1_U464                                                                             |                                                                  system_spike_accel_0_0_sa_tiny_fpga_top_mul_8s_8s_16_1_1_379 |         74 |         74 |       0 |    0 |     0 |      0 |      0 |          0 |
|               mul_8s_8s_16_1_1_U465                                                                             |                                                                  system_spike_accel_0_0_sa_tiny_fpga_top_mul_8s_8s_16_1_1_380 |         61 |         61 |       0 |    0 |     0 |      0 |      0 |          0 |
|               mul_8s_8s_16_1_1_U466                                                                             |                                                                  system_spike_accel_0_0_sa_tiny_fpga_top_mul_8s_8s_16_1_1_381 |         61 |         61 |       0 |    0 |     0 |      0 |      0 |          0 |
|               mul_8s_8s_16_1_1_U467                                                                             |                                                                  system_spike_accel_0_0_sa_tiny_fpga_top_mul_8s_8s_16_1_1_382 |         61 |         61 |       0 |    0 |     0 |      0 |      0 |          0 |
|               mul_8s_8s_16_1_1_U468                                                                             |                                                                  system_spike_accel_0_0_sa_tiny_fpga_top_mul_8s_8s_16_1_1_383 |         75 |         75 |       0 |    0 |     0 |      0 |      0 |          0 |
|               mul_8s_8s_16_1_1_U469                                                                             |                                                                  system_spike_accel_0_0_sa_tiny_fpga_top_mul_8s_8s_16_1_1_384 |         61 |         61 |       0 |    0 |     0 |      0 |      0 |          0 |
|               mul_8s_8s_16_1_1_U470                                                                             |                                                                  system_spike_accel_0_0_sa_tiny_fpga_top_mul_8s_8s_16_1_1_385 |         75 |         75 |       0 |    0 |     0 |      0 |      0 |          0 |
|               mul_8s_8s_16_1_1_U471                                                                             |                                                                  system_spike_accel_0_0_sa_tiny_fpga_top_mul_8s_8s_16_1_1_386 |         69 |         69 |       0 |    0 |     0 |      0 |      0 |          0 |
|               mul_8s_8s_16_1_1_U472                                                                             |                                                                  system_spike_accel_0_0_sa_tiny_fpga_top_mul_8s_8s_16_1_1_387 |         61 |         61 |       0 |    0 |     0 |      0 |      0 |          0 |
|               mul_8s_8s_16_1_1_U473                                                                             |                                                                  system_spike_accel_0_0_sa_tiny_fpga_top_mul_8s_8s_16_1_1_388 |         61 |         61 |       0 |    0 |     0 |      0 |      0 |          0 |
|               mul_8s_8s_16_1_1_U474                                                                             |                                                                  system_spike_accel_0_0_sa_tiny_fpga_top_mul_8s_8s_16_1_1_389 |         61 |         61 |       0 |    0 |     0 |      0 |      0 |          0 |
|               mul_8s_8s_16_1_1_U475                                                                             |                                                                  system_spike_accel_0_0_sa_tiny_fpga_top_mul_8s_8s_16_1_1_390 |         75 |         75 |       0 |    0 |     0 |      0 |      0 |          0 |
|               mul_8s_8s_16_1_1_U476                                                                             |                                                                  system_spike_accel_0_0_sa_tiny_fpga_top_mul_8s_8s_16_1_1_391 |         61 |         61 |       0 |    0 |     0 |      0 |      0 |          0 |
|               mul_8s_8s_16_1_1_U477                                                                             |                                                                  system_spike_accel_0_0_sa_tiny_fpga_top_mul_8s_8s_16_1_1_392 |         75 |         75 |       0 |    0 |     0 |      0 |      0 |          0 |
|               mul_8s_8s_16_1_1_U478                                                                             |                                                                  system_spike_accel_0_0_sa_tiny_fpga_top_mul_8s_8s_16_1_1_393 |         61 |         61 |       0 |    0 |     0 |      0 |      0 |          0 |
|               mul_8s_8s_16_1_1_U479                                                                             |                                                                  system_spike_accel_0_0_sa_tiny_fpga_top_mul_8s_8s_16_1_1_394 |         61 |         61 |       0 |    0 |     0 |      0 |      0 |          0 |
|               mul_8s_8s_16_1_1_U480                                                                             |                                                                  system_spike_accel_0_0_sa_tiny_fpga_top_mul_8s_8s_16_1_1_395 |         61 |         61 |       0 |    0 |     0 |      0 |      0 |          0 |
|               mul_8s_8s_16_1_1_U481                                                                             |                                                                  system_spike_accel_0_0_sa_tiny_fpga_top_mul_8s_8s_16_1_1_396 |         61 |         61 |       0 |    0 |     0 |      0 |      0 |          0 |
|               mul_8s_8s_16_1_1_U482                                                                             |                                                                  system_spike_accel_0_0_sa_tiny_fpga_top_mul_8s_8s_16_1_1_397 |         75 |         75 |       0 |    0 |     0 |      0 |      0 |          0 |
|               mul_8s_8s_16_1_1_U483                                                                             |                                                                  system_spike_accel_0_0_sa_tiny_fpga_top_mul_8s_8s_16_1_1_398 |         61 |         61 |       0 |    0 |     0 |      0 |      0 |          0 |
|               mul_8s_8s_16_1_1_U484                                                                             |                                                                  system_spike_accel_0_0_sa_tiny_fpga_top_mul_8s_8s_16_1_1_399 |         75 |         75 |       0 |    0 |     0 |      0 |      0 |          0 |
|               mul_8s_8s_16_1_1_U485                                                                             |                                                                  system_spike_accel_0_0_sa_tiny_fpga_top_mul_8s_8s_16_1_1_400 |         61 |         61 |       0 |    0 |     0 |      0 |      0 |          0 |
|               mul_8s_8s_16_1_1_U486                                                                             |                                                                  system_spike_accel_0_0_sa_tiny_fpga_top_mul_8s_8s_16_1_1_401 |         75 |         75 |       0 |    0 |     0 |      0 |      0 |          0 |
|               mul_8s_8s_16_1_1_U487                                                                             |                                                                  system_spike_accel_0_0_sa_tiny_fpga_top_mul_8s_8s_16_1_1_402 |         61 |         61 |       0 |    0 |     0 |      0 |      0 |          0 |
|               mul_8s_8s_16_1_1_U488                                                                             |                                                                  system_spike_accel_0_0_sa_tiny_fpga_top_mul_8s_8s_16_1_1_403 |         61 |         61 |       0 |    0 |     0 |      0 |      0 |          0 |
|               mul_8s_8s_16_1_1_U489                                                                             |                                                                  system_spike_accel_0_0_sa_tiny_fpga_top_mul_8s_8s_16_1_1_404 |         61 |         61 |       0 |    0 |     0 |      0 |      0 |          0 |
|               mul_8s_8s_16_1_1_U490                                                                             |                                                                  system_spike_accel_0_0_sa_tiny_fpga_top_mul_8s_8s_16_1_1_405 |         61 |         61 |       0 |    0 |     0 |      0 |      0 |          0 |
|               mul_8s_8s_16_1_1_U491                                                                             |                                                                  system_spike_accel_0_0_sa_tiny_fpga_top_mul_8s_8s_16_1_1_406 |         75 |         75 |       0 |    0 |     0 |      0 |      0 |          0 |
|               mul_8s_8s_16_1_1_U492                                                                             |                                                                  system_spike_accel_0_0_sa_tiny_fpga_top_mul_8s_8s_16_1_1_407 |         61 |         61 |       0 |    0 |     0 |      0 |      0 |          0 |
|               mul_8s_8s_16_1_1_U493                                                                             |                                                                  system_spike_accel_0_0_sa_tiny_fpga_top_mul_8s_8s_16_1_1_408 |         75 |         75 |       0 |    0 |     0 |      0 |      0 |          0 |
|               mul_8s_8s_16_1_1_U494                                                                             |                                                                  system_spike_accel_0_0_sa_tiny_fpga_top_mul_8s_8s_16_1_1_409 |         61 |         61 |       0 |    0 |     0 |      0 |      0 |          0 |
|               mul_8s_8s_16_1_1_U495                                                                             |                                                                  system_spike_accel_0_0_sa_tiny_fpga_top_mul_8s_8s_16_1_1_410 |         75 |         75 |       0 |    0 |     0 |      0 |      0 |          0 |
|               mul_8s_8s_16_1_1_U496                                                                             |                                                                  system_spike_accel_0_0_sa_tiny_fpga_top_mul_8s_8s_16_1_1_411 |         61 |         61 |       0 |    0 |     0 |      0 |      0 |          0 |
|               mul_8s_8s_16_1_1_U497                                                                             |                                                                  system_spike_accel_0_0_sa_tiny_fpga_top_mul_8s_8s_16_1_1_412 |         61 |         61 |       0 |    0 |     0 |      0 |      0 |          0 |
|               mul_8s_8s_16_1_1_U498                                                                             |                                                                  system_spike_accel_0_0_sa_tiny_fpga_top_mul_8s_8s_16_1_1_413 |         61 |         61 |       0 |    0 |     0 |      0 |      0 |          0 |
|               mul_8s_8s_16_1_1_U499                                                                             |                                                                  system_spike_accel_0_0_sa_tiny_fpga_top_mul_8s_8s_16_1_1_414 |         61 |         61 |       0 |    0 |     0 |      0 |      0 |          0 |
|               mul_8s_8s_16_1_1_U500                                                                             |                                                                  system_spike_accel_0_0_sa_tiny_fpga_top_mul_8s_8s_16_1_1_415 |         75 |         75 |       0 |    0 |     0 |      0 |      0 |          0 |
|               mul_8s_8s_16_1_1_U501                                                                             |                                                                  system_spike_accel_0_0_sa_tiny_fpga_top_mul_8s_8s_16_1_1_416 |         61 |         61 |       0 |    0 |     0 |      0 |      0 |          0 |
|               mul_8s_8s_16_1_1_U502                                                                             |                                                                  system_spike_accel_0_0_sa_tiny_fpga_top_mul_8s_8s_16_1_1_417 |         61 |         61 |       0 |    0 |     0 |      0 |      0 |          0 |
|               mul_8s_8s_16_1_1_U503                                                                             |                                                                  system_spike_accel_0_0_sa_tiny_fpga_top_mul_8s_8s_16_1_1_418 |         61 |         61 |       0 |    0 |     0 |      0 |      0 |          0 |
|               mul_8s_8s_16_1_1_U504                                                                             |                                                                  system_spike_accel_0_0_sa_tiny_fpga_top_mul_8s_8s_16_1_1_419 |         61 |         61 |       0 |    0 |     0 |      0 |      0 |          0 |
|               mul_8s_8s_16_1_1_U505                                                                             |                                                                  system_spike_accel_0_0_sa_tiny_fpga_top_mul_8s_8s_16_1_1_420 |         75 |         75 |       0 |    0 |     0 |      0 |      0 |          0 |
|               mul_8s_8s_16_1_1_U506                                                                             |                                                                  system_spike_accel_0_0_sa_tiny_fpga_top_mul_8s_8s_16_1_1_421 |         61 |         61 |       0 |    0 |     0 |      0 |      0 |          0 |
|               mul_8s_8s_16_1_1_U507                                                                             |                                                                  system_spike_accel_0_0_sa_tiny_fpga_top_mul_8s_8s_16_1_1_422 |         61 |         61 |       0 |    0 |     0 |      0 |      0 |          0 |
|               mul_8s_8s_16_1_1_U508                                                                             |                                                                  system_spike_accel_0_0_sa_tiny_fpga_top_mul_8s_8s_16_1_1_423 |         61 |         61 |       0 |    0 |     0 |      0 |      0 |          0 |
|               mul_8s_8s_16_1_1_U509                                                                             |                                                                  system_spike_accel_0_0_sa_tiny_fpga_top_mul_8s_8s_16_1_1_424 |         75 |         75 |       0 |    0 |     0 |      0 |      0 |          0 |
|         grp_sa_conv2d_bn_40_71_118_240_333_426_535_1_fu_713                                                     |                                              system_spike_accel_0_0_sa_tiny_fpga_top_sa_conv2d_bn_40_71_118_240_333_426_535_1 |       2578 |       2442 |       0 |  136 |  2942 |      0 |      0 |         25 |
|           (grp_sa_conv2d_bn_40_71_118_240_333_426_535_1_fu_713)                                                 |                                              system_spike_accel_0_0_sa_tiny_fpga_top_sa_conv2d_bn_40_71_118_240_333_426_535_1 |         76 |         76 |       0 |    0 |   285 |      0 |      0 |          3 |
|           grp_sa_conv2d_bn_40_71_118_240_333_426_535_1_Pipeline_VITIS_LOOP_106_7_fu_316                         |                system_spike_accel_0_0_sa_tiny_fpga_top_sa_conv2d_bn_40_71_118_240_333_426_535_1_Pipeline_VITIS_LOOP_106_7_225 |        813 |        717 |       0 |   96 |   723 |      0 |      0 |          1 |
|             (grp_sa_conv2d_bn_40_71_118_240_333_426_535_1_Pipeline_VITIS_LOOP_106_7_fu_316)                     |                system_spike_accel_0_0_sa_tiny_fpga_top_sa_conv2d_bn_40_71_118_240_333_426_535_1_Pipeline_VITIS_LOOP_106_7_225 |        289 |        222 |       0 |   67 |   348 |      0 |      0 |          0 |
|             ama_addmuladd_15ns_13ns_7ns_7ns_21_4_1_U130                                                         |                                            system_spike_accel_0_0_sa_tiny_fpga_top_ama_addmuladd_15ns_13ns_7ns_7ns_21_4_1_272 |         42 |         42 |       0 |    0 |     0 |      0 |      0 |          1 |
|               sa_tiny_fpga_top_ama_addmuladd_15ns_13ns_7ns_7ns_21_4_1_DSP48_0_U                                 |                                    system_spike_accel_0_0_sa_tiny_fpga_top_ama_addmuladd_15ns_13ns_7ns_7ns_21_4_1_DSP48_0_278 |         42 |         42 |       0 |    0 |     0 |      0 |      0 |          1 |
|             flow_control_loop_pipe_sequential_init_U                                                            |                                            system_spike_accel_0_0_sa_tiny_fpga_top_flow_control_loop_pipe_sequential_init_273 |         33 |         33 |       0 |    0 |     2 |      0 |      0 |          0 |
|             udiv_13ns_7ns_13_17_1_U128                                                                          |                                                             system_spike_accel_0_0_sa_tiny_fpga_top_udiv_13ns_7ns_13_17_1_274 |        254 |        232 |       0 |   22 |   251 |      0 |      0 |          0 |
|               (udiv_13ns_7ns_13_17_1_U128)                                                                      |                                                             system_spike_accel_0_0_sa_tiny_fpga_top_udiv_13ns_7ns_13_17_1_274 |          0 |          0 |       0 |    0 |     8 |      0 |      0 |          0 |
|               sa_tiny_fpga_top_udiv_13ns_7ns_13_17_1_divider_u                                                  |                                                     system_spike_accel_0_0_sa_tiny_fpga_top_udiv_13ns_7ns_13_17_1_divider_277 |        254 |        232 |       0 |   22 |   243 |      0 |      0 |          0 |
|             urem_13ns_7ns_13_17_1_U129                                                                          |                                                             system_spike_accel_0_0_sa_tiny_fpga_top_urem_13ns_7ns_13_17_1_275 |        195 |        188 |       0 |    7 |   122 |      0 |      0 |          0 |
|               (urem_13ns_7ns_13_17_1_U129)                                                                      |                                                             system_spike_accel_0_0_sa_tiny_fpga_top_urem_13ns_7ns_13_17_1_275 |          7 |          0 |       0 |    7 |     0 |      0 |      0 |          0 |
|               sa_tiny_fpga_top_urem_13ns_7ns_13_17_1_divider_u                                                  |                                                     system_spike_accel_0_0_sa_tiny_fpga_top_urem_13ns_7ns_13_17_1_divider_276 |        188 |        188 |       0 |    0 |   122 |      0 |      0 |          0 |
|           grp_sa_conv2d_bn_40_71_118_240_333_426_535_1_Pipeline_VITIS_LOOP_85_2_VITIS_LOOP_86_s_fu_297          | system_spike_accel_0_0_sa_tiny_fpga_top_sa_conv2d_bn_40_71_118_240_333_426_535_1_Pipeline_VITIS_LOOP_85_2_VITIS_LOOP_86_s_226 |        854 |        821 |       0 |   33 |   702 |      0 |      0 |          8 |
|             (grp_sa_conv2d_bn_40_71_118_240_333_426_535_1_Pipeline_VITIS_LOOP_85_2_VITIS_LOOP_86_s_fu_297)      | system_spike_accel_0_0_sa_tiny_fpga_top_sa_conv2d_bn_40_71_118_240_333_426_535_1_Pipeline_VITIS_LOOP_85_2_VITIS_LOOP_86_s_226 |        138 |        138 |       0 |    0 |   253 |      0 |      0 |          1 |
|             am_addmul_9ns_10ns_7ns_17_4_1_U101                                                                  |                                                     system_spike_accel_0_0_sa_tiny_fpga_top_am_addmul_9ns_10ns_7ns_17_4_1_254 |         16 |         16 |       0 |    0 |     0 |      0 |      0 |          1 |
|               sa_tiny_fpga_top_am_addmul_9ns_10ns_7ns_17_4_1_DSP48_0_U                                          |                                             system_spike_accel_0_0_sa_tiny_fpga_top_am_addmul_9ns_10ns_7ns_17_4_1_DSP48_0_271 |         16 |         16 |       0 |    0 |     0 |      0 |      0 |          1 |
|             am_addmul_9ns_9ns_7ns_16_4_1_U100                                                                   |                                                      system_spike_accel_0_0_sa_tiny_fpga_top_am_addmul_9ns_9ns_7ns_16_4_1_255 |          2 |          2 |       0 |    0 |     0 |      0 |      0 |          1 |
|               sa_tiny_fpga_top_am_addmul_9ns_9ns_7ns_16_4_1_DSP48_0_U                                           |                                              system_spike_accel_0_0_sa_tiny_fpga_top_am_addmul_9ns_9ns_7ns_16_4_1_DSP48_0_270 |          2 |          2 |       0 |    0 |     0 |      0 |      0 |          1 |
|             ama_addmuladd_15ns_13ns_7ns_7ns_21_4_1_U102                                                         |                                            system_spike_accel_0_0_sa_tiny_fpga_top_ama_addmuladd_15ns_13ns_7ns_7ns_21_4_1_256 |         83 |         83 |       0 |    0 |     0 |      0 |      0 |          1 |
|               sa_tiny_fpga_top_ama_addmuladd_15ns_13ns_7ns_7ns_21_4_1_DSP48_0_U                                 |                                    system_spike_accel_0_0_sa_tiny_fpga_top_ama_addmuladd_15ns_13ns_7ns_7ns_21_4_1_DSP48_0_269 |         83 |         83 |       0 |    0 |     0 |      0 |      0 |          1 |
|             ama_addmuladd_16ns_13ns_7ns_7ns_22_4_1_U103                                                         |                                            system_spike_accel_0_0_sa_tiny_fpga_top_ama_addmuladd_16ns_13ns_7ns_7ns_22_4_1_257 |         23 |         23 |       0 |    0 |     0 |      0 |      0 |          1 |
|               sa_tiny_fpga_top_ama_addmuladd_16ns_13ns_7ns_7ns_22_4_1_DSP48_0_U                                 |                                    system_spike_accel_0_0_sa_tiny_fpga_top_ama_addmuladd_16ns_13ns_7ns_7ns_22_4_1_DSP48_0_268 |         23 |         23 |       0 |    0 |     0 |      0 |      0 |          1 |
|             ama_addmuladd_16ns_13ns_7ns_7ns_23_4_1_U104                                                         |                                            system_spike_accel_0_0_sa_tiny_fpga_top_ama_addmuladd_16ns_13ns_7ns_7ns_23_4_1_258 |         24 |         24 |       0 |    0 |     0 |      0 |      0 |          1 |
|               sa_tiny_fpga_top_ama_addmuladd_16ns_13ns_7ns_7ns_23_4_1_DSP48_0_U                                 |                                    system_spike_accel_0_0_sa_tiny_fpga_top_ama_addmuladd_16ns_13ns_7ns_7ns_23_4_1_DSP48_0_267 |         24 |         24 |       0 |    0 |     0 |      0 |      0 |          1 |
|             ama_addmuladd_17ns_13ns_7ns_7ns_23_4_1_U105                                                         |                                            system_spike_accel_0_0_sa_tiny_fpga_top_ama_addmuladd_17ns_13ns_7ns_7ns_23_4_1_259 |         88 |         88 |       0 |    0 |     0 |      0 |      0 |          1 |
|               sa_tiny_fpga_top_ama_addmuladd_17ns_13ns_7ns_7ns_23_4_1_DSP48_0_U                                 |                                    system_spike_accel_0_0_sa_tiny_fpga_top_ama_addmuladd_17ns_13ns_7ns_7ns_23_4_1_DSP48_0_266 |         88 |         88 |       0 |    0 |     0 |      0 |      0 |          1 |
|             flow_control_loop_pipe_sequential_init_U                                                            |                                            system_spike_accel_0_0_sa_tiny_fpga_top_flow_control_loop_pipe_sequential_init_260 |          6 |          6 |       0 |    0 |     2 |      0 |      0 |          0 |
|             mul_9ns_7ns_15_1_1_U98                                                                              |                                                                system_spike_accel_0_0_sa_tiny_fpga_top_mul_9ns_7ns_15_1_1_261 |          8 |          8 |       0 |    0 |     0 |      0 |      0 |          1 |
|             udiv_13ns_7ns_13_17_1_U96                                                                           |                                                             system_spike_accel_0_0_sa_tiny_fpga_top_udiv_13ns_7ns_13_17_1_262 |        245 |        224 |       0 |   21 |   290 |      0 |      0 |          0 |
|               (udiv_13ns_7ns_13_17_1_U96)                                                                       |                                                             system_spike_accel_0_0_sa_tiny_fpga_top_udiv_13ns_7ns_13_17_1_262 |          1 |          1 |       0 |    0 |    33 |      0 |      0 |          0 |
|               sa_tiny_fpga_top_udiv_13ns_7ns_13_17_1_divider_u                                                  |                                                     system_spike_accel_0_0_sa_tiny_fpga_top_udiv_13ns_7ns_13_17_1_divider_265 |        244 |        223 |       0 |   21 |   257 |      0 |      0 |          0 |
|             urem_13ns_7ns_13_17_1_U97                                                                           |                                                             system_spike_accel_0_0_sa_tiny_fpga_top_urem_13ns_7ns_13_17_1_263 |        221 |        209 |       0 |   12 |   157 |      0 |      0 |          0 |
|               (urem_13ns_7ns_13_17_1_U97)                                                                       |                                                             system_spike_accel_0_0_sa_tiny_fpga_top_urem_13ns_7ns_13_17_1_263 |          0 |          0 |       0 |    0 |     8 |      0 |      0 |          0 |
|               sa_tiny_fpga_top_urem_13ns_7ns_13_17_1_divider_u                                                  |                                                     system_spike_accel_0_0_sa_tiny_fpga_top_urem_13ns_7ns_13_17_1_divider_264 |        221 |        209 |       0 |   12 |   149 |      0 |      0 |          0 |
|           grp_sa_conv2d_int_43_74_429_536_1_fu_270                                                              |                                                     system_spike_accel_0_0_sa_tiny_fpga_top_sa_conv2d_int_43_74_429_536_1_227 |        818 |        812 |       0 |    6 |  1188 |      0 |      0 |         13 |
|             (grp_sa_conv2d_int_43_74_429_536_1_fu_270)                                                          |                                                     system_spike_accel_0_0_sa_tiny_fpga_top_sa_conv2d_int_43_74_429_536_1_227 |        444 |        444 |       0 |    0 |   865 |      0 |      0 |          6 |
|             ama_addmuladd_9ns_24ns_6ns_20ns_30_4_1_U68                                                          |                                            system_spike_accel_0_0_sa_tiny_fpga_top_ama_addmuladd_9ns_24ns_6ns_20ns_30_4_1_232 |          1 |          1 |       0 |    0 |     0 |      0 |      0 |          1 |
|               sa_tiny_fpga_top_ama_addmuladd_9ns_24ns_6ns_20ns_30_4_1_DSP48_0_U                                 |                                    system_spike_accel_0_0_sa_tiny_fpga_top_ama_addmuladd_9ns_24ns_6ns_20ns_30_4_1_DSP48_0_253 |          1 |          1 |       0 |    0 |     0 |      0 |      0 |          1 |
|             grp_sa_conv2d_int_43_74_429_536_1_Pipeline_VITIS_LOOP_64_1_VITIS_LOOP_65_2_VITIS_LOO_fu_465         |  system_spike_accel_0_0_sa_tiny_fpga_top_sa_conv2d_int_43_74_429_536_1_Pipeline_VITIS_LOOP_64_1_VITIS_LOOP_65_2_VITIS_LOO_233 |        220 |        215 |       0 |    5 |   208 |      0 |      0 |          2 |
|               (grp_sa_conv2d_int_43_74_429_536_1_Pipeline_VITIS_LOOP_64_1_VITIS_LOOP_65_2_VITIS_LOO_fu_465)     |  system_spike_accel_0_0_sa_tiny_fpga_top_sa_conv2d_int_43_74_429_536_1_Pipeline_VITIS_LOOP_64_1_VITIS_LOOP_65_2_VITIS_LOO_233 |        171 |        166 |       0 |    5 |   206 |      0 |      0 |          0 |
|               flow_control_loop_pipe_sequential_init_U                                                          |                                            system_spike_accel_0_0_sa_tiny_fpga_top_flow_control_loop_pipe_sequential_init_249 |          9 |          9 |       0 |    0 |     2 |      0 |      0 |          0 |
|               mac_muladd_16ns_10ns_23ns_23_4_1_U39                                                              |                                                  system_spike_accel_0_0_sa_tiny_fpga_top_mac_muladd_16ns_10ns_23ns_23_4_1_250 |         21 |         21 |       0 |    0 |     0 |      0 |      0 |          2 |
|                 sa_tiny_fpga_top_mac_muladd_16ns_10ns_23ns_23_4_1_DSP48_0_U                                     |                                          system_spike_accel_0_0_sa_tiny_fpga_top_mac_muladd_16ns_10ns_23ns_23_4_1_DSP48_0_252 |         21 |         21 |       0 |    0 |     0 |      0 |      0 |          2 |
|               mul_3ns_7ns_10_1_1_U37                                                                            |                                                                system_spike_accel_0_0_sa_tiny_fpga_top_mul_3ns_7ns_10_1_1_251 |         19 |         19 |       0 |    0 |     0 |      0 |      0 |          0 |
|             mac_mul_sub_7ns_2ns_2ns_9_4_1_U66                                                                   |                                                     system_spike_accel_0_0_sa_tiny_fpga_top_mac_mul_sub_7ns_2ns_2ns_9_4_1_234 |          8 |          8 |       0 |    0 |     0 |      0 |      0 |          1 |
|               sa_tiny_fpga_top_mac_mul_sub_7ns_2ns_2ns_9_4_1_DSP48_0_U                                          |                                             system_spike_accel_0_0_sa_tiny_fpga_top_mac_mul_sub_7ns_2ns_2ns_9_4_1_DSP48_0_248 |          8 |          8 |       0 |    0 |     0 |      0 |      0 |          1 |
|             mac_mul_sub_7ns_2ns_2ns_9_4_1_U67                                                                   |                                                     system_spike_accel_0_0_sa_tiny_fpga_top_mac_mul_sub_7ns_2ns_2ns_9_4_1_235 |         10 |         10 |       0 |    0 |     0 |      0 |      0 |          1 |
|               sa_tiny_fpga_top_mac_mul_sub_7ns_2ns_2ns_9_4_1_DSP48_0_U                                          |                                             system_spike_accel_0_0_sa_tiny_fpga_top_mac_mul_sub_7ns_2ns_2ns_9_4_1_DSP48_0_247 |         10 |         10 |       0 |    0 |     0 |      0 |      0 |          1 |
|             mac_muladd_8s_8s_32s_32_4_1_U69                                                                     |                                                       system_spike_accel_0_0_sa_tiny_fpga_top_mac_muladd_8s_8s_32s_32_4_1_236 |         44 |         44 |       0 |    0 |     8 |      0 |      0 |          1 |
|               sa_tiny_fpga_top_mac_muladd_8s_8s_32s_32_4_1_DSP48_0_U                                            |                                               system_spike_accel_0_0_sa_tiny_fpga_top_mac_muladd_8s_8s_32s_32_4_1_DSP48_0_246 |         44 |         44 |       0 |    0 |     8 |      0 |      0 |          1 |
|             mul_23s_7ns_30_1_1_U65                                                                              |                                                                system_spike_accel_0_0_sa_tiny_fpga_top_mul_23s_7ns_30_1_1_237 |         34 |         34 |       0 |    0 |     0 |      0 |      0 |          1 |
|             udiv_7ns_2ns_7_11_seq_1_U54                                                                         |                                                           system_spike_accel_0_0_sa_tiny_fpga_top_udiv_7ns_2ns_7_11_seq_1_238 |          9 |          8 |       0 |    1 |    24 |      0 |      0 |          0 |
|               (udiv_7ns_2ns_7_11_seq_1_U54)                                                                     |                                                           system_spike_accel_0_0_sa_tiny_fpga_top_udiv_7ns_2ns_7_11_seq_1_238 |          1 |          1 |       0 |    0 |     8 |      0 |      0 |          0 |
|               sa_tiny_fpga_top_udiv_7ns_2ns_7_11_seq_1_divseq_u                                                 |                                                    system_spike_accel_0_0_sa_tiny_fpga_top_udiv_7ns_2ns_7_11_seq_1_divseq_245 |          8 |          7 |       0 |    1 |    16 |      0 |      0 |          0 |
|             udiv_7ns_2ns_7_11_seq_1_U55                                                                         |                                                           system_spike_accel_0_0_sa_tiny_fpga_top_udiv_7ns_2ns_7_11_seq_1_239 |          6 |          6 |       0 |    0 |    20 |      0 |      0 |          0 |
|               (udiv_7ns_2ns_7_11_seq_1_U55)                                                                     |                                                           system_spike_accel_0_0_sa_tiny_fpga_top_udiv_7ns_2ns_7_11_seq_1_239 |          0 |          0 |       0 |    0 |     7 |      0 |      0 |          0 |
|               sa_tiny_fpga_top_udiv_7ns_2ns_7_11_seq_1_divseq_u                                                 |                                                    system_spike_accel_0_0_sa_tiny_fpga_top_udiv_7ns_2ns_7_11_seq_1_divseq_244 |          6 |          6 |       0 |    0 |    13 |      0 |      0 |          0 |
|             udiv_9ns_8ns_9_13_seq_1_U56                                                                         |                                                           system_spike_accel_0_0_sa_tiny_fpga_top_udiv_9ns_8ns_9_13_seq_1_240 |         30 |         30 |       0 |    0 |    37 |      0 |      0 |          0 |
|               (udiv_9ns_8ns_9_13_seq_1_U56)                                                                     |                                                           system_spike_accel_0_0_sa_tiny_fpga_top_udiv_9ns_8ns_9_13_seq_1_240 |          0 |          0 |       0 |    0 |    10 |      0 |      0 |          0 |
|               sa_tiny_fpga_top_udiv_9ns_8ns_9_13_seq_1_divseq_u                                                 |                                                    system_spike_accel_0_0_sa_tiny_fpga_top_udiv_9ns_8ns_9_13_seq_1_divseq_243 |         30 |         30 |       0 |    0 |    27 |      0 |      0 |          0 |
|             udiv_9ns_8ns_9_13_seq_1_U57                                                                         |                                                           system_spike_accel_0_0_sa_tiny_fpga_top_udiv_9ns_8ns_9_13_seq_1_241 |         19 |         19 |       0 |    0 |    26 |      0 |      0 |          0 |
|               (udiv_9ns_8ns_9_13_seq_1_U57)                                                                     |                                                           system_spike_accel_0_0_sa_tiny_fpga_top_udiv_9ns_8ns_9_13_seq_1_241 |          3 |          3 |       0 |    0 |     9 |      0 |      0 |          0 |
|               sa_tiny_fpga_top_udiv_9ns_8ns_9_13_seq_1_divseq_u                                                 |                                                    system_spike_accel_0_0_sa_tiny_fpga_top_udiv_9ns_8ns_9_13_seq_1_divseq_242 |         16 |         16 |       0 |    0 |    17 |      0 |      0 |          0 |
|           udiv_7ns_2ns_7_11_seq_1_U143                                                                          |                                                           system_spike_accel_0_0_sa_tiny_fpga_top_udiv_7ns_2ns_7_11_seq_1_228 |          7 |          7 |       0 |    0 |    20 |      0 |      0 |          0 |
|             (udiv_7ns_2ns_7_11_seq_1_U143)                                                                      |                                                           system_spike_accel_0_0_sa_tiny_fpga_top_udiv_7ns_2ns_7_11_seq_1_228 |          0 |          0 |       0 |    0 |     7 |      0 |      0 |          0 |
|             sa_tiny_fpga_top_udiv_7ns_2ns_7_11_seq_1_divseq_u                                                   |                                                    system_spike_accel_0_0_sa_tiny_fpga_top_udiv_7ns_2ns_7_11_seq_1_divseq_231 |          7 |          7 |       0 |    0 |    13 |      0 |      0 |          0 |
|           udiv_7ns_2ns_7_11_seq_1_U144                                                                          |                                                           system_spike_accel_0_0_sa_tiny_fpga_top_udiv_7ns_2ns_7_11_seq_1_229 |         10 |          9 |       0 |    1 |    24 |      0 |      0 |          0 |
|             (udiv_7ns_2ns_7_11_seq_1_U144)                                                                      |                                                           system_spike_accel_0_0_sa_tiny_fpga_top_udiv_7ns_2ns_7_11_seq_1_229 |          1 |          1 |       0 |    0 |     8 |      0 |      0 |          0 |
|             sa_tiny_fpga_top_udiv_7ns_2ns_7_11_seq_1_divseq_u                                                   |                                                    system_spike_accel_0_0_sa_tiny_fpga_top_udiv_7ns_2ns_7_11_seq_1_divseq_230 |          9 |          8 |       0 |    1 |    16 |      0 |      0 |          0 |
|         grp_sa_ms_all_conv_block_185_1_fu_473                                                                   |                                                            system_spike_accel_0_0_sa_tiny_fpga_top_sa_ms_all_conv_block_185_1 |       8739 |       8398 |       0 |  341 |  9011 |      0 |      0 |         74 |
|           (grp_sa_ms_all_conv_block_185_1_fu_473)                                                               |                                                            system_spike_accel_0_0_sa_tiny_fpga_top_sa_ms_all_conv_block_185_1 |         83 |         83 |       0 |    0 |   250 |      0 |      0 |          4 |
|           grp_sa_ms_all_conv_block_185_1_Pipeline_VITIS_LOOP_121_1_fu_561                                       |                                  system_spike_accel_0_0_sa_tiny_fpga_top_sa_ms_all_conv_block_185_1_Pipeline_VITIS_LOOP_121_1 |         41 |         41 |       0 |    0 |    56 |      0 |      0 |          0 |
|             (grp_sa_ms_all_conv_block_185_1_Pipeline_VITIS_LOOP_121_1_fu_561)                                   |                                  system_spike_accel_0_0_sa_tiny_fpga_top_sa_ms_all_conv_block_185_1_Pipeline_VITIS_LOOP_121_1 |          1 |          1 |       0 |    0 |    54 |      0 |      0 |          0 |
|             flow_control_loop_pipe_sequential_init_U                                                            |                                            system_spike_accel_0_0_sa_tiny_fpga_top_flow_control_loop_pipe_sequential_init_224 |         40 |         40 |       0 |    0 |     2 |      0 |      0 |          0 |
|           grp_sa_ms_all_conv_block_185_1_Pipeline_VITIS_LOOP_85_11_fu_608                                       |                                  system_spike_accel_0_0_sa_tiny_fpga_top_sa_ms_all_conv_block_185_1_Pipeline_VITIS_LOOP_85_11 |        346 |        346 |       0 |    0 |   228 |      0 |      0 |          0 |
|             (grp_sa_ms_all_conv_block_185_1_Pipeline_VITIS_LOOP_85_11_fu_608)                                   |                                  system_spike_accel_0_0_sa_tiny_fpga_top_sa_ms_all_conv_block_185_1_Pipeline_VITIS_LOOP_85_11 |        250 |        250 |       0 |    0 |   226 |      0 |      0 |          0 |
|             flow_control_loop_pipe_sequential_init_U                                                            |                                            system_spike_accel_0_0_sa_tiny_fpga_top_flow_control_loop_pipe_sequential_init_223 |         96 |         96 |       0 |    0 |     2 |      0 |      0 |          0 |
|           grp_sa_ms_all_conv_block_185_1_Pipeline_VITIS_LOOP_85_1_fu_552                                        |                                   system_spike_accel_0_0_sa_tiny_fpga_top_sa_ms_all_conv_block_185_1_Pipeline_VITIS_LOOP_85_1 |        381 |        380 |       0 |    1 |   191 |      0 |      0 |          0 |
|             (grp_sa_ms_all_conv_block_185_1_Pipeline_VITIS_LOOP_85_1_fu_552)                                    |                                   system_spike_accel_0_0_sa_tiny_fpga_top_sa_ms_all_conv_block_185_1_Pipeline_VITIS_LOOP_85_1 |        302 |        301 |       0 |    1 |   189 |      0 |      0 |          0 |
|             flow_control_loop_pipe_sequential_init_U                                                            |                                            system_spike_accel_0_0_sa_tiny_fpga_top_flow_control_loop_pipe_sequential_init_222 |         79 |         79 |       0 |    0 |     2 |      0 |      0 |          0 |
|           grp_sa_ms_standard_conv_inplace_1_fu_570                                                              |                                                         system_spike_accel_0_0_sa_tiny_fpga_top_sa_ms_standard_conv_inplace_1 |       3803 |       3633 |       0 |  170 |  4130 |      0 |      0 |         35 |
|             (grp_sa_ms_standard_conv_inplace_1_fu_570)                                                          |                                                         system_spike_accel_0_0_sa_tiny_fpga_top_sa_ms_standard_conv_inplace_1 |          8 |          8 |       0 |    0 |    32 |      0 |      0 |          1 |
|             grp_sa_conv2d_bn_40_71_118_240_333_426_535_1_fu_197                                                 |                                          system_spike_accel_0_0_sa_tiny_fpga_top_sa_conv2d_bn_40_71_118_240_333_426_535_1_151 |       2865 |       2729 |       0 |  136 |  3020 |      0 |      0 |         25 |
|               (grp_sa_conv2d_bn_40_71_118_240_333_426_535_1_fu_197)                                             |                                          system_spike_accel_0_0_sa_tiny_fpga_top_sa_conv2d_bn_40_71_118_240_333_426_535_1_151 |        484 |        484 |       0 |    0 |   318 |      0 |      0 |          3 |
|               grp_sa_conv2d_bn_40_71_118_240_333_426_535_1_Pipeline_VITIS_LOOP_106_7_fu_316                     |                system_spike_accel_0_0_sa_tiny_fpga_top_sa_conv2d_bn_40_71_118_240_333_426_535_1_Pipeline_VITIS_LOOP_106_7_168 |        686 |        590 |       0 |   96 |   723 |      0 |      0 |          1 |
|                 (grp_sa_conv2d_bn_40_71_118_240_333_426_535_1_Pipeline_VITIS_LOOP_106_7_fu_316)                 |                system_spike_accel_0_0_sa_tiny_fpga_top_sa_conv2d_bn_40_71_118_240_333_426_535_1_Pipeline_VITIS_LOOP_106_7_168 |        333 |        266 |       0 |   67 |   348 |      0 |      0 |          0 |
|                 ama_addmuladd_15ns_13ns_7ns_7ns_21_4_1_U130                                                     |                                            system_spike_accel_0_0_sa_tiny_fpga_top_ama_addmuladd_15ns_13ns_7ns_7ns_21_4_1_215 |         42 |         42 |       0 |    0 |     0 |      0 |      0 |          1 |
|                   sa_tiny_fpga_top_ama_addmuladd_15ns_13ns_7ns_7ns_21_4_1_DSP48_0_U                             |                                    system_spike_accel_0_0_sa_tiny_fpga_top_ama_addmuladd_15ns_13ns_7ns_7ns_21_4_1_DSP48_0_221 |         42 |         42 |       0 |    0 |     0 |      0 |      0 |          1 |
|                 flow_control_loop_pipe_sequential_init_U                                                        |                                            system_spike_accel_0_0_sa_tiny_fpga_top_flow_control_loop_pipe_sequential_init_216 |         32 |         32 |       0 |    0 |     2 |      0 |      0 |          0 |
|                 udiv_13ns_7ns_13_17_1_U128                                                                      |                                                             system_spike_accel_0_0_sa_tiny_fpga_top_udiv_13ns_7ns_13_17_1_217 |        150 |        128 |       0 |   22 |   251 |      0 |      0 |          0 |
|                   (udiv_13ns_7ns_13_17_1_U128)                                                                  |                                                             system_spike_accel_0_0_sa_tiny_fpga_top_udiv_13ns_7ns_13_17_1_217 |          0 |          0 |       0 |    0 |     8 |      0 |      0 |          0 |
|                   sa_tiny_fpga_top_udiv_13ns_7ns_13_17_1_divider_u                                              |                                                     system_spike_accel_0_0_sa_tiny_fpga_top_udiv_13ns_7ns_13_17_1_divider_220 |        150 |        128 |       0 |   22 |   243 |      0 |      0 |          0 |
|                 urem_13ns_7ns_13_17_1_U129                                                                      |                                                             system_spike_accel_0_0_sa_tiny_fpga_top_urem_13ns_7ns_13_17_1_218 |        129 |        122 |       0 |    7 |   122 |      0 |      0 |          0 |
|                   (urem_13ns_7ns_13_17_1_U129)                                                                  |                                                             system_spike_accel_0_0_sa_tiny_fpga_top_urem_13ns_7ns_13_17_1_218 |          7 |          0 |       0 |    7 |     0 |      0 |      0 |          0 |
|                   sa_tiny_fpga_top_urem_13ns_7ns_13_17_1_divider_u                                              |                                                     system_spike_accel_0_0_sa_tiny_fpga_top_urem_13ns_7ns_13_17_1_divider_219 |        122 |        122 |       0 |    0 |   122 |      0 |      0 |          0 |
|               grp_sa_conv2d_bn_40_71_118_240_333_426_535_1_Pipeline_VITIS_LOOP_85_2_VITIS_LOOP_86_s_fu_297      | system_spike_accel_0_0_sa_tiny_fpga_top_sa_conv2d_bn_40_71_118_240_333_426_535_1_Pipeline_VITIS_LOOP_85_2_VITIS_LOOP_86_s_169 |        674 |        641 |       0 |   33 |   702 |      0 |      0 |          8 |
|                 (grp_sa_conv2d_bn_40_71_118_240_333_426_535_1_Pipeline_VITIS_LOOP_85_2_VITIS_LOOP_86_s_fu_297)  | system_spike_accel_0_0_sa_tiny_fpga_top_sa_conv2d_bn_40_71_118_240_333_426_535_1_Pipeline_VITIS_LOOP_85_2_VITIS_LOOP_86_s_169 |        138 |        138 |       0 |    0 |   253 |      0 |      0 |          1 |
|                 am_addmul_9ns_10ns_7ns_17_4_1_U101                                                              |                                                     system_spike_accel_0_0_sa_tiny_fpga_top_am_addmul_9ns_10ns_7ns_17_4_1_197 |         16 |         16 |       0 |    0 |     0 |      0 |      0 |          1 |
|                   sa_tiny_fpga_top_am_addmul_9ns_10ns_7ns_17_4_1_DSP48_0_U                                      |                                             system_spike_accel_0_0_sa_tiny_fpga_top_am_addmul_9ns_10ns_7ns_17_4_1_DSP48_0_214 |         16 |         16 |       0 |    0 |     0 |      0 |      0 |          1 |
|                 am_addmul_9ns_9ns_7ns_16_4_1_U100                                                               |                                                      system_spike_accel_0_0_sa_tiny_fpga_top_am_addmul_9ns_9ns_7ns_16_4_1_198 |          2 |          2 |       0 |    0 |     0 |      0 |      0 |          1 |
|                   sa_tiny_fpga_top_am_addmul_9ns_9ns_7ns_16_4_1_DSP48_0_U                                       |                                              system_spike_accel_0_0_sa_tiny_fpga_top_am_addmul_9ns_9ns_7ns_16_4_1_DSP48_0_213 |          2 |          2 |       0 |    0 |     0 |      0 |      0 |          1 |
|                 ama_addmuladd_15ns_13ns_7ns_7ns_21_4_1_U102                                                     |                                            system_spike_accel_0_0_sa_tiny_fpga_top_ama_addmuladd_15ns_13ns_7ns_7ns_21_4_1_199 |         83 |         83 |       0 |    0 |     0 |      0 |      0 |          1 |
|                   sa_tiny_fpga_top_ama_addmuladd_15ns_13ns_7ns_7ns_21_4_1_DSP48_0_U                             |                                    system_spike_accel_0_0_sa_tiny_fpga_top_ama_addmuladd_15ns_13ns_7ns_7ns_21_4_1_DSP48_0_212 |         83 |         83 |       0 |    0 |     0 |      0 |      0 |          1 |
|                 ama_addmuladd_16ns_13ns_7ns_7ns_22_4_1_U103                                                     |                                            system_spike_accel_0_0_sa_tiny_fpga_top_ama_addmuladd_16ns_13ns_7ns_7ns_22_4_1_200 |         23 |         23 |       0 |    0 |     0 |      0 |      0 |          1 |
|                   sa_tiny_fpga_top_ama_addmuladd_16ns_13ns_7ns_7ns_22_4_1_DSP48_0_U                             |                                    system_spike_accel_0_0_sa_tiny_fpga_top_ama_addmuladd_16ns_13ns_7ns_7ns_22_4_1_DSP48_0_211 |         23 |         23 |       0 |    0 |     0 |      0 |      0 |          1 |
|                 ama_addmuladd_16ns_13ns_7ns_7ns_23_4_1_U104                                                     |                                            system_spike_accel_0_0_sa_tiny_fpga_top_ama_addmuladd_16ns_13ns_7ns_7ns_23_4_1_201 |         24 |         24 |       0 |    0 |     0 |      0 |      0 |          1 |
|                   sa_tiny_fpga_top_ama_addmuladd_16ns_13ns_7ns_7ns_23_4_1_DSP48_0_U                             |                                    system_spike_accel_0_0_sa_tiny_fpga_top_ama_addmuladd_16ns_13ns_7ns_7ns_23_4_1_DSP48_0_210 |         24 |         24 |       0 |    0 |     0 |      0 |      0 |          1 |
|                 ama_addmuladd_17ns_13ns_7ns_7ns_23_4_1_U105                                                     |                                            system_spike_accel_0_0_sa_tiny_fpga_top_ama_addmuladd_17ns_13ns_7ns_7ns_23_4_1_202 |         88 |         88 |       0 |    0 |     0 |      0 |      0 |          1 |
|                   sa_tiny_fpga_top_ama_addmuladd_17ns_13ns_7ns_7ns_23_4_1_DSP48_0_U                             |                                    system_spike_accel_0_0_sa_tiny_fpga_top_ama_addmuladd_17ns_13ns_7ns_7ns_23_4_1_DSP48_0_209 |         88 |         88 |       0 |    0 |     0 |      0 |      0 |          1 |
|                 flow_control_loop_pipe_sequential_init_U                                                        |                                            system_spike_accel_0_0_sa_tiny_fpga_top_flow_control_loop_pipe_sequential_init_203 |          6 |          6 |       0 |    0 |     2 |      0 |      0 |          0 |
|                 mul_9ns_7ns_15_1_1_U98                                                                          |                                                                system_spike_accel_0_0_sa_tiny_fpga_top_mul_9ns_7ns_15_1_1_204 |          0 |          0 |       0 |    0 |     0 |      0 |      0 |          1 |
|                 udiv_13ns_7ns_13_17_1_U96                                                                       |                                                             system_spike_accel_0_0_sa_tiny_fpga_top_udiv_13ns_7ns_13_17_1_205 |        158 |        137 |       0 |   21 |   290 |      0 |      0 |          0 |
|                   (udiv_13ns_7ns_13_17_1_U96)                                                                   |                                                             system_spike_accel_0_0_sa_tiny_fpga_top_udiv_13ns_7ns_13_17_1_205 |          1 |          1 |       0 |    0 |    33 |      0 |      0 |          0 |
|                   sa_tiny_fpga_top_udiv_13ns_7ns_13_17_1_divider_u                                              |                                                     system_spike_accel_0_0_sa_tiny_fpga_top_udiv_13ns_7ns_13_17_1_divider_208 |        157 |        136 |       0 |   21 |   257 |      0 |      0 |          0 |
|                 urem_13ns_7ns_13_17_1_U97                                                                       |                                                             system_spike_accel_0_0_sa_tiny_fpga_top_urem_13ns_7ns_13_17_1_206 |        136 |        124 |       0 |   12 |   157 |      0 |      0 |          0 |
|                   (urem_13ns_7ns_13_17_1_U97)                                                                   |                                                             system_spike_accel_0_0_sa_tiny_fpga_top_urem_13ns_7ns_13_17_1_206 |          0 |          0 |       0 |    0 |     8 |      0 |      0 |          0 |
|                   sa_tiny_fpga_top_urem_13ns_7ns_13_17_1_divider_u                                              |                                                     system_spike_accel_0_0_sa_tiny_fpga_top_urem_13ns_7ns_13_17_1_divider_207 |        136 |        124 |       0 |   12 |   149 |      0 |      0 |          0 |
|               grp_sa_conv2d_int_43_74_429_536_1_fu_270                                                          |                                                     system_spike_accel_0_0_sa_tiny_fpga_top_sa_conv2d_int_43_74_429_536_1_170 |       1003 |        997 |       0 |    6 |  1229 |      0 |      0 |         13 |
|                 (grp_sa_conv2d_int_43_74_429_536_1_fu_270)                                                      |                                                     system_spike_accel_0_0_sa_tiny_fpga_top_sa_conv2d_int_43_74_429_536_1_170 |        609 |        609 |       0 |    0 |   880 |      0 |      0 |          6 |
|                 ama_addmuladd_9ns_24ns_6ns_20ns_30_4_1_U68                                                      |                                            system_spike_accel_0_0_sa_tiny_fpga_top_ama_addmuladd_9ns_24ns_6ns_20ns_30_4_1_175 |         14 |         14 |       0 |    0 |     0 |      0 |      0 |          1 |
|                   sa_tiny_fpga_top_ama_addmuladd_9ns_24ns_6ns_20ns_30_4_1_DSP48_0_U                             |                                    system_spike_accel_0_0_sa_tiny_fpga_top_ama_addmuladd_9ns_24ns_6ns_20ns_30_4_1_DSP48_0_196 |         14 |         14 |       0 |    0 |     0 |      0 |      0 |          1 |
|                 grp_sa_conv2d_int_43_74_429_536_1_Pipeline_VITIS_LOOP_64_1_VITIS_LOOP_65_2_VITIS_LOO_fu_465     |  system_spike_accel_0_0_sa_tiny_fpga_top_sa_conv2d_int_43_74_429_536_1_Pipeline_VITIS_LOOP_64_1_VITIS_LOOP_65_2_VITIS_LOO_176 |        212 |        207 |       0 |    5 |   208 |      0 |      0 |          2 |
|                   (grp_sa_conv2d_int_43_74_429_536_1_Pipeline_VITIS_LOOP_64_1_VITIS_LOOP_65_2_VITIS_LOO_fu_465) |  system_spike_accel_0_0_sa_tiny_fpga_top_sa_conv2d_int_43_74_429_536_1_Pipeline_VITIS_LOOP_64_1_VITIS_LOOP_65_2_VITIS_LOO_176 |        167 |        162 |       0 |    5 |   206 |      0 |      0 |          0 |
|                   flow_control_loop_pipe_sequential_init_U                                                      |                                            system_spike_accel_0_0_sa_tiny_fpga_top_flow_control_loop_pipe_sequential_init_192 |          7 |          7 |       0 |    0 |     2 |      0 |      0 |          0 |
|                   mac_muladd_16ns_10ns_23ns_23_4_1_U39                                                          |                                                  system_spike_accel_0_0_sa_tiny_fpga_top_mac_muladd_16ns_10ns_23ns_23_4_1_193 |         19 |         19 |       0 |    0 |     0 |      0 |      0 |          2 |
|                     sa_tiny_fpga_top_mac_muladd_16ns_10ns_23ns_23_4_1_DSP48_0_U                                 |                                          system_spike_accel_0_0_sa_tiny_fpga_top_mac_muladd_16ns_10ns_23ns_23_4_1_DSP48_0_195 |         19 |         19 |       0 |    0 |     0 |      0 |      0 |          2 |
|                   mul_3ns_7ns_10_1_1_U37                                                                        |                                                                system_spike_accel_0_0_sa_tiny_fpga_top_mul_3ns_7ns_10_1_1_194 |         19 |         19 |       0 |    0 |     0 |      0 |      0 |          0 |
|                 mac_mul_sub_7ns_2ns_2ns_9_4_1_U66                                                               |                                                     system_spike_accel_0_0_sa_tiny_fpga_top_mac_mul_sub_7ns_2ns_2ns_9_4_1_177 |          8 |          8 |       0 |    0 |     0 |      0 |      0 |          1 |
|                   sa_tiny_fpga_top_mac_mul_sub_7ns_2ns_2ns_9_4_1_DSP48_0_U                                      |                                             system_spike_accel_0_0_sa_tiny_fpga_top_mac_mul_sub_7ns_2ns_2ns_9_4_1_DSP48_0_191 |          8 |          8 |       0 |    0 |     0 |      0 |      0 |          1 |
|                 mac_mul_sub_7ns_2ns_2ns_9_4_1_U67                                                               |                                                     system_spike_accel_0_0_sa_tiny_fpga_top_mac_mul_sub_7ns_2ns_2ns_9_4_1_178 |         10 |         10 |       0 |    0 |     0 |      0 |      0 |          1 |
|                   sa_tiny_fpga_top_mac_mul_sub_7ns_2ns_2ns_9_4_1_DSP48_0_U                                      |                                             system_spike_accel_0_0_sa_tiny_fpga_top_mac_mul_sub_7ns_2ns_2ns_9_4_1_DSP48_0_190 |         10 |         10 |       0 |    0 |     0 |      0 |      0 |          1 |
|                 mac_muladd_8s_8s_32s_32_4_1_U69                                                                 |                                                       system_spike_accel_0_0_sa_tiny_fpga_top_mac_muladd_8s_8s_32s_32_4_1_179 |         42 |         42 |       0 |    0 |     8 |      0 |      0 |          1 |
|                   sa_tiny_fpga_top_mac_muladd_8s_8s_32s_32_4_1_DSP48_0_U                                        |                                               system_spike_accel_0_0_sa_tiny_fpga_top_mac_muladd_8s_8s_32s_32_4_1_DSP48_0_189 |         42 |         42 |       0 |    0 |     8 |      0 |      0 |          1 |
|                 mul_23s_7ns_30_1_1_U65                                                                          |                                                                system_spike_accel_0_0_sa_tiny_fpga_top_mul_23s_7ns_30_1_1_180 |         33 |         33 |       0 |    0 |     0 |      0 |      0 |          1 |
|                 udiv_7ns_2ns_7_11_seq_1_U54                                                                     |                                                           system_spike_accel_0_0_sa_tiny_fpga_top_udiv_7ns_2ns_7_11_seq_1_181 |         12 |         11 |       0 |    1 |    26 |      0 |      0 |          0 |
|                   (udiv_7ns_2ns_7_11_seq_1_U54)                                                                 |                                                           system_spike_accel_0_0_sa_tiny_fpga_top_udiv_7ns_2ns_7_11_seq_1_181 |          1 |          1 |       0 |    0 |     8 |      0 |      0 |          0 |
|                   sa_tiny_fpga_top_udiv_7ns_2ns_7_11_seq_1_divseq_u                                             |                                                    system_spike_accel_0_0_sa_tiny_fpga_top_udiv_7ns_2ns_7_11_seq_1_divseq_188 |         11 |         10 |       0 |    1 |    18 |      0 |      0 |          0 |
|                 udiv_7ns_2ns_7_11_seq_1_U55                                                                     |                                                           system_spike_accel_0_0_sa_tiny_fpga_top_udiv_7ns_2ns_7_11_seq_1_182 |          6 |          6 |       0 |    0 |    20 |      0 |      0 |          0 |
|                   (udiv_7ns_2ns_7_11_seq_1_U55)                                                                 |                                                           system_spike_accel_0_0_sa_tiny_fpga_top_udiv_7ns_2ns_7_11_seq_1_182 |          0 |          0 |       0 |    0 |     7 |      0 |      0 |          0 |
|                   sa_tiny_fpga_top_udiv_7ns_2ns_7_11_seq_1_divseq_u                                             |                                                    system_spike_accel_0_0_sa_tiny_fpga_top_udiv_7ns_2ns_7_11_seq_1_divseq_187 |          6 |          6 |       0 |    0 |    13 |      0 |      0 |          0 |
|                 udiv_9ns_8ns_9_13_seq_1_U56                                                                     |                                                           system_spike_accel_0_0_sa_tiny_fpga_top_udiv_9ns_8ns_9_13_seq_1_183 |         36 |         36 |       0 |    0 |    49 |      0 |      0 |          0 |
|                   (udiv_9ns_8ns_9_13_seq_1_U56)                                                                 |                                                           system_spike_accel_0_0_sa_tiny_fpga_top_udiv_9ns_8ns_9_13_seq_1_183 |          6 |          6 |       0 |    0 |    16 |      0 |      0 |          0 |
|                   sa_tiny_fpga_top_udiv_9ns_8ns_9_13_seq_1_divseq_u                                             |                                                    system_spike_accel_0_0_sa_tiny_fpga_top_udiv_9ns_8ns_9_13_seq_1_divseq_186 |         30 |         30 |       0 |    0 |    33 |      0 |      0 |          0 |
|                 udiv_9ns_8ns_9_13_seq_1_U57                                                                     |                                                           system_spike_accel_0_0_sa_tiny_fpga_top_udiv_9ns_8ns_9_13_seq_1_184 |         28 |         28 |       0 |    0 |    38 |      0 |      0 |          0 |
|                   (udiv_9ns_8ns_9_13_seq_1_U57)                                                                 |                                                           system_spike_accel_0_0_sa_tiny_fpga_top_udiv_9ns_8ns_9_13_seq_1_184 |          9 |          9 |       0 |    0 |    15 |      0 |      0 |          0 |
|                   sa_tiny_fpga_top_udiv_9ns_8ns_9_13_seq_1_divseq_u                                             |                                                    system_spike_accel_0_0_sa_tiny_fpga_top_udiv_9ns_8ns_9_13_seq_1_divseq_185 |         19 |         19 |       0 |    0 |    23 |      0 |      0 |          0 |
|               udiv_7ns_2ns_7_11_seq_1_U143                                                                      |                                                           system_spike_accel_0_0_sa_tiny_fpga_top_udiv_7ns_2ns_7_11_seq_1_171 |          7 |          7 |       0 |    0 |    22 |      0 |      0 |          0 |
|                 (udiv_7ns_2ns_7_11_seq_1_U143)                                                                  |                                                           system_spike_accel_0_0_sa_tiny_fpga_top_udiv_7ns_2ns_7_11_seq_1_171 |          0 |          0 |       0 |    0 |     7 |      0 |      0 |          0 |
|                 sa_tiny_fpga_top_udiv_7ns_2ns_7_11_seq_1_divseq_u                                               |                                                    system_spike_accel_0_0_sa_tiny_fpga_top_udiv_7ns_2ns_7_11_seq_1_divseq_174 |          7 |          7 |       0 |    0 |    15 |      0 |      0 |          0 |
|               udiv_7ns_2ns_7_11_seq_1_U144                                                                      |                                                           system_spike_accel_0_0_sa_tiny_fpga_top_udiv_7ns_2ns_7_11_seq_1_172 |         12 |         11 |       0 |    1 |    26 |      0 |      0 |          0 |
|                 (udiv_7ns_2ns_7_11_seq_1_U144)                                                                  |                                                           system_spike_accel_0_0_sa_tiny_fpga_top_udiv_7ns_2ns_7_11_seq_1_172 |          1 |          1 |       0 |    0 |     8 |      0 |      0 |          0 |
|                 sa_tiny_fpga_top_udiv_7ns_2ns_7_11_seq_1_divseq_u                                               |                                                    system_spike_accel_0_0_sa_tiny_fpga_top_udiv_7ns_2ns_7_11_seq_1_divseq_173 |         11 |         10 |       0 |    1 |    18 |      0 |      0 |          0 |
|             grp_sa_ms_standard_conv_inplace_1_Pipeline_VITIS_LOOP_36_1_VITIS_LOOP_37_2_fu_172                   |                system_spike_accel_0_0_sa_tiny_fpga_top_sa_ms_standard_conv_inplace_1_Pipeline_VITIS_LOOP_36_1_VITIS_LOOP_37_2 |        930 |        896 |       0 |   34 |  1078 |      0 |      0 |          8 |
|               (grp_sa_ms_standard_conv_inplace_1_Pipeline_VITIS_LOOP_36_1_VITIS_LOOP_37_2_fu_172)               |                system_spike_accel_0_0_sa_tiny_fpga_top_sa_ms_standard_conv_inplace_1_Pipeline_VITIS_LOOP_36_1_VITIS_LOOP_37_2 |        443 |        442 |       0 |    1 |   733 |      0 |      0 |          2 |
|               am_addmul_9ns_10ns_7ns_17_4_1_U204                                                                |                                                     system_spike_accel_0_0_sa_tiny_fpga_top_am_addmul_9ns_10ns_7ns_17_4_1_153 |          7 |          7 |       0 |    0 |     0 |      0 |      0 |          1 |
|                 sa_tiny_fpga_top_am_addmul_9ns_10ns_7ns_17_4_1_DSP48_0_U                                        |                                             system_spike_accel_0_0_sa_tiny_fpga_top_am_addmul_9ns_10ns_7ns_17_4_1_DSP48_0_167 |          7 |          7 |       0 |    0 |     0 |      0 |      0 |          1 |
|               am_addmul_9ns_9ns_7ns_16_4_1_U203                                                                 |                                                      system_spike_accel_0_0_sa_tiny_fpga_top_am_addmul_9ns_9ns_7ns_16_4_1_154 |          3 |          3 |       0 |    0 |     0 |      0 |      0 |          1 |
|                 sa_tiny_fpga_top_am_addmul_9ns_9ns_7ns_16_4_1_DSP48_0_U                                         |                                              system_spike_accel_0_0_sa_tiny_fpga_top_am_addmul_9ns_9ns_7ns_16_4_1_DSP48_0_166 |          3 |          3 |       0 |    0 |     0 |      0 |      0 |          1 |
|               ama_addmuladd_15ns_12ns_7ns_7ns_21_4_1_U205                                                       |                                            system_spike_accel_0_0_sa_tiny_fpga_top_ama_addmuladd_15ns_12ns_7ns_7ns_21_4_1_155 |          0 |          0 |       0 |    0 |     0 |      0 |      0 |          1 |
|                 sa_tiny_fpga_top_ama_addmuladd_15ns_12ns_7ns_7ns_21_4_1_DSP48_0_U                               |                                    system_spike_accel_0_0_sa_tiny_fpga_top_ama_addmuladd_15ns_12ns_7ns_7ns_21_4_1_DSP48_0_165 |          0 |          0 |       0 |    0 |     0 |      0 |      0 |          1 |
|               ama_addmuladd_16ns_12ns_7ns_7ns_22_4_1_U206                                                       |                                            system_spike_accel_0_0_sa_tiny_fpga_top_ama_addmuladd_16ns_12ns_7ns_7ns_22_4_1_156 |          0 |          0 |       0 |    0 |     0 |      0 |      0 |          1 |
|                 sa_tiny_fpga_top_ama_addmuladd_16ns_12ns_7ns_7ns_22_4_1_DSP48_0_U                               |                                    system_spike_accel_0_0_sa_tiny_fpga_top_ama_addmuladd_16ns_12ns_7ns_7ns_22_4_1_DSP48_0_164 |          0 |          0 |       0 |    0 |     0 |      0 |      0 |          1 |
|               ama_addmuladd_16ns_12ns_7ns_7ns_22_4_1_U207                                                       |                                            system_spike_accel_0_0_sa_tiny_fpga_top_ama_addmuladd_16ns_12ns_7ns_7ns_22_4_1_157 |          0 |          0 |       0 |    0 |     0 |      0 |      0 |          1 |
|                 sa_tiny_fpga_top_ama_addmuladd_16ns_12ns_7ns_7ns_22_4_1_DSP48_0_U                               |                                    system_spike_accel_0_0_sa_tiny_fpga_top_ama_addmuladd_16ns_12ns_7ns_7ns_22_4_1_DSP48_0_163 |          0 |          0 |       0 |    0 |     0 |      0 |      0 |          1 |
|               ama_addmuladd_17ns_12ns_7ns_7ns_23_4_1_U208                                                       |                                                system_spike_accel_0_0_sa_tiny_fpga_top_ama_addmuladd_17ns_12ns_7ns_7ns_23_4_1 |          4 |          4 |       0 |    0 |     0 |      0 |      0 |          1 |
|                 sa_tiny_fpga_top_ama_addmuladd_17ns_12ns_7ns_7ns_23_4_1_DSP48_0_U                               |                                        system_spike_accel_0_0_sa_tiny_fpga_top_ama_addmuladd_17ns_12ns_7ns_7ns_23_4_1_DSP48_0 |          4 |          4 |       0 |    0 |     0 |      0 |      0 |          1 |
|               flow_control_loop_pipe_sequential_init_U                                                          |                                            system_spike_accel_0_0_sa_tiny_fpga_top_flow_control_loop_pipe_sequential_init_158 |         42 |         42 |       0 |    0 |     2 |      0 |      0 |          0 |
|               udiv_12ns_7ns_12_16_1_U199                                                                        |                                                             system_spike_accel_0_0_sa_tiny_fpga_top_udiv_12ns_7ns_12_16_1_159 |        212 |        192 |       0 |   20 |   188 |      0 |      0 |          0 |
|                 (udiv_12ns_7ns_12_16_1_U199)                                                                    |                                                             system_spike_accel_0_0_sa_tiny_fpga_top_udiv_12ns_7ns_12_16_1_159 |          2 |          2 |       0 |    0 |    15 |      0 |      0 |          0 |
|                 sa_tiny_fpga_top_udiv_12ns_7ns_12_16_1_divider_u                                                |                                                     system_spike_accel_0_0_sa_tiny_fpga_top_udiv_12ns_7ns_12_16_1_divider_162 |        210 |        190 |       0 |   20 |   173 |      0 |      0 |          0 |
|               urem_13ns_7ns_13_17_1_U200                                                                        |                                                             system_spike_accel_0_0_sa_tiny_fpga_top_urem_13ns_7ns_13_17_1_160 |        219 |        206 |       0 |   13 |   155 |      0 |      0 |          0 |
|                 (urem_13ns_7ns_13_17_1_U200)                                                                    |                                                             system_spike_accel_0_0_sa_tiny_fpga_top_urem_13ns_7ns_13_17_1_160 |          0 |          0 |       0 |    0 |     7 |      0 |      0 |          0 |
|                 sa_tiny_fpga_top_urem_13ns_7ns_13_17_1_divider_u                                                |                                                     system_spike_accel_0_0_sa_tiny_fpga_top_urem_13ns_7ns_13_17_1_divider_161 |        219 |        206 |       0 |   13 |   148 |      0 |      0 |          0 |
|             mul_7ns_7ns_14_1_1_U227                                                                             |                                                                system_spike_accel_0_0_sa_tiny_fpga_top_mul_7ns_7ns_14_1_1_152 |          0 |          0 |       0 |    0 |     0 |      0 |      0 |          1 |
|           grp_sa_ms_standard_conv_inplace_fu_485                                                                |                                                           system_spike_accel_0_0_sa_tiny_fpga_top_sa_ms_standard_conv_inplace |       4085 |       3915 |       0 |  170 |  4156 |      0 |      0 |         35 |
|             (grp_sa_ms_standard_conv_inplace_fu_485)                                                            |                                                           system_spike_accel_0_0_sa_tiny_fpga_top_sa_ms_standard_conv_inplace |         10 |         10 |       0 |    0 |    45 |      0 |      0 |          1 |
|             grp_sa_conv2d_bn_40_71_118_240_333_426_535_1_fu_221                                                 |                                           system_spike_accel_0_0_sa_tiny_fpga_top_sa_conv2d_bn_40_71_118_240_333_426_535_1_86 |       3118 |       2982 |       0 |  136 |  3036 |      0 |      0 |         25 |
|               (grp_sa_conv2d_bn_40_71_118_240_333_426_535_1_fu_221)                                             |                                           system_spike_accel_0_0_sa_tiny_fpga_top_sa_conv2d_bn_40_71_118_240_333_426_535_1_86 |        669 |        669 |       0 |    0 |   317 |      0 |      0 |          3 |
|               grp_sa_conv2d_bn_40_71_118_240_333_426_535_1_Pipeline_VITIS_LOOP_106_7_fu_316                     |                 system_spike_accel_0_0_sa_tiny_fpga_top_sa_conv2d_bn_40_71_118_240_333_426_535_1_Pipeline_VITIS_LOOP_106_7_97 |        709 |        613 |       0 |   96 |   723 |      0 |      0 |          1 |
|                 (grp_sa_conv2d_bn_40_71_118_240_333_426_535_1_Pipeline_VITIS_LOOP_106_7_fu_316)                 |                 system_spike_accel_0_0_sa_tiny_fpga_top_sa_conv2d_bn_40_71_118_240_333_426_535_1_Pipeline_VITIS_LOOP_106_7_97 |        356 |        289 |       0 |   67 |   348 |      0 |      0 |          0 |
|                 ama_addmuladd_15ns_13ns_7ns_7ns_21_4_1_U130                                                     |                                            system_spike_accel_0_0_sa_tiny_fpga_top_ama_addmuladd_15ns_13ns_7ns_7ns_21_4_1_144 |         42 |         42 |       0 |    0 |     0 |      0 |      0 |          1 |
|                   sa_tiny_fpga_top_ama_addmuladd_15ns_13ns_7ns_7ns_21_4_1_DSP48_0_U                             |                                    system_spike_accel_0_0_sa_tiny_fpga_top_ama_addmuladd_15ns_13ns_7ns_7ns_21_4_1_DSP48_0_150 |         42 |         42 |       0 |    0 |     0 |      0 |      0 |          1 |
|                 flow_control_loop_pipe_sequential_init_U                                                        |                                            system_spike_accel_0_0_sa_tiny_fpga_top_flow_control_loop_pipe_sequential_init_145 |         32 |         32 |       0 |    0 |     2 |      0 |      0 |          0 |
|                 udiv_13ns_7ns_13_17_1_U128                                                                      |                                                             system_spike_accel_0_0_sa_tiny_fpga_top_udiv_13ns_7ns_13_17_1_146 |        150 |        128 |       0 |   22 |   251 |      0 |      0 |          0 |
|                   (udiv_13ns_7ns_13_17_1_U128)                                                                  |                                                             system_spike_accel_0_0_sa_tiny_fpga_top_udiv_13ns_7ns_13_17_1_146 |          0 |          0 |       0 |    0 |     8 |      0 |      0 |          0 |
|                   sa_tiny_fpga_top_udiv_13ns_7ns_13_17_1_divider_u                                              |                                                     system_spike_accel_0_0_sa_tiny_fpga_top_udiv_13ns_7ns_13_17_1_divider_149 |        150 |        128 |       0 |   22 |   243 |      0 |      0 |          0 |
|                 urem_13ns_7ns_13_17_1_U129                                                                      |                                                             system_spike_accel_0_0_sa_tiny_fpga_top_urem_13ns_7ns_13_17_1_147 |        129 |        122 |       0 |    7 |   122 |      0 |      0 |          0 |
|                   (urem_13ns_7ns_13_17_1_U129)                                                                  |                                                             system_spike_accel_0_0_sa_tiny_fpga_top_urem_13ns_7ns_13_17_1_147 |          7 |          0 |       0 |    7 |     0 |      0 |      0 |          0 |
|                   sa_tiny_fpga_top_urem_13ns_7ns_13_17_1_divider_u                                              |                                                     system_spike_accel_0_0_sa_tiny_fpga_top_urem_13ns_7ns_13_17_1_divider_148 |        122 |        122 |       0 |    0 |   122 |      0 |      0 |          0 |
|               grp_sa_conv2d_bn_40_71_118_240_333_426_535_1_Pipeline_VITIS_LOOP_85_2_VITIS_LOOP_86_s_fu_297      |  system_spike_accel_0_0_sa_tiny_fpga_top_sa_conv2d_bn_40_71_118_240_333_426_535_1_Pipeline_VITIS_LOOP_85_2_VITIS_LOOP_86_s_98 |        673 |        640 |       0 |   33 |   702 |      0 |      0 |          8 |
|                 (grp_sa_conv2d_bn_40_71_118_240_333_426_535_1_Pipeline_VITIS_LOOP_85_2_VITIS_LOOP_86_s_fu_297)  |  system_spike_accel_0_0_sa_tiny_fpga_top_sa_conv2d_bn_40_71_118_240_333_426_535_1_Pipeline_VITIS_LOOP_85_2_VITIS_LOOP_86_s_98 |        137 |        137 |       0 |    0 |   253 |      0 |      0 |          1 |
|                 am_addmul_9ns_10ns_7ns_17_4_1_U101                                                              |                                                     system_spike_accel_0_0_sa_tiny_fpga_top_am_addmul_9ns_10ns_7ns_17_4_1_126 |         16 |         16 |       0 |    0 |     0 |      0 |      0 |          1 |
|                   sa_tiny_fpga_top_am_addmul_9ns_10ns_7ns_17_4_1_DSP48_0_U                                      |                                             system_spike_accel_0_0_sa_tiny_fpga_top_am_addmul_9ns_10ns_7ns_17_4_1_DSP48_0_143 |         16 |         16 |       0 |    0 |     0 |      0 |      0 |          1 |
|                 am_addmul_9ns_9ns_7ns_16_4_1_U100                                                               |                                                      system_spike_accel_0_0_sa_tiny_fpga_top_am_addmul_9ns_9ns_7ns_16_4_1_127 |          2 |          2 |       0 |    0 |     0 |      0 |      0 |          1 |
|                   sa_tiny_fpga_top_am_addmul_9ns_9ns_7ns_16_4_1_DSP48_0_U                                       |                                              system_spike_accel_0_0_sa_tiny_fpga_top_am_addmul_9ns_9ns_7ns_16_4_1_DSP48_0_142 |          2 |          2 |       0 |    0 |     0 |      0 |      0 |          1 |
|                 ama_addmuladd_15ns_13ns_7ns_7ns_21_4_1_U102                                                     |                                            system_spike_accel_0_0_sa_tiny_fpga_top_ama_addmuladd_15ns_13ns_7ns_7ns_21_4_1_128 |         83 |         83 |       0 |    0 |     0 |      0 |      0 |          1 |
|                   sa_tiny_fpga_top_ama_addmuladd_15ns_13ns_7ns_7ns_21_4_1_DSP48_0_U                             |                                    system_spike_accel_0_0_sa_tiny_fpga_top_ama_addmuladd_15ns_13ns_7ns_7ns_21_4_1_DSP48_0_141 |         83 |         83 |       0 |    0 |     0 |      0 |      0 |          1 |
|                 ama_addmuladd_16ns_13ns_7ns_7ns_22_4_1_U103                                                     |                                            system_spike_accel_0_0_sa_tiny_fpga_top_ama_addmuladd_16ns_13ns_7ns_7ns_22_4_1_129 |         23 |         23 |       0 |    0 |     0 |      0 |      0 |          1 |
|                   sa_tiny_fpga_top_ama_addmuladd_16ns_13ns_7ns_7ns_22_4_1_DSP48_0_U                             |                                    system_spike_accel_0_0_sa_tiny_fpga_top_ama_addmuladd_16ns_13ns_7ns_7ns_22_4_1_DSP48_0_140 |         23 |         23 |       0 |    0 |     0 |      0 |      0 |          1 |
|                 ama_addmuladd_16ns_13ns_7ns_7ns_23_4_1_U104                                                     |                                            system_spike_accel_0_0_sa_tiny_fpga_top_ama_addmuladd_16ns_13ns_7ns_7ns_23_4_1_130 |         24 |         24 |       0 |    0 |     0 |      0 |      0 |          1 |
|                   sa_tiny_fpga_top_ama_addmuladd_16ns_13ns_7ns_7ns_23_4_1_DSP48_0_U                             |                                    system_spike_accel_0_0_sa_tiny_fpga_top_ama_addmuladd_16ns_13ns_7ns_7ns_23_4_1_DSP48_0_139 |         24 |         24 |       0 |    0 |     0 |      0 |      0 |          1 |
|                 ama_addmuladd_17ns_13ns_7ns_7ns_23_4_1_U105                                                     |                                            system_spike_accel_0_0_sa_tiny_fpga_top_ama_addmuladd_17ns_13ns_7ns_7ns_23_4_1_131 |         88 |         88 |       0 |    0 |     0 |      0 |      0 |          1 |
|                   sa_tiny_fpga_top_ama_addmuladd_17ns_13ns_7ns_7ns_23_4_1_DSP48_0_U                             |                                    system_spike_accel_0_0_sa_tiny_fpga_top_ama_addmuladd_17ns_13ns_7ns_7ns_23_4_1_DSP48_0_138 |         88 |         88 |       0 |    0 |     0 |      0 |      0 |          1 |
|                 flow_control_loop_pipe_sequential_init_U                                                        |                                            system_spike_accel_0_0_sa_tiny_fpga_top_flow_control_loop_pipe_sequential_init_132 |          6 |          6 |       0 |    0 |     2 |      0 |      0 |          0 |
|                 mul_9ns_7ns_15_1_1_U98                                                                          |                                                                system_spike_accel_0_0_sa_tiny_fpga_top_mul_9ns_7ns_15_1_1_133 |          0 |          0 |       0 |    0 |     0 |      0 |      0 |          1 |
|                 udiv_13ns_7ns_13_17_1_U96                                                                       |                                                             system_spike_accel_0_0_sa_tiny_fpga_top_udiv_13ns_7ns_13_17_1_134 |        158 |        137 |       0 |   21 |   290 |      0 |      0 |          0 |
|                   (udiv_13ns_7ns_13_17_1_U96)                                                                   |                                                             system_spike_accel_0_0_sa_tiny_fpga_top_udiv_13ns_7ns_13_17_1_134 |          1 |          1 |       0 |    0 |    33 |      0 |      0 |          0 |
|                   sa_tiny_fpga_top_udiv_13ns_7ns_13_17_1_divider_u                                              |                                                     system_spike_accel_0_0_sa_tiny_fpga_top_udiv_13ns_7ns_13_17_1_divider_137 |        157 |        136 |       0 |   21 |   257 |      0 |      0 |          0 |
|                 urem_13ns_7ns_13_17_1_U97                                                                       |                                                             system_spike_accel_0_0_sa_tiny_fpga_top_urem_13ns_7ns_13_17_1_135 |        136 |        124 |       0 |   12 |   157 |      0 |      0 |          0 |
|                   (urem_13ns_7ns_13_17_1_U97)                                                                   |                                                             system_spike_accel_0_0_sa_tiny_fpga_top_urem_13ns_7ns_13_17_1_135 |          0 |          0 |       0 |    0 |     8 |      0 |      0 |          0 |
|                   sa_tiny_fpga_top_urem_13ns_7ns_13_17_1_divider_u                                              |                                                     system_spike_accel_0_0_sa_tiny_fpga_top_urem_13ns_7ns_13_17_1_divider_136 |        136 |        124 |       0 |   12 |   149 |      0 |      0 |          0 |
|               grp_sa_conv2d_int_43_74_429_536_1_fu_270                                                          |                                                      system_spike_accel_0_0_sa_tiny_fpga_top_sa_conv2d_int_43_74_429_536_1_99 |       1062 |       1056 |       0 |    6 |  1245 |      0 |      0 |         13 |
|                 (grp_sa_conv2d_int_43_74_429_536_1_fu_270)                                                      |                                                      system_spike_accel_0_0_sa_tiny_fpga_top_sa_conv2d_int_43_74_429_536_1_99 |        641 |        641 |       0 |    0 |   880 |      0 |      0 |          6 |
|                 ama_addmuladd_9ns_24ns_6ns_20ns_30_4_1_U68                                                      |                                            system_spike_accel_0_0_sa_tiny_fpga_top_ama_addmuladd_9ns_24ns_6ns_20ns_30_4_1_104 |         27 |         27 |       0 |    0 |     0 |      0 |      0 |          1 |
|                   sa_tiny_fpga_top_ama_addmuladd_9ns_24ns_6ns_20ns_30_4_1_DSP48_0_U                             |                                    system_spike_accel_0_0_sa_tiny_fpga_top_ama_addmuladd_9ns_24ns_6ns_20ns_30_4_1_DSP48_0_125 |         27 |         27 |       0 |    0 |     0 |      0 |      0 |          1 |
|                 grp_sa_conv2d_int_43_74_429_536_1_Pipeline_VITIS_LOOP_64_1_VITIS_LOOP_65_2_VITIS_LOO_fu_465     |  system_spike_accel_0_0_sa_tiny_fpga_top_sa_conv2d_int_43_74_429_536_1_Pipeline_VITIS_LOOP_64_1_VITIS_LOOP_65_2_VITIS_LOO_105 |        228 |        223 |       0 |    5 |   208 |      0 |      0 |          2 |
|                   (grp_sa_conv2d_int_43_74_429_536_1_Pipeline_VITIS_LOOP_64_1_VITIS_LOOP_65_2_VITIS_LOO_fu_465) |  system_spike_accel_0_0_sa_tiny_fpga_top_sa_conv2d_int_43_74_429_536_1_Pipeline_VITIS_LOOP_64_1_VITIS_LOOP_65_2_VITIS_LOO_105 |        183 |        178 |       0 |    5 |   206 |      0 |      0 |          0 |
|                   flow_control_loop_pipe_sequential_init_U                                                      |                                            system_spike_accel_0_0_sa_tiny_fpga_top_flow_control_loop_pipe_sequential_init_121 |          7 |          7 |       0 |    0 |     2 |      0 |      0 |          0 |
|                   mac_muladd_16ns_10ns_23ns_23_4_1_U39                                                          |                                                  system_spike_accel_0_0_sa_tiny_fpga_top_mac_muladd_16ns_10ns_23ns_23_4_1_122 |         19 |         19 |       0 |    0 |     0 |      0 |      0 |          2 |
|                     sa_tiny_fpga_top_mac_muladd_16ns_10ns_23ns_23_4_1_DSP48_0_U                                 |                                          system_spike_accel_0_0_sa_tiny_fpga_top_mac_muladd_16ns_10ns_23ns_23_4_1_DSP48_0_124 |         19 |         19 |       0 |    0 |     0 |      0 |      0 |          2 |
|                   mul_3ns_7ns_10_1_1_U37                                                                        |                                                                system_spike_accel_0_0_sa_tiny_fpga_top_mul_3ns_7ns_10_1_1_123 |         19 |         19 |       0 |    0 |     0 |      0 |      0 |          0 |
|                 mac_mul_sub_7ns_2ns_2ns_9_4_1_U66                                                               |                                                     system_spike_accel_0_0_sa_tiny_fpga_top_mac_mul_sub_7ns_2ns_2ns_9_4_1_106 |         10 |         10 |       0 |    0 |     0 |      0 |      0 |          1 |
|                   sa_tiny_fpga_top_mac_mul_sub_7ns_2ns_2ns_9_4_1_DSP48_0_U                                      |                                             system_spike_accel_0_0_sa_tiny_fpga_top_mac_mul_sub_7ns_2ns_2ns_9_4_1_DSP48_0_120 |         10 |         10 |       0 |    0 |     0 |      0 |      0 |          1 |
|                 mac_mul_sub_7ns_2ns_2ns_9_4_1_U67                                                               |                                                     system_spike_accel_0_0_sa_tiny_fpga_top_mac_mul_sub_7ns_2ns_2ns_9_4_1_107 |         10 |         10 |       0 |    0 |     0 |      0 |      0 |          1 |
|                   sa_tiny_fpga_top_mac_mul_sub_7ns_2ns_2ns_9_4_1_DSP48_0_U                                      |                                             system_spike_accel_0_0_sa_tiny_fpga_top_mac_mul_sub_7ns_2ns_2ns_9_4_1_DSP48_0_119 |         10 |         10 |       0 |    0 |     0 |      0 |      0 |          1 |
|                 mac_muladd_8s_8s_32s_32_4_1_U69                                                                 |                                                       system_spike_accel_0_0_sa_tiny_fpga_top_mac_muladd_8s_8s_32s_32_4_1_108 |         43 |         43 |       0 |    0 |     8 |      0 |      0 |          1 |
|                   sa_tiny_fpga_top_mac_muladd_8s_8s_32s_32_4_1_DSP48_0_U                                        |                                               system_spike_accel_0_0_sa_tiny_fpga_top_mac_muladd_8s_8s_32s_32_4_1_DSP48_0_118 |         43 |         43 |       0 |    0 |     8 |      0 |      0 |          1 |
|                 mul_23s_7ns_30_1_1_U65                                                                          |                                                                system_spike_accel_0_0_sa_tiny_fpga_top_mul_23s_7ns_30_1_1_109 |         33 |         33 |       0 |    0 |     0 |      0 |      0 |          1 |
|                 udiv_7ns_2ns_7_11_seq_1_U54                                                                     |                                                           system_spike_accel_0_0_sa_tiny_fpga_top_udiv_7ns_2ns_7_11_seq_1_110 |         14 |         13 |       0 |    1 |    34 |      0 |      0 |          0 |
|                   (udiv_7ns_2ns_7_11_seq_1_U54)                                                                 |                                                           system_spike_accel_0_0_sa_tiny_fpga_top_udiv_7ns_2ns_7_11_seq_1_110 |          3 |          3 |       0 |    0 |    10 |      0 |      0 |          0 |
|                   sa_tiny_fpga_top_udiv_7ns_2ns_7_11_seq_1_divseq_u                                             |                                                    system_spike_accel_0_0_sa_tiny_fpga_top_udiv_7ns_2ns_7_11_seq_1_divseq_117 |         11 |         10 |       0 |    1 |    24 |      0 |      0 |          0 |
|                 udiv_7ns_2ns_7_11_seq_1_U55                                                                     |                                                           system_spike_accel_0_0_sa_tiny_fpga_top_udiv_7ns_2ns_7_11_seq_1_111 |          6 |          6 |       0 |    0 |    20 |      0 |      0 |          0 |
|                   (udiv_7ns_2ns_7_11_seq_1_U55)                                                                 |                                                           system_spike_accel_0_0_sa_tiny_fpga_top_udiv_7ns_2ns_7_11_seq_1_111 |          0 |          0 |       0 |    0 |     7 |      0 |      0 |          0 |
|                   sa_tiny_fpga_top_udiv_7ns_2ns_7_11_seq_1_divseq_u                                             |                                                    system_spike_accel_0_0_sa_tiny_fpga_top_udiv_7ns_2ns_7_11_seq_1_divseq_116 |          6 |          6 |       0 |    0 |    13 |      0 |      0 |          0 |
|                 udiv_9ns_8ns_9_13_seq_1_U56                                                                     |                                                           system_spike_accel_0_0_sa_tiny_fpga_top_udiv_9ns_8ns_9_13_seq_1_112 |         30 |         30 |       0 |    0 |    59 |      0 |      0 |          0 |
|                   (udiv_9ns_8ns_9_13_seq_1_U56)                                                                 |                                                           system_spike_accel_0_0_sa_tiny_fpga_top_udiv_9ns_8ns_9_13_seq_1_112 |          5 |          5 |       0 |    0 |    21 |      0 |      0 |          0 |
|                   sa_tiny_fpga_top_udiv_9ns_8ns_9_13_seq_1_divseq_u                                             |                                                    system_spike_accel_0_0_sa_tiny_fpga_top_udiv_9ns_8ns_9_13_seq_1_divseq_115 |         25 |         25 |       0 |    0 |    38 |      0 |      0 |          0 |
|                 udiv_9ns_8ns_9_13_seq_1_U57                                                                     |                                                           system_spike_accel_0_0_sa_tiny_fpga_top_udiv_9ns_8ns_9_13_seq_1_113 |         22 |         22 |       0 |    0 |    36 |      0 |      0 |          0 |
|                   (udiv_9ns_8ns_9_13_seq_1_U57)                                                                 |                                                           system_spike_accel_0_0_sa_tiny_fpga_top_udiv_9ns_8ns_9_13_seq_1_113 |          3 |          3 |       0 |    0 |    14 |      0 |      0 |          0 |
|                   sa_tiny_fpga_top_udiv_9ns_8ns_9_13_seq_1_divseq_u                                             |                                                    system_spike_accel_0_0_sa_tiny_fpga_top_udiv_9ns_8ns_9_13_seq_1_divseq_114 |         19 |         19 |       0 |    0 |    22 |      0 |      0 |          0 |
|               udiv_7ns_2ns_7_11_seq_1_U143                                                                      |                                                           system_spike_accel_0_0_sa_tiny_fpga_top_udiv_7ns_2ns_7_11_seq_1_100 |          7 |          7 |       0 |    0 |    22 |      0 |      0 |          0 |
|                 (udiv_7ns_2ns_7_11_seq_1_U143)                                                                  |                                                           system_spike_accel_0_0_sa_tiny_fpga_top_udiv_7ns_2ns_7_11_seq_1_100 |          0 |          0 |       0 |    0 |     7 |      0 |      0 |          0 |
|                 sa_tiny_fpga_top_udiv_7ns_2ns_7_11_seq_1_divseq_u                                               |                                                    system_spike_accel_0_0_sa_tiny_fpga_top_udiv_7ns_2ns_7_11_seq_1_divseq_103 |          7 |          7 |       0 |    0 |    15 |      0 |      0 |          0 |
|               udiv_7ns_2ns_7_11_seq_1_U144                                                                      |                                                           system_spike_accel_0_0_sa_tiny_fpga_top_udiv_7ns_2ns_7_11_seq_1_101 |         11 |         10 |       0 |    1 |    27 |      0 |      0 |          0 |
|                 (udiv_7ns_2ns_7_11_seq_1_U144)                                                                  |                                                           system_spike_accel_0_0_sa_tiny_fpga_top_udiv_7ns_2ns_7_11_seq_1_101 |          1 |          1 |       0 |    0 |     9 |      0 |      0 |          0 |
|                 sa_tiny_fpga_top_udiv_7ns_2ns_7_11_seq_1_divseq_u                                               |                                                    system_spike_accel_0_0_sa_tiny_fpga_top_udiv_7ns_2ns_7_11_seq_1_divseq_102 |         10 |          9 |       0 |    1 |    18 |      0 |      0 |          0 |
|             grp_sa_ms_standard_conv_inplace_Pipeline_VITIS_LOOP_36_1_VITIS_LOOP_37_2_fu_196                     |                  system_spike_accel_0_0_sa_tiny_fpga_top_sa_ms_standard_conv_inplace_Pipeline_VITIS_LOOP_36_1_VITIS_LOOP_37_2 |        957 |        923 |       0 |   34 |  1075 |      0 |      0 |          8 |
|               (grp_sa_ms_standard_conv_inplace_Pipeline_VITIS_LOOP_36_1_VITIS_LOOP_37_2_fu_196)                 |                  system_spike_accel_0_0_sa_tiny_fpga_top_sa_ms_standard_conv_inplace_Pipeline_VITIS_LOOP_36_1_VITIS_LOOP_37_2 |        471 |        470 |       0 |    1 |   730 |      0 |      0 |          2 |
|               am_addmul_8ns_8ns_7ns_15_4_1_U5                                                                   |                                                          system_spike_accel_0_0_sa_tiny_fpga_top_am_addmul_8ns_8ns_7ns_15_4_1 |          5 |          5 |       0 |    0 |     0 |      0 |      0 |          1 |
|                 sa_tiny_fpga_top_am_addmul_8ns_8ns_7ns_15_4_1_DSP48_0_U                                         |                                                  system_spike_accel_0_0_sa_tiny_fpga_top_am_addmul_8ns_8ns_7ns_15_4_1_DSP48_0 |          5 |          5 |       0 |    0 |     0 |      0 |      0 |          1 |
|               am_addmul_8ns_9ns_7ns_16_4_1_U6                                                                   |                                                          system_spike_accel_0_0_sa_tiny_fpga_top_am_addmul_8ns_9ns_7ns_16_4_1 |          9 |          9 |       0 |    0 |     0 |      0 |      0 |          1 |
|                 sa_tiny_fpga_top_am_addmul_8ns_9ns_7ns_16_4_1_DSP48_0_U                                         |                                                  system_spike_accel_0_0_sa_tiny_fpga_top_am_addmul_8ns_9ns_7ns_16_4_1_DSP48_0 |          9 |          9 |       0 |    0 |     0 |      0 |      0 |          1 |
|               ama_addmuladd_14ns_12ns_7ns_7ns_20_4_1_U7                                                         |                                             system_spike_accel_0_0_sa_tiny_fpga_top_ama_addmuladd_14ns_12ns_7ns_7ns_20_4_1_88 |          0 |          0 |       0 |    0 |     0 |      0 |      0 |          1 |
|                 sa_tiny_fpga_top_ama_addmuladd_14ns_12ns_7ns_7ns_20_4_1_DSP48_0_U                               |                                     system_spike_accel_0_0_sa_tiny_fpga_top_ama_addmuladd_14ns_12ns_7ns_7ns_20_4_1_DSP48_0_96 |          0 |          0 |       0 |    0 |     0 |      0 |      0 |          1 |
|               ama_addmuladd_15ns_12ns_7ns_7ns_21_4_1_U8                                                         |                                                system_spike_accel_0_0_sa_tiny_fpga_top_ama_addmuladd_15ns_12ns_7ns_7ns_21_4_1 |          0 |          0 |       0 |    0 |     0 |      0 |      0 |          1 |
|                 sa_tiny_fpga_top_ama_addmuladd_15ns_12ns_7ns_7ns_21_4_1_DSP48_0_U                               |                                        system_spike_accel_0_0_sa_tiny_fpga_top_ama_addmuladd_15ns_12ns_7ns_7ns_21_4_1_DSP48_0 |          0 |          0 |       0 |    0 |     0 |      0 |      0 |          1 |
|               ama_addmuladd_16ns_12ns_7ns_7ns_22_4_1_U10                                                        |                                                system_spike_accel_0_0_sa_tiny_fpga_top_ama_addmuladd_16ns_12ns_7ns_7ns_22_4_1 |          0 |          0 |       0 |    0 |     0 |      0 |      0 |          1 |
|                 sa_tiny_fpga_top_ama_addmuladd_16ns_12ns_7ns_7ns_22_4_1_DSP48_0_U                               |                                     system_spike_accel_0_0_sa_tiny_fpga_top_ama_addmuladd_16ns_12ns_7ns_7ns_22_4_1_DSP48_0_95 |          0 |          0 |       0 |    0 |     0 |      0 |      0 |          1 |
|               ama_addmuladd_16ns_12ns_7ns_7ns_22_4_1_U9                                                         |                                             system_spike_accel_0_0_sa_tiny_fpga_top_ama_addmuladd_16ns_12ns_7ns_7ns_22_4_1_89 |          2 |          2 |       0 |    0 |     0 |      0 |      0 |          1 |
|                 sa_tiny_fpga_top_ama_addmuladd_16ns_12ns_7ns_7ns_22_4_1_DSP48_0_U                               |                                        system_spike_accel_0_0_sa_tiny_fpga_top_ama_addmuladd_16ns_12ns_7ns_7ns_22_4_1_DSP48_0 |          2 |          2 |       0 |    0 |     0 |      0 |      0 |          1 |
|               flow_control_loop_pipe_sequential_init_U                                                          |                                             system_spike_accel_0_0_sa_tiny_fpga_top_flow_control_loop_pipe_sequential_init_90 |         39 |         39 |       0 |    0 |     2 |      0 |      0 |          0 |
|               udiv_12ns_7ns_12_16_1_U1                                                                          |                                                              system_spike_accel_0_0_sa_tiny_fpga_top_udiv_12ns_7ns_12_16_1_91 |        212 |        192 |       0 |   20 |   188 |      0 |      0 |          0 |
|                 (udiv_12ns_7ns_12_16_1_U1)                                                                      |                                                              system_spike_accel_0_0_sa_tiny_fpga_top_udiv_12ns_7ns_12_16_1_91 |          2 |          2 |       0 |    0 |    15 |      0 |      0 |          0 |
|                 sa_tiny_fpga_top_udiv_12ns_7ns_12_16_1_divider_u                                                |                                                      system_spike_accel_0_0_sa_tiny_fpga_top_udiv_12ns_7ns_12_16_1_divider_94 |        210 |        190 |       0 |   20 |   173 |      0 |      0 |          0 |
|               urem_13ns_7ns_13_17_1_U2                                                                          |                                                              system_spike_accel_0_0_sa_tiny_fpga_top_urem_13ns_7ns_13_17_1_92 |        219 |        206 |       0 |   13 |   155 |      0 |      0 |          0 |
|                 (urem_13ns_7ns_13_17_1_U2)                                                                      |                                                              system_spike_accel_0_0_sa_tiny_fpga_top_urem_13ns_7ns_13_17_1_92 |          0 |          0 |       0 |    0 |     7 |      0 |      0 |          0 |
|                 sa_tiny_fpga_top_urem_13ns_7ns_13_17_1_divider_u                                                |                                                      system_spike_accel_0_0_sa_tiny_fpga_top_urem_13ns_7ns_13_17_1_divider_93 |        219 |        206 |       0 |   13 |   148 |      0 |      0 |          0 |
|             mul_7ns_7ns_14_1_1_U168                                                                             |                                                                 system_spike_accel_0_0_sa_tiny_fpga_top_mul_7ns_7ns_14_1_1_87 |          0 |          0 |       0 |    0 |     0 |      0 |      0 |          1 |
|         grp_sa_ms_downsampling_199_1_fu_620                                                                     |                                                              system_spike_accel_0_0_sa_tiny_fpga_top_sa_ms_downsampling_199_1 |       3871 |       3701 |       0 |  170 |  4021 |      0 |      0 |         35 |
|           (grp_sa_ms_downsampling_199_1_fu_620)                                                                 |                                                              system_spike_accel_0_0_sa_tiny_fpga_top_sa_ms_downsampling_199_1 |          5 |          5 |       0 |    0 |    27 |      0 |      0 |          1 |
|           grp_sa_conv2d_bn_40_71_118_240_333_426_535_1_fu_199                                                   |                                           system_spike_accel_0_0_sa_tiny_fpga_top_sa_conv2d_bn_40_71_118_240_333_426_535_1_26 |       2921 |       2785 |       0 |  136 |  2972 |      0 |      0 |         25 |
|             (grp_sa_conv2d_bn_40_71_118_240_333_426_535_1_fu_199)                                               |                                           system_spike_accel_0_0_sa_tiny_fpga_top_sa_conv2d_bn_40_71_118_240_333_426_535_1_26 |        477 |        477 |       0 |    0 |   303 |      0 |      0 |          3 |
|             grp_sa_conv2d_bn_40_71_118_240_333_426_535_1_Pipeline_VITIS_LOOP_106_7_fu_316                       |                 system_spike_accel_0_0_sa_tiny_fpga_top_sa_conv2d_bn_40_71_118_240_333_426_535_1_Pipeline_VITIS_LOOP_106_7_32 |        870 |        774 |       0 |   96 |   723 |      0 |      0 |          1 |
|               (grp_sa_conv2d_bn_40_71_118_240_333_426_535_1_Pipeline_VITIS_LOOP_106_7_fu_316)                   |                 system_spike_accel_0_0_sa_tiny_fpga_top_sa_conv2d_bn_40_71_118_240_333_426_535_1_Pipeline_VITIS_LOOP_106_7_32 |        517 |        450 |       0 |   67 |   348 |      0 |      0 |          0 |
|               ama_addmuladd_15ns_13ns_7ns_7ns_21_4_1_U130                                                       |                                             system_spike_accel_0_0_sa_tiny_fpga_top_ama_addmuladd_15ns_13ns_7ns_7ns_21_4_1_79 |         42 |         42 |       0 |    0 |     0 |      0 |      0 |          1 |
|                 sa_tiny_fpga_top_ama_addmuladd_15ns_13ns_7ns_7ns_21_4_1_DSP48_0_U                               |                                     system_spike_accel_0_0_sa_tiny_fpga_top_ama_addmuladd_15ns_13ns_7ns_7ns_21_4_1_DSP48_0_85 |         42 |         42 |       0 |    0 |     0 |      0 |      0 |          1 |
|               flow_control_loop_pipe_sequential_init_U                                                          |                                             system_spike_accel_0_0_sa_tiny_fpga_top_flow_control_loop_pipe_sequential_init_80 |         32 |         32 |       0 |    0 |     2 |      0 |      0 |          0 |
|               udiv_13ns_7ns_13_17_1_U128                                                                        |                                                              system_spike_accel_0_0_sa_tiny_fpga_top_udiv_13ns_7ns_13_17_1_81 |        150 |        128 |       0 |   22 |   251 |      0 |      0 |          0 |
|                 (udiv_13ns_7ns_13_17_1_U128)                                                                    |                                                              system_spike_accel_0_0_sa_tiny_fpga_top_udiv_13ns_7ns_13_17_1_81 |          0 |          0 |       0 |    0 |     8 |      0 |      0 |          0 |
|                 sa_tiny_fpga_top_udiv_13ns_7ns_13_17_1_divider_u                                                |                                                      system_spike_accel_0_0_sa_tiny_fpga_top_udiv_13ns_7ns_13_17_1_divider_84 |        150 |        128 |       0 |   22 |   243 |      0 |      0 |          0 |
|               urem_13ns_7ns_13_17_1_U129                                                                        |                                                              system_spike_accel_0_0_sa_tiny_fpga_top_urem_13ns_7ns_13_17_1_82 |        129 |        122 |       0 |    7 |   122 |      0 |      0 |          0 |
|                 (urem_13ns_7ns_13_17_1_U129)                                                                    |                                                              system_spike_accel_0_0_sa_tiny_fpga_top_urem_13ns_7ns_13_17_1_82 |          7 |          0 |       0 |    7 |     0 |      0 |      0 |          0 |
|                 sa_tiny_fpga_top_urem_13ns_7ns_13_17_1_divider_u                                                |                                                      system_spike_accel_0_0_sa_tiny_fpga_top_urem_13ns_7ns_13_17_1_divider_83 |        122 |        122 |       0 |    0 |   122 |      0 |      0 |          0 |
|             grp_sa_conv2d_bn_40_71_118_240_333_426_535_1_Pipeline_VITIS_LOOP_85_2_VITIS_LOOP_86_s_fu_297        |  system_spike_accel_0_0_sa_tiny_fpga_top_sa_conv2d_bn_40_71_118_240_333_426_535_1_Pipeline_VITIS_LOOP_85_2_VITIS_LOOP_86_s_33 |        673 |        640 |       0 |   33 |   702 |      0 |      0 |          8 |
|               (grp_sa_conv2d_bn_40_71_118_240_333_426_535_1_Pipeline_VITIS_LOOP_85_2_VITIS_LOOP_86_s_fu_297)    |  system_spike_accel_0_0_sa_tiny_fpga_top_sa_conv2d_bn_40_71_118_240_333_426_535_1_Pipeline_VITIS_LOOP_85_2_VITIS_LOOP_86_s_33 |        137 |        137 |       0 |    0 |   253 |      0 |      0 |          1 |
|               am_addmul_9ns_10ns_7ns_17_4_1_U101                                                                |                                                      system_spike_accel_0_0_sa_tiny_fpga_top_am_addmul_9ns_10ns_7ns_17_4_1_61 |         16 |         16 |       0 |    0 |     0 |      0 |      0 |          1 |
|                 sa_tiny_fpga_top_am_addmul_9ns_10ns_7ns_17_4_1_DSP48_0_U                                        |                                              system_spike_accel_0_0_sa_tiny_fpga_top_am_addmul_9ns_10ns_7ns_17_4_1_DSP48_0_78 |         16 |         16 |       0 |    0 |     0 |      0 |      0 |          1 |
|               am_addmul_9ns_9ns_7ns_16_4_1_U100                                                                 |                                                       system_spike_accel_0_0_sa_tiny_fpga_top_am_addmul_9ns_9ns_7ns_16_4_1_62 |          2 |          2 |       0 |    0 |     0 |      0 |      0 |          1 |
|                 sa_tiny_fpga_top_am_addmul_9ns_9ns_7ns_16_4_1_DSP48_0_U                                         |                                               system_spike_accel_0_0_sa_tiny_fpga_top_am_addmul_9ns_9ns_7ns_16_4_1_DSP48_0_77 |          2 |          2 |       0 |    0 |     0 |      0 |      0 |          1 |
|               ama_addmuladd_15ns_13ns_7ns_7ns_21_4_1_U102                                                       |                                             system_spike_accel_0_0_sa_tiny_fpga_top_ama_addmuladd_15ns_13ns_7ns_7ns_21_4_1_63 |         83 |         83 |       0 |    0 |     0 |      0 |      0 |          1 |
|                 sa_tiny_fpga_top_ama_addmuladd_15ns_13ns_7ns_7ns_21_4_1_DSP48_0_U                               |                                     system_spike_accel_0_0_sa_tiny_fpga_top_ama_addmuladd_15ns_13ns_7ns_7ns_21_4_1_DSP48_0_76 |         83 |         83 |       0 |    0 |     0 |      0 |      0 |          1 |
|               ama_addmuladd_16ns_13ns_7ns_7ns_22_4_1_U103                                                       |                                             system_spike_accel_0_0_sa_tiny_fpga_top_ama_addmuladd_16ns_13ns_7ns_7ns_22_4_1_64 |         23 |         23 |       0 |    0 |     0 |      0 |      0 |          1 |
|                 sa_tiny_fpga_top_ama_addmuladd_16ns_13ns_7ns_7ns_22_4_1_DSP48_0_U                               |                                     system_spike_accel_0_0_sa_tiny_fpga_top_ama_addmuladd_16ns_13ns_7ns_7ns_22_4_1_DSP48_0_75 |         23 |         23 |       0 |    0 |     0 |      0 |      0 |          1 |
|               ama_addmuladd_16ns_13ns_7ns_7ns_23_4_1_U104                                                       |                                             system_spike_accel_0_0_sa_tiny_fpga_top_ama_addmuladd_16ns_13ns_7ns_7ns_23_4_1_65 |         24 |         24 |       0 |    0 |     0 |      0 |      0 |          1 |
|                 sa_tiny_fpga_top_ama_addmuladd_16ns_13ns_7ns_7ns_23_4_1_DSP48_0_U                               |                                     system_spike_accel_0_0_sa_tiny_fpga_top_ama_addmuladd_16ns_13ns_7ns_7ns_23_4_1_DSP48_0_74 |         24 |         24 |       0 |    0 |     0 |      0 |      0 |          1 |
|               ama_addmuladd_17ns_13ns_7ns_7ns_23_4_1_U105                                                       |                                             system_spike_accel_0_0_sa_tiny_fpga_top_ama_addmuladd_17ns_13ns_7ns_7ns_23_4_1_66 |         88 |         88 |       0 |    0 |     0 |      0 |      0 |          1 |
|                 sa_tiny_fpga_top_ama_addmuladd_17ns_13ns_7ns_7ns_23_4_1_DSP48_0_U                               |                                     system_spike_accel_0_0_sa_tiny_fpga_top_ama_addmuladd_17ns_13ns_7ns_7ns_23_4_1_DSP48_0_73 |         88 |         88 |       0 |    0 |     0 |      0 |      0 |          1 |
|               flow_control_loop_pipe_sequential_init_U                                                          |                                             system_spike_accel_0_0_sa_tiny_fpga_top_flow_control_loop_pipe_sequential_init_67 |          6 |          6 |       0 |    0 |     2 |      0 |      0 |          0 |
|               mul_9ns_7ns_15_1_1_U98                                                                            |                                                                 system_spike_accel_0_0_sa_tiny_fpga_top_mul_9ns_7ns_15_1_1_68 |          0 |          0 |       0 |    0 |     0 |      0 |      0 |          1 |
|               udiv_13ns_7ns_13_17_1_U96                                                                         |                                                              system_spike_accel_0_0_sa_tiny_fpga_top_udiv_13ns_7ns_13_17_1_69 |        158 |        137 |       0 |   21 |   290 |      0 |      0 |          0 |
|                 (udiv_13ns_7ns_13_17_1_U96)                                                                     |                                                              system_spike_accel_0_0_sa_tiny_fpga_top_udiv_13ns_7ns_13_17_1_69 |          1 |          1 |       0 |    0 |    33 |      0 |      0 |          0 |
|                 sa_tiny_fpga_top_udiv_13ns_7ns_13_17_1_divider_u                                                |                                                      system_spike_accel_0_0_sa_tiny_fpga_top_udiv_13ns_7ns_13_17_1_divider_72 |        157 |        136 |       0 |   21 |   257 |      0 |      0 |          0 |
|               urem_13ns_7ns_13_17_1_U97                                                                         |                                                              system_spike_accel_0_0_sa_tiny_fpga_top_urem_13ns_7ns_13_17_1_70 |        136 |        124 |       0 |   12 |   157 |      0 |      0 |          0 |
|                 (urem_13ns_7ns_13_17_1_U97)                                                                     |                                                              system_spike_accel_0_0_sa_tiny_fpga_top_urem_13ns_7ns_13_17_1_70 |          0 |          0 |       0 |    0 |     8 |      0 |      0 |          0 |
|                 sa_tiny_fpga_top_urem_13ns_7ns_13_17_1_divider_u                                                |                                                      system_spike_accel_0_0_sa_tiny_fpga_top_urem_13ns_7ns_13_17_1_divider_71 |        136 |        124 |       0 |   12 |   149 |      0 |      0 |          0 |
|             grp_sa_conv2d_int_43_74_429_536_1_fu_270                                                            |                                                      system_spike_accel_0_0_sa_tiny_fpga_top_sa_conv2d_int_43_74_429_536_1_34 |        889 |        883 |       0 |    6 |  1198 |      0 |      0 |         13 |
|               (grp_sa_conv2d_int_43_74_429_536_1_fu_270)                                                        |                                                      system_spike_accel_0_0_sa_tiny_fpga_top_sa_conv2d_int_43_74_429_536_1_34 |        502 |        502 |       0 |    0 |   869 |      0 |      0 |          6 |
|               ama_addmuladd_9ns_24ns_6ns_20ns_30_4_1_U68                                                        |                                             system_spike_accel_0_0_sa_tiny_fpga_top_ama_addmuladd_9ns_24ns_6ns_20ns_30_4_1_39 |          1 |          1 |       0 |    0 |     0 |      0 |      0 |          1 |
|                 sa_tiny_fpga_top_ama_addmuladd_9ns_24ns_6ns_20ns_30_4_1_DSP48_0_U                               |                                     system_spike_accel_0_0_sa_tiny_fpga_top_ama_addmuladd_9ns_24ns_6ns_20ns_30_4_1_DSP48_0_60 |          1 |          1 |       0 |    0 |     0 |      0 |      0 |          1 |
|               grp_sa_conv2d_int_43_74_429_536_1_Pipeline_VITIS_LOOP_64_1_VITIS_LOOP_65_2_VITIS_LOO_fu_465       |   system_spike_accel_0_0_sa_tiny_fpga_top_sa_conv2d_int_43_74_429_536_1_Pipeline_VITIS_LOOP_64_1_VITIS_LOOP_65_2_VITIS_LOO_40 |        239 |        234 |       0 |    5 |   208 |      0 |      0 |          2 |
|                 (grp_sa_conv2d_int_43_74_429_536_1_Pipeline_VITIS_LOOP_64_1_VITIS_LOOP_65_2_VITIS_LOO_fu_465)   |   system_spike_accel_0_0_sa_tiny_fpga_top_sa_conv2d_int_43_74_429_536_1_Pipeline_VITIS_LOOP_64_1_VITIS_LOOP_65_2_VITIS_LOO_40 |        194 |        189 |       0 |    5 |   206 |      0 |      0 |          0 |
|                 flow_control_loop_pipe_sequential_init_U                                                        |                                             system_spike_accel_0_0_sa_tiny_fpga_top_flow_control_loop_pipe_sequential_init_56 |          7 |          7 |       0 |    0 |     2 |      0 |      0 |          0 |
|                 mac_muladd_16ns_10ns_23ns_23_4_1_U39                                                            |                                                   system_spike_accel_0_0_sa_tiny_fpga_top_mac_muladd_16ns_10ns_23ns_23_4_1_57 |         19 |         19 |       0 |    0 |     0 |      0 |      0 |          2 |
|                   sa_tiny_fpga_top_mac_muladd_16ns_10ns_23ns_23_4_1_DSP48_0_U                                   |                                           system_spike_accel_0_0_sa_tiny_fpga_top_mac_muladd_16ns_10ns_23ns_23_4_1_DSP48_0_59 |         19 |         19 |       0 |    0 |     0 |      0 |      0 |          2 |
|                 mul_3ns_7ns_10_1_1_U37                                                                          |                                                                 system_spike_accel_0_0_sa_tiny_fpga_top_mul_3ns_7ns_10_1_1_58 |         19 |         19 |       0 |    0 |     0 |      0 |      0 |          0 |
|               mac_mul_sub_7ns_2ns_2ns_9_4_1_U66                                                                 |                                                      system_spike_accel_0_0_sa_tiny_fpga_top_mac_mul_sub_7ns_2ns_2ns_9_4_1_41 |          8 |          8 |       0 |    0 |     0 |      0 |      0 |          1 |
|                 sa_tiny_fpga_top_mac_mul_sub_7ns_2ns_2ns_9_4_1_DSP48_0_U                                        |                                              system_spike_accel_0_0_sa_tiny_fpga_top_mac_mul_sub_7ns_2ns_2ns_9_4_1_DSP48_0_55 |          8 |          8 |       0 |    0 |     0 |      0 |      0 |          1 |
|               mac_mul_sub_7ns_2ns_2ns_9_4_1_U67                                                                 |                                                      system_spike_accel_0_0_sa_tiny_fpga_top_mac_mul_sub_7ns_2ns_2ns_9_4_1_42 |         10 |         10 |       0 |    0 |     0 |      0 |      0 |          1 |
|                 sa_tiny_fpga_top_mac_mul_sub_7ns_2ns_2ns_9_4_1_DSP48_0_U                                        |                                              system_spike_accel_0_0_sa_tiny_fpga_top_mac_mul_sub_7ns_2ns_2ns_9_4_1_DSP48_0_54 |         10 |         10 |       0 |    0 |     0 |      0 |      0 |          1 |
|               mac_muladd_8s_8s_32s_32_4_1_U69                                                                   |                                                        system_spike_accel_0_0_sa_tiny_fpga_top_mac_muladd_8s_8s_32s_32_4_1_43 |         42 |         42 |       0 |    0 |     8 |      0 |      0 |          1 |
|                 sa_tiny_fpga_top_mac_muladd_8s_8s_32s_32_4_1_DSP48_0_U                                          |                                                system_spike_accel_0_0_sa_tiny_fpga_top_mac_muladd_8s_8s_32s_32_4_1_DSP48_0_53 |         42 |         42 |       0 |    0 |     8 |      0 |      0 |          1 |
|               mul_23s_7ns_30_1_1_U65                                                                            |                                                                 system_spike_accel_0_0_sa_tiny_fpga_top_mul_23s_7ns_30_1_1_44 |         33 |         33 |       0 |    0 |     0 |      0 |      0 |          1 |
|               udiv_7ns_2ns_7_11_seq_1_U54                                                                       |                                                            system_spike_accel_0_0_sa_tiny_fpga_top_udiv_7ns_2ns_7_11_seq_1_45 |         10 |          9 |       0 |    1 |    26 |      0 |      0 |          0 |
|                 (udiv_7ns_2ns_7_11_seq_1_U54)                                                                   |                                                            system_spike_accel_0_0_sa_tiny_fpga_top_udiv_7ns_2ns_7_11_seq_1_45 |          1 |          1 |       0 |    0 |     9 |      0 |      0 |          0 |
|                 sa_tiny_fpga_top_udiv_7ns_2ns_7_11_seq_1_divseq_u                                               |                                                     system_spike_accel_0_0_sa_tiny_fpga_top_udiv_7ns_2ns_7_11_seq_1_divseq_52 |          9 |          8 |       0 |    1 |    17 |      0 |      0 |          0 |
|               udiv_7ns_2ns_7_11_seq_1_U55                                                                       |                                                            system_spike_accel_0_0_sa_tiny_fpga_top_udiv_7ns_2ns_7_11_seq_1_46 |          4 |          4 |       0 |    0 |    20 |      0 |      0 |          0 |
|                 (udiv_7ns_2ns_7_11_seq_1_U55)                                                                   |                                                            system_spike_accel_0_0_sa_tiny_fpga_top_udiv_7ns_2ns_7_11_seq_1_46 |          0 |          0 |       0 |    0 |     7 |      0 |      0 |          0 |
|                 sa_tiny_fpga_top_udiv_7ns_2ns_7_11_seq_1_divseq_u                                               |                                                     system_spike_accel_0_0_sa_tiny_fpga_top_udiv_7ns_2ns_7_11_seq_1_divseq_51 |          4 |          4 |       0 |    0 |    13 |      0 |      0 |          0 |
|               udiv_9ns_8ns_9_13_seq_1_U56                                                                       |                                                            system_spike_accel_0_0_sa_tiny_fpga_top_udiv_9ns_8ns_9_13_seq_1_47 |         28 |         28 |       0 |    0 |    41 |      0 |      0 |          0 |
|                 (udiv_9ns_8ns_9_13_seq_1_U56)                                                                   |                                                            system_spike_accel_0_0_sa_tiny_fpga_top_udiv_9ns_8ns_9_13_seq_1_47 |          0 |          0 |       0 |    0 |    12 |      0 |      0 |          0 |
|                 sa_tiny_fpga_top_udiv_9ns_8ns_9_13_seq_1_divseq_u                                               |                                                     system_spike_accel_0_0_sa_tiny_fpga_top_udiv_9ns_8ns_9_13_seq_1_divseq_50 |         28 |         28 |       0 |    0 |    29 |      0 |      0 |          0 |
|               udiv_9ns_8ns_9_13_seq_1_U57                                                                       |                                                            system_spike_accel_0_0_sa_tiny_fpga_top_udiv_9ns_8ns_9_13_seq_1_48 |         19 |         19 |       0 |    0 |    26 |      0 |      0 |          0 |
|                 (udiv_9ns_8ns_9_13_seq_1_U57)                                                                   |                                                            system_spike_accel_0_0_sa_tiny_fpga_top_udiv_9ns_8ns_9_13_seq_1_48 |          3 |          3 |       0 |    0 |     9 |      0 |      0 |          0 |
|                 sa_tiny_fpga_top_udiv_9ns_8ns_9_13_seq_1_divseq_u                                               |                                                     system_spike_accel_0_0_sa_tiny_fpga_top_udiv_9ns_8ns_9_13_seq_1_divseq_49 |         16 |         16 |       0 |    0 |    17 |      0 |      0 |          0 |
|             udiv_7ns_2ns_7_11_seq_1_U143                                                                        |                                                            system_spike_accel_0_0_sa_tiny_fpga_top_udiv_7ns_2ns_7_11_seq_1_35 |          4 |          4 |       0 |    0 |    21 |      0 |      0 |          0 |
|               (udiv_7ns_2ns_7_11_seq_1_U143)                                                                    |                                                            system_spike_accel_0_0_sa_tiny_fpga_top_udiv_7ns_2ns_7_11_seq_1_35 |          0 |          0 |       0 |    0 |     7 |      0 |      0 |          0 |
|               sa_tiny_fpga_top_udiv_7ns_2ns_7_11_seq_1_divseq_u                                                 |                                                     system_spike_accel_0_0_sa_tiny_fpga_top_udiv_7ns_2ns_7_11_seq_1_divseq_38 |          4 |          4 |       0 |    0 |    14 |      0 |      0 |          0 |
|             udiv_7ns_2ns_7_11_seq_1_U144                                                                        |                                                            system_spike_accel_0_0_sa_tiny_fpga_top_udiv_7ns_2ns_7_11_seq_1_36 |          9 |          8 |       0 |    1 |    25 |      0 |      0 |          0 |
|               (udiv_7ns_2ns_7_11_seq_1_U144)                                                                    |                                                            system_spike_accel_0_0_sa_tiny_fpga_top_udiv_7ns_2ns_7_11_seq_1_36 |          1 |          1 |       0 |    0 |     8 |      0 |      0 |          0 |
|               sa_tiny_fpga_top_udiv_7ns_2ns_7_11_seq_1_divseq_u                                                 |                                                     system_spike_accel_0_0_sa_tiny_fpga_top_udiv_7ns_2ns_7_11_seq_1_divseq_37 |          8 |          7 |       0 |    1 |    17 |      0 |      0 |          0 |
|           grp_sa_ms_downsampling_199_1_Pipeline_VITIS_LOOP_36_1_VITIS_LOOP_37_2_fu_174                          |                     system_spike_accel_0_0_sa_tiny_fpga_top_sa_ms_downsampling_199_1_Pipeline_VITIS_LOOP_36_1_VITIS_LOOP_37_2 |        945 |        911 |       0 |   34 |  1022 |      0 |      0 |          8 |
|             (grp_sa_ms_downsampling_199_1_Pipeline_VITIS_LOOP_36_1_VITIS_LOOP_37_2_fu_174)                      |                     system_spike_accel_0_0_sa_tiny_fpga_top_sa_ms_downsampling_199_1_Pipeline_VITIS_LOOP_36_1_VITIS_LOOP_37_2 |        454 |        453 |       0 |    1 |   693 |      0 |      0 |          2 |
|             am_addmul_6ns_6ns_7ns_13_4_1_U313                                                                   |                                                          system_spike_accel_0_0_sa_tiny_fpga_top_am_addmul_6ns_6ns_7ns_13_4_1 |          4 |          4 |       0 |    0 |     0 |      0 |      0 |          1 |
|               sa_tiny_fpga_top_am_addmul_6ns_6ns_7ns_13_4_1_DSP48_0_U                                           |                                                  system_spike_accel_0_0_sa_tiny_fpga_top_am_addmul_6ns_6ns_7ns_13_4_1_DSP48_0 |          4 |          4 |       0 |    0 |     0 |      0 |      0 |          1 |
|             am_addmul_6ns_7ns_7ns_14_4_1_U314                                                                   |                                                          system_spike_accel_0_0_sa_tiny_fpga_top_am_addmul_6ns_7ns_7ns_14_4_1 |          4 |          4 |       0 |    0 |     0 |      0 |      0 |          1 |
|               sa_tiny_fpga_top_am_addmul_6ns_7ns_7ns_14_4_1_DSP48_0_U                                           |                                                  system_spike_accel_0_0_sa_tiny_fpga_top_am_addmul_6ns_7ns_7ns_14_4_1_DSP48_0 |          4 |          4 |       0 |    0 |     0 |      0 |      0 |          1 |
|             ama_addmuladd_12ns_12ns_7ns_7ns_18_4_1_U315                                                         |                                                system_spike_accel_0_0_sa_tiny_fpga_top_ama_addmuladd_12ns_12ns_7ns_7ns_18_4_1 |         18 |         18 |       0 |    0 |     0 |      0 |      0 |          1 |
|               sa_tiny_fpga_top_ama_addmuladd_12ns_12ns_7ns_7ns_18_4_1_DSP48_0_U                                 |                                        system_spike_accel_0_0_sa_tiny_fpga_top_ama_addmuladd_12ns_12ns_7ns_7ns_18_4_1_DSP48_0 |         18 |         18 |       0 |    0 |     0 |      0 |      0 |          1 |
|             ama_addmuladd_13ns_12ns_7ns_7ns_19_4_1_U316                                                         |                                                system_spike_accel_0_0_sa_tiny_fpga_top_ama_addmuladd_13ns_12ns_7ns_7ns_19_4_1 |          0 |          0 |       0 |    0 |     0 |      0 |      0 |          1 |
|               sa_tiny_fpga_top_ama_addmuladd_13ns_12ns_7ns_7ns_19_4_1_DSP48_0_U                                 |                                        system_spike_accel_0_0_sa_tiny_fpga_top_ama_addmuladd_13ns_12ns_7ns_7ns_19_4_1_DSP48_0 |          0 |          0 |       0 |    0 |     0 |      0 |      0 |          1 |
|             ama_addmuladd_14ns_12ns_7ns_7ns_20_4_1_U317                                                         |                                                system_spike_accel_0_0_sa_tiny_fpga_top_ama_addmuladd_14ns_12ns_7ns_7ns_20_4_1 |          1 |          1 |       0 |    0 |     0 |      0 |      0 |          1 |
|               sa_tiny_fpga_top_ama_addmuladd_14ns_12ns_7ns_7ns_20_4_1_DSP48_0_U                                 |                                     system_spike_accel_0_0_sa_tiny_fpga_top_ama_addmuladd_14ns_12ns_7ns_7ns_20_4_1_DSP48_0_31 |          1 |          1 |       0 |    0 |     0 |      0 |      0 |          1 |
|             ama_addmuladd_14ns_12ns_7ns_7ns_20_4_1_U318                                                         |                                             system_spike_accel_0_0_sa_tiny_fpga_top_ama_addmuladd_14ns_12ns_7ns_7ns_20_4_1_27 |          4 |          4 |       0 |    0 |     0 |      0 |      0 |          1 |
|               sa_tiny_fpga_top_ama_addmuladd_14ns_12ns_7ns_7ns_20_4_1_DSP48_0_U                                 |                                        system_spike_accel_0_0_sa_tiny_fpga_top_ama_addmuladd_14ns_12ns_7ns_7ns_20_4_1_DSP48_0 |          4 |          4 |       0 |    0 |     0 |      0 |      0 |          1 |
|             flow_control_loop_pipe_sequential_init_U                                                            |                                             system_spike_accel_0_0_sa_tiny_fpga_top_flow_control_loop_pipe_sequential_init_28 |         39 |         39 |       0 |    0 |     2 |      0 |      0 |          0 |
|             udiv_12ns_7ns_12_16_1_U309                                                                          |                                                                 system_spike_accel_0_0_sa_tiny_fpga_top_udiv_12ns_7ns_12_16_1 |        205 |        185 |       0 |   20 |   174 |      0 |      0 |          0 |
|               (udiv_12ns_7ns_12_16_1_U309)                                                                      |                                                                 system_spike_accel_0_0_sa_tiny_fpga_top_udiv_12ns_7ns_12_16_1 |          2 |          2 |       0 |    0 |    14 |      0 |      0 |          0 |
|               sa_tiny_fpga_top_udiv_12ns_7ns_12_16_1_divider_u                                                  |                                                         system_spike_accel_0_0_sa_tiny_fpga_top_udiv_12ns_7ns_12_16_1_divider |        203 |        183 |       0 |   20 |   160 |      0 |      0 |          0 |
|             urem_13ns_7ns_13_17_1_U310                                                                          |                                                              system_spike_accel_0_0_sa_tiny_fpga_top_urem_13ns_7ns_13_17_1_29 |        216 |        203 |       0 |   13 |   153 |      0 |      0 |          0 |
|               (urem_13ns_7ns_13_17_1_U310)                                                                      |                                                              system_spike_accel_0_0_sa_tiny_fpga_top_urem_13ns_7ns_13_17_1_29 |          0 |          0 |       0 |    0 |     7 |      0 |      0 |          0 |
|               sa_tiny_fpga_top_urem_13ns_7ns_13_17_1_divider_u                                                  |                                                      system_spike_accel_0_0_sa_tiny_fpga_top_urem_13ns_7ns_13_17_1_divider_30 |        216 |        203 |       0 |   13 |   146 |      0 |      0 |          0 |
|           mul_7ns_7ns_14_1_1_U341                                                                               |                                                                    system_spike_accel_0_0_sa_tiny_fpga_top_mul_7ns_7ns_14_1_1 |          0 |          0 |       0 |    0 |     0 |      0 |      0 |          1 |
|         grp_sa_spike_sppf_1_fu_676                                                                              |                                                                       system_spike_accel_0_0_sa_tiny_fpga_top_sa_spike_sppf_1 |       7691 |       7507 |       0 |  184 |  7334 |      0 |      0 |         25 |
|           (grp_sa_spike_sppf_1_fu_676)                                                                          |                                                                       system_spike_accel_0_0_sa_tiny_fpga_top_sa_spike_sppf_1 |         22 |         22 |       0 |    0 |    52 |      0 |      0 |          0 |
|           grp_sa_maxpool_or_1_fu_296                                                                            |                                                                       system_spike_accel_0_0_sa_tiny_fpga_top_sa_maxpool_or_1 |       3170 |       3170 |       0 |    0 |  2197 |      0 |      0 |          0 |
|             (grp_sa_maxpool_or_1_fu_296)                                                                        |                                                                       system_spike_accel_0_0_sa_tiny_fpga_top_sa_maxpool_or_1 |       3146 |       3146 |       0 |    0 |  2195 |      0 |      0 |          0 |
|             flow_control_loop_pipe_sequential_init_U                                                            |                                             system_spike_accel_0_0_sa_tiny_fpga_top_flow_control_loop_pipe_sequential_init_25 |         24 |         24 |       0 |    0 |     2 |      0 |      0 |          0 |
|           grp_sa_ms_standard_conv_inplace_2_fu_249                                                              |                                                         system_spike_accel_0_0_sa_tiny_fpga_top_sa_ms_standard_conv_inplace_2 |       3254 |       3117 |       0 |  137 |  3488 |      0 |      0 |         25 |
|             (grp_sa_ms_standard_conv_inplace_2_fu_249)                                                          |                                                         system_spike_accel_0_0_sa_tiny_fpga_top_sa_ms_standard_conv_inplace_2 |          3 |          3 |       0 |    0 |    10 |      0 |      0 |          0 |
|             grp_sa_conv2d_bn_40_71_118_240_333_426_535_1_fu_169                                                 |                                            system_spike_accel_0_0_sa_tiny_fpga_top_sa_conv2d_bn_40_71_118_240_333_426_535_1_4 |       2720 |       2584 |       0 |  136 |  2962 |      0 |      0 |         25 |
|               (grp_sa_conv2d_bn_40_71_118_240_333_426_535_1_fu_169)                                             |                                            system_spike_accel_0_0_sa_tiny_fpga_top_sa_conv2d_bn_40_71_118_240_333_426_535_1_4 |        486 |        486 |       0 |    0 |   299 |      0 |      0 |          3 |
|               grp_sa_conv2d_bn_40_71_118_240_333_426_535_1_Pipeline_VITIS_LOOP_106_7_fu_316                     |                    system_spike_accel_0_0_sa_tiny_fpga_top_sa_conv2d_bn_40_71_118_240_333_426_535_1_Pipeline_VITIS_LOOP_106_7 |        673 |        577 |       0 |   96 |   723 |      0 |      0 |          1 |
|                 (grp_sa_conv2d_bn_40_71_118_240_333_426_535_1_Pipeline_VITIS_LOOP_106_7_fu_316)                 |                    system_spike_accel_0_0_sa_tiny_fpga_top_sa_conv2d_bn_40_71_118_240_333_426_535_1_Pipeline_VITIS_LOOP_106_7 |        320 |        253 |       0 |   67 |   348 |      0 |      0 |          0 |
|                 ama_addmuladd_15ns_13ns_7ns_7ns_21_4_1_U130                                                     |                                             system_spike_accel_0_0_sa_tiny_fpga_top_ama_addmuladd_15ns_13ns_7ns_7ns_21_4_1_18 |         42 |         42 |       0 |    0 |     0 |      0 |      0 |          1 |
|                   sa_tiny_fpga_top_ama_addmuladd_15ns_13ns_7ns_7ns_21_4_1_DSP48_0_U                             |                                     system_spike_accel_0_0_sa_tiny_fpga_top_ama_addmuladd_15ns_13ns_7ns_7ns_21_4_1_DSP48_0_24 |         42 |         42 |       0 |    0 |     0 |      0 |      0 |          1 |
|                 flow_control_loop_pipe_sequential_init_U                                                        |                                             system_spike_accel_0_0_sa_tiny_fpga_top_flow_control_loop_pipe_sequential_init_19 |         32 |         32 |       0 |    0 |     2 |      0 |      0 |          0 |
|                 udiv_13ns_7ns_13_17_1_U128                                                                      |                                                              system_spike_accel_0_0_sa_tiny_fpga_top_udiv_13ns_7ns_13_17_1_20 |        150 |        128 |       0 |   22 |   251 |      0 |      0 |          0 |
|                   (udiv_13ns_7ns_13_17_1_U128)                                                                  |                                                              system_spike_accel_0_0_sa_tiny_fpga_top_udiv_13ns_7ns_13_17_1_20 |          0 |          0 |       0 |    0 |     8 |      0 |      0 |          0 |
|                   sa_tiny_fpga_top_udiv_13ns_7ns_13_17_1_divider_u                                              |                                                      system_spike_accel_0_0_sa_tiny_fpga_top_udiv_13ns_7ns_13_17_1_divider_23 |        150 |        128 |       0 |   22 |   243 |      0 |      0 |          0 |
|                 urem_13ns_7ns_13_17_1_U129                                                                      |                                                              system_spike_accel_0_0_sa_tiny_fpga_top_urem_13ns_7ns_13_17_1_21 |        129 |        122 |       0 |    7 |   122 |      0 |      0 |          0 |
|                   (urem_13ns_7ns_13_17_1_U129)                                                                  |                                                              system_spike_accel_0_0_sa_tiny_fpga_top_urem_13ns_7ns_13_17_1_21 |          7 |          0 |       0 |    7 |     0 |      0 |      0 |          0 |
|                   sa_tiny_fpga_top_urem_13ns_7ns_13_17_1_divider_u                                              |                                                      system_spike_accel_0_0_sa_tiny_fpga_top_urem_13ns_7ns_13_17_1_divider_22 |        122 |        122 |       0 |    0 |   122 |      0 |      0 |          0 |
|               grp_sa_conv2d_bn_40_71_118_240_333_426_535_1_Pipeline_VITIS_LOOP_85_2_VITIS_LOOP_86_s_fu_297      |     system_spike_accel_0_0_sa_tiny_fpga_top_sa_conv2d_bn_40_71_118_240_333_426_535_1_Pipeline_VITIS_LOOP_85_2_VITIS_LOOP_86_s |        675 |        642 |       0 |   33 |   702 |      0 |      0 |          8 |
|                 (grp_sa_conv2d_bn_40_71_118_240_333_426_535_1_Pipeline_VITIS_LOOP_85_2_VITIS_LOOP_86_s_fu_297)  |     system_spike_accel_0_0_sa_tiny_fpga_top_sa_conv2d_bn_40_71_118_240_333_426_535_1_Pipeline_VITIS_LOOP_85_2_VITIS_LOOP_86_s |        139 |        139 |       0 |    0 |   253 |      0 |      0 |          1 |
|                 am_addmul_9ns_10ns_7ns_17_4_1_U101                                                              |                                                         system_spike_accel_0_0_sa_tiny_fpga_top_am_addmul_9ns_10ns_7ns_17_4_1 |         16 |         16 |       0 |    0 |     0 |      0 |      0 |          1 |
|                   sa_tiny_fpga_top_am_addmul_9ns_10ns_7ns_17_4_1_DSP48_0_U                                      |                                                 system_spike_accel_0_0_sa_tiny_fpga_top_am_addmul_9ns_10ns_7ns_17_4_1_DSP48_0 |         16 |         16 |       0 |    0 |     0 |      0 |      0 |          1 |
|                 am_addmul_9ns_9ns_7ns_16_4_1_U100                                                               |                                                          system_spike_accel_0_0_sa_tiny_fpga_top_am_addmul_9ns_9ns_7ns_16_4_1 |          2 |          2 |       0 |    0 |     0 |      0 |      0 |          1 |
|                   sa_tiny_fpga_top_am_addmul_9ns_9ns_7ns_16_4_1_DSP48_0_U                                       |                                                  system_spike_accel_0_0_sa_tiny_fpga_top_am_addmul_9ns_9ns_7ns_16_4_1_DSP48_0 |          2 |          2 |       0 |    0 |     0 |      0 |      0 |          1 |
|                 ama_addmuladd_15ns_13ns_7ns_7ns_21_4_1_U102                                                     |                                                system_spike_accel_0_0_sa_tiny_fpga_top_ama_addmuladd_15ns_13ns_7ns_7ns_21_4_1 |         83 |         83 |       0 |    0 |     0 |      0 |      0 |          1 |
|                   sa_tiny_fpga_top_ama_addmuladd_15ns_13ns_7ns_7ns_21_4_1_DSP48_0_U                             |                                        system_spike_accel_0_0_sa_tiny_fpga_top_ama_addmuladd_15ns_13ns_7ns_7ns_21_4_1_DSP48_0 |         83 |         83 |       0 |    0 |     0 |      0 |      0 |          1 |
|                 ama_addmuladd_16ns_13ns_7ns_7ns_22_4_1_U103                                                     |                                                system_spike_accel_0_0_sa_tiny_fpga_top_ama_addmuladd_16ns_13ns_7ns_7ns_22_4_1 |         23 |         23 |       0 |    0 |     0 |      0 |      0 |          1 |
|                   sa_tiny_fpga_top_ama_addmuladd_16ns_13ns_7ns_7ns_22_4_1_DSP48_0_U                             |                                        system_spike_accel_0_0_sa_tiny_fpga_top_ama_addmuladd_16ns_13ns_7ns_7ns_22_4_1_DSP48_0 |         23 |         23 |       0 |    0 |     0 |      0 |      0 |          1 |
|                 ama_addmuladd_16ns_13ns_7ns_7ns_23_4_1_U104                                                     |                                                system_spike_accel_0_0_sa_tiny_fpga_top_ama_addmuladd_16ns_13ns_7ns_7ns_23_4_1 |         24 |         24 |       0 |    0 |     0 |      0 |      0 |          1 |
|                   sa_tiny_fpga_top_ama_addmuladd_16ns_13ns_7ns_7ns_23_4_1_DSP48_0_U                             |                                        system_spike_accel_0_0_sa_tiny_fpga_top_ama_addmuladd_16ns_13ns_7ns_7ns_23_4_1_DSP48_0 |         24 |         24 |       0 |    0 |     0 |      0 |      0 |          1 |
|                 ama_addmuladd_17ns_13ns_7ns_7ns_23_4_1_U105                                                     |                                                system_spike_accel_0_0_sa_tiny_fpga_top_ama_addmuladd_17ns_13ns_7ns_7ns_23_4_1 |         88 |         88 |       0 |    0 |     0 |      0 |      0 |          1 |
|                   sa_tiny_fpga_top_ama_addmuladd_17ns_13ns_7ns_7ns_23_4_1_DSP48_0_U                             |                                        system_spike_accel_0_0_sa_tiny_fpga_top_ama_addmuladd_17ns_13ns_7ns_7ns_23_4_1_DSP48_0 |         88 |         88 |       0 |    0 |     0 |      0 |      0 |          1 |
|                 flow_control_loop_pipe_sequential_init_U                                                        |                                             system_spike_accel_0_0_sa_tiny_fpga_top_flow_control_loop_pipe_sequential_init_17 |          6 |          6 |       0 |    0 |     2 |      0 |      0 |          0 |
|                 mul_9ns_7ns_15_1_1_U98                                                                          |                                                                    system_spike_accel_0_0_sa_tiny_fpga_top_mul_9ns_7ns_15_1_1 |          0 |          0 |       0 |    0 |     0 |      0 |      0 |          1 |
|                 udiv_13ns_7ns_13_17_1_U96                                                                       |                                                                 system_spike_accel_0_0_sa_tiny_fpga_top_udiv_13ns_7ns_13_17_1 |        158 |        137 |       0 |   21 |   290 |      0 |      0 |          0 |
|                   (udiv_13ns_7ns_13_17_1_U96)                                                                   |                                                                 system_spike_accel_0_0_sa_tiny_fpga_top_udiv_13ns_7ns_13_17_1 |          1 |          1 |       0 |    0 |    33 |      0 |      0 |          0 |
|                   sa_tiny_fpga_top_udiv_13ns_7ns_13_17_1_divider_u                                              |                                                         system_spike_accel_0_0_sa_tiny_fpga_top_udiv_13ns_7ns_13_17_1_divider |        157 |        136 |       0 |   21 |   257 |      0 |      0 |          0 |
|                 urem_13ns_7ns_13_17_1_U97                                                                       |                                                                 system_spike_accel_0_0_sa_tiny_fpga_top_urem_13ns_7ns_13_17_1 |        136 |        124 |       0 |   12 |   157 |      0 |      0 |          0 |
|                   (urem_13ns_7ns_13_17_1_U97)                                                                   |                                                                 system_spike_accel_0_0_sa_tiny_fpga_top_urem_13ns_7ns_13_17_1 |          0 |          0 |       0 |    0 |     8 |      0 |      0 |          0 |
|                   sa_tiny_fpga_top_urem_13ns_7ns_13_17_1_divider_u                                              |                                                         system_spike_accel_0_0_sa_tiny_fpga_top_urem_13ns_7ns_13_17_1_divider |        136 |        124 |       0 |   12 |   149 |      0 |      0 |          0 |
|               grp_sa_conv2d_int_43_74_429_536_1_fu_270                                                          |                                                         system_spike_accel_0_0_sa_tiny_fpga_top_sa_conv2d_int_43_74_429_536_1 |        872 |        866 |       0 |    6 |  1194 |      0 |      0 |         13 |
|                 (grp_sa_conv2d_int_43_74_429_536_1_fu_270)                                                      |                                                         system_spike_accel_0_0_sa_tiny_fpga_top_sa_conv2d_int_43_74_429_536_1 |        498 |        498 |       0 |    0 |   867 |      0 |      0 |          6 |
|                 ama_addmuladd_9ns_24ns_6ns_20ns_30_4_1_U68                                                      |                                                system_spike_accel_0_0_sa_tiny_fpga_top_ama_addmuladd_9ns_24ns_6ns_20ns_30_4_1 |          1 |          1 |       0 |    0 |     0 |      0 |      0 |          1 |
|                   sa_tiny_fpga_top_ama_addmuladd_9ns_24ns_6ns_20ns_30_4_1_DSP48_0_U                             |                                        system_spike_accel_0_0_sa_tiny_fpga_top_ama_addmuladd_9ns_24ns_6ns_20ns_30_4_1_DSP48_0 |          1 |          1 |       0 |    0 |     0 |      0 |      0 |          1 |
|                 grp_sa_conv2d_int_43_74_429_536_1_Pipeline_VITIS_LOOP_64_1_VITIS_LOOP_65_2_VITIS_LOO_fu_465     |      system_spike_accel_0_0_sa_tiny_fpga_top_sa_conv2d_int_43_74_429_536_1_Pipeline_VITIS_LOOP_64_1_VITIS_LOOP_65_2_VITIS_LOO |        227 |        222 |       0 |    5 |   208 |      0 |      0 |          2 |
|                   (grp_sa_conv2d_int_43_74_429_536_1_Pipeline_VITIS_LOOP_64_1_VITIS_LOOP_65_2_VITIS_LOO_fu_465) |      system_spike_accel_0_0_sa_tiny_fpga_top_sa_conv2d_int_43_74_429_536_1_Pipeline_VITIS_LOOP_64_1_VITIS_LOOP_65_2_VITIS_LOO |        182 |        177 |       0 |    5 |   206 |      0 |      0 |          0 |
|                   flow_control_loop_pipe_sequential_init_U                                                      |                                             system_spike_accel_0_0_sa_tiny_fpga_top_flow_control_loop_pipe_sequential_init_16 |          7 |          7 |       0 |    0 |     2 |      0 |      0 |          0 |
|                   mac_muladd_16ns_10ns_23ns_23_4_1_U39                                                          |                                                      system_spike_accel_0_0_sa_tiny_fpga_top_mac_muladd_16ns_10ns_23ns_23_4_1 |         19 |         19 |       0 |    0 |     0 |      0 |      0 |          2 |
|                     sa_tiny_fpga_top_mac_muladd_16ns_10ns_23ns_23_4_1_DSP48_0_U                                 |                                              system_spike_accel_0_0_sa_tiny_fpga_top_mac_muladd_16ns_10ns_23ns_23_4_1_DSP48_0 |         19 |         19 |       0 |    0 |     0 |      0 |      0 |          2 |
|                   mul_3ns_7ns_10_1_1_U37                                                                        |                                                                    system_spike_accel_0_0_sa_tiny_fpga_top_mul_3ns_7ns_10_1_1 |         19 |         19 |       0 |    0 |     0 |      0 |      0 |          0 |
|                 mac_mul_sub_7ns_2ns_2ns_9_4_1_U66                                                               |                                                         system_spike_accel_0_0_sa_tiny_fpga_top_mac_mul_sub_7ns_2ns_2ns_9_4_1 |          8 |          8 |       0 |    0 |     0 |      0 |      0 |          1 |
|                   sa_tiny_fpga_top_mac_mul_sub_7ns_2ns_2ns_9_4_1_DSP48_0_U                                      |                                              system_spike_accel_0_0_sa_tiny_fpga_top_mac_mul_sub_7ns_2ns_2ns_9_4_1_DSP48_0_15 |          8 |          8 |       0 |    0 |     0 |      0 |      0 |          1 |
|                 mac_mul_sub_7ns_2ns_2ns_9_4_1_U67                                                               |                                                       system_spike_accel_0_0_sa_tiny_fpga_top_mac_mul_sub_7ns_2ns_2ns_9_4_1_8 |         10 |         10 |       0 |    0 |     0 |      0 |      0 |          1 |
|                   sa_tiny_fpga_top_mac_mul_sub_7ns_2ns_2ns_9_4_1_DSP48_0_U                                      |                                                 system_spike_accel_0_0_sa_tiny_fpga_top_mac_mul_sub_7ns_2ns_2ns_9_4_1_DSP48_0 |         10 |         10 |       0 |    0 |     0 |      0 |      0 |          1 |
|                 mac_muladd_8s_8s_32s_32_4_1_U69                                                                 |                                                           system_spike_accel_0_0_sa_tiny_fpga_top_mac_muladd_8s_8s_32s_32_4_1 |         41 |         41 |       0 |    0 |     8 |      0 |      0 |          1 |
|                   sa_tiny_fpga_top_mac_muladd_8s_8s_32s_32_4_1_DSP48_0_U                                        |                                                   system_spike_accel_0_0_sa_tiny_fpga_top_mac_muladd_8s_8s_32s_32_4_1_DSP48_0 |         41 |         41 |       0 |    0 |     8 |      0 |      0 |          1 |
|                 mul_23s_7ns_30_1_1_U65                                                                          |                                                                    system_spike_accel_0_0_sa_tiny_fpga_top_mul_23s_7ns_30_1_1 |         33 |         33 |       0 |    0 |     0 |      0 |      0 |          1 |
|                 udiv_7ns_2ns_7_11_seq_1_U54                                                                     |                                                             system_spike_accel_0_0_sa_tiny_fpga_top_udiv_7ns_2ns_7_11_seq_1_9 |          9 |          8 |       0 |    1 |    24 |      0 |      0 |          0 |
|                   (udiv_7ns_2ns_7_11_seq_1_U54)                                                                 |                                                             system_spike_accel_0_0_sa_tiny_fpga_top_udiv_7ns_2ns_7_11_seq_1_9 |          1 |          1 |       0 |    0 |     8 |      0 |      0 |          0 |
|                   sa_tiny_fpga_top_udiv_7ns_2ns_7_11_seq_1_divseq_u                                             |                                                     system_spike_accel_0_0_sa_tiny_fpga_top_udiv_7ns_2ns_7_11_seq_1_divseq_14 |          8 |          7 |       0 |    1 |    16 |      0 |      0 |          0 |
|                 udiv_7ns_2ns_7_11_seq_1_U55                                                                     |                                                            system_spike_accel_0_0_sa_tiny_fpga_top_udiv_7ns_2ns_7_11_seq_1_10 |          6 |          6 |       0 |    0 |    20 |      0 |      0 |          0 |
|                   (udiv_7ns_2ns_7_11_seq_1_U55)                                                                 |                                                            system_spike_accel_0_0_sa_tiny_fpga_top_udiv_7ns_2ns_7_11_seq_1_10 |          0 |          0 |       0 |    0 |     7 |      0 |      0 |          0 |
|                   sa_tiny_fpga_top_udiv_7ns_2ns_7_11_seq_1_divseq_u                                             |                                                     system_spike_accel_0_0_sa_tiny_fpga_top_udiv_7ns_2ns_7_11_seq_1_divseq_13 |          6 |          6 |       0 |    0 |    13 |      0 |      0 |          0 |
|                 udiv_9ns_8ns_9_13_seq_1_U56                                                                     |                                                               system_spike_accel_0_0_sa_tiny_fpga_top_udiv_9ns_8ns_9_13_seq_1 |         28 |         28 |       0 |    0 |    41 |      0 |      0 |          0 |
|                   (udiv_9ns_8ns_9_13_seq_1_U56)                                                                 |                                                               system_spike_accel_0_0_sa_tiny_fpga_top_udiv_9ns_8ns_9_13_seq_1 |          0 |          0 |       0 |    0 |    12 |      0 |      0 |          0 |
|                   sa_tiny_fpga_top_udiv_9ns_8ns_9_13_seq_1_divseq_u                                             |                                                     system_spike_accel_0_0_sa_tiny_fpga_top_udiv_9ns_8ns_9_13_seq_1_divseq_12 |         28 |         28 |       0 |    0 |    29 |      0 |      0 |          0 |
|                 udiv_9ns_8ns_9_13_seq_1_U57                                                                     |                                                            system_spike_accel_0_0_sa_tiny_fpga_top_udiv_9ns_8ns_9_13_seq_1_11 |         18 |         18 |       0 |    0 |    26 |      0 |      0 |          0 |
|                   (udiv_9ns_8ns_9_13_seq_1_U57)                                                                 |                                                            system_spike_accel_0_0_sa_tiny_fpga_top_udiv_9ns_8ns_9_13_seq_1_11 |          3 |          3 |       0 |    0 |     9 |      0 |      0 |          0 |
|                   sa_tiny_fpga_top_udiv_9ns_8ns_9_13_seq_1_divseq_u                                             |                                                        system_spike_accel_0_0_sa_tiny_fpga_top_udiv_9ns_8ns_9_13_seq_1_divseq |         15 |         15 |       0 |    0 |    17 |      0 |      0 |          0 |
|               udiv_7ns_2ns_7_11_seq_1_U143                                                                      |                                                               system_spike_accel_0_0_sa_tiny_fpga_top_udiv_7ns_2ns_7_11_seq_1 |          6 |          6 |       0 |    0 |    20 |      0 |      0 |          0 |
|                 (udiv_7ns_2ns_7_11_seq_1_U143)                                                                  |                                                               system_spike_accel_0_0_sa_tiny_fpga_top_udiv_7ns_2ns_7_11_seq_1 |          0 |          0 |       0 |    0 |     7 |      0 |      0 |          0 |
|                 sa_tiny_fpga_top_udiv_7ns_2ns_7_11_seq_1_divseq_u                                               |                                                      system_spike_accel_0_0_sa_tiny_fpga_top_udiv_7ns_2ns_7_11_seq_1_divseq_7 |          6 |          6 |       0 |    0 |    13 |      0 |      0 |          0 |
|               udiv_7ns_2ns_7_11_seq_1_U144                                                                      |                                                             system_spike_accel_0_0_sa_tiny_fpga_top_udiv_7ns_2ns_7_11_seq_1_6 |          9 |          8 |       0 |    1 |    24 |      0 |      0 |          0 |
|                 (udiv_7ns_2ns_7_11_seq_1_U144)                                                                  |                                                             system_spike_accel_0_0_sa_tiny_fpga_top_udiv_7ns_2ns_7_11_seq_1_6 |          1 |          1 |       0 |    0 |     8 |      0 |      0 |          0 |
|                 sa_tiny_fpga_top_udiv_7ns_2ns_7_11_seq_1_divseq_u                                               |                                                        system_spike_accel_0_0_sa_tiny_fpga_top_udiv_7ns_2ns_7_11_seq_1_divseq |          8 |          7 |       0 |    1 |    16 |      0 |      0 |          0 |
|             grp_sa_ms_standard_conv_inplace_2_Pipeline_VITIS_LOOP_36_1_VITIS_LOOP_37_2_fu_152                   |                system_spike_accel_0_0_sa_tiny_fpga_top_sa_ms_standard_conv_inplace_2_Pipeline_VITIS_LOOP_36_1_VITIS_LOOP_37_2 |        531 |        530 |       0 |    1 |   516 |      0 |      0 |          0 |
|               (grp_sa_ms_standard_conv_inplace_2_Pipeline_VITIS_LOOP_36_1_VITIS_LOOP_37_2_fu_152)               |                system_spike_accel_0_0_sa_tiny_fpga_top_sa_ms_standard_conv_inplace_2_Pipeline_VITIS_LOOP_36_1_VITIS_LOOP_37_2 |        500 |        499 |       0 |    1 |   514 |      0 |      0 |          0 |
|               flow_control_loop_pipe_sequential_init_U                                                          |                                              system_spike_accel_0_0_sa_tiny_fpga_top_flow_control_loop_pipe_sequential_init_5 |         31 |         31 |       0 |    0 |     2 |      0 |      0 |          0 |
|           grp_sa_spike_sppf_1_Pipeline_VITIS_LOOP_133_3_VITIS_LOOP_134_4_fu_317                                 |                            system_spike_accel_0_0_sa_tiny_fpga_top_sa_spike_sppf_1_Pipeline_VITIS_LOOP_133_3_VITIS_LOOP_134_4 |        382 |        355 |       0 |   27 |   484 |      0 |      0 |          0 |
|             (grp_sa_spike_sppf_1_Pipeline_VITIS_LOOP_133_3_VITIS_LOOP_134_4_fu_317)                             |                            system_spike_accel_0_0_sa_tiny_fpga_top_sa_spike_sppf_1_Pipeline_VITIS_LOOP_133_3_VITIS_LOOP_134_4 |        353 |        326 |       0 |   27 |   482 |      0 |      0 |          0 |
|             flow_control_loop_pipe_sequential_init_U                                                            |                                              system_spike_accel_0_0_sa_tiny_fpga_top_flow_control_loop_pipe_sequential_init_3 |         29 |         29 |       0 |    0 |     2 |      0 |      0 |          0 |
|           grp_sa_spike_sppf_1_Pipeline_VITIS_LOOP_150_6_VITIS_LOOP_151_7_fu_307                                 |                            system_spike_accel_0_0_sa_tiny_fpga_top_sa_spike_sppf_1_Pipeline_VITIS_LOOP_150_6_VITIS_LOOP_151_7 |        461 |        442 |       0 |   19 |   610 |      0 |      0 |          0 |
|             (grp_sa_spike_sppf_1_Pipeline_VITIS_LOOP_150_6_VITIS_LOOP_151_7_fu_307)                             |                            system_spike_accel_0_0_sa_tiny_fpga_top_sa_spike_sppf_1_Pipeline_VITIS_LOOP_150_6_VITIS_LOOP_151_7 |        434 |        415 |       0 |   19 |   608 |      0 |      0 |          0 |
|             flow_control_loop_pipe_sequential_init_U                                                            |                                              system_spike_accel_0_0_sa_tiny_fpga_top_flow_control_loop_pipe_sequential_init_2 |         27 |         27 |       0 |    0 |     2 |      0 |      0 |          0 |
|           grp_sa_spike_sppf_1_Pipeline_VITIS_LOOP_36_1_VITIS_LOOP_37_2_fu_285                                   |                              system_spike_accel_0_0_sa_tiny_fpga_top_sa_spike_sppf_1_Pipeline_VITIS_LOOP_36_1_VITIS_LOOP_37_2 |        402 |        401 |       0 |    1 |   503 |      0 |      0 |          0 |
|             (grp_sa_spike_sppf_1_Pipeline_VITIS_LOOP_36_1_VITIS_LOOP_37_2_fu_285)                               |                              system_spike_accel_0_0_sa_tiny_fpga_top_sa_spike_sppf_1_Pipeline_VITIS_LOOP_36_1_VITIS_LOOP_37_2 |        375 |        374 |       0 |    1 |   501 |      0 |      0 |          0 |
|             flow_control_loop_pipe_sequential_init_U                                                            |                                              system_spike_accel_0_0_sa_tiny_fpga_top_flow_control_loop_pipe_sequential_init_1 |         27 |         27 |       0 |    0 |     2 |      0 |      0 |          0 |
|         grp_sa_tiny_fpga_top_Pipeline_VITIS_LOOP_36_1_VITIS_LOOP_37_2_fu_703                                    |                             system_spike_accel_0_0_sa_tiny_fpga_top_sa_tiny_fpga_top_Pipeline_VITIS_LOOP_36_1_VITIS_LOOP_37_2 |        294 |        293 |       0 |    1 |   503 |      0 |      0 |          0 |
|           (grp_sa_tiny_fpga_top_Pipeline_VITIS_LOOP_36_1_VITIS_LOOP_37_2_fu_703)                                |                             system_spike_accel_0_0_sa_tiny_fpga_top_sa_tiny_fpga_top_Pipeline_VITIS_LOOP_36_1_VITIS_LOOP_37_2 |        270 |        269 |       0 |    1 |   501 |      0 |      0 |          0 |
|           flow_control_loop_pipe_sequential_init_U                                                              |                                              system_spike_accel_0_0_sa_tiny_fpga_top_flow_control_loop_pipe_sequential_init_0 |         24 |         24 |       0 |    0 |     2 |      0 |      0 |          0 |
|         grp_sa_tiny_fpga_top_Pipeline_VITIS_LOOP_57_1_fu_751                                                    |                                             system_spike_accel_0_0_sa_tiny_fpga_top_sa_tiny_fpga_top_Pipeline_VITIS_LOOP_57_1 |         31 |         31 |       0 |    0 |    27 |      0 |      0 |          0 |
|           (grp_sa_tiny_fpga_top_Pipeline_VITIS_LOOP_57_1_fu_751)                                                |                                             system_spike_accel_0_0_sa_tiny_fpga_top_sa_tiny_fpga_top_Pipeline_VITIS_LOOP_57_1 |          4 |          4 |       0 |    0 |    25 |      0 |      0 |          0 |
|           flow_control_loop_pipe_sequential_init_U                                                              |                                                system_spike_accel_0_0_sa_tiny_fpga_top_flow_control_loop_pipe_sequential_init |         27 |         27 |       0 |    0 |     2 |      0 |      0 |          0 |
+-----------------------------------------------------------------------------------------------------------------+-------------------------------------------------------------------------------------------------------------------------------+------------+------------+---------+------+-------+--------+--------+------------+


