
****** Vivado v2024.1 (64-bit)
  **** SW Build 5076996 on Wed May 22 18:37:14 MDT 2024
  **** IP Build 5075265 on Wed May 22 21:45:21 MDT 2024
  **** SharedData Build 5076995 on Wed May 22 18:29:18 MDT 2024
  **** Start of session at: Wed May 13 14:24:10 2026
    ** Copyright 1986-2022 Xilinx, Inc. All Rights Reserved.
    ** Copyright 2022-2024 Advanced Micro Devices, Inc. All Rights Reserved.

source runs/remote_machine/run_step6_bt_patched.tcl
# set PROJECT spike_zybo
# set HW_VIVADO_DIR "C:/Users/jielu/Desktop/Workspace/SpikeYOLO_FPGA/hw/vivado"
# set OUT_DIR  "$HW_VIVADO_DIR/out"
# set REPORTS  "$HW_VIVADO_DIR/reports"
# set XLNX_IP  "E:/Applaction/Xilinx/Vivado/2024.1/data/ip"
# file mkdir $REPORTS
# open_project [file join $OUT_DIR ${PROJECT}.xpr]
Scanning sources...
Finished scanning sources
INFO: [IP_Flow 19-234] Refreshing IP repositories
INFO: [IP_Flow 19-1700] Loaded user IP repository 'c:/Users/jielu/Desktop/Workspace/SpikeYOLO_FPGA/hw/hls/build'.
INFO: [IP_Flow 19-1700] Loaded user IP repository 'c:/Users/jielu/Desktop/Workspace/SpikeYOLO_FPGA/hw/vivado/ip_repo/spike_accel'.
INFO: [IP_Flow 19-1700] Loaded user IP repository 'c:/Users/jielu/Desktop/Workspace/SpikeYOLO_FPGA/hw/vivado/ip_repo/digilent/vivado-library'.
INFO: [IP_Flow 19-2313] Loaded Vivado IP repository 'E:/Applaction/Xilinx/Vivado/2024.1/data/ip'.
WARNING: [BD 41-1661] One or more IPs have been locked in the design 'system.bd'. Please run report_ip_status for more details and recommendations on how to fix this issue.
List of locked IPs:
system_spike_accel_0_0

open_project: Time (s): cpu = 00:00:15 ; elapsed = 00:00:19 . Memory (MB): peak = 776.867 ; gain = 347.641
# set _roe_defs [get_ipdefs -quiet -filter {NAME =~ *roe_framer*}]
# if {[llength $_roe_defs] > 0} {
#     puts "INFO: Disabling partial roe_framer IPs to avoid auto_utils.tcl missing error"
#     foreach _idef $_roe_defs {
#         if {[catch {update_ip_catalog -disable_ip $_idef -repo_path $XLNX_IP} _err]} {
#             puts "WARN: could not disable $_idef: $_err"
#         } else {
#             puts "INFO: disabled $_idef"
#         }
#     }
# }
# unset -nocomplain _roe_defs _idef _err
# catch { set_param ip.useCacheStrategy 0 }
# catch { set_param ip.checkLicense 0 }
# catch { set_param ip.useIpCache 0 }
# catch { set_param project.disableIPCache 1 }
# catch { reset_run impl_1 }
# catch { reset_run synth_1 }
INFO: [Project 1-1161] Replacing file C:/Users/jielu/Desktop/Workspace/SpikeYOLO_FPGA/hw/vivado/out/spike_zybo.srcs/utils_1/imports/synth_1/system_wrapper.dcp with file C:/Users/jielu/Desktop/Workspace/SpikeYOLO_FPGA/hw/vivado/out/spike_zybo.runs/synth_1/system_wrapper.dcp
# foreach _sub [get_runs -filter {NAME =~ system_*_synth_1}] {
#     catch { reset_run $_sub }
# }
# unset -nocomplain _sub
# set _ip_repo "C:/Users/jielu/Desktop/Workspace/SpikeYOLO_FPGA/hw/vivado/ip_repo"
# set _cur_repos [get_property ip_repo_paths [current_project]]
# if {[lsearch $_cur_repos $_ip_repo] < 0} {
#     set_property ip_repo_paths [concat $_cur_repos $_ip_repo] [current_project]
# }
# update_ip_catalog -rebuild
INFO: [IP_Flow 19-234] Refreshing IP repositories
INFO: [IP_Flow 19-1700] Loaded user IP repository 'c:/Users/jielu/Desktop/Workspace/SpikeYOLO_FPGA/hw/hls/build'.
WARNING: [IP_Flow 19-3685] Ignored loading user repository 'c:/Users/jielu/Desktop/Workspace/SpikeYOLO_FPGA/hw/vivado/ip_repo/spike_accel'. The path is contained within another repository.
WARNING: [IP_Flow 19-3685] Ignored loading user repository 'c:/Users/jielu/Desktop/Workspace/SpikeYOLO_FPGA/hw/vivado/ip_repo/digilent/vivado-library'. The path is contained within another repository.
INFO: [IP_Flow 19-1700] Loaded user IP repository 'c:/Users/jielu/Desktop/Workspace/SpikeYOLO_FPGA/hw/vivado/ip_repo'.
# foreach _ip [get_ips -filter {IS_LOCKED == 1}] {
#     puts "INFO: upgrading locked IP $_ip"
#     catch { upgrade_ip $_ip }
# }
INFO: upgrading locked IP system_spike_accel_0_0
Reading block design file <C:/Users/jielu/Desktop/Workspace/SpikeYOLO_FPGA/hw/vivado/out/spike_zybo.srcs/sources_1/bd/system/system.bd>...
Adding component instance block -- xilinx.com:ip:processing_system7:5.5 - ps_0
Adding component instance block -- xilinx.com:hls:sa_tiny_fpga_top:1.0 - spike_accel_0
Adding component instance block -- xilinx.com:ip:axi_dma:7.1 - axi_dma_feat
Adding component instance block -- xilinx.com:ip:smartconnect:1.0 - ic_ctrl
Adding component instance block -- xilinx.com:ip:smartconnect:1.0 - ic_data_hp0
Adding component instance block -- xilinx.com:ip:smartconnect:1.0 - ic_data_hp1
Adding component instance block -- xilinx.com:ip:xlconcat:2.1 - irq_concat
Adding component instance block -- xilinx.com:ip:proc_sys_reset:5.0 - rst_clk0
Adding component instance block -- xilinx.com:ip:proc_sys_reset:5.0 - rst_clk1
Successfully read diagram <system> from block design file <C:/Users/jielu/Desktop/Workspace/SpikeYOLO_FPGA/hw/vivado/out/spike_zybo.srcs/sources_1/bd/system/system.bd>
Upgrading 'C:/Users/jielu/Desktop/Workspace/SpikeYOLO_FPGA/hw/vivado/out/spike_zybo.srcs/sources_1/bd/system/system.bd'
INFO: [IP_Flow 19-3422] Upgraded system_spike_accel_0_0 (Sa_tiny_fpga_top 1.0) from revision 2114606839 to revision 2114607121
Wrote  : <C:\Users\jielu\Desktop\Workspace\SpikeYOLO_FPGA\hw\vivado\out\spike_zybo.srcs\sources_1\bd\system\system.bd> 
# unset -nocomplain _ip _ip_repo _cur_repos
# launch_runs synth_1 -jobs 1
WARNING: [BD 41-702] Propagation TCL tries to overwrite USER strength parameter C_M_AXI_S2MM_DATA_WIDTH(64) on '/axi_dma_feat' with propagated value(32). Command ignored
INFO: [BD 5-943] Reserving offset range <0x4000_0000 [ 64K ]> from slave interface '/ic_ctrl/S00_AXI' to master interface '/ic_ctrl/M00_AXI'. This will be used by smartconnect on path for routing.
INFO: [BD 5-943] Reserving offset range <0x41E0_0000 [ 64K ]> from slave interface '/ic_ctrl/S00_AXI' to master interface '/ic_ctrl/M01_AXI'. This will be used by smartconnect on path for routing.
INFO: [xilinx.com:ip:smartconnect:1.0-1] system_ic_ctrl_0: SmartConnect system_ic_ctrl_0 is in Low-Area Mode.
WARNING: [xilinx.com:ip:smartconnect:1.0-1] system_ic_ctrl_0: IP system_ic_ctrl_0 is configured in Low-area mode as all propagated traffic is low-bandwidth (AXI4LITE). SI S00_AXI has property HAS_BURST == 1. WRAP bursts are not supported in Low-area mode and will result in DECERR if received.
WARNING: [xilinx.com:ip:smartconnect:1.0-1] system_ic_ctrl_0: If WRAP transactions are required then turn off Low-area mode using ADVANCED_PROPERTIES. Execute following: set_property CONFIG.ADVANCED_PROPERTIES {__experimental_features__ {disable_low_area_mode 1}} [get_bd_cells /system_ic_ctrl_0]
INFO: [Ipptcl 7-1463] No Compatible Board Interface found. Board Tab not created in customize GUI
INFO: [BD 5-943] Reserving offset range <0x0000_0000 [ 1G ]> from slave interface '/ic_data_hp0/S00_AXI' to master interface '/ic_data_hp0/M00_AXI'. This will be used by smartconnect on path for routing.
INFO: [BD 5-943] Reserving offset range <0x0000_0000 [ 1G ]> from slave interface '/ic_data_hp0/S01_AXI' to master interface '/ic_data_hp0/M00_AXI'. This will be used by smartconnect on path for routing.
INFO: [BD 5-943] Reserving offset range <0x0000_0000 [ 1G ]> from slave interface '/ic_data_hp0/S02_AXI' to master interface '/ic_data_hp0/M00_AXI'. This will be used by smartconnect on path for routing.
INFO: [BD 5-943] Reserving offset range <0x0000_0000 [ 1G ]> from slave interface '/ic_data_hp0/S03_AXI' to master interface '/ic_data_hp0/M00_AXI'. This will be used by smartconnect on path for routing.
INFO: [BD 5-943] Reserving offset range <0x0000_0000 [ 1G ]> from slave interface '/ic_data_hp0/S04_AXI' to master interface '/ic_data_hp0/M00_AXI'. This will be used by smartconnect on path for routing.
INFO: [xilinx.com:ip:smartconnect:1.0-1] system_ic_data_hp0_0: SmartConnect system_ic_data_hp0_0 is in High-performance Mode.
INFO: [Ipptcl 7-1463] No Compatible Board Interface found. Board Tab not created in customize GUI
INFO: [BD 5-943] Reserving offset range <0x0000_0000 [ 1G ]> from slave interface '/ic_data_hp1/S00_AXI' to master interface '/ic_data_hp1/M00_AXI'. This will be used by smartconnect on path for routing.
INFO: [BD 5-943] Reserving offset range <0x0000_0000 [ 1G ]> from slave interface '/ic_data_hp1/S01_AXI' to master interface '/ic_data_hp1/M00_AXI'. This will be used by smartconnect on path for routing.
INFO: [xilinx.com:ip:smartconnect:1.0-1] system_ic_data_hp1_0: SmartConnect system_ic_data_hp1_0 is in High-performance Mode.
INFO: [Ipptcl 7-1463] No Compatible Board Interface found. Board Tab not created in customize GUI
CRITICAL WARNING: [xilinx.com:ip:axi_dma:7.1-11] /axi_dma_feat
                   #################################### 
                   S_AXIS_S2MM interface is unconnected
                   ####################################
Wrote  : <C:\Users\jielu\Desktop\Workspace\SpikeYOLO_FPGA\hw\vivado\out\spike_zybo.srcs\sources_1\bd\system\system.bd> 
WARNING: [BD 41-2384] Width mismatch when connecting pin: '/ic_data_hp0/S00_AXI_arlock'(1) to pin: '/spike_accel_0/m_axi_gmem0_ARLOCK'(2) - Only lower order bits will be connected.
WARNING: [BD 41-2384] Width mismatch when connecting pin: '/ic_data_hp0/S01_AXI_awlock'(1) to pin: '/spike_accel_0/m_axi_gmem1_AWLOCK'(2) - Only lower order bits will be connected.
WARNING: [BD 41-2384] Width mismatch when connecting pin: '/ic_data_hp0/S02_AXI_arlock'(1) to pin: '/spike_accel_0/m_axi_gmem2_ARLOCK'(2) - Only lower order bits will be connected.
WARNING: [BD 41-2384] Width mismatch when connecting pin: '/ic_data_hp0/S03_AXI_arlock'(1) to pin: '/spike_accel_0/m_axi_gmem3_ARLOCK'(2) - Only lower order bits will be connected.
WARNING: [BD 41-2384] Width mismatch when connecting pin: '/ic_data_hp0/S03_AXI_awlock'(1) to pin: '/spike_accel_0/m_axi_gmem3_AWLOCK'(2) - Only lower order bits will be connected.
WARNING: [BD 41-2384] Width mismatch when connecting pin: '/ic_data_hp0/S04_AXI_arlock'(1) to pin: '/spike_accel_0/m_axi_gmem4_ARLOCK'(2) - Only lower order bits will be connected.
WARNING: [BD 41-2384] Width mismatch when connecting pin: '/ic_data_hp0/S04_AXI_awlock'(1) to pin: '/spike_accel_0/m_axi_gmem4_AWLOCK'(2) - Only lower order bits will be connected.
Verilog Output written to : c:/Users/jielu/Desktop/Workspace/SpikeYOLO_FPGA/hw/vivado/out/spike_zybo.gen/sources_1/bd/system/synth/system.v
WARNING: [BD 41-2384] Width mismatch when connecting pin: '/ic_data_hp0/S00_AXI_arlock'(1) to pin: '/spike_accel_0/m_axi_gmem0_ARLOCK'(2) - Only lower order bits will be connected.
WARNING: [BD 41-2384] Width mismatch when connecting pin: '/ic_data_hp0/S01_AXI_awlock'(1) to pin: '/spike_accel_0/m_axi_gmem1_AWLOCK'(2) - Only lower order bits will be connected.
WARNING: [BD 41-2384] Width mismatch when connecting pin: '/ic_data_hp0/S02_AXI_arlock'(1) to pin: '/spike_accel_0/m_axi_gmem2_ARLOCK'(2) - Only lower order bits will be connected.
WARNING: [BD 41-2384] Width mismatch when connecting pin: '/ic_data_hp0/S03_AXI_arlock'(1) to pin: '/spike_accel_0/m_axi_gmem3_ARLOCK'(2) - Only lower order bits will be connected.
WARNING: [BD 41-2384] Width mismatch when connecting pin: '/ic_data_hp0/S03_AXI_awlock'(1) to pin: '/spike_accel_0/m_axi_gmem3_AWLOCK'(2) - Only lower order bits will be connected.
WARNING: [BD 41-2384] Width mismatch when connecting pin: '/ic_data_hp0/S04_AXI_arlock'(1) to pin: '/spike_accel_0/m_axi_gmem4_ARLOCK'(2) - Only lower order bits will be connected.
WARNING: [BD 41-2384] Width mismatch when connecting pin: '/ic_data_hp0/S04_AXI_awlock'(1) to pin: '/spike_accel_0/m_axi_gmem4_AWLOCK'(2) - Only lower order bits will be connected.
Verilog Output written to : c:/Users/jielu/Desktop/Workspace/SpikeYOLO_FPGA/hw/vivado/out/spike_zybo.gen/sources_1/bd/system/sim/system.v
Verilog Output written to : c:/Users/jielu/Desktop/Workspace/SpikeYOLO_FPGA/hw/vivado/out/spike_zybo.gen/sources_1/bd/system/hdl/system_wrapper.v
INFO: [BD 41-1029] Generation completed for the IP Integrator block spike_accel_0 .
WARNING: [BD 41-2384] Width mismatch when connecting pin: '/s00_nodes/s00_ar_node/s_sc_payld'(151) to pin: '/s00_nodes/S_SC_AR_payld'(147) - Only lower order bits will be connected.
WARNING: [BD 41-2384] Width mismatch when connecting pin: '/s00_nodes/s00_aw_node/s_sc_payld'(151) to pin: '/s00_nodes/S_SC_AW_payld'(147) - Only lower order bits will be connected.
WARNING: [BD 41-2384] Width mismatch when connecting pin: '/m00_nodes/m00_r_node/s_sc_payld'(58) to pin: '/m00_nodes/S_SC_R_payld'(56) - Only lower order bits will be connected.
WARNING: [BD 41-2384] Width mismatch when connecting pin: '/m00_nodes/m00_b_node/s_sc_payld'(12) to pin: '/m00_nodes/S_SC_B_payld'(10) - Only lower order bits will be connected.
WARNING: [BD 41-2384] Width mismatch when connecting pin: '/m01_nodes/m01_r_node/s_sc_payld'(58) to pin: '/m01_nodes/S_SC_R_payld'(56) - Only lower order bits will be connected.
WARNING: [BD 41-2384] Width mismatch when connecting pin: '/m01_nodes/m01_b_node/s_sc_payld'(12) to pin: '/m01_nodes/S_SC_B_payld'(10) - Only lower order bits will be connected.
WARNING: [BD 41-2384] Width mismatch when connecting pin: '/s00_axi2sc/s_sc_r_payld'(56) to pin: '/s00_nodes/M_SC_R_payld'(58) - Only lower order bits will be connected.
WARNING: [BD 41-2384] Width mismatch when connecting pin: '/s00_axi2sc/s_sc_b_payld'(10) to pin: '/s00_nodes/M_SC_B_payld'(12) - Only lower order bits will be connected.
WARNING: [BD 41-2384] Width mismatch when connecting pin: '/m00_sc2axi/s_sc_ar_payld'(147) to pin: '/m00_nodes/M_SC_AR_payld'(151) - Only lower order bits will be connected.
WARNING: [BD 41-2384] Width mismatch when connecting pin: '/m00_sc2axi/s_sc_aw_payld'(147) to pin: '/m00_nodes/M_SC_AW_payld'(151) - Only lower order bits will be connected.
WARNING: [BD 41-2384] Width mismatch when connecting pin: '/m01_sc2axi/s_sc_ar_payld'(147) to pin: '/m01_nodes/M_SC_AR_payld'(151) - Only lower order bits will be connected.
WARNING: [BD 41-2384] Width mismatch when connecting pin: '/m01_sc2axi/s_sc_aw_payld'(147) to pin: '/m01_nodes/M_SC_AW_payld'(151) - Only lower order bits will be connected.
WARNING: [BD 41-2384] Width mismatch when connecting pin: '/s00_nodes/s00_ar_node/s_sc_payld'(151) to pin: '/s00_nodes/S_SC_AR_payld'(147) - Only lower order bits will be connected.
WARNING: [BD 41-2384] Width mismatch when connecting pin: '/s00_nodes/s00_aw_node/s_sc_payld'(151) to pin: '/s00_nodes/S_SC_AW_payld'(147) - Only lower order bits will be connected.
WARNING: [BD 41-2384] Width mismatch when connecting pin: '/m00_nodes/m00_r_node/s_sc_payld'(58) to pin: '/m00_nodes/S_SC_R_payld'(56) - Only lower order bits will be connected.
WARNING: [BD 41-2384] Width mismatch when connecting pin: '/m00_nodes/m00_b_node/s_sc_payld'(12) to pin: '/m00_nodes/S_SC_B_payld'(10) - Only lower order bits will be connected.
WARNING: [BD 41-2384] Width mismatch when connecting pin: '/m01_nodes/m01_r_node/s_sc_payld'(58) to pin: '/m01_nodes/S_SC_R_payld'(56) - Only lower order bits will be connected.
WARNING: [BD 41-2384] Width mismatch when connecting pin: '/m01_nodes/m01_b_node/s_sc_payld'(12) to pin: '/m01_nodes/S_SC_B_payld'(10) - Only lower order bits will be connected.
WARNING: [BD 41-2384] Width mismatch when connecting pin: '/s00_axi2sc/s_sc_r_payld'(56) to pin: '/s00_nodes/M_SC_R_payld'(58) - Only lower order bits will be connected.
WARNING: [BD 41-2384] Width mismatch when connecting pin: '/s00_axi2sc/s_sc_b_payld'(10) to pin: '/s00_nodes/M_SC_B_payld'(12) - Only lower order bits will be connected.
WARNING: [BD 41-2384] Width mismatch when connecting pin: '/m00_sc2axi/s_sc_ar_payld'(147) to pin: '/m00_nodes/M_SC_AR_payld'(151) - Only lower order bits will be connected.
WARNING: [BD 41-2384] Width mismatch when connecting pin: '/m00_sc2axi/s_sc_aw_payld'(147) to pin: '/m00_nodes/M_SC_AW_payld'(151) - Only lower order bits will be connected.
WARNING: [BD 41-2384] Width mismatch when connecting pin: '/m01_sc2axi/s_sc_ar_payld'(147) to pin: '/m01_nodes/M_SC_AR_payld'(151) - Only lower order bits will be connected.
WARNING: [BD 41-2384] Width mismatch when connecting pin: '/m01_sc2axi/s_sc_aw_payld'(147) to pin: '/m01_nodes/M_SC_AW_payld'(151) - Only lower order bits will be connected.
Exporting to file c:/Users/jielu/Desktop/Workspace/SpikeYOLO_FPGA/hw/vivado/out/spike_zybo.gen/sources_1/bd/system/ip/system_ic_ctrl_0/bd_0/hw_handoff/system_ic_ctrl_0.hwh
Generated Hardware Definition File c:/Users/jielu/Desktop/Workspace/SpikeYOLO_FPGA/hw/vivado/out/spike_zybo.gen/sources_1/bd/system/ip/system_ic_ctrl_0/bd_0/synth/system_ic_ctrl_0.hwdef
INFO: [BD 41-1029] Generation completed for the IP Integrator block ic_ctrl .
Exporting to file c:/Users/jielu/Desktop/Workspace/SpikeYOLO_FPGA/hw/vivado/out/spike_zybo.gen/sources_1/bd/system/ip/system_ic_data_hp0_0/bd_0/hw_handoff/system_ic_data_hp0_0.hwh
Generated Hardware Definition File c:/Users/jielu/Desktop/Workspace/SpikeYOLO_FPGA/hw/vivado/out/spike_zybo.gen/sources_1/bd/system/ip/system_ic_data_hp0_0/bd_0/synth/system_ic_data_hp0_0.hwdef
INFO: [BD 41-1029] Generation completed for the IP Integrator block ic_data_hp0 .
Exporting to file c:/Users/jielu/Desktop/Workspace/SpikeYOLO_FPGA/hw/vivado/out/spike_zybo.gen/sources_1/bd/system/ip/system_ic_data_hp1_0/bd_0/hw_handoff/system_ic_data_hp1_0.hwh
Generated Hardware Definition File c:/Users/jielu/Desktop/Workspace/SpikeYOLO_FPGA/hw/vivado/out/spike_zybo.gen/sources_1/bd/system/ip/system_ic_data_hp1_0/bd_0/synth/system_ic_data_hp1_0.hwdef
INFO: [BD 41-1029] Generation completed for the IP Integrator block ic_data_hp1 .
Exporting to file c:/Users/jielu/Desktop/Workspace/SpikeYOLO_FPGA/hw/vivado/out/spike_zybo.gen/sources_1/bd/system/hw_handoff/system.hwh
Generated Hardware Definition File c:/Users/jielu/Desktop/Workspace/SpikeYOLO_FPGA/hw/vivado/out/spike_zybo.gen/sources_1/bd/system/synth/system.hwdef
INFO: [IP_Flow 19-6930] IPCACHE: runCacheChecks() number of threads = 8
INFO: [IP_Flow 19-6921] IPCACHE: Adding cache check func to thread queue for IP system_ic_ctrl_0
INFO: [IP_Flow 19-6921] IPCACHE: Adding cache check func to thread queue for IP system_ic_data_hp0_0
INFO: [IP_Flow 19-6921] IPCACHE: Adding cache check func to thread queue for IP system_ic_data_hp1_0
INFO: [IP_Flow 19-6921] IPCACHE: Adding cache check func to thread queue for IP system_spike_accel_0_0
INFO: [IP_Flow 19-8020] IPCACHE: runCacheChecks() calling threadPool finishWork()
INFO: [IP_Flow 19-6924] IPCACHE: Running cache check for IP inst: system_ic_ctrl_0
INFO: [IP_Flow 19-6922] IPCACHE: Exporting cached entry 2afd6b2ec73f8006 to dir: c:/Users/jielu/Desktop/Workspace/SpikeYOLO_FPGA/hw/vivado/out/spike_zybo.gen/sources_1/bd/system/ip/system_ic_ctrl_0
INFO: [IP_Flow 19-6928] IPCACHE: copied cached file c:/Users/jielu/Desktop/Workspace/SpikeYOLO_FPGA/hw/vivado/out/spike_zybo.cache/ip/2024.1/2/a/2afd6b2ec73f8006/system_ic_ctrl_0.dcp to c:/Users/jielu/Desktop/Workspace/SpikeYOLO_FPGA/hw/vivado/out/spike_zybo.gen/sources_1/bd/system/ip/system_ic_ctrl_0/system_ic_ctrl_0.dcp.
INFO: [IP_Flow 19-6926] IPCACHE: added file to list for BOM: c:/Users/jielu/Desktop/Workspace/SpikeYOLO_FPGA/hw/vivado/out/spike_zybo.gen/sources_1/bd/system/ip/system_ic_ctrl_0/system_ic_ctrl_0.dcp
INFO: [IP_Flow 19-6928] IPCACHE: copied cached file c:/Users/jielu/Desktop/Workspace/SpikeYOLO_FPGA/hw/vivado/out/spike_zybo.cache/ip/2024.1/2/a/2afd6b2ec73f8006/system_ic_ctrl_0_sim_netlist.v to c:/Users/jielu/Desktop/Workspace/SpikeYOLO_FPGA/hw/vivado/out/spike_zybo.gen/sources_1/bd/system/ip/system_ic_ctrl_0/system_ic_ctrl_0_sim_netlist.v.
INFO: [IP_Flow 19-6926] IPCACHE: added file to list for BOM: c:/Users/jielu/Desktop/Workspace/SpikeYOLO_FPGA/hw/vivado/out/spike_zybo.gen/sources_1/bd/system/ip/system_ic_ctrl_0/system_ic_ctrl_0_sim_netlist.v
INFO: [IP_Flow 19-6928] IPCACHE: copied cached file c:/Users/jielu/Desktop/Workspace/SpikeYOLO_FPGA/hw/vivado/out/spike_zybo.cache/ip/2024.1/2/a/2afd6b2ec73f8006/system_ic_ctrl_0_sim_netlist.vhdl to c:/Users/jielu/Desktop/Workspace/SpikeYOLO_FPGA/hw/vivado/out/spike_zybo.gen/sources_1/bd/system/ip/system_ic_ctrl_0/system_ic_ctrl_0_sim_netlist.vhdl.
INFO: [IP_Flow 19-6926] IPCACHE: added file to list for BOM: c:/Users/jielu/Desktop/Workspace/SpikeYOLO_FPGA/hw/vivado/out/spike_zybo.gen/sources_1/bd/system/ip/system_ic_ctrl_0/system_ic_ctrl_0_sim_netlist.vhdl
INFO: [IP_Flow 19-6928] IPCACHE: copied cached file c:/Users/jielu/Desktop/Workspace/SpikeYOLO_FPGA/hw/vivado/out/spike_zybo.cache/ip/2024.1/2/a/2afd6b2ec73f8006/system_ic_ctrl_0_stub.v to c:/Users/jielu/Desktop/Workspace/SpikeYOLO_FPGA/hw/vivado/out/spike_zybo.gen/sources_1/bd/system/ip/system_ic_ctrl_0/system_ic_ctrl_0_stub.v.
INFO: [IP_Flow 19-6926] IPCACHE: added file to list for BOM: c:/Users/jielu/Desktop/Workspace/SpikeYOLO_FPGA/hw/vivado/out/spike_zybo.gen/sources_1/bd/system/ip/system_ic_ctrl_0/system_ic_ctrl_0_stub.v
INFO: [IP_Flow 19-6928] IPCACHE: copied cached file c:/Users/jielu/Desktop/Workspace/SpikeYOLO_FPGA/hw/vivado/out/spike_zybo.cache/ip/2024.1/2/a/2afd6b2ec73f8006/system_ic_ctrl_0_stub.vhdl to c:/Users/jielu/Desktop/Workspace/SpikeYOLO_FPGA/hw/vivado/out/spike_zybo.gen/sources_1/bd/system/ip/system_ic_ctrl_0/system_ic_ctrl_0_stub.vhdl.
INFO: [IP_Flow 19-6926] IPCACHE: added file to list for BOM: c:/Users/jielu/Desktop/Workspace/SpikeYOLO_FPGA/hw/vivado/out/spike_zybo.gen/sources_1/bd/system/ip/system_ic_ctrl_0/system_ic_ctrl_0_stub.vhdl
INFO: [IP_Flow 19-4993] Using cached IP synthesis design for IP system_ic_ctrl_0, cache-ID = 2afd6b2ec73f8006; cache size = 552.376 MB.
INFO: [IP_Flow 19-6924] IPCACHE: Running cache check for IP inst: system_ic_data_hp0_0
INFO: [IP_Flow 19-6922] IPCACHE: Exporting cached entry 44abdce7fa80b3ff to dir: c:/Users/jielu/Desktop/Workspace/SpikeYOLO_FPGA/hw/vivado/out/spike_zybo.gen/sources_1/bd/system/ip/system_ic_data_hp0_0
INFO: [IP_Flow 19-6928] IPCACHE: copied cached file c:/Users/jielu/Desktop/Workspace/SpikeYOLO_FPGA/hw/vivado/out/spike_zybo.cache/ip/2024.1/4/4/44abdce7fa80b3ff/system_ic_data_hp0_0.dcp to c:/Users/jielu/Desktop/Workspace/SpikeYOLO_FPGA/hw/vivado/out/spike_zybo.gen/sources_1/bd/system/ip/system_ic_data_hp0_0/system_ic_data_hp0_0.dcp.
INFO: [IP_Flow 19-6926] IPCACHE: added file to list for BOM: c:/Users/jielu/Desktop/Workspace/SpikeYOLO_FPGA/hw/vivado/out/spike_zybo.gen/sources_1/bd/system/ip/system_ic_data_hp0_0/system_ic_data_hp0_0.dcp
INFO: [IP_Flow 19-6928] IPCACHE: copied cached file c:/Users/jielu/Desktop/Workspace/SpikeYOLO_FPGA/hw/vivado/out/spike_zybo.cache/ip/2024.1/4/4/44abdce7fa80b3ff/system_ic_data_hp0_0_sim_netlist.v to c:/Users/jielu/Desktop/Workspace/SpikeYOLO_FPGA/hw/vivado/out/spike_zybo.gen/sources_1/bd/system/ip/system_ic_data_hp0_0/system_ic_data_hp0_0_sim_netlist.v.
INFO: [IP_Flow 19-6926] IPCACHE: added file to list for BOM: c:/Users/jielu/Desktop/Workspace/SpikeYOLO_FPGA/hw/vivado/out/spike_zybo.gen/sources_1/bd/system/ip/system_ic_data_hp0_0/system_ic_data_hp0_0_sim_netlist.v
INFO: [IP_Flow 19-6928] IPCACHE: copied cached file c:/Users/jielu/Desktop/Workspace/SpikeYOLO_FPGA/hw/vivado/out/spike_zybo.cache/ip/2024.1/4/4/44abdce7fa80b3ff/system_ic_data_hp0_0_sim_netlist.vhdl to c:/Users/jielu/Desktop/Workspace/SpikeYOLO_FPGA/hw/vivado/out/spike_zybo.gen/sources_1/bd/system/ip/system_ic_data_hp0_0/system_ic_data_hp0_0_sim_netlist.vhdl.
INFO: [IP_Flow 19-6926] IPCACHE: added file to list for BOM: c:/Users/jielu/Desktop/Workspace/SpikeYOLO_FPGA/hw/vivado/out/spike_zybo.gen/sources_1/bd/system/ip/system_ic_data_hp0_0/system_ic_data_hp0_0_sim_netlist.vhdl
INFO: [IP_Flow 19-6928] IPCACHE: copied cached file c:/Users/jielu/Desktop/Workspace/SpikeYOLO_FPGA/hw/vivado/out/spike_zybo.cache/ip/2024.1/4/4/44abdce7fa80b3ff/system_ic_data_hp0_0_stub.v to c:/Users/jielu/Desktop/Workspace/SpikeYOLO_FPGA/hw/vivado/out/spike_zybo.gen/sources_1/bd/system/ip/system_ic_data_hp0_0/system_ic_data_hp0_0_stub.v.
INFO: [IP_Flow 19-6926] IPCACHE: added file to list for BOM: c:/Users/jielu/Desktop/Workspace/SpikeYOLO_FPGA/hw/vivado/out/spike_zybo.gen/sources_1/bd/system/ip/system_ic_data_hp0_0/system_ic_data_hp0_0_stub.v
INFO: [IP_Flow 19-6928] IPCACHE: copied cached file c:/Users/jielu/Desktop/Workspace/SpikeYOLO_FPGA/hw/vivado/out/spike_zybo.cache/ip/2024.1/4/4/44abdce7fa80b3ff/system_ic_data_hp0_0_stub.vhdl to c:/Users/jielu/Desktop/Workspace/SpikeYOLO_FPGA/hw/vivado/out/spike_zybo.gen/sources_1/bd/system/ip/system_ic_data_hp0_0/system_ic_data_hp0_0_stub.vhdl.
INFO: [IP_Flow 19-6926] IPCACHE: added file to list for BOM: c:/Users/jielu/Desktop/Workspace/SpikeYOLO_FPGA/hw/vivado/out/spike_zybo.gen/sources_1/bd/system/ip/system_ic_data_hp0_0/system_ic_data_hp0_0_stub.vhdl
INFO: [IP_Flow 19-4993] Using cached IP synthesis design for IP system_ic_data_hp0_0, cache-ID = 44abdce7fa80b3ff; cache size = 552.376 MB.
INFO: [IP_Flow 19-6924] IPCACHE: Running cache check for IP inst: system_ic_data_hp1_0
INFO: [IP_Flow 19-6922] IPCACHE: Exporting cached entry d511bc4f97849a42 to dir: c:/Users/jielu/Desktop/Workspace/SpikeYOLO_FPGA/hw/vivado/out/spike_zybo.gen/sources_1/bd/system/ip/system_ic_data_hp1_0
INFO: [IP_Flow 19-6928] IPCACHE: copied cached file c:/Users/jielu/Desktop/Workspace/SpikeYOLO_FPGA/hw/vivado/out/spike_zybo.cache/ip/2024.1/d/5/d511bc4f97849a42/system_ic_data_hp1_0.dcp to c:/Users/jielu/Desktop/Workspace/SpikeYOLO_FPGA/hw/vivado/out/spike_zybo.gen/sources_1/bd/system/ip/system_ic_data_hp1_0/system_ic_data_hp1_0.dcp.
INFO: [IP_Flow 19-6926] IPCACHE: added file to list for BOM: c:/Users/jielu/Desktop/Workspace/SpikeYOLO_FPGA/hw/vivado/out/spike_zybo.gen/sources_1/bd/system/ip/system_ic_data_hp1_0/system_ic_data_hp1_0.dcp
INFO: [IP_Flow 19-6928] IPCACHE: copied cached file c:/Users/jielu/Desktop/Workspace/SpikeYOLO_FPGA/hw/vivado/out/spike_zybo.cache/ip/2024.1/d/5/d511bc4f97849a42/system_ic_data_hp1_0_sim_netlist.v to c:/Users/jielu/Desktop/Workspace/SpikeYOLO_FPGA/hw/vivado/out/spike_zybo.gen/sources_1/bd/system/ip/system_ic_data_hp1_0/system_ic_data_hp1_0_sim_netlist.v.
INFO: [IP_Flow 19-6926] IPCACHE: added file to list for BOM: c:/Users/jielu/Desktop/Workspace/SpikeYOLO_FPGA/hw/vivado/out/spike_zybo.gen/sources_1/bd/system/ip/system_ic_data_hp1_0/system_ic_data_hp1_0_sim_netlist.v
INFO: [IP_Flow 19-6928] IPCACHE: copied cached file c:/Users/jielu/Desktop/Workspace/SpikeYOLO_FPGA/hw/vivado/out/spike_zybo.cache/ip/2024.1/d/5/d511bc4f97849a42/system_ic_data_hp1_0_sim_netlist.vhdl to c:/Users/jielu/Desktop/Workspace/SpikeYOLO_FPGA/hw/vivado/out/spike_zybo.gen/sources_1/bd/system/ip/system_ic_data_hp1_0/system_ic_data_hp1_0_sim_netlist.vhdl.
INFO: [IP_Flow 19-6926] IPCACHE: added file to list for BOM: c:/Users/jielu/Desktop/Workspace/SpikeYOLO_FPGA/hw/vivado/out/spike_zybo.gen/sources_1/bd/system/ip/system_ic_data_hp1_0/system_ic_data_hp1_0_sim_netlist.vhdl
INFO: [IP_Flow 19-6928] IPCACHE: copied cached file c:/Users/jielu/Desktop/Workspace/SpikeYOLO_FPGA/hw/vivado/out/spike_zybo.cache/ip/2024.1/d/5/d511bc4f97849a42/system_ic_data_hp1_0_stub.v to c:/Users/jielu/Desktop/Workspace/SpikeYOLO_FPGA/hw/vivado/out/spike_zybo.gen/sources_1/bd/system/ip/system_ic_data_hp1_0/system_ic_data_hp1_0_stub.v.
INFO: [IP_Flow 19-6926] IPCACHE: added file to list for BOM: c:/Users/jielu/Desktop/Workspace/SpikeYOLO_FPGA/hw/vivado/out/spike_zybo.gen/sources_1/bd/system/ip/system_ic_data_hp1_0/system_ic_data_hp1_0_stub.v
INFO: [IP_Flow 19-6928] IPCACHE: copied cached file c:/Users/jielu/Desktop/Workspace/SpikeYOLO_FPGA/hw/vivado/out/spike_zybo.cache/ip/2024.1/d/5/d511bc4f97849a42/system_ic_data_hp1_0_stub.vhdl to c:/Users/jielu/Desktop/Workspace/SpikeYOLO_FPGA/hw/vivado/out/spike_zybo.gen/sources_1/bd/system/ip/system_ic_data_hp1_0/system_ic_data_hp1_0_stub.vhdl.
INFO: [IP_Flow 19-6926] IPCACHE: added file to list for BOM: c:/Users/jielu/Desktop/Workspace/SpikeYOLO_FPGA/hw/vivado/out/spike_zybo.gen/sources_1/bd/system/ip/system_ic_data_hp1_0/system_ic_data_hp1_0_stub.vhdl
INFO: [IP_Flow 19-4993] Using cached IP synthesis design for IP system_ic_data_hp1_0, cache-ID = d511bc4f97849a42; cache size = 552.376 MB.
INFO: [IP_Flow 19-6924] IPCACHE: Running cache check for IP inst: system_spike_accel_0_0
config_ip_cache: Time (s): cpu = 00:00:09 ; elapsed = 00:00:10 . Memory (MB): peak = 1397.559 ; gain = 31.402
[Wed May 13 14:26:04 2026] Launched system_axi_dma_feat_0_synth_1, system_ps_0_0_synth_1, system_rst_clk0_0_synth_1, system_rst_clk1_0_synth_1, system_spike_accel_0_0_synth_1...
Run output will be captured here:
system_axi_dma_feat_0_synth_1: C:/Users/jielu/Desktop/Workspace/SpikeYOLO_FPGA/hw/vivado/out/spike_zybo.runs/system_axi_dma_feat_0_synth_1/runme.log
system_ps_0_0_synth_1: C:/Users/jielu/Desktop/Workspace/SpikeYOLO_FPGA/hw/vivado/out/spike_zybo.runs/system_ps_0_0_synth_1/runme.log
system_rst_clk0_0_synth_1: C:/Users/jielu/Desktop/Workspace/SpikeYOLO_FPGA/hw/vivado/out/spike_zybo.runs/system_rst_clk0_0_synth_1/runme.log
system_rst_clk1_0_synth_1: C:/Users/jielu/Desktop/Workspace/SpikeYOLO_FPGA/hw/vivado/out/spike_zybo.runs/system_rst_clk1_0_synth_1/runme.log
system_spike_accel_0_0_synth_1: C:/Users/jielu/Desktop/Workspace/SpikeYOLO_FPGA/hw/vivado/out/spike_zybo.runs/system_spike_accel_0_0_synth_1/runme.log
[Wed May 13 14:26:04 2026] Launched synth_1...
Run output will be captured here: C:/Users/jielu/Desktop/Workspace/SpikeYOLO_FPGA/hw/vivado/out/spike_zybo.runs/synth_1/runme.log
launch_runs: Time (s): cpu = 00:01:00 ; elapsed = 00:01:22 . Memory (MB): peak = 1397.559 ; gain = 539.832
# wait_on_run synth_1
[Wed May 13 14:26:04 2026] Waiting for synth_1 to finish...


*** Running vivado
    with args -log system_wrapper.vds -m64 -product Vivado -mode batch -messageDb vivado.pb -notrace -source system_wrapper.tcl



****** Vivado v2024.1 (64-bit)
  **** SW Build 5076996 on Wed May 22 18:37:14 MDT 2024
  **** IP Build 5075265 on Wed May 22 21:45:21 MDT 2024
  **** SharedData Build 5076995 on Wed May 22 18:29:18 MDT 2024
  **** Start of session at: Wed May 13 14:37:12 2026
    ** Copyright 1986-2022 Xilinx, Inc. All Rights Reserved.
    ** Copyright 2022-2024 Advanced Micro Devices, Inc. All Rights Reserved.

source system_wrapper.tcl -notrace
create_project: Time (s): cpu = 00:00:06 ; elapsed = 00:00:06 . Memory (MB): peak = 630.543 ; gain = 199.660
INFO: [IP_Flow 19-234] Refreshing IP repositories
INFO: [IP_Flow 19-1700] Loaded user IP repository 'c:/Users/jielu/Desktop/Workspace/SpikeYOLO_FPGA/hw/hls/build'.
WARNING: [IP_Flow 19-3685] Ignored loading user repository 'c:/Users/jielu/Desktop/Workspace/SpikeYOLO_FPGA/hw/vivado/ip_repo/spike_accel'. The path is contained within another repository.
WARNING: [IP_Flow 19-3685] Ignored loading user repository 'c:/Users/jielu/Desktop/Workspace/SpikeYOLO_FPGA/hw/vivado/ip_repo/digilent/vivado-library'. The path is contained within another repository.
INFO: [IP_Flow 19-1700] Loaded user IP repository 'c:/Users/jielu/Desktop/Workspace/SpikeYOLO_FPGA/hw/vivado/ip_repo'.
INFO: [IP_Flow 19-2313] Loaded Vivado IP repository 'E:/Applaction/Xilinx/Vivado/2024.1/data/ip'.
WARNING: [IP_Flow 19-4995] The host OS only allows 260 characters in a normal path. The IP cache path is more than 80 characters. If you experience issues with IP caching, please consider changing the IP cache to a location with a shorter path. Alternately consider using the OS subst command to map part of the path to a drive letter. 
Current IP cache path is c:/Users/jielu/Desktop/Workspace/SpikeYOLO_FPGA/hw/vivado/out/spike_zybo.cache/ip 
add_files: Time (s): cpu = 00:00:06 ; elapsed = 00:00:07 . Memory (MB): peak = 775.945 ; gain = 63.832
Command: read_checkpoint -auto_incremental -incremental C:/Users/jielu/Desktop/Workspace/SpikeYOLO_FPGA/hw/vivado/out/spike_zybo.srcs/utils_1/imports/synth_1/system_wrapper.dcp
INFO: [Vivado 12-5825] Read reference checkpoint from C:/Users/jielu/Desktop/Workspace/SpikeYOLO_FPGA/hw/vivado/out/spike_zybo.srcs/utils_1/imports/synth_1/system_wrapper.dcp for incremental synthesis
INFO: [Vivado 12-7989] Please ensure there are no constraint changes
Command: synth_design -top system_wrapper -part xc7z020clg400-1
Starting synth_design
Attempting to get a license for feature 'Synthesis' and/or device 'xc7z020'
INFO: [Common 17-349] Got license for feature 'Synthesis' and/or device 'xc7z020'
INFO: [Device 21-403] Loading part xc7z020clg400-1
INFO: [Device 21-9227] Part: xc7z020clg400-1 does not have CEAM library.
INFO: [Designutils 20-5440] No compile time benefit to using incremental synthesis; A full resynthesis will be run
INFO: [Designutils 20-4379] Flow is switching to default flow due to incremental criteria not met. If you would like to alter this behaviour and have the flow terminate instead, please set the following parameter config_implementation {autoIncr.Synth.RejectBehavior Terminate}
INFO: [Synth 8-7079] Multithreading enabled for synth_design using a maximum of 2 processes.
INFO: [Synth 8-7078] Launching helper process for spawning children vivado processes
INFO: [Synth 8-7075] Helper process launched with PID 14220
---------------------------------------------------------------------------------
Starting RTL Elaboration : Time (s): cpu = 00:00:04 ; elapsed = 00:00:04 . Memory (MB): peak = 1678.004 ; gain = 449.648
---------------------------------------------------------------------------------
INFO: [Synth 8-6157] synthesizing module 'system_wrapper' [C:/Users/jielu/Desktop/Workspace/SpikeYOLO_FPGA/hw/vivado/out/spike_zybo.gen/sources_1/bd/system/hdl/system_wrapper.v:13]
INFO: [Synth 8-6157] synthesizing module 'system' [c:/Users/jielu/Desktop/Workspace/SpikeYOLO_FPGA/hw/vivado/out/spike_zybo.gen/sources_1/bd/system/synth/system.v:13]
INFO: [Synth 8-6157] synthesizing module 'system_axi_dma_feat_0' [C:/Users/jielu/Desktop/Workspace/SpikeYOLO_FPGA/hw/vivado/out/spike_zybo.runs/synth_1/.Xil/Vivado-8752-YizhiDianLu/realtime/system_axi_dma_feat_0_stub.v:6]
INFO: [Synth 8-6155] done synthesizing module 'system_axi_dma_feat_0' (0#1) [C:/Users/jielu/Desktop/Workspace/SpikeYOLO_FPGA/hw/vivado/out/spike_zybo.runs/synth_1/.Xil/Vivado-8752-YizhiDianLu/realtime/system_axi_dma_feat_0_stub.v:6]
WARNING: [Synth 8-7071] port 'mm2s_prmry_reset_out_n' of module 'system_axi_dma_feat_0' is unconnected for instance 'axi_dma_feat' [c:/Users/jielu/Desktop/Workspace/SpikeYOLO_FPGA/hw/vivado/out/spike_zybo.gen/sources_1/bd/system/synth/system.v:382]
WARNING: [Synth 8-7071] port 'm_axis_mm2s_tdata' of module 'system_axi_dma_feat_0' is unconnected for instance 'axi_dma_feat' [c:/Users/jielu/Desktop/Workspace/SpikeYOLO_FPGA/hw/vivado/out/spike_zybo.gen/sources_1/bd/system/synth/system.v:382]
WARNING: [Synth 8-7071] port 'm_axis_mm2s_tkeep' of module 'system_axi_dma_feat_0' is unconnected for instance 'axi_dma_feat' [c:/Users/jielu/Desktop/Workspace/SpikeYOLO_FPGA/hw/vivado/out/spike_zybo.gen/sources_1/bd/system/synth/system.v:382]
WARNING: [Synth 8-7071] port 'm_axis_mm2s_tvalid' of module 'system_axi_dma_feat_0' is unconnected for instance 'axi_dma_feat' [c:/Users/jielu/Desktop/Workspace/SpikeYOLO_FPGA/hw/vivado/out/spike_zybo.gen/sources_1/bd/system/synth/system.v:382]
WARNING: [Synth 8-7071] port 'm_axis_mm2s_tlast' of module 'system_axi_dma_feat_0' is unconnected for instance 'axi_dma_feat' [c:/Users/jielu/Desktop/Workspace/SpikeYOLO_FPGA/hw/vivado/out/spike_zybo.gen/sources_1/bd/system/synth/system.v:382]
WARNING: [Synth 8-7071] port 's2mm_prmry_reset_out_n' of module 'system_axi_dma_feat_0' is unconnected for instance 'axi_dma_feat' [c:/Users/jielu/Desktop/Workspace/SpikeYOLO_FPGA/hw/vivado/out/spike_zybo.gen/sources_1/bd/system/synth/system.v:382]
WARNING: [Synth 8-7071] port 's_axis_s2mm_tready' of module 'system_axi_dma_feat_0' is unconnected for instance 'axi_dma_feat' [c:/Users/jielu/Desktop/Workspace/SpikeYOLO_FPGA/hw/vivado/out/spike_zybo.gen/sources_1/bd/system/synth/system.v:382]
WARNING: [Synth 8-7071] port 'axi_dma_tstvec' of module 'system_axi_dma_feat_0' is unconnected for instance 'axi_dma_feat' [c:/Users/jielu/Desktop/Workspace/SpikeYOLO_FPGA/hw/vivado/out/spike_zybo.gen/sources_1/bd/system/synth/system.v:382]
WARNING: [Synth 8-7023] instance 'axi_dma_feat' of module 'system_axi_dma_feat_0' has 64 connections declared, but only 56 given [c:/Users/jielu/Desktop/Workspace/SpikeYOLO_FPGA/hw/vivado/out/spike_zybo.gen/sources_1/bd/system/synth/system.v:382]
INFO: [Synth 8-6157] synthesizing module 'system_ic_ctrl_0' [C:/Users/jielu/Desktop/Workspace/SpikeYOLO_FPGA/hw/vivado/out/spike_zybo.runs/synth_1/.Xil/Vivado-8752-YizhiDianLu/realtime/system_ic_ctrl_0_stub.v:6]
INFO: [Synth 8-6155] done synthesizing module 'system_ic_ctrl_0' (0#1) [C:/Users/jielu/Desktop/Workspace/SpikeYOLO_FPGA/hw/vivado/out/spike_zybo.runs/synth_1/.Xil/Vivado-8752-YizhiDianLu/realtime/system_ic_ctrl_0_stub.v:6]
WARNING: [Synth 8-7071] port 'M00_AXI_awprot' of module 'system_ic_ctrl_0' is unconnected for instance 'ic_ctrl' [c:/Users/jielu/Desktop/Workspace/SpikeYOLO_FPGA/hw/vivado/out/spike_zybo.gen/sources_1/bd/system/synth/system.v:439]
WARNING: [Synth 8-7071] port 'M00_AXI_arprot' of module 'system_ic_ctrl_0' is unconnected for instance 'ic_ctrl' [c:/Users/jielu/Desktop/Workspace/SpikeYOLO_FPGA/hw/vivado/out/spike_zybo.gen/sources_1/bd/system/synth/system.v:439]
WARNING: [Synth 8-7071] port 'M01_AXI_awprot' of module 'system_ic_ctrl_0' is unconnected for instance 'ic_ctrl' [c:/Users/jielu/Desktop/Workspace/SpikeYOLO_FPGA/hw/vivado/out/spike_zybo.gen/sources_1/bd/system/synth/system.v:439]
WARNING: [Synth 8-7071] port 'M01_AXI_wstrb' of module 'system_ic_ctrl_0' is unconnected for instance 'ic_ctrl' [c:/Users/jielu/Desktop/Workspace/SpikeYOLO_FPGA/hw/vivado/out/spike_zybo.gen/sources_1/bd/system/synth/system.v:439]
WARNING: [Synth 8-7071] port 'M01_AXI_arprot' of module 'system_ic_ctrl_0' is unconnected for instance 'ic_ctrl' [c:/Users/jielu/Desktop/Workspace/SpikeYOLO_FPGA/hw/vivado/out/spike_zybo.gen/sources_1/bd/system/synth/system.v:439]
WARNING: [Synth 8-7023] instance 'ic_ctrl' of module 'system_ic_ctrl_0' has 78 connections declared, but only 73 given [c:/Users/jielu/Desktop/Workspace/SpikeYOLO_FPGA/hw/vivado/out/spike_zybo.gen/sources_1/bd/system/synth/system.v:439]
INFO: [Synth 8-6157] synthesizing module 'system_ic_data_hp0_0' [C:/Users/jielu/Desktop/Workspace/SpikeYOLO_FPGA/hw/vivado/out/spike_zybo.runs/synth_1/.Xil/Vivado-8752-YizhiDianLu/realtime/system_ic_data_hp0_0_stub.v:6]
INFO: [Synth 8-6155] done synthesizing module 'system_ic_data_hp0_0' (0#1) [C:/Users/jielu/Desktop/Workspace/SpikeYOLO_FPGA/hw/vivado/out/spike_zybo.runs/synth_1/.Xil/Vivado-8752-YizhiDianLu/realtime/system_ic_data_hp0_0_stub.v:6]
INFO: [Synth 8-6157] synthesizing module 'system_ic_data_hp1_0' [C:/Users/jielu/Desktop/Workspace/SpikeYOLO_FPGA/hw/vivado/out/spike_zybo.runs/synth_1/.Xil/Vivado-8752-YizhiDianLu/realtime/system_ic_data_hp1_0_stub.v:6]
INFO: [Synth 8-6155] done synthesizing module 'system_ic_data_hp1_0' (0#1) [C:/Users/jielu/Desktop/Workspace/SpikeYOLO_FPGA/hw/vivado/out/spike_zybo.runs/synth_1/.Xil/Vivado-8752-YizhiDianLu/realtime/system_ic_data_hp1_0_stub.v:6]
INFO: [Synth 8-6157] synthesizing module 'system_irq_concat_0' [c:/Users/jielu/Desktop/Workspace/SpikeYOLO_FPGA/hw/vivado/out/spike_zybo.gen/sources_1/bd/system/ip/system_irq_concat_0/synth/system_irq_concat_0.v:53]
INFO: [Synth 8-6157] synthesizing module 'xlconcat_v2_1_6_xlconcat' [c:/Users/jielu/Desktop/Workspace/SpikeYOLO_FPGA/hw/vivado/out/spike_zybo.gen/sources_1/bd/system/ipshared/6120/hdl/xlconcat_v2_1_vl_rfs.v:59]
INFO: [Synth 8-6155] done synthesizing module 'xlconcat_v2_1_6_xlconcat' (0#1) [c:/Users/jielu/Desktop/Workspace/SpikeYOLO_FPGA/hw/vivado/out/spike_zybo.gen/sources_1/bd/system/ipshared/6120/hdl/xlconcat_v2_1_vl_rfs.v:59]
INFO: [Synth 8-6155] done synthesizing module 'system_irq_concat_0' (0#1) [c:/Users/jielu/Desktop/Workspace/SpikeYOLO_FPGA/hw/vivado/out/spike_zybo.gen/sources_1/bd/system/ip/system_irq_concat_0/synth/system_irq_concat_0.v:53]
INFO: [Synth 8-6157] synthesizing module 'system_ps_0_0' [C:/Users/jielu/Desktop/Workspace/SpikeYOLO_FPGA/hw/vivado/out/spike_zybo.runs/synth_1/.Xil/Vivado-8752-YizhiDianLu/realtime/system_ps_0_0_stub.v:6]
INFO: [Synth 8-6155] done synthesizing module 'system_ps_0_0' (0#1) [C:/Users/jielu/Desktop/Workspace/SpikeYOLO_FPGA/hw/vivado/out/spike_zybo.runs/synth_1/.Xil/Vivado-8752-YizhiDianLu/realtime/system_ps_0_0_stub.v:6]
WARNING: [Synth 8-7071] port 'USB0_PORT_INDCTL' of module 'system_ps_0_0' is unconnected for instance 'ps_0' [c:/Users/jielu/Desktop/Workspace/SpikeYOLO_FPGA/hw/vivado/out/spike_zybo.gen/sources_1/bd/system/synth/system.v:751]
WARNING: [Synth 8-7071] port 'USB0_VBUS_PWRSELECT' of module 'system_ps_0_0' is unconnected for instance 'ps_0' [c:/Users/jielu/Desktop/Workspace/SpikeYOLO_FPGA/hw/vivado/out/spike_zybo.gen/sources_1/bd/system/synth/system.v:751]
WARNING: [Synth 8-7071] port 'S_AXI_HP0_BID' of module 'system_ps_0_0' is unconnected for instance 'ps_0' [c:/Users/jielu/Desktop/Workspace/SpikeYOLO_FPGA/hw/vivado/out/spike_zybo.gen/sources_1/bd/system/synth/system.v:751]
WARNING: [Synth 8-7071] port 'S_AXI_HP0_RID' of module 'system_ps_0_0' is unconnected for instance 'ps_0' [c:/Users/jielu/Desktop/Workspace/SpikeYOLO_FPGA/hw/vivado/out/spike_zybo.gen/sources_1/bd/system/synth/system.v:751]
WARNING: [Synth 8-7071] port 'S_AXI_HP0_RCOUNT' of module 'system_ps_0_0' is unconnected for instance 'ps_0' [c:/Users/jielu/Desktop/Workspace/SpikeYOLO_FPGA/hw/vivado/out/spike_zybo.gen/sources_1/bd/system/synth/system.v:751]
WARNING: [Synth 8-7071] port 'S_AXI_HP0_WCOUNT' of module 'system_ps_0_0' is unconnected for instance 'ps_0' [c:/Users/jielu/Desktop/Workspace/SpikeYOLO_FPGA/hw/vivado/out/spike_zybo.gen/sources_1/bd/system/synth/system.v:751]
WARNING: [Synth 8-7071] port 'S_AXI_HP0_RACOUNT' of module 'system_ps_0_0' is unconnected for instance 'ps_0' [c:/Users/jielu/Desktop/Workspace/SpikeYOLO_FPGA/hw/vivado/out/spike_zybo.gen/sources_1/bd/system/synth/system.v:751]
WARNING: [Synth 8-7071] port 'S_AXI_HP0_WACOUNT' of module 'system_ps_0_0' is unconnected for instance 'ps_0' [c:/Users/jielu/Desktop/Workspace/SpikeYOLO_FPGA/hw/vivado/out/spike_zybo.gen/sources_1/bd/system/synth/system.v:751]
WARNING: [Synth 8-7071] port 'S_AXI_HP1_BID' of module 'system_ps_0_0' is unconnected for instance 'ps_0' [c:/Users/jielu/Desktop/Workspace/SpikeYOLO_FPGA/hw/vivado/out/spike_zybo.gen/sources_1/bd/system/synth/system.v:751]
WARNING: [Synth 8-7071] port 'S_AXI_HP1_RID' of module 'system_ps_0_0' is unconnected for instance 'ps_0' [c:/Users/jielu/Desktop/Workspace/SpikeYOLO_FPGA/hw/vivado/out/spike_zybo.gen/sources_1/bd/system/synth/system.v:751]
WARNING: [Synth 8-7071] port 'S_AXI_HP1_RCOUNT' of module 'system_ps_0_0' is unconnected for instance 'ps_0' [c:/Users/jielu/Desktop/Workspace/SpikeYOLO_FPGA/hw/vivado/out/spike_zybo.gen/sources_1/bd/system/synth/system.v:751]
WARNING: [Synth 8-7071] port 'S_AXI_HP1_WCOUNT' of module 'system_ps_0_0' is unconnected for instance 'ps_0' [c:/Users/jielu/Desktop/Workspace/SpikeYOLO_FPGA/hw/vivado/out/spike_zybo.gen/sources_1/bd/system/synth/system.v:751]
WARNING: [Synth 8-7071] port 'S_AXI_HP1_RACOUNT' of module 'system_ps_0_0' is unconnected for instance 'ps_0' [c:/Users/jielu/Desktop/Workspace/SpikeYOLO_FPGA/hw/vivado/out/spike_zybo.gen/sources_1/bd/system/synth/system.v:751]
WARNING: [Synth 8-7071] port 'S_AXI_HP1_WACOUNT' of module 'system_ps_0_0' is unconnected for instance 'ps_0' [c:/Users/jielu/Desktop/Workspace/SpikeYOLO_FPGA/hw/vivado/out/spike_zybo.gen/sources_1/bd/system/synth/system.v:751]
WARNING: [Synth 8-7023] instance 'ps_0' of module 'system_ps_0_0' has 157 connections declared, but only 143 given [c:/Users/jielu/Desktop/Workspace/SpikeYOLO_FPGA/hw/vivado/out/spike_zybo.gen/sources_1/bd/system/synth/system.v:751]
INFO: [Synth 8-6157] synthesizing module 'system_rst_clk0_0' [C:/Users/jielu/Desktop/Workspace/SpikeYOLO_FPGA/hw/vivado/out/spike_zybo.runs/synth_1/.Xil/Vivado-8752-YizhiDianLu/realtime/system_rst_clk0_0_stub.v:6]
INFO: [Synth 8-6155] done synthesizing module 'system_rst_clk0_0' (0#1) [C:/Users/jielu/Desktop/Workspace/SpikeYOLO_FPGA/hw/vivado/out/spike_zybo.runs/synth_1/.Xil/Vivado-8752-YizhiDianLu/realtime/system_rst_clk0_0_stub.v:6]
WARNING: [Synth 8-7071] port 'mb_reset' of module 'system_rst_clk0_0' is unconnected for instance 'rst_clk0' [c:/Users/jielu/Desktop/Workspace/SpikeYOLO_FPGA/hw/vivado/out/spike_zybo.gen/sources_1/bd/system/synth/system.v:895]
WARNING: [Synth 8-7071] port 'bus_struct_reset' of module 'system_rst_clk0_0' is unconnected for instance 'rst_clk0' [c:/Users/jielu/Desktop/Workspace/SpikeYOLO_FPGA/hw/vivado/out/spike_zybo.gen/sources_1/bd/system/synth/system.v:895]
WARNING: [Synth 8-7071] port 'peripheral_reset' of module 'system_rst_clk0_0' is unconnected for instance 'rst_clk0' [c:/Users/jielu/Desktop/Workspace/SpikeYOLO_FPGA/hw/vivado/out/spike_zybo.gen/sources_1/bd/system/synth/system.v:895]
WARNING: [Synth 8-7071] port 'interconnect_aresetn' of module 'system_rst_clk0_0' is unconnected for instance 'rst_clk0' [c:/Users/jielu/Desktop/Workspace/SpikeYOLO_FPGA/hw/vivado/out/spike_zybo.gen/sources_1/bd/system/synth/system.v:895]
WARNING: [Synth 8-7023] instance 'rst_clk0' of module 'system_rst_clk0_0' has 10 connections declared, but only 6 given [c:/Users/jielu/Desktop/Workspace/SpikeYOLO_FPGA/hw/vivado/out/spike_zybo.gen/sources_1/bd/system/synth/system.v:895]
WARNING: [Synth 8-4446] all outputs are unconnected for this instance and logic may be removed [c:/Users/jielu/Desktop/Workspace/SpikeYOLO_FPGA/hw/vivado/out/spike_zybo.gen/sources_1/bd/system/synth/system.v:902]
INFO: [Synth 8-6157] synthesizing module 'system_rst_clk1_0' [C:/Users/jielu/Desktop/Workspace/SpikeYOLO_FPGA/hw/vivado/out/spike_zybo.runs/synth_1/.Xil/Vivado-8752-YizhiDianLu/realtime/system_rst_clk1_0_stub.v:6]
INFO: [Synth 8-6155] done synthesizing module 'system_rst_clk1_0' (0#1) [C:/Users/jielu/Desktop/Workspace/SpikeYOLO_FPGA/hw/vivado/out/spike_zybo.runs/synth_1/.Xil/Vivado-8752-YizhiDianLu/realtime/system_rst_clk1_0_stub.v:6]
WARNING: [Synth 8-7071] port 'mb_reset' of module 'system_rst_clk1_0' is unconnected for instance 'rst_clk1' [c:/Users/jielu/Desktop/Workspace/SpikeYOLO_FPGA/hw/vivado/out/spike_zybo.gen/sources_1/bd/system/synth/system.v:902]
WARNING: [Synth 8-7071] port 'bus_struct_reset' of module 'system_rst_clk1_0' is unconnected for instance 'rst_clk1' [c:/Users/jielu/Desktop/Workspace/SpikeYOLO_FPGA/hw/vivado/out/spike_zybo.gen/sources_1/bd/system/synth/system.v:902]
WARNING: [Synth 8-7071] port 'peripheral_reset' of module 'system_rst_clk1_0' is unconnected for instance 'rst_clk1' [c:/Users/jielu/Desktop/Workspace/SpikeYOLO_FPGA/hw/vivado/out/spike_zybo.gen/sources_1/bd/system/synth/system.v:902]
WARNING: [Synth 8-7071] port 'interconnect_aresetn' of module 'system_rst_clk1_0' is unconnected for instance 'rst_clk1' [c:/Users/jielu/Desktop/Workspace/SpikeYOLO_FPGA/hw/vivado/out/spike_zybo.gen/sources_1/bd/system/synth/system.v:902]
WARNING: [Synth 8-7071] port 'peripheral_aresetn' of module 'system_rst_clk1_0' is unconnected for instance 'rst_clk1' [c:/Users/jielu/Desktop/Workspace/SpikeYOLO_FPGA/hw/vivado/out/spike_zybo.gen/sources_1/bd/system/synth/system.v:902]
WARNING: [Synth 8-7023] instance 'rst_clk1' of module 'system_rst_clk1_0' has 10 connections declared, but only 5 given [c:/Users/jielu/Desktop/Workspace/SpikeYOLO_FPGA/hw/vivado/out/spike_zybo.gen/sources_1/bd/system/synth/system.v:902]
INFO: [Synth 8-6157] synthesizing module 'system_spike_accel_0_0' [C:/Users/jielu/Desktop/Workspace/SpikeYOLO_FPGA/hw/vivado/out/spike_zybo.runs/synth_1/.Xil/Vivado-8752-YizhiDianLu/realtime/system_spike_accel_0_0_stub.v:6]
INFO: [Synth 8-6155] done synthesizing module 'system_spike_accel_0_0' (0#1) [C:/Users/jielu/Desktop/Workspace/SpikeYOLO_FPGA/hw/vivado/out/spike_zybo.runs/synth_1/.Xil/Vivado-8752-YizhiDianLu/realtime/system_spike_accel_0_0_stub.v:6]
WARNING: [Synth 8-7071] port 's_axi_control_r_ARREADY' of module 'system_spike_accel_0_0' is unconnected for instance 'spike_accel_0' [c:/Users/jielu/Desktop/Workspace/SpikeYOLO_FPGA/hw/vivado/out/spike_zybo.gen/sources_1/bd/system/synth/system.v:908]
WARNING: [Synth 8-7071] port 's_axi_control_r_AWREADY' of module 'system_spike_accel_0_0' is unconnected for instance 'spike_accel_0' [c:/Users/jielu/Desktop/Workspace/SpikeYOLO_FPGA/hw/vivado/out/spike_zybo.gen/sources_1/bd/system/synth/system.v:908]
WARNING: [Synth 8-7071] port 's_axi_control_r_BRESP' of module 'system_spike_accel_0_0' is unconnected for instance 'spike_accel_0' [c:/Users/jielu/Desktop/Workspace/SpikeYOLO_FPGA/hw/vivado/out/spike_zybo.gen/sources_1/bd/system/synth/system.v:908]
WARNING: [Synth 8-7071] port 's_axi_control_r_BVALID' of module 'system_spike_accel_0_0' is unconnected for instance 'spike_accel_0' [c:/Users/jielu/Desktop/Workspace/SpikeYOLO_FPGA/hw/vivado/out/spike_zybo.gen/sources_1/bd/system/synth/system.v:908]
WARNING: [Synth 8-7071] port 's_axi_control_r_RDATA' of module 'system_spike_accel_0_0' is unconnected for instance 'spike_accel_0' [c:/Users/jielu/Desktop/Workspace/SpikeYOLO_FPGA/hw/vivado/out/spike_zybo.gen/sources_1/bd/system/synth/system.v:908]
WARNING: [Synth 8-7071] port 's_axi_control_r_RRESP' of module 'system_spike_accel_0_0' is unconnected for instance 'spike_accel_0' [c:/Users/jielu/Desktop/Workspace/SpikeYOLO_FPGA/hw/vivado/out/spike_zybo.gen/sources_1/bd/system/synth/system.v:908]
WARNING: [Synth 8-7071] port 's_axi_control_r_RVALID' of module 'system_spike_accel_0_0' is unconnected for instance 'spike_accel_0' [c:/Users/jielu/Desktop/Workspace/SpikeYOLO_FPGA/hw/vivado/out/spike_zybo.gen/sources_1/bd/system/synth/system.v:908]
WARNING: [Synth 8-7071] port 's_axi_control_r_WREADY' of module 'system_spike_accel_0_0' is unconnected for instance 'spike_accel_0' [c:/Users/jielu/Desktop/Workspace/SpikeYOLO_FPGA/hw/vivado/out/spike_zybo.gen/sources_1/bd/system/synth/system.v:908]
WARNING: [Synth 8-7071] port 'm_axi_gmem0_ARREGION' of module 'system_spike_accel_0_0' is unconnected for instance 'spike_accel_0' [c:/Users/jielu/Desktop/Workspace/SpikeYOLO_FPGA/hw/vivado/out/spike_zybo.gen/sources_1/bd/system/synth/system.v:908]
WARNING: [Synth 8-7071] port 'm_axi_gmem0_AWADDR' of module 'system_spike_accel_0_0' is unconnected for instance 'spike_accel_0' [c:/Users/jielu/Desktop/Workspace/SpikeYOLO_FPGA/hw/vivado/out/spike_zybo.gen/sources_1/bd/system/synth/system.v:908]
WARNING: [Synth 8-7071] port 'm_axi_gmem0_AWBURST' of module 'system_spike_accel_0_0' is unconnected for instance 'spike_accel_0' [c:/Users/jielu/Desktop/Workspace/SpikeYOLO_FPGA/hw/vivado/out/spike_zybo.gen/sources_1/bd/system/synth/system.v:908]
WARNING: [Synth 8-7071] port 'm_axi_gmem0_AWCACHE' of module 'system_spike_accel_0_0' is unconnected for instance 'spike_accel_0' [c:/Users/jielu/Desktop/Workspace/SpikeYOLO_FPGA/hw/vivado/out/spike_zybo.gen/sources_1/bd/system/synth/system.v:908]
WARNING: [Synth 8-7071] port 'm_axi_gmem0_AWID' of module 'system_spike_accel_0_0' is unconnected for instance 'spike_accel_0' [c:/Users/jielu/Desktop/Workspace/SpikeYOLO_FPGA/hw/vivado/out/spike_zybo.gen/sources_1/bd/system/synth/system.v:908]
WARNING: [Synth 8-7071] port 'm_axi_gmem0_AWLEN' of module 'system_spike_accel_0_0' is unconnected for instance 'spike_accel_0' [c:/Users/jielu/Desktop/Workspace/SpikeYOLO_FPGA/hw/vivado/out/spike_zybo.gen/sources_1/bd/system/synth/system.v:908]
WARNING: [Synth 8-7071] port 'm_axi_gmem0_AWLOCK' of module 'system_spike_accel_0_0' is unconnected for instance 'spike_accel_0' [c:/Users/jielu/Desktop/Workspace/SpikeYOLO_FPGA/hw/vivado/out/spike_zybo.gen/sources_1/bd/system/synth/system.v:908]
WARNING: [Synth 8-7071] port 'm_axi_gmem0_AWPROT' of module 'system_spike_accel_0_0' is unconnected for instance 'spike_accel_0' [c:/Users/jielu/Desktop/Workspace/SpikeYOLO_FPGA/hw/vivado/out/spike_zybo.gen/sources_1/bd/system/synth/system.v:908]
WARNING: [Synth 8-7071] port 'm_axi_gmem0_AWQOS' of module 'system_spike_accel_0_0' is unconnected for instance 'spike_accel_0' [c:/Users/jielu/Desktop/Workspace/SpikeYOLO_FPGA/hw/vivado/out/spike_zybo.gen/sources_1/bd/system/synth/system.v:908]
WARNING: [Synth 8-7071] port 'm_axi_gmem0_AWREGION' of module 'system_spike_accel_0_0' is unconnected for instance 'spike_accel_0' [c:/Users/jielu/Desktop/Workspace/SpikeYOLO_FPGA/hw/vivado/out/spike_zybo.gen/sources_1/bd/system/synth/system.v:908]
WARNING: [Synth 8-7071] port 'm_axi_gmem0_AWSIZE' of module 'system_spike_accel_0_0' is unconnected for instance 'spike_accel_0' [c:/Users/jielu/Desktop/Workspace/SpikeYOLO_FPGA/hw/vivado/out/spike_zybo.gen/sources_1/bd/system/synth/system.v:908]
WARNING: [Synth 8-7071] port 'm_axi_gmem0_AWVALID' of module 'system_spike_accel_0_0' is unconnected for instance 'spike_accel_0' [c:/Users/jielu/Desktop/Workspace/SpikeYOLO_FPGA/hw/vivado/out/spike_zybo.gen/sources_1/bd/system/synth/system.v:908]
WARNING: [Synth 8-7071] port 'm_axi_gmem0_BREADY' of module 'system_spike_accel_0_0' is unconnected for instance 'spike_accel_0' [c:/Users/jielu/Desktop/Workspace/SpikeYOLO_FPGA/hw/vivado/out/spike_zybo.gen/sources_1/bd/system/synth/system.v:908]
WARNING: [Synth 8-7071] port 'm_axi_gmem0_WDATA' of module 'system_spike_accel_0_0' is unconnected for instance 'spike_accel_0' [c:/Users/jielu/Desktop/Workspace/SpikeYOLO_FPGA/hw/vivado/out/spike_zybo.gen/sources_1/bd/system/synth/system.v:908]
WARNING: [Synth 8-7071] port 'm_axi_gmem0_WID' of module 'system_spike_accel_0_0' is unconnected for instance 'spike_accel_0' [c:/Users/jielu/Desktop/Workspace/SpikeYOLO_FPGA/hw/vivado/out/spike_zybo.gen/sources_1/bd/system/synth/system.v:908]
WARNING: [Synth 8-7071] port 'm_axi_gmem0_WLAST' of module 'system_spike_accel_0_0' is unconnected for instance 'spike_accel_0' [c:/Users/jielu/Desktop/Workspace/SpikeYOLO_FPGA/hw/vivado/out/spike_zybo.gen/sources_1/bd/system/synth/system.v:908]
WARNING: [Synth 8-7071] port 'm_axi_gmem0_WSTRB' of module 'system_spike_accel_0_0' is unconnected for instance 'spike_accel_0' [c:/Users/jielu/Desktop/Workspace/SpikeYOLO_FPGA/hw/vivado/out/spike_zybo.gen/sources_1/bd/system/synth/system.v:908]
WARNING: [Synth 8-7071] port 'm_axi_gmem0_WVALID' of module 'system_spike_accel_0_0' is unconnected for instance 'spike_accel_0' [c:/Users/jielu/Desktop/Workspace/SpikeYOLO_FPGA/hw/vivado/out/spike_zybo.gen/sources_1/bd/system/synth/system.v:908]
WARNING: [Synth 8-7071] port 'm_axi_gmem1_ARADDR' of module 'system_spike_accel_0_0' is unconnected for instance 'spike_accel_0' [c:/Users/jielu/Desktop/Workspace/SpikeYOLO_FPGA/hw/vivado/out/spike_zybo.gen/sources_1/bd/system/synth/system.v:908]
WARNING: [Synth 8-7071] port 'm_axi_gmem1_ARBURST' of module 'system_spike_accel_0_0' is unconnected for instance 'spike_accel_0' [c:/Users/jielu/Desktop/Workspace/SpikeYOLO_FPGA/hw/vivado/out/spike_zybo.gen/sources_1/bd/system/synth/system.v:908]
WARNING: [Synth 8-7071] port 'm_axi_gmem1_ARCACHE' of module 'system_spike_accel_0_0' is unconnected for instance 'spike_accel_0' [c:/Users/jielu/Desktop/Workspace/SpikeYOLO_FPGA/hw/vivado/out/spike_zybo.gen/sources_1/bd/system/synth/system.v:908]
WARNING: [Synth 8-7071] port 'm_axi_gmem1_ARID' of module 'system_spike_accel_0_0' is unconnected for instance 'spike_accel_0' [c:/Users/jielu/Desktop/Workspace/SpikeYOLO_FPGA/hw/vivado/out/spike_zybo.gen/sources_1/bd/system/synth/system.v:908]
WARNING: [Synth 8-7071] port 'm_axi_gmem1_ARLEN' of module 'system_spike_accel_0_0' is unconnected for instance 'spike_accel_0' [c:/Users/jielu/Desktop/Workspace/SpikeYOLO_FPGA/hw/vivado/out/spike_zybo.gen/sources_1/bd/system/synth/system.v:908]
WARNING: [Synth 8-7071] port 'm_axi_gmem1_ARLOCK' of module 'system_spike_accel_0_0' is unconnected for instance 'spike_accel_0' [c:/Users/jielu/Desktop/Workspace/SpikeYOLO_FPGA/hw/vivado/out/spike_zybo.gen/sources_1/bd/system/synth/system.v:908]
WARNING: [Synth 8-7071] port 'm_axi_gmem1_ARPROT' of module 'system_spike_accel_0_0' is unconnected for instance 'spike_accel_0' [c:/Users/jielu/Desktop/Workspace/SpikeYOLO_FPGA/hw/vivado/out/spike_zybo.gen/sources_1/bd/system/synth/system.v:908]
WARNING: [Synth 8-7071] port 'm_axi_gmem1_ARQOS' of module 'system_spike_accel_0_0' is unconnected for instance 'spike_accel_0' [c:/Users/jielu/Desktop/Workspace/SpikeYOLO_FPGA/hw/vivado/out/spike_zybo.gen/sources_1/bd/system/synth/system.v:908]
WARNING: [Synth 8-7071] port 'm_axi_gmem1_ARREGION' of module 'system_spike_accel_0_0' is unconnected for instance 'spike_accel_0' [c:/Users/jielu/Desktop/Workspace/SpikeYOLO_FPGA/hw/vivado/out/spike_zybo.gen/sources_1/bd/system/synth/system.v:908]
WARNING: [Synth 8-7071] port 'm_axi_gmem1_ARSIZE' of module 'system_spike_accel_0_0' is unconnected for instance 'spike_accel_0' [c:/Users/jielu/Desktop/Workspace/SpikeYOLO_FPGA/hw/vivado/out/spike_zybo.gen/sources_1/bd/system/synth/system.v:908]
WARNING: [Synth 8-7071] port 'm_axi_gmem1_ARVALID' of module 'system_spike_accel_0_0' is unconnected for instance 'spike_accel_0' [c:/Users/jielu/Desktop/Workspace/SpikeYOLO_FPGA/hw/vivado/out/spike_zybo.gen/sources_1/bd/system/synth/system.v:908]
WARNING: [Synth 8-7071] port 'm_axi_gmem1_AWREGION' of module 'system_spike_accel_0_0' is unconnected for instance 'spike_accel_0' [c:/Users/jielu/Desktop/Workspace/SpikeYOLO_FPGA/hw/vivado/out/spike_zybo.gen/sources_1/bd/system/synth/system.v:908]
WARNING: [Synth 8-7071] port 'm_axi_gmem1_RREADY' of module 'system_spike_accel_0_0' is unconnected for instance 'spike_accel_0' [c:/Users/jielu/Desktop/Workspace/SpikeYOLO_FPGA/hw/vivado/out/spike_zybo.gen/sources_1/bd/system/synth/system.v:908]
WARNING: [Synth 8-7071] port 'm_axi_gmem1_WID' of module 'system_spike_accel_0_0' is unconnected for instance 'spike_accel_0' [c:/Users/jielu/Desktop/Workspace/SpikeYOLO_FPGA/hw/vivado/out/spike_zybo.gen/sources_1/bd/system/synth/system.v:908]
WARNING: [Synth 8-7071] port 'm_axi_gmem2_ARREGION' of module 'system_spike_accel_0_0' is unconnected for instance 'spike_accel_0' [c:/Users/jielu/Desktop/Workspace/SpikeYOLO_FPGA/hw/vivado/out/spike_zybo.gen/sources_1/bd/system/synth/system.v:908]
WARNING: [Synth 8-7071] port 'm_axi_gmem2_AWADDR' of module 'system_spike_accel_0_0' is unconnected for instance 'spike_accel_0' [c:/Users/jielu/Desktop/Workspace/SpikeYOLO_FPGA/hw/vivado/out/spike_zybo.gen/sources_1/bd/system/synth/system.v:908]
WARNING: [Synth 8-7071] port 'm_axi_gmem2_AWBURST' of module 'system_spike_accel_0_0' is unconnected for instance 'spike_accel_0' [c:/Users/jielu/Desktop/Workspace/SpikeYOLO_FPGA/hw/vivado/out/spike_zybo.gen/sources_1/bd/system/synth/system.v:908]
WARNING: [Synth 8-7071] port 'm_axi_gmem2_AWCACHE' of module 'system_spike_accel_0_0' is unconnected for instance 'spike_accel_0' [c:/Users/jielu/Desktop/Workspace/SpikeYOLO_FPGA/hw/vivado/out/spike_zybo.gen/sources_1/bd/system/synth/system.v:908]
WARNING: [Synth 8-7071] port 'm_axi_gmem2_AWID' of module 'system_spike_accel_0_0' is unconnected for instance 'spike_accel_0' [c:/Users/jielu/Desktop/Workspace/SpikeYOLO_FPGA/hw/vivado/out/spike_zybo.gen/sources_1/bd/system/synth/system.v:908]
WARNING: [Synth 8-7071] port 'm_axi_gmem2_AWLEN' of module 'system_spike_accel_0_0' is unconnected for instance 'spike_accel_0' [c:/Users/jielu/Desktop/Workspace/SpikeYOLO_FPGA/hw/vivado/out/spike_zybo.gen/sources_1/bd/system/synth/system.v:908]
WARNING: [Synth 8-7071] port 'm_axi_gmem2_AWLOCK' of module 'system_spike_accel_0_0' is unconnected for instance 'spike_accel_0' [c:/Users/jielu/Desktop/Workspace/SpikeYOLO_FPGA/hw/vivado/out/spike_zybo.gen/sources_1/bd/system/synth/system.v:908]
WARNING: [Synth 8-7071] port 'm_axi_gmem2_AWPROT' of module 'system_spike_accel_0_0' is unconnected for instance 'spike_accel_0' [c:/Users/jielu/Desktop/Workspace/SpikeYOLO_FPGA/hw/vivado/out/spike_zybo.gen/sources_1/bd/system/synth/system.v:908]
WARNING: [Synth 8-7071] port 'm_axi_gmem2_AWQOS' of module 'system_spike_accel_0_0' is unconnected for instance 'spike_accel_0' [c:/Users/jielu/Desktop/Workspace/SpikeYOLO_FPGA/hw/vivado/out/spike_zybo.gen/sources_1/bd/system/synth/system.v:908]
WARNING: [Synth 8-7071] port 'm_axi_gmem2_AWREGION' of module 'system_spike_accel_0_0' is unconnected for instance 'spike_accel_0' [c:/Users/jielu/Desktop/Workspace/SpikeYOLO_FPGA/hw/vivado/out/spike_zybo.gen/sources_1/bd/system/synth/system.v:908]
WARNING: [Synth 8-7071] port 'm_axi_gmem2_AWSIZE' of module 'system_spike_accel_0_0' is unconnected for instance 'spike_accel_0' [c:/Users/jielu/Desktop/Workspace/SpikeYOLO_FPGA/hw/vivado/out/spike_zybo.gen/sources_1/bd/system/synth/system.v:908]
WARNING: [Synth 8-7071] port 'm_axi_gmem2_AWVALID' of module 'system_spike_accel_0_0' is unconnected for instance 'spike_accel_0' [c:/Users/jielu/Desktop/Workspace/SpikeYOLO_FPGA/hw/vivado/out/spike_zybo.gen/sources_1/bd/system/synth/system.v:908]
WARNING: [Synth 8-7071] port 'm_axi_gmem2_BREADY' of module 'system_spike_accel_0_0' is unconnected for instance 'spike_accel_0' [c:/Users/jielu/Desktop/Workspace/SpikeYOLO_FPGA/hw/vivado/out/spike_zybo.gen/sources_1/bd/system/synth/system.v:908]
WARNING: [Synth 8-7071] port 'm_axi_gmem2_WDATA' of module 'system_spike_accel_0_0' is unconnected for instance 'spike_accel_0' [c:/Users/jielu/Desktop/Workspace/SpikeYOLO_FPGA/hw/vivado/out/spike_zybo.gen/sources_1/bd/system/synth/system.v:908]
WARNING: [Synth 8-7071] port 'm_axi_gmem2_WID' of module 'system_spike_accel_0_0' is unconnected for instance 'spike_accel_0' [c:/Users/jielu/Desktop/Workspace/SpikeYOLO_FPGA/hw/vivado/out/spike_zybo.gen/sources_1/bd/system/synth/system.v:908]
WARNING: [Synth 8-7071] port 'm_axi_gmem2_WLAST' of module 'system_spike_accel_0_0' is unconnected for instance 'spike_accel_0' [c:/Users/jielu/Desktop/Workspace/SpikeYOLO_FPGA/hw/vivado/out/spike_zybo.gen/sources_1/bd/system/synth/system.v:908]
WARNING: [Synth 8-7071] port 'm_axi_gmem2_WSTRB' of module 'system_spike_accel_0_0' is unconnected for instance 'spike_accel_0' [c:/Users/jielu/Desktop/Workspace/SpikeYOLO_FPGA/hw/vivado/out/spike_zybo.gen/sources_1/bd/system/synth/system.v:908]
WARNING: [Synth 8-7071] port 'm_axi_gmem2_WVALID' of module 'system_spike_accel_0_0' is unconnected for instance 'spike_accel_0' [c:/Users/jielu/Desktop/Workspace/SpikeYOLO_FPGA/hw/vivado/out/spike_zybo.gen/sources_1/bd/system/synth/system.v:908]
WARNING: [Synth 8-7071] port 'm_axi_gmem3_ARREGION' of module 'system_spike_accel_0_0' is unconnected for instance 'spike_accel_0' [c:/Users/jielu/Desktop/Workspace/SpikeYOLO_FPGA/hw/vivado/out/spike_zybo.gen/sources_1/bd/system/synth/system.v:908]
WARNING: [Synth 8-7071] port 'm_axi_gmem3_AWREGION' of module 'system_spike_accel_0_0' is unconnected for instance 'spike_accel_0' [c:/Users/jielu/Desktop/Workspace/SpikeYOLO_FPGA/hw/vivado/out/spike_zybo.gen/sources_1/bd/system/synth/system.v:908]
WARNING: [Synth 8-7071] port 'm_axi_gmem3_WID' of module 'system_spike_accel_0_0' is unconnected for instance 'spike_accel_0' [c:/Users/jielu/Desktop/Workspace/SpikeYOLO_FPGA/hw/vivado/out/spike_zybo.gen/sources_1/bd/system/synth/system.v:908]
WARNING: [Synth 8-7071] port 'm_axi_gmem4_ARREGION' of module 'system_spike_accel_0_0' is unconnected for instance 'spike_accel_0' [c:/Users/jielu/Desktop/Workspace/SpikeYOLO_FPGA/hw/vivado/out/spike_zybo.gen/sources_1/bd/system/synth/system.v:908]
WARNING: [Synth 8-7071] port 'm_axi_gmem4_AWREGION' of module 'system_spike_accel_0_0' is unconnected for instance 'spike_accel_0' [c:/Users/jielu/Desktop/Workspace/SpikeYOLO_FPGA/hw/vivado/out/spike_zybo.gen/sources_1/bd/system/synth/system.v:908]
WARNING: [Synth 8-7071] port 'm_axi_gmem4_WID' of module 'system_spike_accel_0_0' is unconnected for instance 'spike_accel_0' [c:/Users/jielu/Desktop/Workspace/SpikeYOLO_FPGA/hw/vivado/out/spike_zybo.gen/sources_1/bd/system/synth/system.v:908]
INFO: [Common 17-14] Message 'Synth 8-7071' appears 100 times and further instances of the messages will be disabled. Use the Tcl command set_msg_config to change the current settings.
WARNING: [Synth 8-7023] instance 'spike_accel_0' of module 'system_spike_accel_0_0' has 237 connections declared, but only 173 given [c:/Users/jielu/Desktop/Workspace/SpikeYOLO_FPGA/hw/vivado/out/spike_zybo.gen/sources_1/bd/system/synth/system.v:908]
INFO: [Synth 8-6155] done synthesizing module 'system' (0#1) [c:/Users/jielu/Desktop/Workspace/SpikeYOLO_FPGA/hw/vivado/out/spike_zybo.gen/sources_1/bd/system/synth/system.v:13]
INFO: [Synth 8-6155] done synthesizing module 'system_wrapper' (0#1) [C:/Users/jielu/Desktop/Workspace/SpikeYOLO_FPGA/hw/vivado/out/spike_zybo.gen/sources_1/bd/system/hdl/system_wrapper.v:13]
WARNING: [Synth 8-7129] Port In3[0] in module xlconcat_v2_1_6_xlconcat is either unconnected or has no load
WARNING: [Synth 8-7129] Port In4[0] in module xlconcat_v2_1_6_xlconcat is either unconnected or has no load
WARNING: [Synth 8-7129] Port In5[0] in module xlconcat_v2_1_6_xlconcat is either unconnected or has no load
WARNING: [Synth 8-7129] Port In6[0] in module xlconcat_v2_1_6_xlconcat is either unconnected or has no load
WARNING: [Synth 8-7129] Port In7[0] in module xlconcat_v2_1_6_xlconcat is either unconnected or has no load
WARNING: [Synth 8-7129] Port In8[0] in module xlconcat_v2_1_6_xlconcat is either unconnected or has no load
WARNING: [Synth 8-7129] Port In9[0] in module xlconcat_v2_1_6_xlconcat is either unconnected or has no load
WARNING: [Synth 8-7129] Port In10[0] in module xlconcat_v2_1_6_xlconcat is either unconnected or has no load
WARNING: [Synth 8-7129] Port In11[0] in module xlconcat_v2_1_6_xlconcat is either unconnected or has no load
WARNING: [Synth 8-7129] Port In12[0] in module xlconcat_v2_1_6_xlconcat is either unconnected or has no load
WARNING: [Synth 8-7129] Port In13[0] in module xlconcat_v2_1_6_xlconcat is either unconnected or has no load
WARNING: [Synth 8-7129] Port In14[0] in module xlconcat_v2_1_6_xlconcat is either unconnected or has no load
WARNING: [Synth 8-7129] Port In15[0] in module xlconcat_v2_1_6_xlconcat is either unconnected or has no load
WARNING: [Synth 8-7129] Port In16[0] in module xlconcat_v2_1_6_xlconcat is either unconnected or has no load
WARNING: [Synth 8-7129] Port In17[0] in module xlconcat_v2_1_6_xlconcat is either unconnected or has no load
WARNING: [Synth 8-7129] Port In18[0] in module xlconcat_v2_1_6_xlconcat is either unconnected or has no load
WARNING: [Synth 8-7129] Port In19[0] in module xlconcat_v2_1_6_xlconcat is either unconnected or has no load
WARNING: [Synth 8-7129] Port In20[0] in module xlconcat_v2_1_6_xlconcat is either unconnected or has no load
WARNING: [Synth 8-7129] Port In21[0] in module xlconcat_v2_1_6_xlconcat is either unconnected or has no load
WARNING: [Synth 8-7129] Port In22[0] in module xlconcat_v2_1_6_xlconcat is either unconnected or has no load
WARNING: [Synth 8-7129] Port In23[0] in module xlconcat_v2_1_6_xlconcat is either unconnected or has no load
WARNING: [Synth 8-7129] Port In24[0] in module xlconcat_v2_1_6_xlconcat is either unconnected or has no load
WARNING: [Synth 8-7129] Port In25[0] in module xlconcat_v2_1_6_xlconcat is either unconnected or has no load
WARNING: [Synth 8-7129] Port In26[0] in module xlconcat_v2_1_6_xlconcat is either unconnected or has no load
WARNING: [Synth 8-7129] Port In27[0] in module xlconcat_v2_1_6_xlconcat is either unconnected or has no load
WARNING: [Synth 8-7129] Port In28[0] in module xlconcat_v2_1_6_xlconcat is either unconnected or has no load
WARNING: [Synth 8-7129] Port In29[0] in module xlconcat_v2_1_6_xlconcat is either unconnected or has no load
WARNING: [Synth 8-7129] Port In30[0] in module xlconcat_v2_1_6_xlconcat is either unconnected or has no load
WARNING: [Synth 8-7129] Port In31[0] in module xlconcat_v2_1_6_xlconcat is either unconnected or has no load
WARNING: [Synth 8-7129] Port In32[0] in module xlconcat_v2_1_6_xlconcat is either unconnected or has no load
WARNING: [Synth 8-7129] Port In33[0] in module xlconcat_v2_1_6_xlconcat is either unconnected or has no load
WARNING: [Synth 8-7129] Port In34[0] in module xlconcat_v2_1_6_xlconcat is either unconnected or has no load
WARNING: [Synth 8-7129] Port In35[0] in module xlconcat_v2_1_6_xlconcat is either unconnected or has no load
WARNING: [Synth 8-7129] Port In36[0] in module xlconcat_v2_1_6_xlconcat is either unconnected or has no load
WARNING: [Synth 8-7129] Port In37[0] in module xlconcat_v2_1_6_xlconcat is either unconnected or has no load
WARNING: [Synth 8-7129] Port In38[0] in module xlconcat_v2_1_6_xlconcat is either unconnected or has no load
WARNING: [Synth 8-7129] Port In39[0] in module xlconcat_v2_1_6_xlconcat is either unconnected or has no load
WARNING: [Synth 8-7129] Port In40[0] in module xlconcat_v2_1_6_xlconcat is either unconnected or has no load
WARNING: [Synth 8-7129] Port In41[0] in module xlconcat_v2_1_6_xlconcat is either unconnected or has no load
WARNING: [Synth 8-7129] Port In42[0] in module xlconcat_v2_1_6_xlconcat is either unconnected or has no load
WARNING: [Synth 8-7129] Port In43[0] in module xlconcat_v2_1_6_xlconcat is either unconnected or has no load
WARNING: [Synth 8-7129] Port In44[0] in module xlconcat_v2_1_6_xlconcat is either unconnected or has no load
WARNING: [Synth 8-7129] Port In45[0] in module xlconcat_v2_1_6_xlconcat is either unconnected or has no load
WARNING: [Synth 8-7129] Port In46[0] in module xlconcat_v2_1_6_xlconcat is either unconnected or has no load
WARNING: [Synth 8-7129] Port In47[0] in module xlconcat_v2_1_6_xlconcat is either unconnected or has no load
WARNING: [Synth 8-7129] Port In48[0] in module xlconcat_v2_1_6_xlconcat is either unconnected or has no load
WARNING: [Synth 8-7129] Port In49[0] in module xlconcat_v2_1_6_xlconcat is either unconnected or has no load
WARNING: [Synth 8-7129] Port In50[0] in module xlconcat_v2_1_6_xlconcat is either unconnected or has no load
WARNING: [Synth 8-7129] Port In51[0] in module xlconcat_v2_1_6_xlconcat is either unconnected or has no load
WARNING: [Synth 8-7129] Port In52[0] in module xlconcat_v2_1_6_xlconcat is either unconnected or has no load
WARNING: [Synth 8-7129] Port In53[0] in module xlconcat_v2_1_6_xlconcat is either unconnected or has no load
WARNING: [Synth 8-7129] Port In54[0] in module xlconcat_v2_1_6_xlconcat is either unconnected or has no load
WARNING: [Synth 8-7129] Port In55[0] in module xlconcat_v2_1_6_xlconcat is either unconnected or has no load
WARNING: [Synth 8-7129] Port In56[0] in module xlconcat_v2_1_6_xlconcat is either unconnected or has no load
WARNING: [Synth 8-7129] Port In57[0] in module xlconcat_v2_1_6_xlconcat is either unconnected or has no load
WARNING: [Synth 8-7129] Port In58[0] in module xlconcat_v2_1_6_xlconcat is either unconnected or has no load
WARNING: [Synth 8-7129] Port In59[0] in module xlconcat_v2_1_6_xlconcat is either unconnected or has no load
WARNING: [Synth 8-7129] Port In60[0] in module xlconcat_v2_1_6_xlconcat is either unconnected or has no load
WARNING: [Synth 8-7129] Port In61[0] in module xlconcat_v2_1_6_xlconcat is either unconnected or has no load
WARNING: [Synth 8-7129] Port In62[0] in module xlconcat_v2_1_6_xlconcat is either unconnected or has no load
WARNING: [Synth 8-7129] Port In63[0] in module xlconcat_v2_1_6_xlconcat is either unconnected or has no load
WARNING: [Synth 8-7129] Port In64[0] in module xlconcat_v2_1_6_xlconcat is either unconnected or has no load
WARNING: [Synth 8-7129] Port In65[0] in module xlconcat_v2_1_6_xlconcat is either unconnected or has no load
WARNING: [Synth 8-7129] Port In66[0] in module xlconcat_v2_1_6_xlconcat is either unconnected or has no load
WARNING: [Synth 8-7129] Port In67[0] in module xlconcat_v2_1_6_xlconcat is either unconnected or has no load
WARNING: [Synth 8-7129] Port In68[0] in module xlconcat_v2_1_6_xlconcat is either unconnected or has no load
WARNING: [Synth 8-7129] Port In69[0] in module xlconcat_v2_1_6_xlconcat is either unconnected or has no load
WARNING: [Synth 8-7129] Port In70[0] in module xlconcat_v2_1_6_xlconcat is either unconnected or has no load
WARNING: [Synth 8-7129] Port In71[0] in module xlconcat_v2_1_6_xlconcat is either unconnected or has no load
WARNING: [Synth 8-7129] Port In72[0] in module xlconcat_v2_1_6_xlconcat is either unconnected or has no load
WARNING: [Synth 8-7129] Port In73[0] in module xlconcat_v2_1_6_xlconcat is either unconnected or has no load
WARNING: [Synth 8-7129] Port In74[0] in module xlconcat_v2_1_6_xlconcat is either unconnected or has no load
WARNING: [Synth 8-7129] Port In75[0] in module xlconcat_v2_1_6_xlconcat is either unconnected or has no load
WARNING: [Synth 8-7129] Port In76[0] in module xlconcat_v2_1_6_xlconcat is either unconnected or has no load
WARNING: [Synth 8-7129] Port In77[0] in module xlconcat_v2_1_6_xlconcat is either unconnected or has no load
WARNING: [Synth 8-7129] Port In78[0] in module xlconcat_v2_1_6_xlconcat is either unconnected or has no load
WARNING: [Synth 8-7129] Port In79[0] in module xlconcat_v2_1_6_xlconcat is either unconnected or has no load
WARNING: [Synth 8-7129] Port In80[0] in module xlconcat_v2_1_6_xlconcat is either unconnected or has no load
WARNING: [Synth 8-7129] Port In81[0] in module xlconcat_v2_1_6_xlconcat is either unconnected or has no load
WARNING: [Synth 8-7129] Port In82[0] in module xlconcat_v2_1_6_xlconcat is either unconnected or has no load
WARNING: [Synth 8-7129] Port In83[0] in module xlconcat_v2_1_6_xlconcat is either unconnected or has no load
WARNING: [Synth 8-7129] Port In84[0] in module xlconcat_v2_1_6_xlconcat is either unconnected or has no load
WARNING: [Synth 8-7129] Port In85[0] in module xlconcat_v2_1_6_xlconcat is either unconnected or has no load
WARNING: [Synth 8-7129] Port In86[0] in module xlconcat_v2_1_6_xlconcat is either unconnected or has no load
WARNING: [Synth 8-7129] Port In87[0] in module xlconcat_v2_1_6_xlconcat is either unconnected or has no load
WARNING: [Synth 8-7129] Port In88[0] in module xlconcat_v2_1_6_xlconcat is either unconnected or has no load
WARNING: [Synth 8-7129] Port In89[0] in module xlconcat_v2_1_6_xlconcat is either unconnected or has no load
WARNING: [Synth 8-7129] Port In90[0] in module xlconcat_v2_1_6_xlconcat is either unconnected or has no load
WARNING: [Synth 8-7129] Port In91[0] in module xlconcat_v2_1_6_xlconcat is either unconnected or has no load
WARNING: [Synth 8-7129] Port In92[0] in module xlconcat_v2_1_6_xlconcat is either unconnected or has no load
WARNING: [Synth 8-7129] Port In93[0] in module xlconcat_v2_1_6_xlconcat is either unconnected or has no load
WARNING: [Synth 8-7129] Port In94[0] in module xlconcat_v2_1_6_xlconcat is either unconnected or has no load
WARNING: [Synth 8-7129] Port In95[0] in module xlconcat_v2_1_6_xlconcat is either unconnected or has no load
WARNING: [Synth 8-7129] Port In96[0] in module xlconcat_v2_1_6_xlconcat is either unconnected or has no load
WARNING: [Synth 8-7129] Port In97[0] in module xlconcat_v2_1_6_xlconcat is either unconnected or has no load
WARNING: [Synth 8-7129] Port In98[0] in module xlconcat_v2_1_6_xlconcat is either unconnected or has no load
WARNING: [Synth 8-7129] Port In99[0] in module xlconcat_v2_1_6_xlconcat is either unconnected or has no load
WARNING: [Synth 8-7129] Port In100[0] in module xlconcat_v2_1_6_xlconcat is either unconnected or has no load
WARNING: [Synth 8-7129] Port In101[0] in module xlconcat_v2_1_6_xlconcat is either unconnected or has no load
WARNING: [Synth 8-7129] Port In102[0] in module xlconcat_v2_1_6_xlconcat is either unconnected or has no load
INFO: [Common 17-14] Message 'Synth 8-7129' appears 100 times and further instances of the messages will be disabled. Use the Tcl command set_msg_config to change the current settings.
---------------------------------------------------------------------------------
Finished RTL Elaboration : Time (s): cpu = 00:00:05 ; elapsed = 00:00:06 . Memory (MB): peak = 1798.738 ; gain = 570.383
---------------------------------------------------------------------------------
---------------------------------------------------------------------------------
Start Handling Custom Attributes
---------------------------------------------------------------------------------
---------------------------------------------------------------------------------
Finished Handling Custom Attributes : Time (s): cpu = 00:00:05 ; elapsed = 00:00:06 . Memory (MB): peak = 1798.738 ; gain = 570.383
---------------------------------------------------------------------------------
---------------------------------------------------------------------------------
Finished RTL Optimization Phase 1 : Time (s): cpu = 00:00:05 ; elapsed = 00:00:06 . Memory (MB): peak = 1798.738 ; gain = 570.383
---------------------------------------------------------------------------------
Netlist sorting complete. Time (s): cpu = 00:00:00 ; elapsed = 00:00:00.013 . Memory (MB): peak = 1798.738 ; gain = 0.000
INFO: [Project 1-570] Preparing netlist for logic optimization

Processing XDC Constraints
Initializing timing engine
Parsing XDC File [c:/Users/jielu/Desktop/Workspace/SpikeYOLO_FPGA/hw/vivado/out/spike_zybo.gen/sources_1/bd/system/ip/system_ps_0_0/system_ps_0_0/system_ps_0_0_in_context.xdc] for cell 'system_i/ps_0'
Finished Parsing XDC File [c:/Users/jielu/Desktop/Workspace/SpikeYOLO_FPGA/hw/vivado/out/spike_zybo.gen/sources_1/bd/system/ip/system_ps_0_0/system_ps_0_0/system_ps_0_0_in_context.xdc] for cell 'system_i/ps_0'
Parsing XDC File [c:/Users/jielu/Desktop/Workspace/SpikeYOLO_FPGA/hw/vivado/out/spike_zybo.gen/sources_1/bd/system/ip/system_spike_accel_0_0/system_spike_accel_0_0/system_spike_accel_0_0_in_context.xdc] for cell 'system_i/spike_accel_0'
Finished Parsing XDC File [c:/Users/jielu/Desktop/Workspace/SpikeYOLO_FPGA/hw/vivado/out/spike_zybo.gen/sources_1/bd/system/ip/system_spike_accel_0_0/system_spike_accel_0_0/system_spike_accel_0_0_in_context.xdc] for cell 'system_i/spike_accel_0'
Parsing XDC File [c:/Users/jielu/Desktop/Workspace/SpikeYOLO_FPGA/hw/vivado/out/spike_zybo.gen/sources_1/bd/system/ip/system_axi_dma_feat_0/system_axi_dma_feat_0/system_axi_dma_feat_0_in_context.xdc] for cell 'system_i/axi_dma_feat'
Finished Parsing XDC File [c:/Users/jielu/Desktop/Workspace/SpikeYOLO_FPGA/hw/vivado/out/spike_zybo.gen/sources_1/bd/system/ip/system_axi_dma_feat_0/system_axi_dma_feat_0/system_axi_dma_feat_0_in_context.xdc] for cell 'system_i/axi_dma_feat'
Parsing XDC File [c:/Users/jielu/Desktop/Workspace/SpikeYOLO_FPGA/hw/vivado/out/spike_zybo.gen/sources_1/bd/system/ip/system_ic_ctrl_0/system_ic_ctrl_0/system_ic_ctrl_0_in_context.xdc] for cell 'system_i/ic_ctrl'
Finished Parsing XDC File [c:/Users/jielu/Desktop/Workspace/SpikeYOLO_FPGA/hw/vivado/out/spike_zybo.gen/sources_1/bd/system/ip/system_ic_ctrl_0/system_ic_ctrl_0/system_ic_ctrl_0_in_context.xdc] for cell 'system_i/ic_ctrl'
Parsing XDC File [c:/Users/jielu/Desktop/Workspace/SpikeYOLO_FPGA/hw/vivado/out/spike_zybo.gen/sources_1/bd/system/ip/system_ic_data_hp0_0/system_ic_data_hp0_0/system_ic_data_hp0_0_in_context.xdc] for cell 'system_i/ic_data_hp0'
Finished Parsing XDC File [c:/Users/jielu/Desktop/Workspace/SpikeYOLO_FPGA/hw/vivado/out/spike_zybo.gen/sources_1/bd/system/ip/system_ic_data_hp0_0/system_ic_data_hp0_0/system_ic_data_hp0_0_in_context.xdc] for cell 'system_i/ic_data_hp0'
Parsing XDC File [c:/Users/jielu/Desktop/Workspace/SpikeYOLO_FPGA/hw/vivado/out/spike_zybo.gen/sources_1/bd/system/ip/system_ic_data_hp1_0/system_ic_data_hp1_0/system_ic_data_hp1_0_in_context.xdc] for cell 'system_i/ic_data_hp1'
Finished Parsing XDC File [c:/Users/jielu/Desktop/Workspace/SpikeYOLO_FPGA/hw/vivado/out/spike_zybo.gen/sources_1/bd/system/ip/system_ic_data_hp1_0/system_ic_data_hp1_0/system_ic_data_hp1_0_in_context.xdc] for cell 'system_i/ic_data_hp1'
Parsing XDC File [c:/Users/jielu/Desktop/Workspace/SpikeYOLO_FPGA/hw/vivado/out/spike_zybo.gen/sources_1/bd/system/ip/system_rst_clk0_0/system_rst_clk0_0/system_rst_clk0_0_in_context.xdc] for cell 'system_i/rst_clk0'
Finished Parsing XDC File [c:/Users/jielu/Desktop/Workspace/SpikeYOLO_FPGA/hw/vivado/out/spike_zybo.gen/sources_1/bd/system/ip/system_rst_clk0_0/system_rst_clk0_0/system_rst_clk0_0_in_context.xdc] for cell 'system_i/rst_clk0'
Parsing XDC File [c:/Users/jielu/Desktop/Workspace/SpikeYOLO_FPGA/hw/vivado/out/spike_zybo.gen/sources_1/bd/system/ip/system_rst_clk1_0/system_rst_clk1_0/system_rst_clk1_0_in_context.xdc] for cell 'system_i/rst_clk1'
Finished Parsing XDC File [c:/Users/jielu/Desktop/Workspace/SpikeYOLO_FPGA/hw/vivado/out/spike_zybo.gen/sources_1/bd/system/ip/system_rst_clk1_0/system_rst_clk1_0/system_rst_clk1_0_in_context.xdc] for cell 'system_i/rst_clk1'
Parsing XDC File [C:/Users/jielu/Desktop/Workspace/SpikeYOLO_FPGA/hw/vivado/constraints/zybo_z7_20.xdc]
WARNING: [Vivado 12-584] No ports matched 'sys_clk'. [C:/Users/jielu/Desktop/Workspace/SpikeYOLO_FPGA/hw/vivado/constraints/zybo_z7_20.xdc:11]
WARNING: [Vivado 12-584] No ports matched 'sys_clk'. [C:/Users/jielu/Desktop/Workspace/SpikeYOLO_FPGA/hw/vivado/constraints/zybo_z7_20.xdc:12]
WARNING: [Vivado 12-584] No ports matched 'sw[0]'. [C:/Users/jielu/Desktop/Workspace/SpikeYOLO_FPGA/hw/vivado/constraints/zybo_z7_20.xdc:15]
WARNING: [Vivado 12-584] No ports matched 'sw[1]'. [C:/Users/jielu/Desktop/Workspace/SpikeYOLO_FPGA/hw/vivado/constraints/zybo_z7_20.xdc:16]
WARNING: [Vivado 12-584] No ports matched 'sw[2]'. [C:/Users/jielu/Desktop/Workspace/SpikeYOLO_FPGA/hw/vivado/constraints/zybo_z7_20.xdc:17]
WARNING: [Vivado 12-584] No ports matched 'sw[3]'. [C:/Users/jielu/Desktop/Workspace/SpikeYOLO_FPGA/hw/vivado/constraints/zybo_z7_20.xdc:18]
WARNING: [Vivado 12-584] No ports matched 'led[0]'. [C:/Users/jielu/Desktop/Workspace/SpikeYOLO_FPGA/hw/vivado/constraints/zybo_z7_20.xdc:21]
WARNING: [Vivado 12-584] No ports matched 'led[1]'. [C:/Users/jielu/Desktop/Workspace/SpikeYOLO_FPGA/hw/vivado/constraints/zybo_z7_20.xdc:22]
WARNING: [Vivado 12-584] No ports matched 'led[2]'. [C:/Users/jielu/Desktop/Workspace/SpikeYOLO_FPGA/hw/vivado/constraints/zybo_z7_20.xdc:23]
WARNING: [Vivado 12-584] No ports matched 'led[3]'. [C:/Users/jielu/Desktop/Workspace/SpikeYOLO_FPGA/hw/vivado/constraints/zybo_z7_20.xdc:24]
WARNING: [Vivado 12-584] No ports matched 'hdmi_tx_clk_p'. [C:/Users/jielu/Desktop/Workspace/SpikeYOLO_FPGA/hw/vivado/constraints/zybo_z7_20.xdc:27]
WARNING: [Vivado 12-584] No ports matched 'hdmi_tx_clk_n'. [C:/Users/jielu/Desktop/Workspace/SpikeYOLO_FPGA/hw/vivado/constraints/zybo_z7_20.xdc:28]
WARNING: [Vivado 12-584] No ports matched 'hdmi_tx_data_p[0]'. [C:/Users/jielu/Desktop/Workspace/SpikeYOLO_FPGA/hw/vivado/constraints/zybo_z7_20.xdc:29]
WARNING: [Vivado 12-584] No ports matched 'hdmi_tx_data_n[0]'. [C:/Users/jielu/Desktop/Workspace/SpikeYOLO_FPGA/hw/vivado/constraints/zybo_z7_20.xdc:30]
WARNING: [Vivado 12-584] No ports matched 'hdmi_tx_data_p[1]'. [C:/Users/jielu/Desktop/Workspace/SpikeYOLO_FPGA/hw/vivado/constraints/zybo_z7_20.xdc:31]
WARNING: [Vivado 12-584] No ports matched 'hdmi_tx_data_n[1]'. [C:/Users/jielu/Desktop/Workspace/SpikeYOLO_FPGA/hw/vivado/constraints/zybo_z7_20.xdc:32]
WARNING: [Vivado 12-584] No ports matched 'hdmi_tx_data_p[2]'. [C:/Users/jielu/Desktop/Workspace/SpikeYOLO_FPGA/hw/vivado/constraints/zybo_z7_20.xdc:33]
WARNING: [Vivado 12-584] No ports matched 'hdmi_tx_data_n[2]'. [C:/Users/jielu/Desktop/Workspace/SpikeYOLO_FPGA/hw/vivado/constraints/zybo_z7_20.xdc:34]
WARNING: [Vivado 12-584] No ports matched 'hdmi_tx_hpd'. [C:/Users/jielu/Desktop/Workspace/SpikeYOLO_FPGA/hw/vivado/constraints/zybo_z7_20.xdc:37]
WARNING: [Vivado 12-584] No ports matched 'hdmi_tx_ddc_sda'. [C:/Users/jielu/Desktop/Workspace/SpikeYOLO_FPGA/hw/vivado/constraints/zybo_z7_20.xdc:38]
WARNING: [Vivado 12-584] No ports matched 'hdmi_tx_ddc_scl'. [C:/Users/jielu/Desktop/Workspace/SpikeYOLO_FPGA/hw/vivado/constraints/zybo_z7_20.xdc:39]
CRITICAL WARNING: [Netlist 29-177] Cannot set property 'BITSTREAM.CONFIG.SPI_BUSWIDTH' because the property does not exist. [C:/Users/jielu/Desktop/Workspace/SpikeYOLO_FPGA/hw/vivado/constraints/zybo_z7_20.xdc:54]
Resolution: Create this property using create_property command before setting it.
Finished Parsing XDC File [C:/Users/jielu/Desktop/Workspace/SpikeYOLO_FPGA/hw/vivado/constraints/zybo_z7_20.xdc]
WARNING: [Project 1-498] One or more constraints failed evaluation while reading constraint file [C:/Users/jielu/Desktop/Workspace/SpikeYOLO_FPGA/hw/vivado/constraints/zybo_z7_20.xdc] and the design contains unresolved black boxes. These constraints will be read post-synthesis (as long as their source constraint file is marked as used_in_implementation) and should be applied correctly then. You should review the constraints listed in the file [.Xil/system_wrapper_propImpl.xdc] and check the run log file to verify that these constraints were correctly applied.
Parsing XDC File [C:/Users/jielu/Desktop/Workspace/SpikeYOLO_FPGA/hw/vivado/out/spike_zybo.runs/synth_1/dont_touch.xdc]
Finished Parsing XDC File [C:/Users/jielu/Desktop/Workspace/SpikeYOLO_FPGA/hw/vivado/out/spike_zybo.runs/synth_1/dont_touch.xdc]
Completed Processing XDC Constraints

Netlist sorting complete. Time (s): cpu = 00:00:00 ; elapsed = 00:00:00 . Memory (MB): peak = 1798.738 ; gain = 0.000
INFO: [Project 1-111] Unisim Transformation Summary:
No Unisim elements were transformed.

Constraint Validation Runtime : Time (s): cpu = 00:00:00 ; elapsed = 00:00:00.008 . Memory (MB): peak = 1798.738 ; gain = 0.000
INFO: [Designutils 20-5440] No compile time benefit to using incremental synthesis; A full resynthesis will be run
INFO: [Designutils 20-4379] Flow is switching to default flow due to incremental criteria not met. If you would like to alter this behaviour and have the flow terminate instead, please set the following parameter config_implementation {autoIncr.Synth.RejectBehavior Terminate}
---------------------------------------------------------------------------------
Finished Constraint Validation : Time (s): cpu = 00:00:12 ; elapsed = 00:00:13 . Memory (MB): peak = 1798.738 ; gain = 570.383
---------------------------------------------------------------------------------
---------------------------------------------------------------------------------
Start Loading Part and Timing Information
---------------------------------------------------------------------------------
Loading part: xc7z020clg400-1
---------------------------------------------------------------------------------
Finished Loading Part and Timing Information : Time (s): cpu = 00:00:12 ; elapsed = 00:00:13 . Memory (MB): peak = 1798.738 ; gain = 570.383
---------------------------------------------------------------------------------
---------------------------------------------------------------------------------
Start Applying 'set_property' XDC Constraints
---------------------------------------------------------------------------------
Applied set_property IO_BUFFER_TYPE = NONE for DDR_addr[0]. (constraint file  c:/Users/jielu/Desktop/Workspace/SpikeYOLO_FPGA/hw/vivado/out/spike_zybo.gen/sources_1/bd/system/ip/system_ps_0_0/system_ps_0_0/system_ps_0_0_in_context.xdc, line 3).
Applied set_property CLOCK_BUFFER_TYPE = NONE for DDR_addr[0]. (constraint file  c:/Users/jielu/Desktop/Workspace/SpikeYOLO_FPGA/hw/vivado/out/spike_zybo.gen/sources_1/bd/system/ip/system_ps_0_0/system_ps_0_0/system_ps_0_0_in_context.xdc, line 4).
Applied set_property IO_BUFFER_TYPE = NONE for DDR_addr[10]. (constraint file  c:/Users/jielu/Desktop/Workspace/SpikeYOLO_FPGA/hw/vivado/out/spike_zybo.gen/sources_1/bd/system/ip/system_ps_0_0/system_ps_0_0/system_ps_0_0_in_context.xdc, line 5).
Applied set_property CLOCK_BUFFER_TYPE = NONE for DDR_addr[10]. (constraint file  c:/Users/jielu/Desktop/Workspace/SpikeYOLO_FPGA/hw/vivado/out/spike_zybo.gen/sources_1/bd/system/ip/system_ps_0_0/system_ps_0_0/system_ps_0_0_in_context.xdc, line 6).
Applied set_property IO_BUFFER_TYPE = NONE for DDR_addr[11]. (constraint file  c:/Users/jielu/Desktop/Workspace/SpikeYOLO_FPGA/hw/vivado/out/spike_zybo.gen/sources_1/bd/system/ip/system_ps_0_0/system_ps_0_0/system_ps_0_0_in_context.xdc, line 7).
Applied set_property CLOCK_BUFFER_TYPE = NONE for DDR_addr[11]. (constraint file  c:/Users/jielu/Desktop/Workspace/SpikeYOLO_FPGA/hw/vivado/out/spike_zybo.gen/sources_1/bd/system/ip/system_ps_0_0/system_ps_0_0/system_ps_0_0_in_context.xdc, line 8).
Applied set_property IO_BUFFER_TYPE = NONE for DDR_addr[12]. (constraint file  c:/Users/jielu/Desktop/Workspace/SpikeYOLO_FPGA/hw/vivado/out/spike_zybo.gen/sources_1/bd/system/ip/system_ps_0_0/system_ps_0_0/system_ps_0_0_in_context.xdc, line 9).
Applied set_property CLOCK_BUFFER_TYPE = NONE for DDR_addr[12]. (constraint file  c:/Users/jielu/Desktop/Workspace/SpikeYOLO_FPGA/hw/vivado/out/spike_zybo.gen/sources_1/bd/system/ip/system_ps_0_0/system_ps_0_0/system_ps_0_0_in_context.xdc, line 10).
Applied set_property IO_BUFFER_TYPE = NONE for DDR_addr[13]. (constraint file  c:/Users/jielu/Desktop/Workspace/SpikeYOLO_FPGA/hw/vivado/out/spike_zybo.gen/sources_1/bd/system/ip/system_ps_0_0/system_ps_0_0/system_ps_0_0_in_context.xdc, line 11).
Applied set_property CLOCK_BUFFER_TYPE = NONE for DDR_addr[13]. (constraint file  c:/Users/jielu/Desktop/Workspace/SpikeYOLO_FPGA/hw/vivado/out/spike_zybo.gen/sources_1/bd/system/ip/system_ps_0_0/system_ps_0_0/system_ps_0_0_in_context.xdc, line 12).
Applied set_property IO_BUFFER_TYPE = NONE for DDR_addr[14]. (constraint file  c:/Users/jielu/Desktop/Workspace/SpikeYOLO_FPGA/hw/vivado/out/spike_zybo.gen/sources_1/bd/system/ip/system_ps_0_0/system_ps_0_0/system_ps_0_0_in_context.xdc, line 13).
Applied set_property CLOCK_BUFFER_TYPE = NONE for DDR_addr[14]. (constraint file  c:/Users/jielu/Desktop/Workspace/SpikeYOLO_FPGA/hw/vivado/out/spike_zybo.gen/sources_1/bd/system/ip/system_ps_0_0/system_ps_0_0/system_ps_0_0_in_context.xdc, line 14).
Applied set_property IO_BUFFER_TYPE = NONE for DDR_addr[1]. (constraint file  c:/Users/jielu/Desktop/Workspace/SpikeYOLO_FPGA/hw/vivado/out/spike_zybo.gen/sources_1/bd/system/ip/system_ps_0_0/system_ps_0_0/system_ps_0_0_in_context.xdc, line 15).
Applied set_property CLOCK_BUFFER_TYPE = NONE for DDR_addr[1]. (constraint file  c:/Users/jielu/Desktop/Workspace/SpikeYOLO_FPGA/hw/vivado/out/spike_zybo.gen/sources_1/bd/system/ip/system_ps_0_0/system_ps_0_0/system_ps_0_0_in_context.xdc, line 16).
Applied set_property IO_BUFFER_TYPE = NONE for DDR_addr[2]. (constraint file  c:/Users/jielu/Desktop/Workspace/SpikeYOLO_FPGA/hw/vivado/out/spike_zybo.gen/sources_1/bd/system/ip/system_ps_0_0/system_ps_0_0/system_ps_0_0_in_context.xdc, line 17).
Applied set_property CLOCK_BUFFER_TYPE = NONE for DDR_addr[2]. (constraint file  c:/Users/jielu/Desktop/Workspace/SpikeYOLO_FPGA/hw/vivado/out/spike_zybo.gen/sources_1/bd/system/ip/system_ps_0_0/system_ps_0_0/system_ps_0_0_in_context.xdc, line 18).
Applied set_property IO_BUFFER_TYPE = NONE for DDR_addr[3]. (constraint file  c:/Users/jielu/Desktop/Workspace/SpikeYOLO_FPGA/hw/vivado/out/spike_zybo.gen/sources_1/bd/system/ip/system_ps_0_0/system_ps_0_0/system_ps_0_0_in_context.xdc, line 19).
Applied set_property CLOCK_BUFFER_TYPE = NONE for DDR_addr[3]. (constraint file  c:/Users/jielu/Desktop/Workspace/SpikeYOLO_FPGA/hw/vivado/out/spike_zybo.gen/sources_1/bd/system/ip/system_ps_0_0/system_ps_0_0/system_ps_0_0_in_context.xdc, line 20).
Applied set_property IO_BUFFER_TYPE = NONE for DDR_addr[4]. (constraint file  c:/Users/jielu/Desktop/Workspace/SpikeYOLO_FPGA/hw/vivado/out/spike_zybo.gen/sources_1/bd/system/ip/system_ps_0_0/system_ps_0_0/system_ps_0_0_in_context.xdc, line 21).
Applied set_property CLOCK_BUFFER_TYPE = NONE for DDR_addr[4]. (constraint file  c:/Users/jielu/Desktop/Workspace/SpikeYOLO_FPGA/hw/vivado/out/spike_zybo.gen/sources_1/bd/system/ip/system_ps_0_0/system_ps_0_0/system_ps_0_0_in_context.xdc, line 22).
Applied set_property IO_BUFFER_TYPE = NONE for DDR_addr[5]. (constraint file  c:/Users/jielu/Desktop/Workspace/SpikeYOLO_FPGA/hw/vivado/out/spike_zybo.gen/sources_1/bd/system/ip/system_ps_0_0/system_ps_0_0/system_ps_0_0_in_context.xdc, line 23).
Applied set_property CLOCK_BUFFER_TYPE = NONE for DDR_addr[5]. (constraint file  c:/Users/jielu/Desktop/Workspace/SpikeYOLO_FPGA/hw/vivado/out/spike_zybo.gen/sources_1/bd/system/ip/system_ps_0_0/system_ps_0_0/system_ps_0_0_in_context.xdc, line 24).
Applied set_property IO_BUFFER_TYPE = NONE for DDR_addr[6]. (constraint file  c:/Users/jielu/Desktop/Workspace/SpikeYOLO_FPGA/hw/vivado/out/spike_zybo.gen/sources_1/bd/system/ip/system_ps_0_0/system_ps_0_0/system_ps_0_0_in_context.xdc, line 25).
Applied set_property CLOCK_BUFFER_TYPE = NONE for DDR_addr[6]. (constraint file  c:/Users/jielu/Desktop/Workspace/SpikeYOLO_FPGA/hw/vivado/out/spike_zybo.gen/sources_1/bd/system/ip/system_ps_0_0/system_ps_0_0/system_ps_0_0_in_context.xdc, line 26).
Applied set_property IO_BUFFER_TYPE = NONE for DDR_addr[7]. (constraint file  c:/Users/jielu/Desktop/Workspace/SpikeYOLO_FPGA/hw/vivado/out/spike_zybo.gen/sources_1/bd/system/ip/system_ps_0_0/system_ps_0_0/system_ps_0_0_in_context.xdc, line 27).
Applied set_property CLOCK_BUFFER_TYPE = NONE for DDR_addr[7]. (constraint file  c:/Users/jielu/Desktop/Workspace/SpikeYOLO_FPGA/hw/vivado/out/spike_zybo.gen/sources_1/bd/system/ip/system_ps_0_0/system_ps_0_0/system_ps_0_0_in_context.xdc, line 28).
Applied set_property IO_BUFFER_TYPE = NONE for DDR_addr[8]. (constraint file  c:/Users/jielu/Desktop/Workspace/SpikeYOLO_FPGA/hw/vivado/out/spike_zybo.gen/sources_1/bd/system/ip/system_ps_0_0/system_ps_0_0/system_ps_0_0_in_context.xdc, line 29).
Applied set_property CLOCK_BUFFER_TYPE = NONE for DDR_addr[8]. (constraint file  c:/Users/jielu/Desktop/Workspace/SpikeYOLO_FPGA/hw/vivado/out/spike_zybo.gen/sources_1/bd/system/ip/system_ps_0_0/system_ps_0_0/system_ps_0_0_in_context.xdc, line 30).
Applied set_property IO_BUFFER_TYPE = NONE for DDR_addr[9]. (constraint file  c:/Users/jielu/Desktop/Workspace/SpikeYOLO_FPGA/hw/vivado/out/spike_zybo.gen/sources_1/bd/system/ip/system_ps_0_0/system_ps_0_0/system_ps_0_0_in_context.xdc, line 31).
Applied set_property CLOCK_BUFFER_TYPE = NONE for DDR_addr[9]. (constraint file  c:/Users/jielu/Desktop/Workspace/SpikeYOLO_FPGA/hw/vivado/out/spike_zybo.gen/sources_1/bd/system/ip/system_ps_0_0/system_ps_0_0/system_ps_0_0_in_context.xdc, line 32).
Applied set_property IO_BUFFER_TYPE = NONE for DDR_ba[0]. (constraint file  c:/Users/jielu/Desktop/Workspace/SpikeYOLO_FPGA/hw/vivado/out/spike_zybo.gen/sources_1/bd/system/ip/system_ps_0_0/system_ps_0_0/system_ps_0_0_in_context.xdc, line 33).
Applied set_property CLOCK_BUFFER_TYPE = NONE for DDR_ba[0]. (constraint file  c:/Users/jielu/Desktop/Workspace/SpikeYOLO_FPGA/hw/vivado/out/spike_zybo.gen/sources_1/bd/system/ip/system_ps_0_0/system_ps_0_0/system_ps_0_0_in_context.xdc, line 34).
Applied set_property IO_BUFFER_TYPE = NONE for DDR_ba[1]. (constraint file  c:/Users/jielu/Desktop/Workspace/SpikeYOLO_FPGA/hw/vivado/out/spike_zybo.gen/sources_1/bd/system/ip/system_ps_0_0/system_ps_0_0/system_ps_0_0_in_context.xdc, line 35).
Applied set_property CLOCK_BUFFER_TYPE = NONE for DDR_ba[1]. (constraint file  c:/Users/jielu/Desktop/Workspace/SpikeYOLO_FPGA/hw/vivado/out/spike_zybo.gen/sources_1/bd/system/ip/system_ps_0_0/system_ps_0_0/system_ps_0_0_in_context.xdc, line 36).
Applied set_property IO_BUFFER_TYPE = NONE for DDR_ba[2]. (constraint file  c:/Users/jielu/Desktop/Workspace/SpikeYOLO_FPGA/hw/vivado/out/spike_zybo.gen/sources_1/bd/system/ip/system_ps_0_0/system_ps_0_0/system_ps_0_0_in_context.xdc, line 37).
Applied set_property CLOCK_BUFFER_TYPE = NONE for DDR_ba[2]. (constraint file  c:/Users/jielu/Desktop/Workspace/SpikeYOLO_FPGA/hw/vivado/out/spike_zybo.gen/sources_1/bd/system/ip/system_ps_0_0/system_ps_0_0/system_ps_0_0_in_context.xdc, line 38).
Applied set_property IO_BUFFER_TYPE = NONE for DDR_cas_n. (constraint file  c:/Users/jielu/Desktop/Workspace/SpikeYOLO_FPGA/hw/vivado/out/spike_zybo.gen/sources_1/bd/system/ip/system_ps_0_0/system_ps_0_0/system_ps_0_0_in_context.xdc, line 39).
Applied set_property CLOCK_BUFFER_TYPE = NONE for DDR_cas_n. (constraint file  c:/Users/jielu/Desktop/Workspace/SpikeYOLO_FPGA/hw/vivado/out/spike_zybo.gen/sources_1/bd/system/ip/system_ps_0_0/system_ps_0_0/system_ps_0_0_in_context.xdc, line 40).
Applied set_property IO_BUFFER_TYPE = NONE for DDR_cke. (constraint file  c:/Users/jielu/Desktop/Workspace/SpikeYOLO_FPGA/hw/vivado/out/spike_zybo.gen/sources_1/bd/system/ip/system_ps_0_0/system_ps_0_0/system_ps_0_0_in_context.xdc, line 41).
Applied set_property CLOCK_BUFFER_TYPE = NONE for DDR_cke. (constraint file  c:/Users/jielu/Desktop/Workspace/SpikeYOLO_FPGA/hw/vivado/out/spike_zybo.gen/sources_1/bd/system/ip/system_ps_0_0/system_ps_0_0/system_ps_0_0_in_context.xdc, line 42).
Applied set_property IO_BUFFER_TYPE = NONE for DDR_cs_n. (constraint file  c:/Users/jielu/Desktop/Workspace/SpikeYOLO_FPGA/hw/vivado/out/spike_zybo.gen/sources_1/bd/system/ip/system_ps_0_0/system_ps_0_0/system_ps_0_0_in_context.xdc, line 43).
Applied set_property CLOCK_BUFFER_TYPE = NONE for DDR_cs_n. (constraint file  c:/Users/jielu/Desktop/Workspace/SpikeYOLO_FPGA/hw/vivado/out/spike_zybo.gen/sources_1/bd/system/ip/system_ps_0_0/system_ps_0_0/system_ps_0_0_in_context.xdc, line 44).
Applied set_property IO_BUFFER_TYPE = NONE for DDR_ck_p. (constraint file  c:/Users/jielu/Desktop/Workspace/SpikeYOLO_FPGA/hw/vivado/out/spike_zybo.gen/sources_1/bd/system/ip/system_ps_0_0/system_ps_0_0/system_ps_0_0_in_context.xdc, line 45).
Applied set_property CLOCK_BUFFER_TYPE = NONE for DDR_ck_p. (constraint file  c:/Users/jielu/Desktop/Workspace/SpikeYOLO_FPGA/hw/vivado/out/spike_zybo.gen/sources_1/bd/system/ip/system_ps_0_0/system_ps_0_0/system_ps_0_0_in_context.xdc, line 46).
Applied set_property IO_BUFFER_TYPE = NONE for DDR_ck_n. (constraint file  c:/Users/jielu/Desktop/Workspace/SpikeYOLO_FPGA/hw/vivado/out/spike_zybo.gen/sources_1/bd/system/ip/system_ps_0_0/system_ps_0_0/system_ps_0_0_in_context.xdc, line 47).
Applied set_property CLOCK_BUFFER_TYPE = NONE for DDR_ck_n. (constraint file  c:/Users/jielu/Desktop/Workspace/SpikeYOLO_FPGA/hw/vivado/out/spike_zybo.gen/sources_1/bd/system/ip/system_ps_0_0/system_ps_0_0/system_ps_0_0_in_context.xdc, line 48).
Applied set_property IO_BUFFER_TYPE = NONE for DDR_dm[0]. (constraint file  c:/Users/jielu/Desktop/Workspace/SpikeYOLO_FPGA/hw/vivado/out/spike_zybo.gen/sources_1/bd/system/ip/system_ps_0_0/system_ps_0_0/system_ps_0_0_in_context.xdc, line 49).
Applied set_property CLOCK_BUFFER_TYPE = NONE for DDR_dm[0]. (constraint file  c:/Users/jielu/Desktop/Workspace/SpikeYOLO_FPGA/hw/vivado/out/spike_zybo.gen/sources_1/bd/system/ip/system_ps_0_0/system_ps_0_0/system_ps_0_0_in_context.xdc, line 50).
Applied set_property IO_BUFFER_TYPE = NONE for DDR_dm[1]. (constraint file  c:/Users/jielu/Desktop/Workspace/SpikeYOLO_FPGA/hw/vivado/out/spike_zybo.gen/sources_1/bd/system/ip/system_ps_0_0/system_ps_0_0/system_ps_0_0_in_context.xdc, line 51).
Applied set_property CLOCK_BUFFER_TYPE = NONE for DDR_dm[1]. (constraint file  c:/Users/jielu/Desktop/Workspace/SpikeYOLO_FPGA/hw/vivado/out/spike_zybo.gen/sources_1/bd/system/ip/system_ps_0_0/system_ps_0_0/system_ps_0_0_in_context.xdc, line 52).
Applied set_property IO_BUFFER_TYPE = NONE for DDR_dm[2]. (constraint file  c:/Users/jielu/Desktop/Workspace/SpikeYOLO_FPGA/hw/vivado/out/spike_zybo.gen/sources_1/bd/system/ip/system_ps_0_0/system_ps_0_0/system_ps_0_0_in_context.xdc, line 53).
Applied set_property CLOCK_BUFFER_TYPE = NONE for DDR_dm[2]. (constraint file  c:/Users/jielu/Desktop/Workspace/SpikeYOLO_FPGA/hw/vivado/out/spike_zybo.gen/sources_1/bd/system/ip/system_ps_0_0/system_ps_0_0/system_ps_0_0_in_context.xdc, line 54).
Applied set_property IO_BUFFER_TYPE = NONE for DDR_dm[3]. (constraint file  c:/Users/jielu/Desktop/Workspace/SpikeYOLO_FPGA/hw/vivado/out/spike_zybo.gen/sources_1/bd/system/ip/system_ps_0_0/system_ps_0_0/system_ps_0_0_in_context.xdc, line 55).
Applied set_property CLOCK_BUFFER_TYPE = NONE for DDR_dm[3]. (constraint file  c:/Users/jielu/Desktop/Workspace/SpikeYOLO_FPGA/hw/vivado/out/spike_zybo.gen/sources_1/bd/system/ip/system_ps_0_0/system_ps_0_0/system_ps_0_0_in_context.xdc, line 56).
Applied set_property IO_BUFFER_TYPE = NONE for DDR_dqs_p[0]. (constraint file  c:/Users/jielu/Desktop/Workspace/SpikeYOLO_FPGA/hw/vivado/out/spike_zybo.gen/sources_1/bd/system/ip/system_ps_0_0/system_ps_0_0/system_ps_0_0_in_context.xdc, line 57).
Applied set_property CLOCK_BUFFER_TYPE = NONE for DDR_dqs_p[0]. (constraint file  c:/Users/jielu/Desktop/Workspace/SpikeYOLO_FPGA/hw/vivado/out/spike_zybo.gen/sources_1/bd/system/ip/system_ps_0_0/system_ps_0_0/system_ps_0_0_in_context.xdc, line 58).
Applied set_property IO_BUFFER_TYPE = NONE for DDR_dqs_p[1]. (constraint file  c:/Users/jielu/Desktop/Workspace/SpikeYOLO_FPGA/hw/vivado/out/spike_zybo.gen/sources_1/bd/system/ip/system_ps_0_0/system_ps_0_0/system_ps_0_0_in_context.xdc, line 59).
Applied set_property CLOCK_BUFFER_TYPE = NONE for DDR_dqs_p[1]. (constraint file  c:/Users/jielu/Desktop/Workspace/SpikeYOLO_FPGA/hw/vivado/out/spike_zybo.gen/sources_1/bd/system/ip/system_ps_0_0/system_ps_0_0/system_ps_0_0_in_context.xdc, line 60).
Applied set_property IO_BUFFER_TYPE = NONE for DDR_dqs_p[2]. (constraint file  c:/Users/jielu/Desktop/Workspace/SpikeYOLO_FPGA/hw/vivado/out/spike_zybo.gen/sources_1/bd/system/ip/system_ps_0_0/system_ps_0_0/system_ps_0_0_in_context.xdc, line 61).
Applied set_property CLOCK_BUFFER_TYPE = NONE for DDR_dqs_p[2]. (constraint file  c:/Users/jielu/Desktop/Workspace/SpikeYOLO_FPGA/hw/vivado/out/spike_zybo.gen/sources_1/bd/system/ip/system_ps_0_0/system_ps_0_0/system_ps_0_0_in_context.xdc, line 62).
Applied set_property IO_BUFFER_TYPE = NONE for DDR_dqs_p[3]. (constraint file  c:/Users/jielu/Desktop/Workspace/SpikeYOLO_FPGA/hw/vivado/out/spike_zybo.gen/sources_1/bd/system/ip/system_ps_0_0/system_ps_0_0/system_ps_0_0_in_context.xdc, line 63).
Applied set_property CLOCK_BUFFER_TYPE = NONE for DDR_dqs_p[3]. (constraint file  c:/Users/jielu/Desktop/Workspace/SpikeYOLO_FPGA/hw/vivado/out/spike_zybo.gen/sources_1/bd/system/ip/system_ps_0_0/system_ps_0_0/system_ps_0_0_in_context.xdc, line 64).
Applied set_property IO_BUFFER_TYPE = NONE for DDR_dqs_n[0]. (constraint file  c:/Users/jielu/Desktop/Workspace/SpikeYOLO_FPGA/hw/vivado/out/spike_zybo.gen/sources_1/bd/system/ip/system_ps_0_0/system_ps_0_0/system_ps_0_0_in_context.xdc, line 65).
Applied set_property CLOCK_BUFFER_TYPE = NONE for DDR_dqs_n[0]. (constraint file  c:/Users/jielu/Desktop/Workspace/SpikeYOLO_FPGA/hw/vivado/out/spike_zybo.gen/sources_1/bd/system/ip/system_ps_0_0/system_ps_0_0/system_ps_0_0_in_context.xdc, line 66).
Applied set_property IO_BUFFER_TYPE = NONE for DDR_dqs_n[1]. (constraint file  c:/Users/jielu/Desktop/Workspace/SpikeYOLO_FPGA/hw/vivado/out/spike_zybo.gen/sources_1/bd/system/ip/system_ps_0_0/system_ps_0_0/system_ps_0_0_in_context.xdc, line 67).
Applied set_property CLOCK_BUFFER_TYPE = NONE for DDR_dqs_n[1]. (constraint file  c:/Users/jielu/Desktop/Workspace/SpikeYOLO_FPGA/hw/vivado/out/spike_zybo.gen/sources_1/bd/system/ip/system_ps_0_0/system_ps_0_0/system_ps_0_0_in_context.xdc, line 68).
Applied set_property IO_BUFFER_TYPE = NONE for DDR_dqs_n[2]. (constraint file  c:/Users/jielu/Desktop/Workspace/SpikeYOLO_FPGA/hw/vivado/out/spike_zybo.gen/sources_1/bd/system/ip/system_ps_0_0/system_ps_0_0/system_ps_0_0_in_context.xdc, line 69).
Applied set_property CLOCK_BUFFER_TYPE = NONE for DDR_dqs_n[2]. (constraint file  c:/Users/jielu/Desktop/Workspace/SpikeYOLO_FPGA/hw/vivado/out/spike_zybo.gen/sources_1/bd/system/ip/system_ps_0_0/system_ps_0_0/system_ps_0_0_in_context.xdc, line 70).
Applied set_property IO_BUFFER_TYPE = NONE for DDR_dqs_n[3]. (constraint file  c:/Users/jielu/Desktop/Workspace/SpikeYOLO_FPGA/hw/vivado/out/spike_zybo.gen/sources_1/bd/system/ip/system_ps_0_0/system_ps_0_0/system_ps_0_0_in_context.xdc, line 71).
Applied set_property CLOCK_BUFFER_TYPE = NONE for DDR_dqs_n[3]. (constraint file  c:/Users/jielu/Desktop/Workspace/SpikeYOLO_FPGA/hw/vivado/out/spike_zybo.gen/sources_1/bd/system/ip/system_ps_0_0/system_ps_0_0/system_ps_0_0_in_context.xdc, line 72).
Applied set_property IO_BUFFER_TYPE = NONE for DDR_dq[0]. (constraint file  c:/Users/jielu/Desktop/Workspace/SpikeYOLO_FPGA/hw/vivado/out/spike_zybo.gen/sources_1/bd/system/ip/system_ps_0_0/system_ps_0_0/system_ps_0_0_in_context.xdc, line 73).
Applied set_property CLOCK_BUFFER_TYPE = NONE for DDR_dq[0]. (constraint file  c:/Users/jielu/Desktop/Workspace/SpikeYOLO_FPGA/hw/vivado/out/spike_zybo.gen/sources_1/bd/system/ip/system_ps_0_0/system_ps_0_0/system_ps_0_0_in_context.xdc, line 74).
Applied set_property IO_BUFFER_TYPE = NONE for DDR_dq[10]. (constraint file  c:/Users/jielu/Desktop/Workspace/SpikeYOLO_FPGA/hw/vivado/out/spike_zybo.gen/sources_1/bd/system/ip/system_ps_0_0/system_ps_0_0/system_ps_0_0_in_context.xdc, line 75).
Applied set_property CLOCK_BUFFER_TYPE = NONE for DDR_dq[10]. (constraint file  c:/Users/jielu/Desktop/Workspace/SpikeYOLO_FPGA/hw/vivado/out/spike_zybo.gen/sources_1/bd/system/ip/system_ps_0_0/system_ps_0_0/system_ps_0_0_in_context.xdc, line 76).
Applied set_property IO_BUFFER_TYPE = NONE for DDR_dq[11]. (constraint file  c:/Users/jielu/Desktop/Workspace/SpikeYOLO_FPGA/hw/vivado/out/spike_zybo.gen/sources_1/bd/system/ip/system_ps_0_0/system_ps_0_0/system_ps_0_0_in_context.xdc, line 77).
Applied set_property CLOCK_BUFFER_TYPE = NONE for DDR_dq[11]. (constraint file  c:/Users/jielu/Desktop/Workspace/SpikeYOLO_FPGA/hw/vivado/out/spike_zybo.gen/sources_1/bd/system/ip/system_ps_0_0/system_ps_0_0/system_ps_0_0_in_context.xdc, line 78).
Applied set_property IO_BUFFER_TYPE = NONE for DDR_dq[12]. (constraint file  c:/Users/jielu/Desktop/Workspace/SpikeYOLO_FPGA/hw/vivado/out/spike_zybo.gen/sources_1/bd/system/ip/system_ps_0_0/system_ps_0_0/system_ps_0_0_in_context.xdc, line 79).
Applied set_property CLOCK_BUFFER_TYPE = NONE for DDR_dq[12]. (constraint file  c:/Users/jielu/Desktop/Workspace/SpikeYOLO_FPGA/hw/vivado/out/spike_zybo.gen/sources_1/bd/system/ip/system_ps_0_0/system_ps_0_0/system_ps_0_0_in_context.xdc, line 80).
Applied set_property IO_BUFFER_TYPE = NONE for DDR_dq[13]. (constraint file  c:/Users/jielu/Desktop/Workspace/SpikeYOLO_FPGA/hw/vivado/out/spike_zybo.gen/sources_1/bd/system/ip/system_ps_0_0/system_ps_0_0/system_ps_0_0_in_context.xdc, line 81).
Applied set_property CLOCK_BUFFER_TYPE = NONE for DDR_dq[13]. (constraint file  c:/Users/jielu/Desktop/Workspace/SpikeYOLO_FPGA/hw/vivado/out/spike_zybo.gen/sources_1/bd/system/ip/system_ps_0_0/system_ps_0_0/system_ps_0_0_in_context.xdc, line 82).
Applied set_property IO_BUFFER_TYPE = NONE for DDR_dq[14]. (constraint file  c:/Users/jielu/Desktop/Workspace/SpikeYOLO_FPGA/hw/vivado/out/spike_zybo.gen/sources_1/bd/system/ip/system_ps_0_0/system_ps_0_0/system_ps_0_0_in_context.xdc, line 83).
Applied set_property CLOCK_BUFFER_TYPE = NONE for DDR_dq[14]. (constraint file  c:/Users/jielu/Desktop/Workspace/SpikeYOLO_FPGA/hw/vivado/out/spike_zybo.gen/sources_1/bd/system/ip/system_ps_0_0/system_ps_0_0/system_ps_0_0_in_context.xdc, line 84).
Applied set_property IO_BUFFER_TYPE = NONE for DDR_dq[15]. (constraint file  c:/Users/jielu/Desktop/Workspace/SpikeYOLO_FPGA/hw/vivado/out/spike_zybo.gen/sources_1/bd/system/ip/system_ps_0_0/system_ps_0_0/system_ps_0_0_in_context.xdc, line 85).
Applied set_property CLOCK_BUFFER_TYPE = NONE for DDR_dq[15]. (constraint file  c:/Users/jielu/Desktop/Workspace/SpikeYOLO_FPGA/hw/vivado/out/spike_zybo.gen/sources_1/bd/system/ip/system_ps_0_0/system_ps_0_0/system_ps_0_0_in_context.xdc, line 86).
Applied set_property IO_BUFFER_TYPE = NONE for DDR_dq[16]. (constraint file  c:/Users/jielu/Desktop/Workspace/SpikeYOLO_FPGA/hw/vivado/out/spike_zybo.gen/sources_1/bd/system/ip/system_ps_0_0/system_ps_0_0/system_ps_0_0_in_context.xdc, line 87).
Applied set_property CLOCK_BUFFER_TYPE = NONE for DDR_dq[16]. (constraint file  c:/Users/jielu/Desktop/Workspace/SpikeYOLO_FPGA/hw/vivado/out/spike_zybo.gen/sources_1/bd/system/ip/system_ps_0_0/system_ps_0_0/system_ps_0_0_in_context.xdc, line 88).
Applied set_property IO_BUFFER_TYPE = NONE for DDR_dq[17]. (constraint file  c:/Users/jielu/Desktop/Workspace/SpikeYOLO_FPGA/hw/vivado/out/spike_zybo.gen/sources_1/bd/system/ip/system_ps_0_0/system_ps_0_0/system_ps_0_0_in_context.xdc, line 89).
Applied set_property CLOCK_BUFFER_TYPE = NONE for DDR_dq[17]. (constraint file  c:/Users/jielu/Desktop/Workspace/SpikeYOLO_FPGA/hw/vivado/out/spike_zybo.gen/sources_1/bd/system/ip/system_ps_0_0/system_ps_0_0/system_ps_0_0_in_context.xdc, line 90).
Applied set_property IO_BUFFER_TYPE = NONE for DDR_dq[18]. (constraint file  c:/Users/jielu/Desktop/Workspace/SpikeYOLO_FPGA/hw/vivado/out/spike_zybo.gen/sources_1/bd/system/ip/system_ps_0_0/system_ps_0_0/system_ps_0_0_in_context.xdc, line 91).
Applied set_property CLOCK_BUFFER_TYPE = NONE for DDR_dq[18]. (constraint file  c:/Users/jielu/Desktop/Workspace/SpikeYOLO_FPGA/hw/vivado/out/spike_zybo.gen/sources_1/bd/system/ip/system_ps_0_0/system_ps_0_0/system_ps_0_0_in_context.xdc, line 92).
Applied set_property IO_BUFFER_TYPE = NONE for DDR_dq[19]. (constraint file  c:/Users/jielu/Desktop/Workspace/SpikeYOLO_FPGA/hw/vivado/out/spike_zybo.gen/sources_1/bd/system/ip/system_ps_0_0/system_ps_0_0/system_ps_0_0_in_context.xdc, line 93).
Applied set_property CLOCK_BUFFER_TYPE = NONE for DDR_dq[19]. (constraint file  c:/Users/jielu/Desktop/Workspace/SpikeYOLO_FPGA/hw/vivado/out/spike_zybo.gen/sources_1/bd/system/ip/system_ps_0_0/system_ps_0_0/system_ps_0_0_in_context.xdc, line 94).
Applied set_property IO_BUFFER_TYPE = NONE for DDR_dq[1]. (constraint file  c:/Users/jielu/Desktop/Workspace/SpikeYOLO_FPGA/hw/vivado/out/spike_zybo.gen/sources_1/bd/system/ip/system_ps_0_0/system_ps_0_0/system_ps_0_0_in_context.xdc, line 95).
Applied set_property CLOCK_BUFFER_TYPE = NONE for DDR_dq[1]. (constraint file  c:/Users/jielu/Desktop/Workspace/SpikeYOLO_FPGA/hw/vivado/out/spike_zybo.gen/sources_1/bd/system/ip/system_ps_0_0/system_ps_0_0/system_ps_0_0_in_context.xdc, line 96).
Applied set_property IO_BUFFER_TYPE = NONE for DDR_dq[20]. (constraint file  c:/Users/jielu/Desktop/Workspace/SpikeYOLO_FPGA/hw/vivado/out/spike_zybo.gen/sources_1/bd/system/ip/system_ps_0_0/system_ps_0_0/system_ps_0_0_in_context.xdc, line 97).
Applied set_property CLOCK_BUFFER_TYPE = NONE for DDR_dq[20]. (constraint file  c:/Users/jielu/Desktop/Workspace/SpikeYOLO_FPGA/hw/vivado/out/spike_zybo.gen/sources_1/bd/system/ip/system_ps_0_0/system_ps_0_0/system_ps_0_0_in_context.xdc, line 98).
Applied set_property IO_BUFFER_TYPE = NONE for DDR_dq[21]. (constraint file  c:/Users/jielu/Desktop/Workspace/SpikeYOLO_FPGA/hw/vivado/out/spike_zybo.gen/sources_1/bd/system/ip/system_ps_0_0/system_ps_0_0/system_ps_0_0_in_context.xdc, line 99).
Applied set_property CLOCK_BUFFER_TYPE = NONE for DDR_dq[21]. (constraint file  c:/Users/jielu/Desktop/Workspace/SpikeYOLO_FPGA/hw/vivado/out/spike_zybo.gen/sources_1/bd/system/ip/system_ps_0_0/system_ps_0_0/system_ps_0_0_in_context.xdc, line 100).
Applied set_property IO_BUFFER_TYPE = NONE for DDR_dq[22]. (constraint file  c:/Users/jielu/Desktop/Workspace/SpikeYOLO_FPGA/hw/vivado/out/spike_zybo.gen/sources_1/bd/system/ip/system_ps_0_0/system_ps_0_0/system_ps_0_0_in_context.xdc, line 101).
Applied set_property CLOCK_BUFFER_TYPE = NONE for DDR_dq[22]. (constraint file  c:/Users/jielu/Desktop/Workspace/SpikeYOLO_FPGA/hw/vivado/out/spike_zybo.gen/sources_1/bd/system/ip/system_ps_0_0/system_ps_0_0/system_ps_0_0_in_context.xdc, line 102).
Applied set_property IO_BUFFER_TYPE = NONE for DDR_dq[23]. (constraint file  c:/Users/jielu/Desktop/Workspace/SpikeYOLO_FPGA/hw/vivado/out/spike_zybo.gen/sources_1/bd/system/ip/system_ps_0_0/system_ps_0_0/system_ps_0_0_in_context.xdc, line 103).
Applied set_property CLOCK_BUFFER_TYPE = NONE for DDR_dq[23]. (constraint file  c:/Users/jielu/Desktop/Workspace/SpikeYOLO_FPGA/hw/vivado/out/spike_zybo.gen/sources_1/bd/system/ip/system_ps_0_0/system_ps_0_0/system_ps_0_0_in_context.xdc, line 104).
Applied set_property IO_BUFFER_TYPE = NONE for DDR_dq[24]. (constraint file  c:/Users/jielu/Desktop/Workspace/SpikeYOLO_FPGA/hw/vivado/out/spike_zybo.gen/sources_1/bd/system/ip/system_ps_0_0/system_ps_0_0/system_ps_0_0_in_context.xdc, line 105).
Applied set_property CLOCK_BUFFER_TYPE = NONE for DDR_dq[24]. (constraint file  c:/Users/jielu/Desktop/Workspace/SpikeYOLO_FPGA/hw/vivado/out/spike_zybo.gen/sources_1/bd/system/ip/system_ps_0_0/system_ps_0_0/system_ps_0_0_in_context.xdc, line 106).
Applied set_property IO_BUFFER_TYPE = NONE for DDR_dq[25]. (constraint file  c:/Users/jielu/Desktop/Workspace/SpikeYOLO_FPGA/hw/vivado/out/spike_zybo.gen/sources_1/bd/system/ip/system_ps_0_0/system_ps_0_0/system_ps_0_0_in_context.xdc, line 107).
Applied set_property CLOCK_BUFFER_TYPE = NONE for DDR_dq[25]. (constraint file  c:/Users/jielu/Desktop/Workspace/SpikeYOLO_FPGA/hw/vivado/out/spike_zybo.gen/sources_1/bd/system/ip/system_ps_0_0/system_ps_0_0/system_ps_0_0_in_context.xdc, line 108).
Applied set_property IO_BUFFER_TYPE = NONE for DDR_dq[26]. (constraint file  c:/Users/jielu/Desktop/Workspace/SpikeYOLO_FPGA/hw/vivado/out/spike_zybo.gen/sources_1/bd/system/ip/system_ps_0_0/system_ps_0_0/system_ps_0_0_in_context.xdc, line 109).
Applied set_property CLOCK_BUFFER_TYPE = NONE for DDR_dq[26]. (constraint file  c:/Users/jielu/Desktop/Workspace/SpikeYOLO_FPGA/hw/vivado/out/spike_zybo.gen/sources_1/bd/system/ip/system_ps_0_0/system_ps_0_0/system_ps_0_0_in_context.xdc, line 110).
Applied set_property IO_BUFFER_TYPE = NONE for DDR_dq[27]. (constraint file  c:/Users/jielu/Desktop/Workspace/SpikeYOLO_FPGA/hw/vivado/out/spike_zybo.gen/sources_1/bd/system/ip/system_ps_0_0/system_ps_0_0/system_ps_0_0_in_context.xdc, line 111).
Applied set_property CLOCK_BUFFER_TYPE = NONE for DDR_dq[27]. (constraint file  c:/Users/jielu/Desktop/Workspace/SpikeYOLO_FPGA/hw/vivado/out/spike_zybo.gen/sources_1/bd/system/ip/system_ps_0_0/system_ps_0_0/system_ps_0_0_in_context.xdc, line 112).
Applied set_property IO_BUFFER_TYPE = NONE for DDR_dq[28]. (constraint file  c:/Users/jielu/Desktop/Workspace/SpikeYOLO_FPGA/hw/vivado/out/spike_zybo.gen/sources_1/bd/system/ip/system_ps_0_0/system_ps_0_0/system_ps_0_0_in_context.xdc, line 113).
Applied set_property CLOCK_BUFFER_TYPE = NONE for DDR_dq[28]. (constraint file  c:/Users/jielu/Desktop/Workspace/SpikeYOLO_FPGA/hw/vivado/out/spike_zybo.gen/sources_1/bd/system/ip/system_ps_0_0/system_ps_0_0/system_ps_0_0_in_context.xdc, line 114).
Applied set_property IO_BUFFER_TYPE = NONE for DDR_dq[29]. (constraint file  c:/Users/jielu/Desktop/Workspace/SpikeYOLO_FPGA/hw/vivado/out/spike_zybo.gen/sources_1/bd/system/ip/system_ps_0_0/system_ps_0_0/system_ps_0_0_in_context.xdc, line 115).
Applied set_property CLOCK_BUFFER_TYPE = NONE for DDR_dq[29]. (constraint file  c:/Users/jielu/Desktop/Workspace/SpikeYOLO_FPGA/hw/vivado/out/spike_zybo.gen/sources_1/bd/system/ip/system_ps_0_0/system_ps_0_0/system_ps_0_0_in_context.xdc, line 116).
Applied set_property IO_BUFFER_TYPE = NONE for DDR_dq[2]. (constraint file  c:/Users/jielu/Desktop/Workspace/SpikeYOLO_FPGA/hw/vivado/out/spike_zybo.gen/sources_1/bd/system/ip/system_ps_0_0/system_ps_0_0/system_ps_0_0_in_context.xdc, line 117).
Applied set_property CLOCK_BUFFER_TYPE = NONE for DDR_dq[2]. (constraint file  c:/Users/jielu/Desktop/Workspace/SpikeYOLO_FPGA/hw/vivado/out/spike_zybo.gen/sources_1/bd/system/ip/system_ps_0_0/system_ps_0_0/system_ps_0_0_in_context.xdc, line 118).
Applied set_property IO_BUFFER_TYPE = NONE for DDR_dq[30]. (constraint file  c:/Users/jielu/Desktop/Workspace/SpikeYOLO_FPGA/hw/vivado/out/spike_zybo.gen/sources_1/bd/system/ip/system_ps_0_0/system_ps_0_0/system_ps_0_0_in_context.xdc, line 119).
Applied set_property CLOCK_BUFFER_TYPE = NONE for DDR_dq[30]. (constraint file  c:/Users/jielu/Desktop/Workspace/SpikeYOLO_FPGA/hw/vivado/out/spike_zybo.gen/sources_1/bd/system/ip/system_ps_0_0/system_ps_0_0/system_ps_0_0_in_context.xdc, line 120).
Applied set_property IO_BUFFER_TYPE = NONE for DDR_dq[31]. (constraint file  c:/Users/jielu/Desktop/Workspace/SpikeYOLO_FPGA/hw/vivado/out/spike_zybo.gen/sources_1/bd/system/ip/system_ps_0_0/system_ps_0_0/system_ps_0_0_in_context.xdc, line 121).
Applied set_property CLOCK_BUFFER_TYPE = NONE for DDR_dq[31]. (constraint file  c:/Users/jielu/Desktop/Workspace/SpikeYOLO_FPGA/hw/vivado/out/spike_zybo.gen/sources_1/bd/system/ip/system_ps_0_0/system_ps_0_0/system_ps_0_0_in_context.xdc, line 122).
Applied set_property IO_BUFFER_TYPE = NONE for DDR_dq[3]. (constraint file  c:/Users/jielu/Desktop/Workspace/SpikeYOLO_FPGA/hw/vivado/out/spike_zybo.gen/sources_1/bd/system/ip/system_ps_0_0/system_ps_0_0/system_ps_0_0_in_context.xdc, line 123).
Applied set_property CLOCK_BUFFER_TYPE = NONE for DDR_dq[3]. (constraint file  c:/Users/jielu/Desktop/Workspace/SpikeYOLO_FPGA/hw/vivado/out/spike_zybo.gen/sources_1/bd/system/ip/system_ps_0_0/system_ps_0_0/system_ps_0_0_in_context.xdc, line 124).
Applied set_property IO_BUFFER_TYPE = NONE for DDR_dq[4]. (constraint file  c:/Users/jielu/Desktop/Workspace/SpikeYOLO_FPGA/hw/vivado/out/spike_zybo.gen/sources_1/bd/system/ip/system_ps_0_0/system_ps_0_0/system_ps_0_0_in_context.xdc, line 125).
Applied set_property CLOCK_BUFFER_TYPE = NONE for DDR_dq[4]. (constraint file  c:/Users/jielu/Desktop/Workspace/SpikeYOLO_FPGA/hw/vivado/out/spike_zybo.gen/sources_1/bd/system/ip/system_ps_0_0/system_ps_0_0/system_ps_0_0_in_context.xdc, line 126).
Applied set_property IO_BUFFER_TYPE = NONE for DDR_dq[5]. (constraint file  c:/Users/jielu/Desktop/Workspace/SpikeYOLO_FPGA/hw/vivado/out/spike_zybo.gen/sources_1/bd/system/ip/system_ps_0_0/system_ps_0_0/system_ps_0_0_in_context.xdc, line 127).
Applied set_property CLOCK_BUFFER_TYPE = NONE for DDR_dq[5]. (constraint file  c:/Users/jielu/Desktop/Workspace/SpikeYOLO_FPGA/hw/vivado/out/spike_zybo.gen/sources_1/bd/system/ip/system_ps_0_0/system_ps_0_0/system_ps_0_0_in_context.xdc, line 128).
Applied set_property IO_BUFFER_TYPE = NONE for DDR_dq[6]. (constraint file  c:/Users/jielu/Desktop/Workspace/SpikeYOLO_FPGA/hw/vivado/out/spike_zybo.gen/sources_1/bd/system/ip/system_ps_0_0/system_ps_0_0/system_ps_0_0_in_context.xdc, line 129).
Applied set_property CLOCK_BUFFER_TYPE = NONE for DDR_dq[6]. (constraint file  c:/Users/jielu/Desktop/Workspace/SpikeYOLO_FPGA/hw/vivado/out/spike_zybo.gen/sources_1/bd/system/ip/system_ps_0_0/system_ps_0_0/system_ps_0_0_in_context.xdc, line 130).
Applied set_property IO_BUFFER_TYPE = NONE for DDR_dq[7]. (constraint file  c:/Users/jielu/Desktop/Workspace/SpikeYOLO_FPGA/hw/vivado/out/spike_zybo.gen/sources_1/bd/system/ip/system_ps_0_0/system_ps_0_0/system_ps_0_0_in_context.xdc, line 131).
Applied set_property CLOCK_BUFFER_TYPE = NONE for DDR_dq[7]. (constraint file  c:/Users/jielu/Desktop/Workspace/SpikeYOLO_FPGA/hw/vivado/out/spike_zybo.gen/sources_1/bd/system/ip/system_ps_0_0/system_ps_0_0/system_ps_0_0_in_context.xdc, line 132).
Applied set_property IO_BUFFER_TYPE = NONE for DDR_dq[8]. (constraint file  c:/Users/jielu/Desktop/Workspace/SpikeYOLO_FPGA/hw/vivado/out/spike_zybo.gen/sources_1/bd/system/ip/system_ps_0_0/system_ps_0_0/system_ps_0_0_in_context.xdc, line 133).
Applied set_property CLOCK_BUFFER_TYPE = NONE for DDR_dq[8]. (constraint file  c:/Users/jielu/Desktop/Workspace/SpikeYOLO_FPGA/hw/vivado/out/spike_zybo.gen/sources_1/bd/system/ip/system_ps_0_0/system_ps_0_0/system_ps_0_0_in_context.xdc, line 134).
Applied set_property IO_BUFFER_TYPE = NONE for DDR_dq[9]. (constraint file  c:/Users/jielu/Desktop/Workspace/SpikeYOLO_FPGA/hw/vivado/out/spike_zybo.gen/sources_1/bd/system/ip/system_ps_0_0/system_ps_0_0/system_ps_0_0_in_context.xdc, line 135).
Applied set_property CLOCK_BUFFER_TYPE = NONE for DDR_dq[9]. (constraint file  c:/Users/jielu/Desktop/Workspace/SpikeYOLO_FPGA/hw/vivado/out/spike_zybo.gen/sources_1/bd/system/ip/system_ps_0_0/system_ps_0_0/system_ps_0_0_in_context.xdc, line 136).
Applied set_property IO_BUFFER_TYPE = NONE for DDR_reset_n. (constraint file  c:/Users/jielu/Desktop/Workspace/SpikeYOLO_FPGA/hw/vivado/out/spike_zybo.gen/sources_1/bd/system/ip/system_ps_0_0/system_ps_0_0/system_ps_0_0_in_context.xdc, line 137).
Applied set_property CLOCK_BUFFER_TYPE = NONE for DDR_reset_n. (constraint file  c:/Users/jielu/Desktop/Workspace/SpikeYOLO_FPGA/hw/vivado/out/spike_zybo.gen/sources_1/bd/system/ip/system_ps_0_0/system_ps_0_0/system_ps_0_0_in_context.xdc, line 138).
Applied set_property IO_BUFFER_TYPE = NONE for DDR_odt. (constraint file  c:/Users/jielu/Desktop/Workspace/SpikeYOLO_FPGA/hw/vivado/out/spike_zybo.gen/sources_1/bd/system/ip/system_ps_0_0/system_ps_0_0/system_ps_0_0_in_context.xdc, line 139).
Applied set_property CLOCK_BUFFER_TYPE = NONE for DDR_odt. (constraint file  c:/Users/jielu/Desktop/Workspace/SpikeYOLO_FPGA/hw/vivado/out/spike_zybo.gen/sources_1/bd/system/ip/system_ps_0_0/system_ps_0_0/system_ps_0_0_in_context.xdc, line 140).
Applied set_property IO_BUFFER_TYPE = NONE for DDR_ras_n. (constraint file  c:/Users/jielu/Desktop/Workspace/SpikeYOLO_FPGA/hw/vivado/out/spike_zybo.gen/sources_1/bd/system/ip/system_ps_0_0/system_ps_0_0/system_ps_0_0_in_context.xdc, line 141).
Applied set_property CLOCK_BUFFER_TYPE = NONE for DDR_ras_n. (constraint file  c:/Users/jielu/Desktop/Workspace/SpikeYOLO_FPGA/hw/vivado/out/spike_zybo.gen/sources_1/bd/system/ip/system_ps_0_0/system_ps_0_0/system_ps_0_0_in_context.xdc, line 142).
Applied set_property IO_BUFFER_TYPE = NONE for FIXED_IO_ddr_vrn. (constraint file  c:/Users/jielu/Desktop/Workspace/SpikeYOLO_FPGA/hw/vivado/out/spike_zybo.gen/sources_1/bd/system/ip/system_ps_0_0/system_ps_0_0/system_ps_0_0_in_context.xdc, line 143).
Applied set_property CLOCK_BUFFER_TYPE = NONE for FIXED_IO_ddr_vrn. (constraint file  c:/Users/jielu/Desktop/Workspace/SpikeYOLO_FPGA/hw/vivado/out/spike_zybo.gen/sources_1/bd/system/ip/system_ps_0_0/system_ps_0_0/system_ps_0_0_in_context.xdc, line 144).
Applied set_property IO_BUFFER_TYPE = NONE for FIXED_IO_ddr_vrp. (constraint file  c:/Users/jielu/Desktop/Workspace/SpikeYOLO_FPGA/hw/vivado/out/spike_zybo.gen/sources_1/bd/system/ip/system_ps_0_0/system_ps_0_0/system_ps_0_0_in_context.xdc, line 145).
Applied set_property CLOCK_BUFFER_TYPE = NONE for FIXED_IO_ddr_vrp. (constraint file  c:/Users/jielu/Desktop/Workspace/SpikeYOLO_FPGA/hw/vivado/out/spike_zybo.gen/sources_1/bd/system/ip/system_ps_0_0/system_ps_0_0/system_ps_0_0_in_context.xdc, line 146).
Applied set_property IO_BUFFER_TYPE = NONE for DDR_we_n. (constraint file  c:/Users/jielu/Desktop/Workspace/SpikeYOLO_FPGA/hw/vivado/out/spike_zybo.gen/sources_1/bd/system/ip/system_ps_0_0/system_ps_0_0/system_ps_0_0_in_context.xdc, line 147).
Applied set_property CLOCK_BUFFER_TYPE = NONE for DDR_we_n. (constraint file  c:/Users/jielu/Desktop/Workspace/SpikeYOLO_FPGA/hw/vivado/out/spike_zybo.gen/sources_1/bd/system/ip/system_ps_0_0/system_ps_0_0/system_ps_0_0_in_context.xdc, line 148).
Applied set_property IO_BUFFER_TYPE = NONE for FIXED_IO_mio[0]. (constraint file  c:/Users/jielu/Desktop/Workspace/SpikeYOLO_FPGA/hw/vivado/out/spike_zybo.gen/sources_1/bd/system/ip/system_ps_0_0/system_ps_0_0/system_ps_0_0_in_context.xdc, line 149).
Applied set_property CLOCK_BUFFER_TYPE = NONE for FIXED_IO_mio[0]. (constraint file  c:/Users/jielu/Desktop/Workspace/SpikeYOLO_FPGA/hw/vivado/out/spike_zybo.gen/sources_1/bd/system/ip/system_ps_0_0/system_ps_0_0/system_ps_0_0_in_context.xdc, line 150).
Applied set_property IO_BUFFER_TYPE = NONE for FIXED_IO_mio[10]. (constraint file  c:/Users/jielu/Desktop/Workspace/SpikeYOLO_FPGA/hw/vivado/out/spike_zybo.gen/sources_1/bd/system/ip/system_ps_0_0/system_ps_0_0/system_ps_0_0_in_context.xdc, line 151).
Applied set_property CLOCK_BUFFER_TYPE = NONE for FIXED_IO_mio[10]. (constraint file  c:/Users/jielu/Desktop/Workspace/SpikeYOLO_FPGA/hw/vivado/out/spike_zybo.gen/sources_1/bd/system/ip/system_ps_0_0/system_ps_0_0/system_ps_0_0_in_context.xdc, line 152).
Applied set_property IO_BUFFER_TYPE = NONE for FIXED_IO_mio[11]. (constraint file  c:/Users/jielu/Desktop/Workspace/SpikeYOLO_FPGA/hw/vivado/out/spike_zybo.gen/sources_1/bd/system/ip/system_ps_0_0/system_ps_0_0/system_ps_0_0_in_context.xdc, line 153).
Applied set_property CLOCK_BUFFER_TYPE = NONE for FIXED_IO_mio[11]. (constraint file  c:/Users/jielu/Desktop/Workspace/SpikeYOLO_FPGA/hw/vivado/out/spike_zybo.gen/sources_1/bd/system/ip/system_ps_0_0/system_ps_0_0/system_ps_0_0_in_context.xdc, line 154).
Applied set_property IO_BUFFER_TYPE = NONE for FIXED_IO_mio[12]. (constraint file  c:/Users/jielu/Desktop/Workspace/SpikeYOLO_FPGA/hw/vivado/out/spike_zybo.gen/sources_1/bd/system/ip/system_ps_0_0/system_ps_0_0/system_ps_0_0_in_context.xdc, line 155).
Applied set_property CLOCK_BUFFER_TYPE = NONE for FIXED_IO_mio[12]. (constraint file  c:/Users/jielu/Desktop/Workspace/SpikeYOLO_FPGA/hw/vivado/out/spike_zybo.gen/sources_1/bd/system/ip/system_ps_0_0/system_ps_0_0/system_ps_0_0_in_context.xdc, line 156).
Applied set_property IO_BUFFER_TYPE = NONE for FIXED_IO_mio[13]. (constraint file  c:/Users/jielu/Desktop/Workspace/SpikeYOLO_FPGA/hw/vivado/out/spike_zybo.gen/sources_1/bd/system/ip/system_ps_0_0/system_ps_0_0/system_ps_0_0_in_context.xdc, line 157).
Applied set_property CLOCK_BUFFER_TYPE = NONE for FIXED_IO_mio[13]. (constraint file  c:/Users/jielu/Desktop/Workspace/SpikeYOLO_FPGA/hw/vivado/out/spike_zybo.gen/sources_1/bd/system/ip/system_ps_0_0/system_ps_0_0/system_ps_0_0_in_context.xdc, line 158).
Applied set_property IO_BUFFER_TYPE = NONE for FIXED_IO_mio[14]. (constraint file  c:/Users/jielu/Desktop/Workspace/SpikeYOLO_FPGA/hw/vivado/out/spike_zybo.gen/sources_1/bd/system/ip/system_ps_0_0/system_ps_0_0/system_ps_0_0_in_context.xdc, line 159).
Applied set_property CLOCK_BUFFER_TYPE = NONE for FIXED_IO_mio[14]. (constraint file  c:/Users/jielu/Desktop/Workspace/SpikeYOLO_FPGA/hw/vivado/out/spike_zybo.gen/sources_1/bd/system/ip/system_ps_0_0/system_ps_0_0/system_ps_0_0_in_context.xdc, line 160).
Applied set_property IO_BUFFER_TYPE = NONE for FIXED_IO_mio[15]. (constraint file  c:/Users/jielu/Desktop/Workspace/SpikeYOLO_FPGA/hw/vivado/out/spike_zybo.gen/sources_1/bd/system/ip/system_ps_0_0/system_ps_0_0/system_ps_0_0_in_context.xdc, line 161).
Applied set_property CLOCK_BUFFER_TYPE = NONE for FIXED_IO_mio[15]. (constraint file  c:/Users/jielu/Desktop/Workspace/SpikeYOLO_FPGA/hw/vivado/out/spike_zybo.gen/sources_1/bd/system/ip/system_ps_0_0/system_ps_0_0/system_ps_0_0_in_context.xdc, line 162).
Applied set_property IO_BUFFER_TYPE = NONE for FIXED_IO_mio[16]. (constraint file  c:/Users/jielu/Desktop/Workspace/SpikeYOLO_FPGA/hw/vivado/out/spike_zybo.gen/sources_1/bd/system/ip/system_ps_0_0/system_ps_0_0/system_ps_0_0_in_context.xdc, line 163).
Applied set_property CLOCK_BUFFER_TYPE = NONE for FIXED_IO_mio[16]. (constraint file  c:/Users/jielu/Desktop/Workspace/SpikeYOLO_FPGA/hw/vivado/out/spike_zybo.gen/sources_1/bd/system/ip/system_ps_0_0/system_ps_0_0/system_ps_0_0_in_context.xdc, line 164).
Applied set_property IO_BUFFER_TYPE = NONE for FIXED_IO_mio[17]. (constraint file  c:/Users/jielu/Desktop/Workspace/SpikeYOLO_FPGA/hw/vivado/out/spike_zybo.gen/sources_1/bd/system/ip/system_ps_0_0/system_ps_0_0/system_ps_0_0_in_context.xdc, line 165).
Applied set_property CLOCK_BUFFER_TYPE = NONE for FIXED_IO_mio[17]. (constraint file  c:/Users/jielu/Desktop/Workspace/SpikeYOLO_FPGA/hw/vivado/out/spike_zybo.gen/sources_1/bd/system/ip/system_ps_0_0/system_ps_0_0/system_ps_0_0_in_context.xdc, line 166).
Applied set_property IO_BUFFER_TYPE = NONE for FIXED_IO_mio[18]. (constraint file  c:/Users/jielu/Desktop/Workspace/SpikeYOLO_FPGA/hw/vivado/out/spike_zybo.gen/sources_1/bd/system/ip/system_ps_0_0/system_ps_0_0/system_ps_0_0_in_context.xdc, line 167).
Applied set_property CLOCK_BUFFER_TYPE = NONE for FIXED_IO_mio[18]. (constraint file  c:/Users/jielu/Desktop/Workspace/SpikeYOLO_FPGA/hw/vivado/out/spike_zybo.gen/sources_1/bd/system/ip/system_ps_0_0/system_ps_0_0/system_ps_0_0_in_context.xdc, line 168).
Applied set_property IO_BUFFER_TYPE = NONE for FIXED_IO_mio[19]. (constraint file  c:/Users/jielu/Desktop/Workspace/SpikeYOLO_FPGA/hw/vivado/out/spike_zybo.gen/sources_1/bd/system/ip/system_ps_0_0/system_ps_0_0/system_ps_0_0_in_context.xdc, line 169).
Applied set_property CLOCK_BUFFER_TYPE = NONE for FIXED_IO_mio[19]. (constraint file  c:/Users/jielu/Desktop/Workspace/SpikeYOLO_FPGA/hw/vivado/out/spike_zybo.gen/sources_1/bd/system/ip/system_ps_0_0/system_ps_0_0/system_ps_0_0_in_context.xdc, line 170).
Applied set_property IO_BUFFER_TYPE = NONE for FIXED_IO_mio[1]. (constraint file  c:/Users/jielu/Desktop/Workspace/SpikeYOLO_FPGA/hw/vivado/out/spike_zybo.gen/sources_1/bd/system/ip/system_ps_0_0/system_ps_0_0/system_ps_0_0_in_context.xdc, line 171).
Applied set_property CLOCK_BUFFER_TYPE = NONE for FIXED_IO_mio[1]. (constraint file  c:/Users/jielu/Desktop/Workspace/SpikeYOLO_FPGA/hw/vivado/out/spike_zybo.gen/sources_1/bd/system/ip/system_ps_0_0/system_ps_0_0/system_ps_0_0_in_context.xdc, line 172).
Applied set_property IO_BUFFER_TYPE = NONE for FIXED_IO_mio[20]. (constraint file  c:/Users/jielu/Desktop/Workspace/SpikeYOLO_FPGA/hw/vivado/out/spike_zybo.gen/sources_1/bd/system/ip/system_ps_0_0/system_ps_0_0/system_ps_0_0_in_context.xdc, line 173).
Applied set_property CLOCK_BUFFER_TYPE = NONE for FIXED_IO_mio[20]. (constraint file  c:/Users/jielu/Desktop/Workspace/SpikeYOLO_FPGA/hw/vivado/out/spike_zybo.gen/sources_1/bd/system/ip/system_ps_0_0/system_ps_0_0/system_ps_0_0_in_context.xdc, line 174).
Applied set_property IO_BUFFER_TYPE = NONE for FIXED_IO_mio[21]. (constraint file  c:/Users/jielu/Desktop/Workspace/SpikeYOLO_FPGA/hw/vivado/out/spike_zybo.gen/sources_1/bd/system/ip/system_ps_0_0/system_ps_0_0/system_ps_0_0_in_context.xdc, line 175).
Applied set_property CLOCK_BUFFER_TYPE = NONE for FIXED_IO_mio[21]. (constraint file  c:/Users/jielu/Desktop/Workspace/SpikeYOLO_FPGA/hw/vivado/out/spike_zybo.gen/sources_1/bd/system/ip/system_ps_0_0/system_ps_0_0/system_ps_0_0_in_context.xdc, line 176).
Applied set_property IO_BUFFER_TYPE = NONE for FIXED_IO_mio[22]. (constraint file  c:/Users/jielu/Desktop/Workspace/SpikeYOLO_FPGA/hw/vivado/out/spike_zybo.gen/sources_1/bd/system/ip/system_ps_0_0/system_ps_0_0/system_ps_0_0_in_context.xdc, line 177).
Applied set_property CLOCK_BUFFER_TYPE = NONE for FIXED_IO_mio[22]. (constraint file  c:/Users/jielu/Desktop/Workspace/SpikeYOLO_FPGA/hw/vivado/out/spike_zybo.gen/sources_1/bd/system/ip/system_ps_0_0/system_ps_0_0/system_ps_0_0_in_context.xdc, line 178).
Applied set_property IO_BUFFER_TYPE = NONE for FIXED_IO_mio[23]. (constraint file  c:/Users/jielu/Desktop/Workspace/SpikeYOLO_FPGA/hw/vivado/out/spike_zybo.gen/sources_1/bd/system/ip/system_ps_0_0/system_ps_0_0/system_ps_0_0_in_context.xdc, line 179).
Applied set_property CLOCK_BUFFER_TYPE = NONE for FIXED_IO_mio[23]. (constraint file  c:/Users/jielu/Desktop/Workspace/SpikeYOLO_FPGA/hw/vivado/out/spike_zybo.gen/sources_1/bd/system/ip/system_ps_0_0/system_ps_0_0/system_ps_0_0_in_context.xdc, line 180).
Applied set_property IO_BUFFER_TYPE = NONE for FIXED_IO_mio[24]. (constraint file  c:/Users/jielu/Desktop/Workspace/SpikeYOLO_FPGA/hw/vivado/out/spike_zybo.gen/sources_1/bd/system/ip/system_ps_0_0/system_ps_0_0/system_ps_0_0_in_context.xdc, line 181).
Applied set_property CLOCK_BUFFER_TYPE = NONE for FIXED_IO_mio[24]. (constraint file  c:/Users/jielu/Desktop/Workspace/SpikeYOLO_FPGA/hw/vivado/out/spike_zybo.gen/sources_1/bd/system/ip/system_ps_0_0/system_ps_0_0/system_ps_0_0_in_context.xdc, line 182).
Applied set_property IO_BUFFER_TYPE = NONE for FIXED_IO_mio[25]. (constraint file  c:/Users/jielu/Desktop/Workspace/SpikeYOLO_FPGA/hw/vivado/out/spike_zybo.gen/sources_1/bd/system/ip/system_ps_0_0/system_ps_0_0/system_ps_0_0_in_context.xdc, line 183).
Applied set_property CLOCK_BUFFER_TYPE = NONE for FIXED_IO_mio[25]. (constraint file  c:/Users/jielu/Desktop/Workspace/SpikeYOLO_FPGA/hw/vivado/out/spike_zybo.gen/sources_1/bd/system/ip/system_ps_0_0/system_ps_0_0/system_ps_0_0_in_context.xdc, line 184).
Applied set_property IO_BUFFER_TYPE = NONE for FIXED_IO_mio[26]. (constraint file  c:/Users/jielu/Desktop/Workspace/SpikeYOLO_FPGA/hw/vivado/out/spike_zybo.gen/sources_1/bd/system/ip/system_ps_0_0/system_ps_0_0/system_ps_0_0_in_context.xdc, line 185).
Applied set_property CLOCK_BUFFER_TYPE = NONE for FIXED_IO_mio[26]. (constraint file  c:/Users/jielu/Desktop/Workspace/SpikeYOLO_FPGA/hw/vivado/out/spike_zybo.gen/sources_1/bd/system/ip/system_ps_0_0/system_ps_0_0/system_ps_0_0_in_context.xdc, line 186).
Applied set_property IO_BUFFER_TYPE = NONE for FIXED_IO_mio[27]. (constraint file  c:/Users/jielu/Desktop/Workspace/SpikeYOLO_FPGA/hw/vivado/out/spike_zybo.gen/sources_1/bd/system/ip/system_ps_0_0/system_ps_0_0/system_ps_0_0_in_context.xdc, line 187).
Applied set_property CLOCK_BUFFER_TYPE = NONE for FIXED_IO_mio[27]. (constraint file  c:/Users/jielu/Desktop/Workspace/SpikeYOLO_FPGA/hw/vivado/out/spike_zybo.gen/sources_1/bd/system/ip/system_ps_0_0/system_ps_0_0/system_ps_0_0_in_context.xdc, line 188).
Applied set_property IO_BUFFER_TYPE = NONE for FIXED_IO_mio[28]. (constraint file  c:/Users/jielu/Desktop/Workspace/SpikeYOLO_FPGA/hw/vivado/out/spike_zybo.gen/sources_1/bd/system/ip/system_ps_0_0/system_ps_0_0/system_ps_0_0_in_context.xdc, line 189).
Applied set_property CLOCK_BUFFER_TYPE = NONE for FIXED_IO_mio[28]. (constraint file  c:/Users/jielu/Desktop/Workspace/SpikeYOLO_FPGA/hw/vivado/out/spike_zybo.gen/sources_1/bd/system/ip/system_ps_0_0/system_ps_0_0/system_ps_0_0_in_context.xdc, line 190).
Applied set_property IO_BUFFER_TYPE = NONE for FIXED_IO_mio[29]. (constraint file  c:/Users/jielu/Desktop/Workspace/SpikeYOLO_FPGA/hw/vivado/out/spike_zybo.gen/sources_1/bd/system/ip/system_ps_0_0/system_ps_0_0/system_ps_0_0_in_context.xdc, line 191).
Applied set_property CLOCK_BUFFER_TYPE = NONE for FIXED_IO_mio[29]. (constraint file  c:/Users/jielu/Desktop/Workspace/SpikeYOLO_FPGA/hw/vivado/out/spike_zybo.gen/sources_1/bd/system/ip/system_ps_0_0/system_ps_0_0/system_ps_0_0_in_context.xdc, line 192).
Applied set_property IO_BUFFER_TYPE = NONE for FIXED_IO_mio[2]. (constraint file  c:/Users/jielu/Desktop/Workspace/SpikeYOLO_FPGA/hw/vivado/out/spike_zybo.gen/sources_1/bd/system/ip/system_ps_0_0/system_ps_0_0/system_ps_0_0_in_context.xdc, line 193).
Applied set_property CLOCK_BUFFER_TYPE = NONE for FIXED_IO_mio[2]. (constraint file  c:/Users/jielu/Desktop/Workspace/SpikeYOLO_FPGA/hw/vivado/out/spike_zybo.gen/sources_1/bd/system/ip/system_ps_0_0/system_ps_0_0/system_ps_0_0_in_context.xdc, line 194).
Applied set_property IO_BUFFER_TYPE = NONE for FIXED_IO_mio[30]. (constraint file  c:/Users/jielu/Desktop/Workspace/SpikeYOLO_FPGA/hw/vivado/out/spike_zybo.gen/sources_1/bd/system/ip/system_ps_0_0/system_ps_0_0/system_ps_0_0_in_context.xdc, line 195).
Applied set_property CLOCK_BUFFER_TYPE = NONE for FIXED_IO_mio[30]. (constraint file  c:/Users/jielu/Desktop/Workspace/SpikeYOLO_FPGA/hw/vivado/out/spike_zybo.gen/sources_1/bd/system/ip/system_ps_0_0/system_ps_0_0/system_ps_0_0_in_context.xdc, line 196).
Applied set_property IO_BUFFER_TYPE = NONE for FIXED_IO_mio[31]. (constraint file  c:/Users/jielu/Desktop/Workspace/SpikeYOLO_FPGA/hw/vivado/out/spike_zybo.gen/sources_1/bd/system/ip/system_ps_0_0/system_ps_0_0/system_ps_0_0_in_context.xdc, line 197).
Applied set_property CLOCK_BUFFER_TYPE = NONE for FIXED_IO_mio[31]. (constraint file  c:/Users/jielu/Desktop/Workspace/SpikeYOLO_FPGA/hw/vivado/out/spike_zybo.gen/sources_1/bd/system/ip/system_ps_0_0/system_ps_0_0/system_ps_0_0_in_context.xdc, line 198).
Applied set_property IO_BUFFER_TYPE = NONE for FIXED_IO_mio[32]. (constraint file  c:/Users/jielu/Desktop/Workspace/SpikeYOLO_FPGA/hw/vivado/out/spike_zybo.gen/sources_1/bd/system/ip/system_ps_0_0/system_ps_0_0/system_ps_0_0_in_context.xdc, line 199).
Applied set_property CLOCK_BUFFER_TYPE = NONE for FIXED_IO_mio[32]. (constraint file  c:/Users/jielu/Desktop/Workspace/SpikeYOLO_FPGA/hw/vivado/out/spike_zybo.gen/sources_1/bd/system/ip/system_ps_0_0/system_ps_0_0/system_ps_0_0_in_context.xdc, line 200).
Applied set_property IO_BUFFER_TYPE = NONE for FIXED_IO_mio[33]. (constraint file  c:/Users/jielu/Desktop/Workspace/SpikeYOLO_FPGA/hw/vivado/out/spike_zybo.gen/sources_1/bd/system/ip/system_ps_0_0/system_ps_0_0/system_ps_0_0_in_context.xdc, line 201).
Applied set_property CLOCK_BUFFER_TYPE = NONE for FIXED_IO_mio[33]. (constraint file  c:/Users/jielu/Desktop/Workspace/SpikeYOLO_FPGA/hw/vivado/out/spike_zybo.gen/sources_1/bd/system/ip/system_ps_0_0/system_ps_0_0/system_ps_0_0_in_context.xdc, line 202).
Applied set_property IO_BUFFER_TYPE = NONE for FIXED_IO_mio[34]. (constraint file  c:/Users/jielu/Desktop/Workspace/SpikeYOLO_FPGA/hw/vivado/out/spike_zybo.gen/sources_1/bd/system/ip/system_ps_0_0/system_ps_0_0/system_ps_0_0_in_context.xdc, line 203).
Applied set_property CLOCK_BUFFER_TYPE = NONE for FIXED_IO_mio[34]. (constraint file  c:/Users/jielu/Desktop/Workspace/SpikeYOLO_FPGA/hw/vivado/out/spike_zybo.gen/sources_1/bd/system/ip/system_ps_0_0/system_ps_0_0/system_ps_0_0_in_context.xdc, line 204).
Applied set_property IO_BUFFER_TYPE = NONE for FIXED_IO_mio[35]. (constraint file  c:/Users/jielu/Desktop/Workspace/SpikeYOLO_FPGA/hw/vivado/out/spike_zybo.gen/sources_1/bd/system/ip/system_ps_0_0/system_ps_0_0/system_ps_0_0_in_context.xdc, line 205).
Applied set_property CLOCK_BUFFER_TYPE = NONE for FIXED_IO_mio[35]. (constraint file  c:/Users/jielu/Desktop/Workspace/SpikeYOLO_FPGA/hw/vivado/out/spike_zybo.gen/sources_1/bd/system/ip/system_ps_0_0/system_ps_0_0/system_ps_0_0_in_context.xdc, line 206).
Applied set_property IO_BUFFER_TYPE = NONE for FIXED_IO_mio[36]. (constraint file  c:/Users/jielu/Desktop/Workspace/SpikeYOLO_FPGA/hw/vivado/out/spike_zybo.gen/sources_1/bd/system/ip/system_ps_0_0/system_ps_0_0/system_ps_0_0_in_context.xdc, line 207).
Applied set_property CLOCK_BUFFER_TYPE = NONE for FIXED_IO_mio[36]. (constraint file  c:/Users/jielu/Desktop/Workspace/SpikeYOLO_FPGA/hw/vivado/out/spike_zybo.gen/sources_1/bd/system/ip/system_ps_0_0/system_ps_0_0/system_ps_0_0_in_context.xdc, line 208).
Applied set_property IO_BUFFER_TYPE = NONE for FIXED_IO_mio[37]. (constraint file  c:/Users/jielu/Desktop/Workspace/SpikeYOLO_FPGA/hw/vivado/out/spike_zybo.gen/sources_1/bd/system/ip/system_ps_0_0/system_ps_0_0/system_ps_0_0_in_context.xdc, line 209).
Applied set_property CLOCK_BUFFER_TYPE = NONE for FIXED_IO_mio[37]. (constraint file  c:/Users/jielu/Desktop/Workspace/SpikeYOLO_FPGA/hw/vivado/out/spike_zybo.gen/sources_1/bd/system/ip/system_ps_0_0/system_ps_0_0/system_ps_0_0_in_context.xdc, line 210).
Applied set_property IO_BUFFER_TYPE = NONE for FIXED_IO_mio[38]. (constraint file  c:/Users/jielu/Desktop/Workspace/SpikeYOLO_FPGA/hw/vivado/out/spike_zybo.gen/sources_1/bd/system/ip/system_ps_0_0/system_ps_0_0/system_ps_0_0_in_context.xdc, line 211).
Applied set_property CLOCK_BUFFER_TYPE = NONE for FIXED_IO_mio[38]. (constraint file  c:/Users/jielu/Desktop/Workspace/SpikeYOLO_FPGA/hw/vivado/out/spike_zybo.gen/sources_1/bd/system/ip/system_ps_0_0/system_ps_0_0/system_ps_0_0_in_context.xdc, line 212).
Applied set_property IO_BUFFER_TYPE = NONE for FIXED_IO_mio[39]. (constraint file  c:/Users/jielu/Desktop/Workspace/SpikeYOLO_FPGA/hw/vivado/out/spike_zybo.gen/sources_1/bd/system/ip/system_ps_0_0/system_ps_0_0/system_ps_0_0_in_context.xdc, line 213).
Applied set_property CLOCK_BUFFER_TYPE = NONE for FIXED_IO_mio[39]. (constraint file  c:/Users/jielu/Desktop/Workspace/SpikeYOLO_FPGA/hw/vivado/out/spike_zybo.gen/sources_1/bd/system/ip/system_ps_0_0/system_ps_0_0/system_ps_0_0_in_context.xdc, line 214).
Applied set_property IO_BUFFER_TYPE = NONE for FIXED_IO_mio[3]. (constraint file  c:/Users/jielu/Desktop/Workspace/SpikeYOLO_FPGA/hw/vivado/out/spike_zybo.gen/sources_1/bd/system/ip/system_ps_0_0/system_ps_0_0/system_ps_0_0_in_context.xdc, line 215).
Applied set_property CLOCK_BUFFER_TYPE = NONE for FIXED_IO_mio[3]. (constraint file  c:/Users/jielu/Desktop/Workspace/SpikeYOLO_FPGA/hw/vivado/out/spike_zybo.gen/sources_1/bd/system/ip/system_ps_0_0/system_ps_0_0/system_ps_0_0_in_context.xdc, line 216).
Applied set_property IO_BUFFER_TYPE = NONE for FIXED_IO_mio[40]. (constraint file  c:/Users/jielu/Desktop/Workspace/SpikeYOLO_FPGA/hw/vivado/out/spike_zybo.gen/sources_1/bd/system/ip/system_ps_0_0/system_ps_0_0/system_ps_0_0_in_context.xdc, line 217).
Applied set_property CLOCK_BUFFER_TYPE = NONE for FIXED_IO_mio[40]. (constraint file  c:/Users/jielu/Desktop/Workspace/SpikeYOLO_FPGA/hw/vivado/out/spike_zybo.gen/sources_1/bd/system/ip/system_ps_0_0/system_ps_0_0/system_ps_0_0_in_context.xdc, line 218).
Applied set_property IO_BUFFER_TYPE = NONE for FIXED_IO_mio[41]. (constraint file  c:/Users/jielu/Desktop/Workspace/SpikeYOLO_FPGA/hw/vivado/out/spike_zybo.gen/sources_1/bd/system/ip/system_ps_0_0/system_ps_0_0/system_ps_0_0_in_context.xdc, line 219).
Applied set_property CLOCK_BUFFER_TYPE = NONE for FIXED_IO_mio[41]. (constraint file  c:/Users/jielu/Desktop/Workspace/SpikeYOLO_FPGA/hw/vivado/out/spike_zybo.gen/sources_1/bd/system/ip/system_ps_0_0/system_ps_0_0/system_ps_0_0_in_context.xdc, line 220).
Applied set_property IO_BUFFER_TYPE = NONE for FIXED_IO_mio[42]. (constraint file  c:/Users/jielu/Desktop/Workspace/SpikeYOLO_FPGA/hw/vivado/out/spike_zybo.gen/sources_1/bd/system/ip/system_ps_0_0/system_ps_0_0/system_ps_0_0_in_context.xdc, line 221).
Applied set_property CLOCK_BUFFER_TYPE = NONE for FIXED_IO_mio[42]. (constraint file  c:/Users/jielu/Desktop/Workspace/SpikeYOLO_FPGA/hw/vivado/out/spike_zybo.gen/sources_1/bd/system/ip/system_ps_0_0/system_ps_0_0/system_ps_0_0_in_context.xdc, line 222).
Applied set_property IO_BUFFER_TYPE = NONE for FIXED_IO_mio[43]. (constraint file  c:/Users/jielu/Desktop/Workspace/SpikeYOLO_FPGA/hw/vivado/out/spike_zybo.gen/sources_1/bd/system/ip/system_ps_0_0/system_ps_0_0/system_ps_0_0_in_context.xdc, line 223).
Applied set_property CLOCK_BUFFER_TYPE = NONE for FIXED_IO_mio[43]. (constraint file  c:/Users/jielu/Desktop/Workspace/SpikeYOLO_FPGA/hw/vivado/out/spike_zybo.gen/sources_1/bd/system/ip/system_ps_0_0/system_ps_0_0/system_ps_0_0_in_context.xdc, line 224).
Applied set_property IO_BUFFER_TYPE = NONE for FIXED_IO_mio[44]. (constraint file  c:/Users/jielu/Desktop/Workspace/SpikeYOLO_FPGA/hw/vivado/out/spike_zybo.gen/sources_1/bd/system/ip/system_ps_0_0/system_ps_0_0/system_ps_0_0_in_context.xdc, line 225).
Applied set_property CLOCK_BUFFER_TYPE = NONE for FIXED_IO_mio[44]. (constraint file  c:/Users/jielu/Desktop/Workspace/SpikeYOLO_FPGA/hw/vivado/out/spike_zybo.gen/sources_1/bd/system/ip/system_ps_0_0/system_ps_0_0/system_ps_0_0_in_context.xdc, line 226).
Applied set_property IO_BUFFER_TYPE = NONE for FIXED_IO_mio[45]. (constraint file  c:/Users/jielu/Desktop/Workspace/SpikeYOLO_FPGA/hw/vivado/out/spike_zybo.gen/sources_1/bd/system/ip/system_ps_0_0/system_ps_0_0/system_ps_0_0_in_context.xdc, line 227).
Applied set_property CLOCK_BUFFER_TYPE = NONE for FIXED_IO_mio[45]. (constraint file  c:/Users/jielu/Desktop/Workspace/SpikeYOLO_FPGA/hw/vivado/out/spike_zybo.gen/sources_1/bd/system/ip/system_ps_0_0/system_ps_0_0/system_ps_0_0_in_context.xdc, line 228).
Applied set_property IO_BUFFER_TYPE = NONE for FIXED_IO_mio[46]. (constraint file  c:/Users/jielu/Desktop/Workspace/SpikeYOLO_FPGA/hw/vivado/out/spike_zybo.gen/sources_1/bd/system/ip/system_ps_0_0/system_ps_0_0/system_ps_0_0_in_context.xdc, line 229).
Applied set_property CLOCK_BUFFER_TYPE = NONE for FIXED_IO_mio[46]. (constraint file  c:/Users/jielu/Desktop/Workspace/SpikeYOLO_FPGA/hw/vivado/out/spike_zybo.gen/sources_1/bd/system/ip/system_ps_0_0/system_ps_0_0/system_ps_0_0_in_context.xdc, line 230).
Applied set_property IO_BUFFER_TYPE = NONE for FIXED_IO_mio[47]. (constraint file  c:/Users/jielu/Desktop/Workspace/SpikeYOLO_FPGA/hw/vivado/out/spike_zybo.gen/sources_1/bd/system/ip/system_ps_0_0/system_ps_0_0/system_ps_0_0_in_context.xdc, line 231).
Applied set_property CLOCK_BUFFER_TYPE = NONE for FIXED_IO_mio[47]. (constraint file  c:/Users/jielu/Desktop/Workspace/SpikeYOLO_FPGA/hw/vivado/out/spike_zybo.gen/sources_1/bd/system/ip/system_ps_0_0/system_ps_0_0/system_ps_0_0_in_context.xdc, line 232).
Applied set_property IO_BUFFER_TYPE = NONE for FIXED_IO_mio[48]. (constraint file  c:/Users/jielu/Desktop/Workspace/SpikeYOLO_FPGA/hw/vivado/out/spike_zybo.gen/sources_1/bd/system/ip/system_ps_0_0/system_ps_0_0/system_ps_0_0_in_context.xdc, line 233).
Applied set_property CLOCK_BUFFER_TYPE = NONE for FIXED_IO_mio[48]. (constraint file  c:/Users/jielu/Desktop/Workspace/SpikeYOLO_FPGA/hw/vivado/out/spike_zybo.gen/sources_1/bd/system/ip/system_ps_0_0/system_ps_0_0/system_ps_0_0_in_context.xdc, line 234).
Applied set_property IO_BUFFER_TYPE = NONE for FIXED_IO_mio[49]. (constraint file  c:/Users/jielu/Desktop/Workspace/SpikeYOLO_FPGA/hw/vivado/out/spike_zybo.gen/sources_1/bd/system/ip/system_ps_0_0/system_ps_0_0/system_ps_0_0_in_context.xdc, line 235).
Applied set_property CLOCK_BUFFER_TYPE = NONE for FIXED_IO_mio[49]. (constraint file  c:/Users/jielu/Desktop/Workspace/SpikeYOLO_FPGA/hw/vivado/out/spike_zybo.gen/sources_1/bd/system/ip/system_ps_0_0/system_ps_0_0/system_ps_0_0_in_context.xdc, line 236).
Applied set_property IO_BUFFER_TYPE = NONE for FIXED_IO_mio[4]. (constraint file  c:/Users/jielu/Desktop/Workspace/SpikeYOLO_FPGA/hw/vivado/out/spike_zybo.gen/sources_1/bd/system/ip/system_ps_0_0/system_ps_0_0/system_ps_0_0_in_context.xdc, line 237).
Applied set_property CLOCK_BUFFER_TYPE = NONE for FIXED_IO_mio[4]. (constraint file  c:/Users/jielu/Desktop/Workspace/SpikeYOLO_FPGA/hw/vivado/out/spike_zybo.gen/sources_1/bd/system/ip/system_ps_0_0/system_ps_0_0/system_ps_0_0_in_context.xdc, line 238).
Applied set_property IO_BUFFER_TYPE = NONE for FIXED_IO_mio[50]. (constraint file  c:/Users/jielu/Desktop/Workspace/SpikeYOLO_FPGA/hw/vivado/out/spike_zybo.gen/sources_1/bd/system/ip/system_ps_0_0/system_ps_0_0/system_ps_0_0_in_context.xdc, line 239).
Applied set_property CLOCK_BUFFER_TYPE = NONE for FIXED_IO_mio[50]. (constraint file  c:/Users/jielu/Desktop/Workspace/SpikeYOLO_FPGA/hw/vivado/out/spike_zybo.gen/sources_1/bd/system/ip/system_ps_0_0/system_ps_0_0/system_ps_0_0_in_context.xdc, line 240).
Applied set_property IO_BUFFER_TYPE = NONE for FIXED_IO_mio[51]. (constraint file  c:/Users/jielu/Desktop/Workspace/SpikeYOLO_FPGA/hw/vivado/out/spike_zybo.gen/sources_1/bd/system/ip/system_ps_0_0/system_ps_0_0/system_ps_0_0_in_context.xdc, line 241).
Applied set_property CLOCK_BUFFER_TYPE = NONE for FIXED_IO_mio[51]. (constraint file  c:/Users/jielu/Desktop/Workspace/SpikeYOLO_FPGA/hw/vivado/out/spike_zybo.gen/sources_1/bd/system/ip/system_ps_0_0/system_ps_0_0/system_ps_0_0_in_context.xdc, line 242).
Applied set_property IO_BUFFER_TYPE = NONE for FIXED_IO_mio[52]. (constraint file  c:/Users/jielu/Desktop/Workspace/SpikeYOLO_FPGA/hw/vivado/out/spike_zybo.gen/sources_1/bd/system/ip/system_ps_0_0/system_ps_0_0/system_ps_0_0_in_context.xdc, line 243).
Applied set_property CLOCK_BUFFER_TYPE = NONE for FIXED_IO_mio[52]. (constraint file  c:/Users/jielu/Desktop/Workspace/SpikeYOLO_FPGA/hw/vivado/out/spike_zybo.gen/sources_1/bd/system/ip/system_ps_0_0/system_ps_0_0/system_ps_0_0_in_context.xdc, line 244).
Applied set_property IO_BUFFER_TYPE = NONE for FIXED_IO_mio[53]. (constraint file  c:/Users/jielu/Desktop/Workspace/SpikeYOLO_FPGA/hw/vivado/out/spike_zybo.gen/sources_1/bd/system/ip/system_ps_0_0/system_ps_0_0/system_ps_0_0_in_context.xdc, line 245).
Applied set_property CLOCK_BUFFER_TYPE = NONE for FIXED_IO_mio[53]. (constraint file  c:/Users/jielu/Desktop/Workspace/SpikeYOLO_FPGA/hw/vivado/out/spike_zybo.gen/sources_1/bd/system/ip/system_ps_0_0/system_ps_0_0/system_ps_0_0_in_context.xdc, line 246).
Applied set_property IO_BUFFER_TYPE = NONE for FIXED_IO_mio[5]. (constraint file  c:/Users/jielu/Desktop/Workspace/SpikeYOLO_FPGA/hw/vivado/out/spike_zybo.gen/sources_1/bd/system/ip/system_ps_0_0/system_ps_0_0/system_ps_0_0_in_context.xdc, line 247).
Applied set_property CLOCK_BUFFER_TYPE = NONE for FIXED_IO_mio[5]. (constraint file  c:/Users/jielu/Desktop/Workspace/SpikeYOLO_FPGA/hw/vivado/out/spike_zybo.gen/sources_1/bd/system/ip/system_ps_0_0/system_ps_0_0/system_ps_0_0_in_context.xdc, line 248).
Applied set_property IO_BUFFER_TYPE = NONE for FIXED_IO_mio[6]. (constraint file  c:/Users/jielu/Desktop/Workspace/SpikeYOLO_FPGA/hw/vivado/out/spike_zybo.gen/sources_1/bd/system/ip/system_ps_0_0/system_ps_0_0/system_ps_0_0_in_context.xdc, line 249).
Applied set_property CLOCK_BUFFER_TYPE = NONE for FIXED_IO_mio[6]. (constraint file  c:/Users/jielu/Desktop/Workspace/SpikeYOLO_FPGA/hw/vivado/out/spike_zybo.gen/sources_1/bd/system/ip/system_ps_0_0/system_ps_0_0/system_ps_0_0_in_context.xdc, line 250).
Applied set_property IO_BUFFER_TYPE = NONE for FIXED_IO_mio[7]. (constraint file  c:/Users/jielu/Desktop/Workspace/SpikeYOLO_FPGA/hw/vivado/out/spike_zybo.gen/sources_1/bd/system/ip/system_ps_0_0/system_ps_0_0/system_ps_0_0_in_context.xdc, line 251).
Applied set_property CLOCK_BUFFER_TYPE = NONE for FIXED_IO_mio[7]. (constraint file  c:/Users/jielu/Desktop/Workspace/SpikeYOLO_FPGA/hw/vivado/out/spike_zybo.gen/sources_1/bd/system/ip/system_ps_0_0/system_ps_0_0/system_ps_0_0_in_context.xdc, line 252).
Applied set_property IO_BUFFER_TYPE = NONE for FIXED_IO_mio[8]. (constraint file  c:/Users/jielu/Desktop/Workspace/SpikeYOLO_FPGA/hw/vivado/out/spike_zybo.gen/sources_1/bd/system/ip/system_ps_0_0/system_ps_0_0/system_ps_0_0_in_context.xdc, line 253).
Applied set_property CLOCK_BUFFER_TYPE = NONE for FIXED_IO_mio[8]. (constraint file  c:/Users/jielu/Desktop/Workspace/SpikeYOLO_FPGA/hw/vivado/out/spike_zybo.gen/sources_1/bd/system/ip/system_ps_0_0/system_ps_0_0/system_ps_0_0_in_context.xdc, line 254).
Applied set_property IO_BUFFER_TYPE = NONE for FIXED_IO_mio[9]. (constraint file  c:/Users/jielu/Desktop/Workspace/SpikeYOLO_FPGA/hw/vivado/out/spike_zybo.gen/sources_1/bd/system/ip/system_ps_0_0/system_ps_0_0/system_ps_0_0_in_context.xdc, line 255).
Applied set_property CLOCK_BUFFER_TYPE = NONE for FIXED_IO_mio[9]. (constraint file  c:/Users/jielu/Desktop/Workspace/SpikeYOLO_FPGA/hw/vivado/out/spike_zybo.gen/sources_1/bd/system/ip/system_ps_0_0/system_ps_0_0/system_ps_0_0_in_context.xdc, line 256).
Applied set_property IO_BUFFER_TYPE = NONE for FIXED_IO_ps_clk. (constraint file  c:/Users/jielu/Desktop/Workspace/SpikeYOLO_FPGA/hw/vivado/out/spike_zybo.gen/sources_1/bd/system/ip/system_ps_0_0/system_ps_0_0/system_ps_0_0_in_context.xdc, line 257).
Applied set_property CLOCK_BUFFER_TYPE = NONE for FIXED_IO_ps_clk. (constraint file  c:/Users/jielu/Desktop/Workspace/SpikeYOLO_FPGA/hw/vivado/out/spike_zybo.gen/sources_1/bd/system/ip/system_ps_0_0/system_ps_0_0/system_ps_0_0_in_context.xdc, line 258).
Applied set_property IO_BUFFER_TYPE = NONE for FIXED_IO_ps_porb. (constraint file  c:/Users/jielu/Desktop/Workspace/SpikeYOLO_FPGA/hw/vivado/out/spike_zybo.gen/sources_1/bd/system/ip/system_ps_0_0/system_ps_0_0/system_ps_0_0_in_context.xdc, line 259).
Applied set_property CLOCK_BUFFER_TYPE = NONE for FIXED_IO_ps_porb. (constraint file  c:/Users/jielu/Desktop/Workspace/SpikeYOLO_FPGA/hw/vivado/out/spike_zybo.gen/sources_1/bd/system/ip/system_ps_0_0/system_ps_0_0/system_ps_0_0_in_context.xdc, line 260).
Applied set_property IO_BUFFER_TYPE = NONE for FIXED_IO_ps_srstb. (constraint file  c:/Users/jielu/Desktop/Workspace/SpikeYOLO_FPGA/hw/vivado/out/spike_zybo.gen/sources_1/bd/system/ip/system_ps_0_0/system_ps_0_0/system_ps_0_0_in_context.xdc, line 261).
Applied set_property CLOCK_BUFFER_TYPE = NONE for FIXED_IO_ps_srstb. (constraint file  c:/Users/jielu/Desktop/Workspace/SpikeYOLO_FPGA/hw/vivado/out/spike_zybo.gen/sources_1/bd/system/ip/system_ps_0_0/system_ps_0_0/system_ps_0_0_in_context.xdc, line 262).
Applied set_property KEEP_HIERARCHY = SOFT for system_i. (constraint file  auto generated constraint).
Applied set_property KEEP_HIERARCHY = SOFT for system_i/ps_0. (constraint file  auto generated constraint).
Applied set_property KEEP_HIERARCHY = SOFT for system_i/spike_accel_0. (constraint file  auto generated constraint).
Applied set_property KEEP_HIERARCHY = SOFT for system_i/axi_dma_feat. (constraint file  auto generated constraint).
Applied set_property KEEP_HIERARCHY = SOFT for system_i/ic_ctrl. (constraint file  auto generated constraint).
Applied set_property KEEP_HIERARCHY = SOFT for system_i/ic_data_hp0. (constraint file  auto generated constraint).
Applied set_property KEEP_HIERARCHY = SOFT for system_i/ic_data_hp1. (constraint file  auto generated constraint).
Applied set_property KEEP_HIERARCHY = SOFT for system_i/irq_concat. (constraint file  auto generated constraint).
Applied set_property KEEP_HIERARCHY = SOFT for system_i/rst_clk0. (constraint file  auto generated constraint).
Applied set_property KEEP_HIERARCHY = SOFT for system_i/rst_clk1. (constraint file  auto generated constraint).
---------------------------------------------------------------------------------
Finished applying 'set_property' XDC Constraints : Time (s): cpu = 00:00:12 ; elapsed = 00:00:13 . Memory (MB): peak = 1798.738 ; gain = 570.383
---------------------------------------------------------------------------------
---------------------------------------------------------------------------------
Finished RTL Optimization Phase 2 : Time (s): cpu = 00:00:12 ; elapsed = 00:00:13 . Memory (MB): peak = 1798.738 ; gain = 570.383
---------------------------------------------------------------------------------
---------------------------------------------------------------------------------
Start RTL Component Statistics 
---------------------------------------------------------------------------------
Detailed RTL Component Info : 
---------------------------------------------------------------------------------
Finished RTL Component Statistics 
---------------------------------------------------------------------------------
---------------------------------------------------------------------------------
Start Part Resource Summary
---------------------------------------------------------------------------------
Part Resources:
DSPs: 220 (col length:60)
BRAMs: 280 (col length: RAMB18 60 RAMB36 30)
---------------------------------------------------------------------------------
Finished Part Resource Summary
---------------------------------------------------------------------------------
---------------------------------------------------------------------------------
Start Cross Boundary and Area Optimization
---------------------------------------------------------------------------------
WARNING: [Synth 8-7080] Parallel synthesis criteria is not met
---------------------------------------------------------------------------------
Finished Cross Boundary and Area Optimization : Time (s): cpu = 00:00:14 ; elapsed = 00:00:15 . Memory (MB): peak = 1798.738 ; gain = 570.383
---------------------------------------------------------------------------------
---------------------------------------------------------------------------------
Start Applying XDC Timing Constraints
---------------------------------------------------------------------------------
---------------------------------------------------------------------------------
Finished Applying XDC Timing Constraints : Time (s): cpu = 00:00:18 ; elapsed = 00:00:20 . Memory (MB): peak = 1798.738 ; gain = 570.383
---------------------------------------------------------------------------------
---------------------------------------------------------------------------------
Start Timing Optimization
---------------------------------------------------------------------------------
---------------------------------------------------------------------------------
Finished Timing Optimization : Time (s): cpu = 00:00:18 ; elapsed = 00:00:20 . Memory (MB): peak = 1798.738 ; gain = 570.383
---------------------------------------------------------------------------------
---------------------------------------------------------------------------------
Start Technology Mapping
---------------------------------------------------------------------------------
---------------------------------------------------------------------------------
Finished Technology Mapping : Time (s): cpu = 00:00:18 ; elapsed = 00:00:20 . Memory (MB): peak = 1798.738 ; gain = 570.383
---------------------------------------------------------------------------------
---------------------------------------------------------------------------------
Start IO Insertion
---------------------------------------------------------------------------------
---------------------------------------------------------------------------------
Start Flattening Before IO Insertion
---------------------------------------------------------------------------------
---------------------------------------------------------------------------------
Finished Flattening Before IO Insertion
---------------------------------------------------------------------------------
---------------------------------------------------------------------------------
Start Final Netlist Cleanup
---------------------------------------------------------------------------------
---------------------------------------------------------------------------------
Finished Final Netlist Cleanup
---------------------------------------------------------------------------------
---------------------------------------------------------------------------------
Finished IO Insertion : Time (s): cpu = 00:00:22 ; elapsed = 00:00:23 . Memory (MB): peak = 1798.738 ; gain = 570.383
---------------------------------------------------------------------------------
---------------------------------------------------------------------------------
Start Renaming Generated Instances
---------------------------------------------------------------------------------
---------------------------------------------------------------------------------
Finished Renaming Generated Instances : Time (s): cpu = 00:00:22 ; elapsed = 00:00:23 . Memory (MB): peak = 1798.738 ; gain = 570.383
---------------------------------------------------------------------------------
---------------------------------------------------------------------------------
Start Rebuilding User Hierarchy
---------------------------------------------------------------------------------
---------------------------------------------------------------------------------
Finished Rebuilding User Hierarchy : Time (s): cpu = 00:00:22 ; elapsed = 00:00:23 . Memory (MB): peak = 1798.738 ; gain = 570.383
---------------------------------------------------------------------------------
---------------------------------------------------------------------------------
Start Renaming Generated Ports
---------------------------------------------------------------------------------
---------------------------------------------------------------------------------
Finished Renaming Generated Ports : Time (s): cpu = 00:00:22 ; elapsed = 00:00:23 . Memory (MB): peak = 1798.738 ; gain = 570.383
---------------------------------------------------------------------------------
---------------------------------------------------------------------------------
Start Handling Custom Attributes
---------------------------------------------------------------------------------
---------------------------------------------------------------------------------
Finished Handling Custom Attributes : Time (s): cpu = 00:00:22 ; elapsed = 00:00:23 . Memory (MB): peak = 1798.738 ; gain = 570.383
---------------------------------------------------------------------------------
---------------------------------------------------------------------------------
Start Renaming Generated Nets
---------------------------------------------------------------------------------
---------------------------------------------------------------------------------
Finished Renaming Generated Nets : Time (s): cpu = 00:00:22 ; elapsed = 00:00:23 . Memory (MB): peak = 1798.738 ; gain = 570.383
---------------------------------------------------------------------------------
---------------------------------------------------------------------------------
Start Writing Synthesis Report
---------------------------------------------------------------------------------

Report BlackBoxes: 
+------+-----------------------+----------+
|      |BlackBox name          |Instances |
+------+-----------------------+----------+
|1     |system_axi_dma_feat_0  |         1|
|2     |system_ic_ctrl_0       |         1|
|3     |system_ic_data_hp0_0   |         1|
|4     |system_ic_data_hp1_0   |         1|
|5     |system_ps_0_0          |         1|
|6     |system_rst_clk0_0      |         1|
|7     |system_rst_clk1_0      |         1|
|8     |system_spike_accel_0_0 |         1|
+------+-----------------------+----------+

Report Cell Usage: 
+------+---------------------+------+
|      |Cell                 |Count |
+------+---------------------+------+
|1     |system_axi_dma_feat  |     1|
|2     |system_ic_ctrl       |     1|
|3     |system_ic_data_hp0   |     1|
|4     |system_ic_data_hp1   |     1|
|5     |system_ps_0          |     1|
|6     |system_rst_clk0      |     1|
|7     |system_rst_clk1      |     1|
|8     |system_spike_accel_0 |     1|
+------+---------------------+------+
---------------------------------------------------------------------------------
Finished Writing Synthesis Report : Time (s): cpu = 00:00:22 ; elapsed = 00:00:23 . Memory (MB): peak = 1798.738 ; gain = 570.383
---------------------------------------------------------------------------------
Synthesis finished with 0 errors, 0 critical warnings and 1 warnings.
Synthesis Optimization Runtime : Time (s): cpu = 00:00:15 ; elapsed = 00:00:21 . Memory (MB): peak = 1798.738 ; gain = 570.383
Synthesis Optimization Complete : Time (s): cpu = 00:00:22 ; elapsed = 00:00:23 . Memory (MB): peak = 1798.738 ; gain = 570.383
INFO: [Project 1-571] Translating synthesized netlist
Netlist sorting complete. Time (s): cpu = 00:00:00 ; elapsed = 00:00:00.013 . Memory (MB): peak = 1798.738 ; gain = 0.000
INFO: [Project 1-570] Preparing netlist for logic optimization
INFO: [Opt 31-138] Pushed 0 inverter(s) to 0 load pin(s).
Netlist sorting complete. Time (s): cpu = 00:00:00 ; elapsed = 00:00:00 . Memory (MB): peak = 1798.738 ; gain = 0.000
INFO: [Project 1-111] Unisim Transformation Summary:
No Unisim elements were transformed.

Synth Design complete | Checksum: 12478e11
INFO: [Common 17-83] Releasing license: Synthesis
49 Infos, 233 Warnings, 1 Critical Warnings and 0 Errors encountered.
synth_design completed successfully
synth_design: Time (s): cpu = 00:00:27 ; elapsed = 00:00:29 . Memory (MB): peak = 1798.738 ; gain = 995.691
INFO: [runtcl-6] Synthesis results are not added to the cache due to CRITICAL_WARNING
INFO: [Common 17-1381] The checkpoint 'C:/Users/jielu/Desktop/Workspace/SpikeYOLO_FPGA/hw/vivado/out/spike_zybo.runs/synth_1/system_wrapper.dcp' has been generated.
INFO: [Vivado 12-24828] Executing command : report_utilization -file system_wrapper_utilization_synth.rpt -pb system_wrapper_utilization_synth.pb
INFO: [Common 17-206] Exiting Vivado at Wed May 13 14:38:05 2026...
[Wed May 13 14:38:06 2026] synth_1 finished
wait_on_runs: Time (s): cpu = 00:00:02 ; elapsed = 00:12:02 . Memory (MB): peak = 1397.559 ; gain = 0.000
# launch_runs impl_1 -to_step write_bitstream -jobs 1
[Wed May 13 14:38:09 2026] Launched impl_1...
Run output will be captured here: C:/Users/jielu/Desktop/Workspace/SpikeYOLO_FPGA/hw/vivado/out/spike_zybo.runs/impl_1/runme.log
# wait_on_run impl_1
[Wed May 13 14:38:09 2026] Waiting for impl_1 to finish...


*** Running vivado
    with args -log system_wrapper.vdi -applog -m64 -product Vivado -messageDb vivado.pb -mode batch -source system_wrapper.tcl -notrace



****** Vivado v2024.1 (64-bit)
  **** SW Build 5076996 on Wed May 22 18:37:14 MDT 2024
  **** IP Build 5075265 on Wed May 22 21:45:21 MDT 2024
  **** SharedData Build 5076995 on Wed May 22 18:29:18 MDT 2024
  **** Start of session at: Wed May 13 14:38:17 2026
    ** Copyright 1986-2022 Xilinx, Inc. All Rights Reserved.
    ** Copyright 2022-2024 Advanced Micro Devices, Inc. All Rights Reserved.

source system_wrapper.tcl -notrace
create_project: Time (s): cpu = 00:00:06 ; elapsed = 00:00:06 . Memory (MB): peak = 630.266 ; gain = 198.996
INFO: [IP_Flow 19-234] Refreshing IP repositories
INFO: [IP_Flow 19-1700] Loaded user IP repository 'c:/Users/jielu/Desktop/Workspace/SpikeYOLO_FPGA/hw/hls/build'.
WARNING: [IP_Flow 19-3685] Ignored loading user repository 'c:/Users/jielu/Desktop/Workspace/SpikeYOLO_FPGA/hw/vivado/ip_repo/spike_accel'. The path is contained within another repository.
WARNING: [IP_Flow 19-3685] Ignored loading user repository 'c:/Users/jielu/Desktop/Workspace/SpikeYOLO_FPGA/hw/vivado/ip_repo/digilent/vivado-library'. The path is contained within another repository.
INFO: [IP_Flow 19-1700] Loaded user IP repository 'c:/Users/jielu/Desktop/Workspace/SpikeYOLO_FPGA/hw/vivado/ip_repo'.
INFO: [IP_Flow 19-2313] Loaded Vivado IP repository 'E:/Applaction/Xilinx/Vivado/2024.1/data/ip'.
WARNING: [IP_Flow 19-4995] The host OS only allows 260 characters in a normal path. The IP cache path is more than 80 characters. If you experience issues with IP caching, please consider changing the IP cache to a location with a shorter path. Alternately consider using the OS subst command to map part of the path to a drive letter. 
Current IP cache path is C:/Users/jielu/Desktop/Workspace/SpikeYOLO_FPGA/hw/vivado/out/spike_zybo.cache/ip 
add_files: Time (s): cpu = 00:00:05 ; elapsed = 00:00:08 . Memory (MB): peak = 800.652 ; gain = 88.605
Command: link_design -top system_wrapper -part xc7z020clg400-1
Design is defaulting to srcset: sources_1
Design is defaulting to constrset: constrs_1
INFO: [Device 21-403] Loading part xc7z020clg400-1
INFO: [Device 21-9227] Part: xc7z020clg400-1 does not have CEAM library.
INFO: [Project 1-454] Reading design checkpoint 'c:/Users/jielu/Desktop/Workspace/SpikeYOLO_FPGA/hw/vivado/out/spike_zybo.gen/sources_1/bd/system/ip/system_axi_dma_feat_0/system_axi_dma_feat_0.dcp' for cell 'system_i/axi_dma_feat'
INFO: [Project 1-454] Reading design checkpoint 'c:/Users/jielu/Desktop/Workspace/SpikeYOLO_FPGA/hw/vivado/out/spike_zybo.gen/sources_1/bd/system/ip/system_ic_ctrl_0/system_ic_ctrl_0.dcp' for cell 'system_i/ic_ctrl'
INFO: [Project 1-454] Reading design checkpoint 'c:/Users/jielu/Desktop/Workspace/SpikeYOLO_FPGA/hw/vivado/out/spike_zybo.gen/sources_1/bd/system/ip/system_ic_data_hp0_0/system_ic_data_hp0_0.dcp' for cell 'system_i/ic_data_hp0'
INFO: [Project 1-454] Reading design checkpoint 'c:/Users/jielu/Desktop/Workspace/SpikeYOLO_FPGA/hw/vivado/out/spike_zybo.gen/sources_1/bd/system/ip/system_ic_data_hp1_0/system_ic_data_hp1_0.dcp' for cell 'system_i/ic_data_hp1'
INFO: [Project 1-454] Reading design checkpoint 'c:/Users/jielu/Desktop/Workspace/SpikeYOLO_FPGA/hw/vivado/out/spike_zybo.gen/sources_1/bd/system/ip/system_ps_0_0/system_ps_0_0.dcp' for cell 'system_i/ps_0'
INFO: [Project 1-454] Reading design checkpoint 'c:/Users/jielu/Desktop/Workspace/SpikeYOLO_FPGA/hw/vivado/out/spike_zybo.gen/sources_1/bd/system/ip/system_rst_clk0_0/system_rst_clk0_0.dcp' for cell 'system_i/rst_clk0'
INFO: [Project 1-454] Reading design checkpoint 'c:/Users/jielu/Desktop/Workspace/SpikeYOLO_FPGA/hw/vivado/out/spike_zybo.gen/sources_1/bd/system/ip/system_rst_clk1_0/system_rst_clk1_0.dcp' for cell 'system_i/rst_clk1'
INFO: [Project 1-454] Reading design checkpoint 'c:/Users/jielu/Desktop/Workspace/SpikeYOLO_FPGA/hw/vivado/out/spike_zybo.gen/sources_1/bd/system/ip/system_spike_accel_0_0/system_spike_accel_0_0.dcp' for cell 'system_i/spike_accel_0'
Netlist sorting complete. Time (s): cpu = 00:00:02 ; elapsed = 00:00:02 . Memory (MB): peak = 1591.582 ; gain = 0.000
INFO: [Netlist 29-17] Analyzing 12475 Unisim elements for replacement
INFO: [Netlist 29-28] Unisim Transformation completed in 0 CPU seconds
INFO: [Project 1-479] Netlist was created with Vivado 2024.1
INFO: [Project 1-570] Preparing netlist for logic optimization
Parsing XDC File [c:/Users/jielu/Desktop/Workspace/SpikeYOLO_FPGA/hw/vivado/out/spike_zybo.gen/sources_1/bd/system/ip/system_ps_0_0/system_ps_0_0.xdc] for cell 'system_i/ps_0/inst'
Finished Parsing XDC File [c:/Users/jielu/Desktop/Workspace/SpikeYOLO_FPGA/hw/vivado/out/spike_zybo.gen/sources_1/bd/system/ip/system_ps_0_0/system_ps_0_0.xdc] for cell 'system_i/ps_0/inst'
Parsing XDC File [c:/Users/jielu/Desktop/Workspace/SpikeYOLO_FPGA/hw/vivado/out/spike_zybo.gen/sources_1/bd/system/ip/system_axi_dma_feat_0/system_axi_dma_feat_0.xdc] for cell 'system_i/axi_dma_feat/U0'
WARNING: [Vivado_Tcl 4-921] Waiver ID 'CDC-1' -to list should not be empty. [c:/Users/jielu/Desktop/Workspace/SpikeYOLO_FPGA/hw/vivado/out/spike_zybo.gen/sources_1/bd/system/ip/system_axi_dma_feat_0/system_axi_dma_feat_0.xdc:52]
WARNING: [Vivado_Tcl 4-921] Waiver ID 'CDC-1' -to list should not be empty. [c:/Users/jielu/Desktop/Workspace/SpikeYOLO_FPGA/hw/vivado/out/spike_zybo.gen/sources_1/bd/system/ip/system_axi_dma_feat_0/system_axi_dma_feat_0.xdc:56]
WARNING: [Vivado_Tcl 4-919] Waiver ID 'CDC-1' -from list should not be empty. [c:/Users/jielu/Desktop/Workspace/SpikeYOLO_FPGA/hw/vivado/out/spike_zybo.gen/sources_1/bd/system/ip/system_axi_dma_feat_0/system_axi_dma_feat_0.xdc:61]
Finished Parsing XDC File [c:/Users/jielu/Desktop/Workspace/SpikeYOLO_FPGA/hw/vivado/out/spike_zybo.gen/sources_1/bd/system/ip/system_axi_dma_feat_0/system_axi_dma_feat_0.xdc] for cell 'system_i/axi_dma_feat/U0'
Parsing XDC File [c:/Users/jielu/Desktop/Workspace/SpikeYOLO_FPGA/hw/vivado/out/spike_zybo.gen/sources_1/bd/system/ip/system_ic_ctrl_0/bd_0/ip/ip_1/bd_1315_psr_aclk_0_board.xdc] for cell 'system_i/ic_ctrl/inst/clk_map/psr_aclk/U0'
Finished Parsing XDC File [c:/Users/jielu/Desktop/Workspace/SpikeYOLO_FPGA/hw/vivado/out/spike_zybo.gen/sources_1/bd/system/ip/system_ic_ctrl_0/bd_0/ip/ip_1/bd_1315_psr_aclk_0_board.xdc] for cell 'system_i/ic_ctrl/inst/clk_map/psr_aclk/U0'
Parsing XDC File [c:/Users/jielu/Desktop/Workspace/SpikeYOLO_FPGA/hw/vivado/out/spike_zybo.gen/sources_1/bd/system/ip/system_ic_ctrl_0/bd_0/ip/ip_1/bd_1315_psr_aclk_0.xdc] for cell 'system_i/ic_ctrl/inst/clk_map/psr_aclk/U0'
Finished Parsing XDC File [c:/Users/jielu/Desktop/Workspace/SpikeYOLO_FPGA/hw/vivado/out/spike_zybo.gen/sources_1/bd/system/ip/system_ic_ctrl_0/bd_0/ip/ip_1/bd_1315_psr_aclk_0.xdc] for cell 'system_i/ic_ctrl/inst/clk_map/psr_aclk/U0'
Parsing XDC File [c:/Users/jielu/Desktop/Workspace/SpikeYOLO_FPGA/hw/vivado/out/spike_zybo.gen/sources_1/bd/system/ip/system_ic_ctrl_0/bd_0/ip/ip_12/bd_1315_arni_0_clocks.xdc] for cell 'system_i/ic_ctrl/inst/switchboards/i_nodes/i_ar_node/inst'
WARNING: [Vivado_Tcl 4-921] Waiver ID 'CDC-1' -to list should not be empty. [c:/Users/jielu/Desktop/Workspace/SpikeYOLO_FPGA/hw/vivado/out/spike_zybo.gen/sources_1/bd/system/ip/system_ic_ctrl_0/bd_0/ip/ip_12/bd_1315_arni_0_clocks.xdc:49]
WARNING: [Vivado_Tcl 4-921] Waiver ID 'CDC-1' -to list should not be empty. [c:/Users/jielu/Desktop/Workspace/SpikeYOLO_FPGA/hw/vivado/out/spike_zybo.gen/sources_1/bd/system/ip/system_ic_ctrl_0/bd_0/ip/ip_12/bd_1315_arni_0_clocks.xdc:52]
WARNING: [Vivado_Tcl 4-921] Waiver ID 'CDC-1' -to list should not be empty. [c:/Users/jielu/Desktop/Workspace/SpikeYOLO_FPGA/hw/vivado/out/spike_zybo.gen/sources_1/bd/system/ip/system_ic_ctrl_0/bd_0/ip/ip_12/bd_1315_arni_0_clocks.xdc:55]
WARNING: [Vivado_Tcl 4-921] Waiver ID 'CDC-1' -to list should not be empty. [c:/Users/jielu/Desktop/Workspace/SpikeYOLO_FPGA/hw/vivado/out/spike_zybo.gen/sources_1/bd/system/ip/system_ic_ctrl_0/bd_0/ip/ip_12/bd_1315_arni_0_clocks.xdc:59]
WARNING: [Vivado_Tcl 4-921] Waiver ID 'CDC-1' -to list should not be empty. [c:/Users/jielu/Desktop/Workspace/SpikeYOLO_FPGA/hw/vivado/out/spike_zybo.gen/sources_1/bd/system/ip/system_ic_ctrl_0/bd_0/ip/ip_12/bd_1315_arni_0_clocks.xdc:66]
WARNING: [Vivado_Tcl 4-921] Waiver ID 'CDC-1' -to list should not be empty. [c:/Users/jielu/Desktop/Workspace/SpikeYOLO_FPGA/hw/vivado/out/spike_zybo.gen/sources_1/bd/system/ip/system_ic_ctrl_0/bd_0/ip/ip_12/bd_1315_arni_0_clocks.xdc:70]
WARNING: [Vivado_Tcl 4-921] Waiver ID 'CDC-1' -to list should not be empty. [c:/Users/jielu/Desktop/Workspace/SpikeYOLO_FPGA/hw/vivado/out/spike_zybo.gen/sources_1/bd/system/ip/system_ic_ctrl_0/bd_0/ip/ip_12/bd_1315_arni_0_clocks.xdc:82]
WARNING: [Vivado_Tcl 4-921] Waiver ID 'CDC-4' -to list should not be empty. [c:/Users/jielu/Desktop/Workspace/SpikeYOLO_FPGA/hw/vivado/out/spike_zybo.gen/sources_1/bd/system/ip/system_ic_ctrl_0/bd_0/ip/ip_12/bd_1315_arni_0_clocks.xdc:85]
WARNING: [Vivado_Tcl 4-921] Waiver ID 'CDC-4' -to list should not be empty. [c:/Users/jielu/Desktop/Workspace/SpikeYOLO_FPGA/hw/vivado/out/spike_zybo.gen/sources_1/bd/system/ip/system_ic_ctrl_0/bd_0/ip/ip_12/bd_1315_arni_0_clocks.xdc:88]
WARNING: [Vivado_Tcl 4-921] Waiver ID 'CDC-2' -to list should not be empty. [c:/Users/jielu/Desktop/Workspace/SpikeYOLO_FPGA/hw/vivado/out/spike_zybo.gen/sources_1/bd/system/ip/system_ic_ctrl_0/bd_0/ip/ip_12/bd_1315_arni_0_clocks.xdc:91]
WARNING: [Vivado_Tcl 4-921] Waiver ID 'CDC-2' -to list should not be empty. [c:/Users/jielu/Desktop/Workspace/SpikeYOLO_FPGA/hw/vivado/out/spike_zybo.gen/sources_1/bd/system/ip/system_ic_ctrl_0/bd_0/ip/ip_12/bd_1315_arni_0_clocks.xdc:94]
WARNING: [Vivado_Tcl 4-921] Waiver ID 'CDC-2' -to list should not be empty. [c:/Users/jielu/Desktop/Workspace/SpikeYOLO_FPGA/hw/vivado/out/spike_zybo.gen/sources_1/bd/system/ip/system_ic_ctrl_0/bd_0/ip/ip_12/bd_1315_arni_0_clocks.xdc:97]
WARNING: [Vivado_Tcl 4-921] Waiver ID 'CDC-2' -to list should not be empty. [c:/Users/jielu/Desktop/Workspace/SpikeYOLO_FPGA/hw/vivado/out/spike_zybo.gen/sources_1/bd/system/ip/system_ic_ctrl_0/bd_0/ip/ip_12/bd_1315_arni_0_clocks.xdc:100]
WARNING: [Vivado_Tcl 4-921] Waiver ID 'CDC-1' -to list should not be empty. [c:/Users/jielu/Desktop/Workspace/SpikeYOLO_FPGA/hw/vivado/out/spike_zybo.gen/sources_1/bd/system/ip/system_ic_ctrl_0/bd_0/ip/ip_12/bd_1315_arni_0_clocks.xdc:104]
WARNING: [Vivado_Tcl 4-921] Waiver ID 'CDC-10' -to list should not be empty. [c:/Users/jielu/Desktop/Workspace/SpikeYOLO_FPGA/hw/vivado/out/spike_zybo.gen/sources_1/bd/system/ip/system_ic_ctrl_0/bd_0/ip/ip_12/bd_1315_arni_0_clocks.xdc:107]
WARNING: [Vivado_Tcl 4-921] Waiver ID 'CDC-10' -to list should not be empty. [c:/Users/jielu/Desktop/Workspace/SpikeYOLO_FPGA/hw/vivado/out/spike_zybo.gen/sources_1/bd/system/ip/system_ic_ctrl_0/bd_0/ip/ip_12/bd_1315_arni_0_clocks.xdc:110]
WARNING: [Vivado_Tcl 4-921] Waiver ID 'CDC-1' -to list should not be empty. [c:/Users/jielu/Desktop/Workspace/SpikeYOLO_FPGA/hw/vivado/out/spike_zybo.gen/sources_1/bd/system/ip/system_ic_ctrl_0/bd_0/ip/ip_12/bd_1315_arni_0_clocks.xdc:113]
WARNING: [Vivado_Tcl 4-921] Waiver ID 'CDC-1' -to list should not be empty. [c:/Users/jielu/Desktop/Workspace/SpikeYOLO_FPGA/hw/vivado/out/spike_zybo.gen/sources_1/bd/system/ip/system_ic_ctrl_0/bd_0/ip/ip_12/bd_1315_arni_0_clocks.xdc:116]
WARNING: [Vivado_Tcl 4-921] Waiver ID 'CDC-13' -to list should not be empty. [c:/Users/jielu/Desktop/Workspace/SpikeYOLO_FPGA/hw/vivado/out/spike_zybo.gen/sources_1/bd/system/ip/system_ic_ctrl_0/bd_0/ip/ip_12/bd_1315_arni_0_clocks.xdc:122]
WARNING: [Vivado_Tcl 4-921] Waiver ID 'CDC-1' -to list should not be empty. [c:/Users/jielu/Desktop/Workspace/SpikeYOLO_FPGA/hw/vivado/out/spike_zybo.gen/sources_1/bd/system/ip/system_ic_ctrl_0/bd_0/ip/ip_12/bd_1315_arni_0_clocks.xdc:125]
WARNING: [Vivado_Tcl 4-921] Waiver ID 'CDC-1' -to list should not be empty. [c:/Users/jielu/Desktop/Workspace/SpikeYOLO_FPGA/hw/vivado/out/spike_zybo.gen/sources_1/bd/system/ip/system_ic_ctrl_0/bd_0/ip/ip_12/bd_1315_arni_0_clocks.xdc:128]
WARNING: [Vivado_Tcl 4-921] Waiver ID 'CDC-13' -to list should not be empty. [c:/Users/jielu/Desktop/Workspace/SpikeYOLO_FPGA/hw/vivado/out/spike_zybo.gen/sources_1/bd/system/ip/system_ic_ctrl_0/bd_0/ip/ip_12/bd_1315_arni_0_clocks.xdc:131]
WARNING: [Vivado_Tcl 4-921] Waiver ID 'CDC-1' -to list should not be empty. [c:/Users/jielu/Desktop/Workspace/SpikeYOLO_FPGA/hw/vivado/out/spike_zybo.gen/sources_1/bd/system/ip/system_ic_ctrl_0/bd_0/ip/ip_12/bd_1315_arni_0_clocks.xdc:134]
WARNING: [Vivado_Tcl 4-921] Waiver ID 'CDC-10' -to list should not be empty. [c:/Users/jielu/Desktop/Workspace/SpikeYOLO_FPGA/hw/vivado/out/spike_zybo.gen/sources_1/bd/system/ip/system_ic_ctrl_0/bd_0/ip/ip_12/bd_1315_arni_0_clocks.xdc:137]
WARNING: [Vivado_Tcl 4-921] Waiver ID 'CDC-1' -to list should not be empty. [c:/Users/jielu/Desktop/Workspace/SpikeYOLO_FPGA/hw/vivado/out/spike_zybo.gen/sources_1/bd/system/ip/system_ic_ctrl_0/bd_0/ip/ip_12/bd_1315_arni_0_clocks.xdc:140]
WARNING: [Vivado_Tcl 4-921] Waiver ID 'CDC-1' -to list should not be empty. [c:/Users/jielu/Desktop/Workspace/SpikeYOLO_FPGA/hw/vivado/out/spike_zybo.gen/sources_1/bd/system/ip/system_ic_ctrl_0/bd_0/ip/ip_12/bd_1315_arni_0_clocks.xdc:143]
WARNING: [Vivado_Tcl 4-921] Waiver ID 'CDC-1' -to list should not be empty. [c:/Users/jielu/Desktop/Workspace/SpikeYOLO_FPGA/hw/vivado/out/spike_zybo.gen/sources_1/bd/system/ip/system_ic_ctrl_0/bd_0/ip/ip_12/bd_1315_arni_0_clocks.xdc:146]
WARNING: [Vivado_Tcl 4-921] Waiver ID 'CDC-2' -to list should not be empty. [c:/Users/jielu/Desktop/Workspace/SpikeYOLO_FPGA/hw/vivado/out/spike_zybo.gen/sources_1/bd/system/ip/system_ic_ctrl_0/bd_0/ip/ip_12/bd_1315_arni_0_clocks.xdc:149]
WARNING: [Vivado_Tcl 4-921] Waiver ID 'CDC-1' -to list should not be empty. [c:/Users/jielu/Desktop/Workspace/SpikeYOLO_FPGA/hw/vivado/out/spike_zybo.gen/sources_1/bd/system/ip/system_ic_ctrl_0/bd_0/ip/ip_12/bd_1315_arni_0_clocks.xdc:152]
WARNING: [Vivado_Tcl 4-921] Waiver ID 'CDC-1' -to list should not be empty. [c:/Users/jielu/Desktop/Workspace/SpikeYOLO_FPGA/hw/vivado/out/spike_zybo.gen/sources_1/bd/system/ip/system_ic_ctrl_0/bd_0/ip/ip_12/bd_1315_arni_0_clocks.xdc:155]
WARNING: [Vivado_Tcl 4-921] Waiver ID 'CDC-1' -to list should not be empty. [c:/Users/jielu/Desktop/Workspace/SpikeYOLO_FPGA/hw/vivado/out/spike_zybo.gen/sources_1/bd/system/ip/system_ic_ctrl_0/bd_0/ip/ip_12/bd_1315_arni_0_clocks.xdc:158]
WARNING: [Vivado_Tcl 4-921] Waiver ID 'CDC-10' -to list should not be empty. [c:/Users/jielu/Desktop/Workspace/SpikeYOLO_FPGA/hw/vivado/out/spike_zybo.gen/sources_1/bd/system/ip/system_ic_ctrl_0/bd_0/ip/ip_12/bd_1315_arni_0_clocks.xdc:161]
WARNING: [Vivado_Tcl 4-921] Waiver ID 'CDC-4' -to list should not be empty. [c:/Users/jielu/Desktop/Workspace/SpikeYOLO_FPGA/hw/vivado/out/spike_zybo.gen/sources_1/bd/system/ip/system_ic_ctrl_0/bd_0/ip/ip_12/bd_1315_arni_0_clocks.xdc:164]
WARNING: [Vivado_Tcl 4-921] Waiver ID 'CDC-4' -to list should not be empty. [c:/Users/jielu/Desktop/Workspace/SpikeYOLO_FPGA/hw/vivado/out/spike_zybo.gen/sources_1/bd/system/ip/system_ic_ctrl_0/bd_0/ip/ip_12/bd_1315_arni_0_clocks.xdc:167]
WARNING: [Vivado_Tcl 4-921] Waiver ID 'CDC-4' -to list should not be empty. [c:/Users/jielu/Desktop/Workspace/SpikeYOLO_FPGA/hw/vivado/out/spike_zybo.gen/sources_1/bd/system/ip/system_ic_ctrl_0/bd_0/ip/ip_12/bd_1315_arni_0_clocks.xdc:171]
WARNING: [Vivado_Tcl 4-921] Waiver ID 'CDC-4' -to list should not be empty. [c:/Users/jielu/Desktop/Workspace/SpikeYOLO_FPGA/hw/vivado/out/spike_zybo.gen/sources_1/bd/system/ip/system_ic_ctrl_0/bd_0/ip/ip_12/bd_1315_arni_0_clocks.xdc:174]
WARNING: [Vivado_Tcl 4-921] Waiver ID 'CDC-1' -to list should not be empty. [c:/Users/jielu/Desktop/Workspace/SpikeYOLO_FPGA/hw/vivado/out/spike_zybo.gen/sources_1/bd/system/ip/system_ic_ctrl_0/bd_0/ip/ip_12/bd_1315_arni_0_clocks.xdc:178]
WARNING: [Vivado_Tcl 4-935] Waiver ID 'CDC-1' is a duplicate and will not be added again. [c:/Users/jielu/Desktop/Workspace/SpikeYOLO_FPGA/hw/vivado/out/spike_zybo.gen/sources_1/bd/system/ip/system_ic_ctrl_0/bd_0/ip/ip_12/bd_1315_arni_0_clocks.xdc:181]
WARNING: [Vivado_Tcl 4-921] Waiver ID 'CDC-13' -to list should not be empty. [c:/Users/jielu/Desktop/Workspace/SpikeYOLO_FPGA/hw/vivado/out/spike_zybo.gen/sources_1/bd/system/ip/system_ic_ctrl_0/bd_0/ip/ip_12/bd_1315_arni_0_clocks.xdc:184]
Finished Parsing XDC File [c:/Users/jielu/Desktop/Workspace/SpikeYOLO_FPGA/hw/vivado/out/spike_zybo.gen/sources_1/bd/system/ip/system_ic_ctrl_0/bd_0/ip/ip_12/bd_1315_arni_0_clocks.xdc] for cell 'system_i/ic_ctrl/inst/switchboards/i_nodes/i_ar_node/inst'
Parsing XDC File [c:/Users/jielu/Desktop/Workspace/SpikeYOLO_FPGA/hw/vivado/out/spike_zybo.gen/sources_1/bd/system/ip/system_ic_ctrl_0/bd_0/ip/ip_13/bd_1315_rni_0_clocks.xdc] for cell 'system_i/ic_ctrl/inst/switchboards/i_nodes/i_r_node/inst'
WARNING: [Vivado_Tcl 4-921] Waiver ID 'CDC-1' -to list should not be empty. [c:/Users/jielu/Desktop/Workspace/SpikeYOLO_FPGA/hw/vivado/out/spike_zybo.gen/sources_1/bd/system/ip/system_ic_ctrl_0/bd_0/ip/ip_13/bd_1315_rni_0_clocks.xdc:49]
WARNING: [Vivado_Tcl 4-921] Waiver ID 'CDC-1' -to list should not be empty. [c:/Users/jielu/Desktop/Workspace/SpikeYOLO_FPGA/hw/vivado/out/spike_zybo.gen/sources_1/bd/system/ip/system_ic_ctrl_0/bd_0/ip/ip_13/bd_1315_rni_0_clocks.xdc:52]
WARNING: [Vivado_Tcl 4-921] Waiver ID 'CDC-1' -to list should not be empty. [c:/Users/jielu/Desktop/Workspace/SpikeYOLO_FPGA/hw/vivado/out/spike_zybo.gen/sources_1/bd/system/ip/system_ic_ctrl_0/bd_0/ip/ip_13/bd_1315_rni_0_clocks.xdc:55]
WARNING: [Vivado_Tcl 4-921] Waiver ID 'CDC-1' -to list should not be empty. [c:/Users/jielu/Desktop/Workspace/SpikeYOLO_FPGA/hw/vivado/out/spike_zybo.gen/sources_1/bd/system/ip/system_ic_ctrl_0/bd_0/ip/ip_13/bd_1315_rni_0_clocks.xdc:59]
WARNING: [Vivado_Tcl 4-921] Waiver ID 'CDC-1' -to list should not be empty. [c:/Users/jielu/Desktop/Workspace/SpikeYOLO_FPGA/hw/vivado/out/spike_zybo.gen/sources_1/bd/system/ip/system_ic_ctrl_0/bd_0/ip/ip_13/bd_1315_rni_0_clocks.xdc:66]
WARNING: [Vivado_Tcl 4-921] Waiver ID 'CDC-1' -to list should not be empty. [c:/Users/jielu/Desktop/Workspace/SpikeYOLO_FPGA/hw/vivado/out/spike_zybo.gen/sources_1/bd/system/ip/system_ic_ctrl_0/bd_0/ip/ip_13/bd_1315_rni_0_clocks.xdc:70]
WARNING: [Vivado_Tcl 4-921] Waiver ID 'CDC-1' -to list should not be empty. [c:/Users/jielu/Desktop/Workspace/SpikeYOLO_FPGA/hw/vivado/out/spike_zybo.gen/sources_1/bd/system/ip/system_ic_ctrl_0/bd_0/ip/ip_13/bd_1315_rni_0_clocks.xdc:82]
WARNING: [Vivado_Tcl 4-921] Waiver ID 'CDC-4' -to list should not be empty. [c:/Users/jielu/Desktop/Workspace/SpikeYOLO_FPGA/hw/vivado/out/spike_zybo.gen/sources_1/bd/system/ip/system_ic_ctrl_0/bd_0/ip/ip_13/bd_1315_rni_0_clocks.xdc:85]
WARNING: [Vivado_Tcl 4-921] Waiver ID 'CDC-4' -to list should not be empty. [c:/Users/jielu/Desktop/Workspace/SpikeYOLO_FPGA/hw/vivado/out/spike_zybo.gen/sources_1/bd/system/ip/system_ic_ctrl_0/bd_0/ip/ip_13/bd_1315_rni_0_clocks.xdc:88]
WARNING: [Vivado_Tcl 4-921] Waiver ID 'CDC-2' -to list should not be empty. [c:/Users/jielu/Desktop/Workspace/SpikeYOLO_FPGA/hw/vivado/out/spike_zybo.gen/sources_1/bd/system/ip/system_ic_ctrl_0/bd_0/ip/ip_13/bd_1315_rni_0_clocks.xdc:91]
WARNING: [Vivado_Tcl 4-921] Waiver ID 'CDC-2' -to list should not be empty. [c:/Users/jielu/Desktop/Workspace/SpikeYOLO_FPGA/hw/vivado/out/spike_zybo.gen/sources_1/bd/system/ip/system_ic_ctrl_0/bd_0/ip/ip_13/bd_1315_rni_0_clocks.xdc:94]
WARNING: [Vivado_Tcl 4-921] Waiver ID 'CDC-2' -to list should not be empty. [c:/Users/jielu/Desktop/Workspace/SpikeYOLO_FPGA/hw/vivado/out/spike_zybo.gen/sources_1/bd/system/ip/system_ic_ctrl_0/bd_0/ip/ip_13/bd_1315_rni_0_clocks.xdc:97]
WARNING: [Vivado_Tcl 4-921] Waiver ID 'CDC-2' -to list should not be empty. [c:/Users/jielu/Desktop/Workspace/SpikeYOLO_FPGA/hw/vivado/out/spike_zybo.gen/sources_1/bd/system/ip/system_ic_ctrl_0/bd_0/ip/ip_13/bd_1315_rni_0_clocks.xdc:100]
WARNING: [Vivado_Tcl 4-921] Waiver ID 'CDC-1' -to list should not be empty. [c:/Users/jielu/Desktop/Workspace/SpikeYOLO_FPGA/hw/vivado/out/spike_zybo.gen/sources_1/bd/system/ip/system_ic_ctrl_0/bd_0/ip/ip_13/bd_1315_rni_0_clocks.xdc:104]
WARNING: [Vivado_Tcl 4-921] Waiver ID 'CDC-10' -to list should not be empty. [c:/Users/jielu/Desktop/Workspace/SpikeYOLO_FPGA/hw/vivado/out/spike_zybo.gen/sources_1/bd/system/ip/system_ic_ctrl_0/bd_0/ip/ip_13/bd_1315_rni_0_clocks.xdc:107]
WARNING: [Vivado_Tcl 4-921] Waiver ID 'CDC-10' -to list should not be empty. [c:/Users/jielu/Desktop/Workspace/SpikeYOLO_FPGA/hw/vivado/out/spike_zybo.gen/sources_1/bd/system/ip/system_ic_ctrl_0/bd_0/ip/ip_13/bd_1315_rni_0_clocks.xdc:110]
WARNING: [Vivado_Tcl 4-921] Waiver ID 'CDC-1' -to list should not be empty. [c:/Users/jielu/Desktop/Workspace/SpikeYOLO_FPGA/hw/vivado/out/spike_zybo.gen/sources_1/bd/system/ip/system_ic_ctrl_0/bd_0/ip/ip_13/bd_1315_rni_0_clocks.xdc:113]
WARNING: [Vivado_Tcl 4-921] Waiver ID 'CDC-1' -to list should not be empty. [c:/Users/jielu/Desktop/Workspace/SpikeYOLO_FPGA/hw/vivado/out/spike_zybo.gen/sources_1/bd/system/ip/system_ic_ctrl_0/bd_0/ip/ip_13/bd_1315_rni_0_clocks.xdc:116]
WARNING: [Vivado_Tcl 4-921] Waiver ID 'CDC-13' -to list should not be empty. [c:/Users/jielu/Desktop/Workspace/SpikeYOLO_FPGA/hw/vivado/out/spike_zybo.gen/sources_1/bd/system/ip/system_ic_ctrl_0/bd_0/ip/ip_13/bd_1315_rni_0_clocks.xdc:122]
WARNING: [Vivado_Tcl 4-921] Waiver ID 'CDC-1' -to list should not be empty. [c:/Users/jielu/Desktop/Workspace/SpikeYOLO_FPGA/hw/vivado/out/spike_zybo.gen/sources_1/bd/system/ip/system_ic_ctrl_0/bd_0/ip/ip_13/bd_1315_rni_0_clocks.xdc:125]
WARNING: [Vivado_Tcl 4-921] Waiver ID 'CDC-1' -to list should not be empty. [c:/Users/jielu/Desktop/Workspace/SpikeYOLO_FPGA/hw/vivado/out/spike_zybo.gen/sources_1/bd/system/ip/system_ic_ctrl_0/bd_0/ip/ip_13/bd_1315_rni_0_clocks.xdc:128]
WARNING: [Vivado_Tcl 4-921] Waiver ID 'CDC-13' -to list should not be empty. [c:/Users/jielu/Desktop/Workspace/SpikeYOLO_FPGA/hw/vivado/out/spike_zybo.gen/sources_1/bd/system/ip/system_ic_ctrl_0/bd_0/ip/ip_13/bd_1315_rni_0_clocks.xdc:131]
WARNING: [Vivado_Tcl 4-921] Waiver ID 'CDC-1' -to list should not be empty. [c:/Users/jielu/Desktop/Workspace/SpikeYOLO_FPGA/hw/vivado/out/spike_zybo.gen/sources_1/bd/system/ip/system_ic_ctrl_0/bd_0/ip/ip_13/bd_1315_rni_0_clocks.xdc:134]
WARNING: [Vivado_Tcl 4-921] Waiver ID 'CDC-10' -to list should not be empty. [c:/Users/jielu/Desktop/Workspace/SpikeYOLO_FPGA/hw/vivado/out/spike_zybo.gen/sources_1/bd/system/ip/system_ic_ctrl_0/bd_0/ip/ip_13/bd_1315_rni_0_clocks.xdc:137]
WARNING: [Vivado_Tcl 4-921] Waiver ID 'CDC-1' -to list should not be empty. [c:/Users/jielu/Desktop/Workspace/SpikeYOLO_FPGA/hw/vivado/out/spike_zybo.gen/sources_1/bd/system/ip/system_ic_ctrl_0/bd_0/ip/ip_13/bd_1315_rni_0_clocks.xdc:140]
WARNING: [Vivado_Tcl 4-921] Waiver ID 'CDC-1' -to list should not be empty. [c:/Users/jielu/Desktop/Workspace/SpikeYOLO_FPGA/hw/vivado/out/spike_zybo.gen/sources_1/bd/system/ip/system_ic_ctrl_0/bd_0/ip/ip_13/bd_1315_rni_0_clocks.xdc:143]
WARNING: [Vivado_Tcl 4-921] Waiver ID 'CDC-1' -to list should not be empty. [c:/Users/jielu/Desktop/Workspace/SpikeYOLO_FPGA/hw/vivado/out/spike_zybo.gen/sources_1/bd/system/ip/system_ic_ctrl_0/bd_0/ip/ip_13/bd_1315_rni_0_clocks.xdc:146]
WARNING: [Vivado_Tcl 4-921] Waiver ID 'CDC-2' -to list should not be empty. [c:/Users/jielu/Desktop/Workspace/SpikeYOLO_FPGA/hw/vivado/out/spike_zybo.gen/sources_1/bd/system/ip/system_ic_ctrl_0/bd_0/ip/ip_13/bd_1315_rni_0_clocks.xdc:149]
WARNING: [Vivado_Tcl 4-921] Waiver ID 'CDC-1' -to list should not be empty. [c:/Users/jielu/Desktop/Workspace/SpikeYOLO_FPGA/hw/vivado/out/spike_zybo.gen/sources_1/bd/system/ip/system_ic_ctrl_0/bd_0/ip/ip_13/bd_1315_rni_0_clocks.xdc:152]
WARNING: [Vivado_Tcl 4-921] Waiver ID 'CDC-1' -to list should not be empty. [c:/Users/jielu/Desktop/Workspace/SpikeYOLO_FPGA/hw/vivado/out/spike_zybo.gen/sources_1/bd/system/ip/system_ic_ctrl_0/bd_0/ip/ip_13/bd_1315_rni_0_clocks.xdc:155]
WARNING: [Vivado_Tcl 4-921] Waiver ID 'CDC-1' -to list should not be empty. [c:/Users/jielu/Desktop/Workspace/SpikeYOLO_FPGA/hw/vivado/out/spike_zybo.gen/sources_1/bd/system/ip/system_ic_ctrl_0/bd_0/ip/ip_13/bd_1315_rni_0_clocks.xdc:158]
WARNING: [Vivado_Tcl 4-921] Waiver ID 'CDC-10' -to list should not be empty. [c:/Users/jielu/Desktop/Workspace/SpikeYOLO_FPGA/hw/vivado/out/spike_zybo.gen/sources_1/bd/system/ip/system_ic_ctrl_0/bd_0/ip/ip_13/bd_1315_rni_0_clocks.xdc:161]
WARNING: [Vivado_Tcl 4-921] Waiver ID 'CDC-4' -to list should not be empty. [c:/Users/jielu/Desktop/Workspace/SpikeYOLO_FPGA/hw/vivado/out/spike_zybo.gen/sources_1/bd/system/ip/system_ic_ctrl_0/bd_0/ip/ip_13/bd_1315_rni_0_clocks.xdc:164]
WARNING: [Vivado_Tcl 4-921] Waiver ID 'CDC-4' -to list should not be empty. [c:/Users/jielu/Desktop/Workspace/SpikeYOLO_FPGA/hw/vivado/out/spike_zybo.gen/sources_1/bd/system/ip/system_ic_ctrl_0/bd_0/ip/ip_13/bd_1315_rni_0_clocks.xdc:167]
WARNING: [Vivado_Tcl 4-921] Waiver ID 'CDC-4' -to list should not be empty. [c:/Users/jielu/Desktop/Workspace/SpikeYOLO_FPGA/hw/vivado/out/spike_zybo.gen/sources_1/bd/system/ip/system_ic_ctrl_0/bd_0/ip/ip_13/bd_1315_rni_0_clocks.xdc:171]
WARNING: [Vivado_Tcl 4-921] Waiver ID 'CDC-4' -to list should not be empty. [c:/Users/jielu/Desktop/Workspace/SpikeYOLO_FPGA/hw/vivado/out/spike_zybo.gen/sources_1/bd/system/ip/system_ic_ctrl_0/bd_0/ip/ip_13/bd_1315_rni_0_clocks.xdc:174]
WARNING: [Vivado_Tcl 4-921] Waiver ID 'CDC-1' -to list should not be empty. [c:/Users/jielu/Desktop/Workspace/SpikeYOLO_FPGA/hw/vivado/out/spike_zybo.gen/sources_1/bd/system/ip/system_ic_ctrl_0/bd_0/ip/ip_13/bd_1315_rni_0_clocks.xdc:178]
WARNING: [Vivado_Tcl 4-935] Waiver ID 'CDC-1' is a duplicate and will not be added again. [c:/Users/jielu/Desktop/Workspace/SpikeYOLO_FPGA/hw/vivado/out/spike_zybo.gen/sources_1/bd/system/ip/system_ic_ctrl_0/bd_0/ip/ip_13/bd_1315_rni_0_clocks.xdc:181]
WARNING: [Vivado_Tcl 4-921] Waiver ID 'CDC-13' -to list should not be empty. [c:/Users/jielu/Desktop/Workspace/SpikeYOLO_FPGA/hw/vivado/out/spike_zybo.gen/sources_1/bd/system/ip/system_ic_ctrl_0/bd_0/ip/ip_13/bd_1315_rni_0_clocks.xdc:184]
Finished Parsing XDC File [c:/Users/jielu/Desktop/Workspace/SpikeYOLO_FPGA/hw/vivado/out/spike_zybo.gen/sources_1/bd/system/ip/system_ic_ctrl_0/bd_0/ip/ip_13/bd_1315_rni_0_clocks.xdc] for cell 'system_i/ic_ctrl/inst/switchboards/i_nodes/i_r_node/inst'
Parsing XDC File [c:/Users/jielu/Desktop/Workspace/SpikeYOLO_FPGA/hw/vivado/out/spike_zybo.gen/sources_1/bd/system/ip/system_ic_ctrl_0/bd_0/ip/ip_14/bd_1315_awni_0_clocks.xdc] for cell 'system_i/ic_ctrl/inst/switchboards/i_nodes/i_aw_node/inst'
WARNING: [Vivado_Tcl 4-921] Waiver ID 'CDC-1' -to list should not be empty. [c:/Users/jielu/Desktop/Workspace/SpikeYOLO_FPGA/hw/vivado/out/spike_zybo.gen/sources_1/bd/system/ip/system_ic_ctrl_0/bd_0/ip/ip_14/bd_1315_awni_0_clocks.xdc:49]
WARNING: [Vivado_Tcl 4-921] Waiver ID 'CDC-1' -to list should not be empty. [c:/Users/jielu/Desktop/Workspace/SpikeYOLO_FPGA/hw/vivado/out/spike_zybo.gen/sources_1/bd/system/ip/system_ic_ctrl_0/bd_0/ip/ip_14/bd_1315_awni_0_clocks.xdc:52]
WARNING: [Vivado_Tcl 4-921] Waiver ID 'CDC-1' -to list should not be empty. [c:/Users/jielu/Desktop/Workspace/SpikeYOLO_FPGA/hw/vivado/out/spike_zybo.gen/sources_1/bd/system/ip/system_ic_ctrl_0/bd_0/ip/ip_14/bd_1315_awni_0_clocks.xdc:55]
WARNING: [Vivado_Tcl 4-921] Waiver ID 'CDC-1' -to list should not be empty. [c:/Users/jielu/Desktop/Workspace/SpikeYOLO_FPGA/hw/vivado/out/spike_zybo.gen/sources_1/bd/system/ip/system_ic_ctrl_0/bd_0/ip/ip_14/bd_1315_awni_0_clocks.xdc:59]
WARNING: [Vivado_Tcl 4-921] Waiver ID 'CDC-1' -to list should not be empty. [c:/Users/jielu/Desktop/Workspace/SpikeYOLO_FPGA/hw/vivado/out/spike_zybo.gen/sources_1/bd/system/ip/system_ic_ctrl_0/bd_0/ip/ip_14/bd_1315_awni_0_clocks.xdc:66]
WARNING: [Vivado_Tcl 4-921] Waiver ID 'CDC-1' -to list should not be empty. [c:/Users/jielu/Desktop/Workspace/SpikeYOLO_FPGA/hw/vivado/out/spike_zybo.gen/sources_1/bd/system/ip/system_ic_ctrl_0/bd_0/ip/ip_14/bd_1315_awni_0_clocks.xdc:70]
WARNING: [Vivado_Tcl 4-921] Waiver ID 'CDC-1' -to list should not be empty. [c:/Users/jielu/Desktop/Workspace/SpikeYOLO_FPGA/hw/vivado/out/spike_zybo.gen/sources_1/bd/system/ip/system_ic_ctrl_0/bd_0/ip/ip_14/bd_1315_awni_0_clocks.xdc:82]
WARNING: [Vivado_Tcl 4-921] Waiver ID 'CDC-4' -to list should not be empty. [c:/Users/jielu/Desktop/Workspace/SpikeYOLO_FPGA/hw/vivado/out/spike_zybo.gen/sources_1/bd/system/ip/system_ic_ctrl_0/bd_0/ip/ip_14/bd_1315_awni_0_clocks.xdc:85]
WARNING: [Vivado_Tcl 4-921] Waiver ID 'CDC-4' -to list should not be empty. [c:/Users/jielu/Desktop/Workspace/SpikeYOLO_FPGA/hw/vivado/out/spike_zybo.gen/sources_1/bd/system/ip/system_ic_ctrl_0/bd_0/ip/ip_14/bd_1315_awni_0_clocks.xdc:88]
WARNING: [Vivado_Tcl 4-921] Waiver ID 'CDC-2' -to list should not be empty. [c:/Users/jielu/Desktop/Workspace/SpikeYOLO_FPGA/hw/vivado/out/spike_zybo.gen/sources_1/bd/system/ip/system_ic_ctrl_0/bd_0/ip/ip_14/bd_1315_awni_0_clocks.xdc:91]
WARNING: [Vivado_Tcl 4-921] Waiver ID 'CDC-2' -to list should not be empty. [c:/Users/jielu/Desktop/Workspace/SpikeYOLO_FPGA/hw/vivado/out/spike_zybo.gen/sources_1/bd/system/ip/system_ic_ctrl_0/bd_0/ip/ip_14/bd_1315_awni_0_clocks.xdc:94]
WARNING: [Vivado_Tcl 4-921] Waiver ID 'CDC-2' -to list should not be empty. [c:/Users/jielu/Desktop/Workspace/SpikeYOLO_FPGA/hw/vivado/out/spike_zybo.gen/sources_1/bd/system/ip/system_ic_ctrl_0/bd_0/ip/ip_14/bd_1315_awni_0_clocks.xdc:97]
WARNING: [Vivado_Tcl 4-921] Waiver ID 'CDC-2' -to list should not be empty. [c:/Users/jielu/Desktop/Workspace/SpikeYOLO_FPGA/hw/vivado/out/spike_zybo.gen/sources_1/bd/system/ip/system_ic_ctrl_0/bd_0/ip/ip_14/bd_1315_awni_0_clocks.xdc:100]
WARNING: [Vivado_Tcl 4-921] Waiver ID 'CDC-1' -to list should not be empty. [c:/Users/jielu/Desktop/Workspace/SpikeYOLO_FPGA/hw/vivado/out/spike_zybo.gen/sources_1/bd/system/ip/system_ic_ctrl_0/bd_0/ip/ip_14/bd_1315_awni_0_clocks.xdc:104]
WARNING: [Vivado_Tcl 4-921] Waiver ID 'CDC-10' -to list should not be empty. [c:/Users/jielu/Desktop/Workspace/SpikeYOLO_FPGA/hw/vivado/out/spike_zybo.gen/sources_1/bd/system/ip/system_ic_ctrl_0/bd_0/ip/ip_14/bd_1315_awni_0_clocks.xdc:107]
WARNING: [Vivado_Tcl 4-921] Waiver ID 'CDC-10' -to list should not be empty. [c:/Users/jielu/Desktop/Workspace/SpikeYOLO_FPGA/hw/vivado/out/spike_zybo.gen/sources_1/bd/system/ip/system_ic_ctrl_0/bd_0/ip/ip_14/bd_1315_awni_0_clocks.xdc:110]
WARNING: [Vivado_Tcl 4-921] Waiver ID 'CDC-1' -to list should not be empty. [c:/Users/jielu/Desktop/Workspace/SpikeYOLO_FPGA/hw/vivado/out/spike_zybo.gen/sources_1/bd/system/ip/system_ic_ctrl_0/bd_0/ip/ip_14/bd_1315_awni_0_clocks.xdc:113]
INFO: [Common 17-14] Message 'Vivado 12-180' appears 100 times and further instances of the messages will be disabled. Use the Tcl command set_msg_config to change the current settings. [c:/Users/jielu/Desktop/Workspace/SpikeYOLO_FPGA/hw/vivado/out/spike_zybo.gen/sources_1/bd/system/ip/system_ic_ctrl_0/bd_0/ip/ip_14/bd_1315_awni_0_clocks.xdc:116]
WARNING: [Vivado_Tcl 4-921] Waiver ID 'CDC-1' -to list should not be empty. [c:/Users/jielu/Desktop/Workspace/SpikeYOLO_FPGA/hw/vivado/out/spike_zybo.gen/sources_1/bd/system/ip/system_ic_ctrl_0/bd_0/ip/ip_14/bd_1315_awni_0_clocks.xdc:116]
WARNING: [Vivado_Tcl 4-921] Waiver ID 'CDC-13' -to list should not be empty. [c:/Users/jielu/Desktop/Workspace/SpikeYOLO_FPGA/hw/vivado/out/spike_zybo.gen/sources_1/bd/system/ip/system_ic_ctrl_0/bd_0/ip/ip_14/bd_1315_awni_0_clocks.xdc:122]
WARNING: [Vivado_Tcl 4-921] Waiver ID 'CDC-1' -to list should not be empty. [c:/Users/jielu/Desktop/Workspace/SpikeYOLO_FPGA/hw/vivado/out/spike_zybo.gen/sources_1/bd/system/ip/system_ic_ctrl_0/bd_0/ip/ip_14/bd_1315_awni_0_clocks.xdc:125]
WARNING: [Vivado_Tcl 4-921] Waiver ID 'CDC-1' -to list should not be empty. [c:/Users/jielu/Desktop/Workspace/SpikeYOLO_FPGA/hw/vivado/out/spike_zybo.gen/sources_1/bd/system/ip/system_ic_ctrl_0/bd_0/ip/ip_14/bd_1315_awni_0_clocks.xdc:128]
WARNING: [Vivado_Tcl 4-921] Waiver ID 'CDC-13' -to list should not be empty. [c:/Users/jielu/Desktop/Workspace/SpikeYOLO_FPGA/hw/vivado/out/spike_zybo.gen/sources_1/bd/system/ip/system_ic_ctrl_0/bd_0/ip/ip_14/bd_1315_awni_0_clocks.xdc:131]
INFO: [Common 17-14] Message 'Vivado_Tcl 4-921' appears 100 times and further instances of the messages will be disabled. Use the Tcl command set_msg_config to change the current settings. [c:/Users/jielu/Desktop/Workspace/SpikeYOLO_FPGA/hw/vivado/out/spike_zybo.gen/sources_1/bd/system/ip/system_ic_ctrl_0/bd_0/ip/ip_14/bd_1315_awni_0_clocks.xdc:131]
WARNING: [Vivado_Tcl 4-935] Waiver ID 'CDC-1' is a duplicate and will not be added again. [c:/Users/jielu/Desktop/Workspace/SpikeYOLO_FPGA/hw/vivado/out/spike_zybo.gen/sources_1/bd/system/ip/system_ic_ctrl_0/bd_0/ip/ip_14/bd_1315_awni_0_clocks.xdc:181]
Finished Parsing XDC File [c:/Users/jielu/Desktop/Workspace/SpikeYOLO_FPGA/hw/vivado/out/spike_zybo.gen/sources_1/bd/system/ip/system_ic_ctrl_0/bd_0/ip/ip_14/bd_1315_awni_0_clocks.xdc] for cell 'system_i/ic_ctrl/inst/switchboards/i_nodes/i_aw_node/inst'
Parsing XDC File [c:/Users/jielu/Desktop/Workspace/SpikeYOLO_FPGA/hw/vivado/out/spike_zybo.gen/sources_1/bd/system/ip/system_ic_ctrl_0/bd_0/ip/ip_15/bd_1315_wni_0_clocks.xdc] for cell 'system_i/ic_ctrl/inst/switchboards/i_nodes/i_w_node/inst'
WARNING: [Vivado_Tcl 4-935] Waiver ID 'CDC-1' is a duplicate and will not be added again. [c:/Users/jielu/Desktop/Workspace/SpikeYOLO_FPGA/hw/vivado/out/spike_zybo.gen/sources_1/bd/system/ip/system_ic_ctrl_0/bd_0/ip/ip_15/bd_1315_wni_0_clocks.xdc:181]
Finished Parsing XDC File [c:/Users/jielu/Desktop/Workspace/SpikeYOLO_FPGA/hw/vivado/out/spike_zybo.gen/sources_1/bd/system/ip/system_ic_ctrl_0/bd_0/ip/ip_15/bd_1315_wni_0_clocks.xdc] for cell 'system_i/ic_ctrl/inst/switchboards/i_nodes/i_w_node/inst'
Parsing XDC File [c:/Users/jielu/Desktop/Workspace/SpikeYOLO_FPGA/hw/vivado/out/spike_zybo.gen/sources_1/bd/system/ip/system_ic_ctrl_0/bd_0/ip/ip_16/bd_1315_bni_0_clocks.xdc] for cell 'system_i/ic_ctrl/inst/switchboards/i_nodes/i_b_node/inst'
WARNING: [Vivado_Tcl 4-935] Waiver ID 'CDC-1' is a duplicate and will not be added again. [c:/Users/jielu/Desktop/Workspace/SpikeYOLO_FPGA/hw/vivado/out/spike_zybo.gen/sources_1/bd/system/ip/system_ic_ctrl_0/bd_0/ip/ip_16/bd_1315_bni_0_clocks.xdc:181]
Finished Parsing XDC File [c:/Users/jielu/Desktop/Workspace/SpikeYOLO_FPGA/hw/vivado/out/spike_zybo.gen/sources_1/bd/system/ip/system_ic_ctrl_0/bd_0/ip/ip_16/bd_1315_bni_0_clocks.xdc] for cell 'system_i/ic_ctrl/inst/switchboards/i_nodes/i_b_node/inst'
Parsing XDC File [c:/Users/jielu/Desktop/Workspace/SpikeYOLO_FPGA/hw/vivado/out/spike_zybo.gen/sources_1/bd/system/ip/system_ic_ctrl_0/bd_0/ip/ip_21/bd_1315_sarn_0_clocks.xdc] for cell 'system_i/ic_ctrl/inst/s00_nodes/s00_ar_node/inst'
Finished Parsing XDC File [c:/Users/jielu/Desktop/Workspace/SpikeYOLO_FPGA/hw/vivado/out/spike_zybo.gen/sources_1/bd/system/ip/system_ic_ctrl_0/bd_0/ip/ip_21/bd_1315_sarn_0_clocks.xdc] for cell 'system_i/ic_ctrl/inst/s00_nodes/s00_ar_node/inst'
Parsing XDC File [c:/Users/jielu/Desktop/Workspace/SpikeYOLO_FPGA/hw/vivado/out/spike_zybo.gen/sources_1/bd/system/ip/system_ic_ctrl_0/bd_0/ip/ip_22/bd_1315_srn_0_clocks.xdc] for cell 'system_i/ic_ctrl/inst/s00_nodes/s00_r_node/inst'
Finished Parsing XDC File [c:/Users/jielu/Desktop/Workspace/SpikeYOLO_FPGA/hw/vivado/out/spike_zybo.gen/sources_1/bd/system/ip/system_ic_ctrl_0/bd_0/ip/ip_22/bd_1315_srn_0_clocks.xdc] for cell 'system_i/ic_ctrl/inst/s00_nodes/s00_r_node/inst'
Parsing XDC File [c:/Users/jielu/Desktop/Workspace/SpikeYOLO_FPGA/hw/vivado/out/spike_zybo.gen/sources_1/bd/system/ip/system_ic_ctrl_0/bd_0/ip/ip_23/bd_1315_sawn_0_clocks.xdc] for cell 'system_i/ic_ctrl/inst/s00_nodes/s00_aw_node/inst'
Finished Parsing XDC File [c:/Users/jielu/Desktop/Workspace/SpikeYOLO_FPGA/hw/vivado/out/spike_zybo.gen/sources_1/bd/system/ip/system_ic_ctrl_0/bd_0/ip/ip_23/bd_1315_sawn_0_clocks.xdc] for cell 'system_i/ic_ctrl/inst/s00_nodes/s00_aw_node/inst'
Parsing XDC File [c:/Users/jielu/Desktop/Workspace/SpikeYOLO_FPGA/hw/vivado/out/spike_zybo.gen/sources_1/bd/system/ip/system_ic_ctrl_0/bd_0/ip/ip_24/bd_1315_swn_0_clocks.xdc] for cell 'system_i/ic_ctrl/inst/s00_nodes/s00_w_node/inst'
Finished Parsing XDC File [c:/Users/jielu/Desktop/Workspace/SpikeYOLO_FPGA/hw/vivado/out/spike_zybo.gen/sources_1/bd/system/ip/system_ic_ctrl_0/bd_0/ip/ip_24/bd_1315_swn_0_clocks.xdc] for cell 'system_i/ic_ctrl/inst/s00_nodes/s00_w_node/inst'
Parsing XDC File [c:/Users/jielu/Desktop/Workspace/SpikeYOLO_FPGA/hw/vivado/out/spike_zybo.gen/sources_1/bd/system/ip/system_ic_ctrl_0/bd_0/ip/ip_25/bd_1315_sbn_0_clocks.xdc] for cell 'system_i/ic_ctrl/inst/s00_nodes/s00_b_node/inst'
Finished Parsing XDC File [c:/Users/jielu/Desktop/Workspace/SpikeYOLO_FPGA/hw/vivado/out/spike_zybo.gen/sources_1/bd/system/ip/system_ic_ctrl_0/bd_0/ip/ip_25/bd_1315_sbn_0_clocks.xdc] for cell 'system_i/ic_ctrl/inst/s00_nodes/s00_b_node/inst'
Parsing XDC File [c:/Users/jielu/Desktop/Workspace/SpikeYOLO_FPGA/hw/vivado/out/spike_zybo.gen/sources_1/bd/system/ip/system_ic_ctrl_0/bd_0/ip/ip_27/bd_1315_m00arn_0_clocks.xdc] for cell 'system_i/ic_ctrl/inst/m00_nodes/m00_ar_node/inst'
Finished Parsing XDC File [c:/Users/jielu/Desktop/Workspace/SpikeYOLO_FPGA/hw/vivado/out/spike_zybo.gen/sources_1/bd/system/ip/system_ic_ctrl_0/bd_0/ip/ip_27/bd_1315_m00arn_0_clocks.xdc] for cell 'system_i/ic_ctrl/inst/m00_nodes/m00_ar_node/inst'
Parsing XDC File [c:/Users/jielu/Desktop/Workspace/SpikeYOLO_FPGA/hw/vivado/out/spike_zybo.gen/sources_1/bd/system/ip/system_ic_ctrl_0/bd_0/ip/ip_28/bd_1315_m00rn_0_clocks.xdc] for cell 'system_i/ic_ctrl/inst/m00_nodes/m00_r_node/inst'
Finished Parsing XDC File [c:/Users/jielu/Desktop/Workspace/SpikeYOLO_FPGA/hw/vivado/out/spike_zybo.gen/sources_1/bd/system/ip/system_ic_ctrl_0/bd_0/ip/ip_28/bd_1315_m00rn_0_clocks.xdc] for cell 'system_i/ic_ctrl/inst/m00_nodes/m00_r_node/inst'
Parsing XDC File [c:/Users/jielu/Desktop/Workspace/SpikeYOLO_FPGA/hw/vivado/out/spike_zybo.gen/sources_1/bd/system/ip/system_ic_ctrl_0/bd_0/ip/ip_29/bd_1315_m00awn_0_clocks.xdc] for cell 'system_i/ic_ctrl/inst/m00_nodes/m00_aw_node/inst'
Finished Parsing XDC File [c:/Users/jielu/Desktop/Workspace/SpikeYOLO_FPGA/hw/vivado/out/spike_zybo.gen/sources_1/bd/system/ip/system_ic_ctrl_0/bd_0/ip/ip_29/bd_1315_m00awn_0_clocks.xdc] for cell 'system_i/ic_ctrl/inst/m00_nodes/m00_aw_node/inst'
Parsing XDC File [c:/Users/jielu/Desktop/Workspace/SpikeYOLO_FPGA/hw/vivado/out/spike_zybo.gen/sources_1/bd/system/ip/system_ic_ctrl_0/bd_0/ip/ip_30/bd_1315_m00wn_0_clocks.xdc] for cell 'system_i/ic_ctrl/inst/m00_nodes/m00_w_node/inst'
Finished Parsing XDC File [c:/Users/jielu/Desktop/Workspace/SpikeYOLO_FPGA/hw/vivado/out/spike_zybo.gen/sources_1/bd/system/ip/system_ic_ctrl_0/bd_0/ip/ip_30/bd_1315_m00wn_0_clocks.xdc] for cell 'system_i/ic_ctrl/inst/m00_nodes/m00_w_node/inst'
Parsing XDC File [c:/Users/jielu/Desktop/Workspace/SpikeYOLO_FPGA/hw/vivado/out/spike_zybo.gen/sources_1/bd/system/ip/system_ic_ctrl_0/bd_0/ip/ip_31/bd_1315_m00bn_0_clocks.xdc] for cell 'system_i/ic_ctrl/inst/m00_nodes/m00_b_node/inst'
Finished Parsing XDC File [c:/Users/jielu/Desktop/Workspace/SpikeYOLO_FPGA/hw/vivado/out/spike_zybo.gen/sources_1/bd/system/ip/system_ic_ctrl_0/bd_0/ip/ip_31/bd_1315_m00bn_0_clocks.xdc] for cell 'system_i/ic_ctrl/inst/m00_nodes/m00_b_node/inst'
Parsing XDC File [c:/Users/jielu/Desktop/Workspace/SpikeYOLO_FPGA/hw/vivado/out/spike_zybo.gen/sources_1/bd/system/ip/system_ic_ctrl_0/bd_0/ip/ip_34/bd_1315_m01arn_0_clocks.xdc] for cell 'system_i/ic_ctrl/inst/m01_nodes/m01_ar_node/inst'
Finished Parsing XDC File [c:/Users/jielu/Desktop/Workspace/SpikeYOLO_FPGA/hw/vivado/out/spike_zybo.gen/sources_1/bd/system/ip/system_ic_ctrl_0/bd_0/ip/ip_34/bd_1315_m01arn_0_clocks.xdc] for cell 'system_i/ic_ctrl/inst/m01_nodes/m01_ar_node/inst'
Parsing XDC File [c:/Users/jielu/Desktop/Workspace/SpikeYOLO_FPGA/hw/vivado/out/spike_zybo.gen/sources_1/bd/system/ip/system_ic_ctrl_0/bd_0/ip/ip_35/bd_1315_m01rn_0_clocks.xdc] for cell 'system_i/ic_ctrl/inst/m01_nodes/m01_r_node/inst'
Finished Parsing XDC File [c:/Users/jielu/Desktop/Workspace/SpikeYOLO_FPGA/hw/vivado/out/spike_zybo.gen/sources_1/bd/system/ip/system_ic_ctrl_0/bd_0/ip/ip_35/bd_1315_m01rn_0_clocks.xdc] for cell 'system_i/ic_ctrl/inst/m01_nodes/m01_r_node/inst'
Parsing XDC File [c:/Users/jielu/Desktop/Workspace/SpikeYOLO_FPGA/hw/vivado/out/spike_zybo.gen/sources_1/bd/system/ip/system_ic_ctrl_0/bd_0/ip/ip_36/bd_1315_m01awn_0_clocks.xdc] for cell 'system_i/ic_ctrl/inst/m01_nodes/m01_aw_node/inst'
Finished Parsing XDC File [c:/Users/jielu/Desktop/Workspace/SpikeYOLO_FPGA/hw/vivado/out/spike_zybo.gen/sources_1/bd/system/ip/system_ic_ctrl_0/bd_0/ip/ip_36/bd_1315_m01awn_0_clocks.xdc] for cell 'system_i/ic_ctrl/inst/m01_nodes/m01_aw_node/inst'
Parsing XDC File [c:/Users/jielu/Desktop/Workspace/SpikeYOLO_FPGA/hw/vivado/out/spike_zybo.gen/sources_1/bd/system/ip/system_ic_ctrl_0/bd_0/ip/ip_37/bd_1315_m01wn_0_clocks.xdc] for cell 'system_i/ic_ctrl/inst/m01_nodes/m01_w_node/inst'
Finished Parsing XDC File [c:/Users/jielu/Desktop/Workspace/SpikeYOLO_FPGA/hw/vivado/out/spike_zybo.gen/sources_1/bd/system/ip/system_ic_ctrl_0/bd_0/ip/ip_37/bd_1315_m01wn_0_clocks.xdc] for cell 'system_i/ic_ctrl/inst/m01_nodes/m01_w_node/inst'
Parsing XDC File [c:/Users/jielu/Desktop/Workspace/SpikeYOLO_FPGA/hw/vivado/out/spike_zybo.gen/sources_1/bd/system/ip/system_ic_ctrl_0/bd_0/ip/ip_38/bd_1315_m01bn_0_clocks.xdc] for cell 'system_i/ic_ctrl/inst/m01_nodes/m01_b_node/inst'
Finished Parsing XDC File [c:/Users/jielu/Desktop/Workspace/SpikeYOLO_FPGA/hw/vivado/out/spike_zybo.gen/sources_1/bd/system/ip/system_ic_ctrl_0/bd_0/ip/ip_38/bd_1315_m01bn_0_clocks.xdc] for cell 'system_i/ic_ctrl/inst/m01_nodes/m01_b_node/inst'
Parsing XDC File [c:/Users/jielu/Desktop/Workspace/SpikeYOLO_FPGA/hw/vivado/out/spike_zybo.gen/sources_1/bd/system/ip/system_ic_ctrl_0/smartconnect.xdc] for cell 'system_i/ic_ctrl/inst'
WARNING: [Vivado_Tcl 4-919] Waiver ID 'CDC-1' -from list should not be empty. [c:/Users/jielu/Desktop/Workspace/SpikeYOLO_FPGA/hw/vivado/out/spike_zybo.gen/sources_1/bd/system/ip/system_ic_ctrl_0/smartconnect.xdc:10]
Finished Parsing XDC File [c:/Users/jielu/Desktop/Workspace/SpikeYOLO_FPGA/hw/vivado/out/spike_zybo.gen/sources_1/bd/system/ip/system_ic_ctrl_0/smartconnect.xdc] for cell 'system_i/ic_ctrl/inst'
Parsing XDC File [c:/Users/jielu/Desktop/Workspace/SpikeYOLO_FPGA/hw/vivado/out/spike_zybo.gen/sources_1/bd/system/ip/system_ic_data_hp0_0/bd_0/ip/ip_1/bd_8fe8_psr_aclk_0_board.xdc] for cell 'system_i/ic_data_hp0/inst/clk_map/psr_aclk/U0'
Finished Parsing XDC File [c:/Users/jielu/Desktop/Workspace/SpikeYOLO_FPGA/hw/vivado/out/spike_zybo.gen/sources_1/bd/system/ip/system_ic_data_hp0_0/bd_0/ip/ip_1/bd_8fe8_psr_aclk_0_board.xdc] for cell 'system_i/ic_data_hp0/inst/clk_map/psr_aclk/U0'
Parsing XDC File [c:/Users/jielu/Desktop/Workspace/SpikeYOLO_FPGA/hw/vivado/out/spike_zybo.gen/sources_1/bd/system/ip/system_ic_data_hp0_0/bd_0/ip/ip_1/bd_8fe8_psr_aclk_0.xdc] for cell 'system_i/ic_data_hp0/inst/clk_map/psr_aclk/U0'
Finished Parsing XDC File [c:/Users/jielu/Desktop/Workspace/SpikeYOLO_FPGA/hw/vivado/out/spike_zybo.gen/sources_1/bd/system/ip/system_ic_data_hp0_0/bd_0/ip/ip_1/bd_8fe8_psr_aclk_0.xdc] for cell 'system_i/ic_data_hp0/inst/clk_map/psr_aclk/U0'
Parsing XDC File [c:/Users/jielu/Desktop/Workspace/SpikeYOLO_FPGA/hw/vivado/out/spike_zybo.gen/sources_1/bd/system/ip/system_ic_data_hp0_0/bd_0/ip/ip_11/bd_8fe8_sarn_0_clocks.xdc] for cell 'system_i/ic_data_hp0/inst/s00_nodes/s00_ar_node/inst'
Finished Parsing XDC File [c:/Users/jielu/Desktop/Workspace/SpikeYOLO_FPGA/hw/vivado/out/spike_zybo.gen/sources_1/bd/system/ip/system_ic_data_hp0_0/bd_0/ip/ip_11/bd_8fe8_sarn_0_clocks.xdc] for cell 'system_i/ic_data_hp0/inst/s00_nodes/s00_ar_node/inst'
Parsing XDC File [c:/Users/jielu/Desktop/Workspace/SpikeYOLO_FPGA/hw/vivado/out/spike_zybo.gen/sources_1/bd/system/ip/system_ic_data_hp0_0/bd_0/ip/ip_12/bd_8fe8_srn_0_clocks.xdc] for cell 'system_i/ic_data_hp0/inst/s00_nodes/s00_r_node/inst'
Finished Parsing XDC File [c:/Users/jielu/Desktop/Workspace/SpikeYOLO_FPGA/hw/vivado/out/spike_zybo.gen/sources_1/bd/system/ip/system_ic_data_hp0_0/bd_0/ip/ip_12/bd_8fe8_srn_0_clocks.xdc] for cell 'system_i/ic_data_hp0/inst/s00_nodes/s00_r_node/inst'
Parsing XDC File [c:/Users/jielu/Desktop/Workspace/SpikeYOLO_FPGA/hw/vivado/out/spike_zybo.gen/sources_1/bd/system/ip/system_ic_data_hp0_0/bd_0/ip/ip_17/bd_8fe8_sawn_0_clocks.xdc] for cell 'system_i/ic_data_hp0/inst/s01_nodes/s01_aw_node/inst'
Finished Parsing XDC File [c:/Users/jielu/Desktop/Workspace/SpikeYOLO_FPGA/hw/vivado/out/spike_zybo.gen/sources_1/bd/system/ip/system_ic_data_hp0_0/bd_0/ip/ip_17/bd_8fe8_sawn_0_clocks.xdc] for cell 'system_i/ic_data_hp0/inst/s01_nodes/s01_aw_node/inst'
Parsing XDC File [c:/Users/jielu/Desktop/Workspace/SpikeYOLO_FPGA/hw/vivado/out/spike_zybo.gen/sources_1/bd/system/ip/system_ic_data_hp0_0/bd_0/ip/ip_18/bd_8fe8_swn_0_clocks.xdc] for cell 'system_i/ic_data_hp0/inst/s01_nodes/s01_w_node/inst'
Finished Parsing XDC File [c:/Users/jielu/Desktop/Workspace/SpikeYOLO_FPGA/hw/vivado/out/spike_zybo.gen/sources_1/bd/system/ip/system_ic_data_hp0_0/bd_0/ip/ip_18/bd_8fe8_swn_0_clocks.xdc] for cell 'system_i/ic_data_hp0/inst/s01_nodes/s01_w_node/inst'
Parsing XDC File [c:/Users/jielu/Desktop/Workspace/SpikeYOLO_FPGA/hw/vivado/out/spike_zybo.gen/sources_1/bd/system/ip/system_ic_data_hp0_0/bd_0/ip/ip_19/bd_8fe8_sbn_0_clocks.xdc] for cell 'system_i/ic_data_hp0/inst/s01_nodes/s01_b_node/inst'
Finished Parsing XDC File [c:/Users/jielu/Desktop/Workspace/SpikeYOLO_FPGA/hw/vivado/out/spike_zybo.gen/sources_1/bd/system/ip/system_ic_data_hp0_0/bd_0/ip/ip_19/bd_8fe8_sbn_0_clocks.xdc] for cell 'system_i/ic_data_hp0/inst/s01_nodes/s01_b_node/inst'
Parsing XDC File [c:/Users/jielu/Desktop/Workspace/SpikeYOLO_FPGA/hw/vivado/out/spike_zybo.gen/sources_1/bd/system/ip/system_ic_data_hp0_0/bd_0/ip/ip_24/bd_8fe8_sarn_1_clocks.xdc] for cell 'system_i/ic_data_hp0/inst/s02_nodes/s02_ar_node/inst'
Finished Parsing XDC File [c:/Users/jielu/Desktop/Workspace/SpikeYOLO_FPGA/hw/vivado/out/spike_zybo.gen/sources_1/bd/system/ip/system_ic_data_hp0_0/bd_0/ip/ip_24/bd_8fe8_sarn_1_clocks.xdc] for cell 'system_i/ic_data_hp0/inst/s02_nodes/s02_ar_node/inst'
Parsing XDC File [c:/Users/jielu/Desktop/Workspace/SpikeYOLO_FPGA/hw/vivado/out/spike_zybo.gen/sources_1/bd/system/ip/system_ic_data_hp0_0/bd_0/ip/ip_25/bd_8fe8_srn_1_clocks.xdc] for cell 'system_i/ic_data_hp0/inst/s02_nodes/s02_r_node/inst'
Finished Parsing XDC File [c:/Users/jielu/Desktop/Workspace/SpikeYOLO_FPGA/hw/vivado/out/spike_zybo.gen/sources_1/bd/system/ip/system_ic_data_hp0_0/bd_0/ip/ip_25/bd_8fe8_srn_1_clocks.xdc] for cell 'system_i/ic_data_hp0/inst/s02_nodes/s02_r_node/inst'
Parsing XDC File [c:/Users/jielu/Desktop/Workspace/SpikeYOLO_FPGA/hw/vivado/out/spike_zybo.gen/sources_1/bd/system/ip/system_ic_data_hp0_0/bd_0/ip/ip_30/bd_8fe8_sarn_2_clocks.xdc] for cell 'system_i/ic_data_hp0/inst/s03_nodes/s03_ar_node/inst'
Finished Parsing XDC File [c:/Users/jielu/Desktop/Workspace/SpikeYOLO_FPGA/hw/vivado/out/spike_zybo.gen/sources_1/bd/system/ip/system_ic_data_hp0_0/bd_0/ip/ip_30/bd_8fe8_sarn_2_clocks.xdc] for cell 'system_i/ic_data_hp0/inst/s03_nodes/s03_ar_node/inst'
Parsing XDC File [c:/Users/jielu/Desktop/Workspace/SpikeYOLO_FPGA/hw/vivado/out/spike_zybo.gen/sources_1/bd/system/ip/system_ic_data_hp0_0/bd_0/ip/ip_31/bd_8fe8_srn_2_clocks.xdc] for cell 'system_i/ic_data_hp0/inst/s03_nodes/s03_r_node/inst'
Finished Parsing XDC File [c:/Users/jielu/Desktop/Workspace/SpikeYOLO_FPGA/hw/vivado/out/spike_zybo.gen/sources_1/bd/system/ip/system_ic_data_hp0_0/bd_0/ip/ip_31/bd_8fe8_srn_2_clocks.xdc] for cell 'system_i/ic_data_hp0/inst/s03_nodes/s03_r_node/inst'
Parsing XDC File [c:/Users/jielu/Desktop/Workspace/SpikeYOLO_FPGA/hw/vivado/out/spike_zybo.gen/sources_1/bd/system/ip/system_ic_data_hp0_0/bd_0/ip/ip_32/bd_8fe8_sawn_1_clocks.xdc] for cell 'system_i/ic_data_hp0/inst/s03_nodes/s03_aw_node/inst'
Finished Parsing XDC File [c:/Users/jielu/Desktop/Workspace/SpikeYOLO_FPGA/hw/vivado/out/spike_zybo.gen/sources_1/bd/system/ip/system_ic_data_hp0_0/bd_0/ip/ip_32/bd_8fe8_sawn_1_clocks.xdc] for cell 'system_i/ic_data_hp0/inst/s03_nodes/s03_aw_node/inst'
Parsing XDC File [c:/Users/jielu/Desktop/Workspace/SpikeYOLO_FPGA/hw/vivado/out/spike_zybo.gen/sources_1/bd/system/ip/system_ic_data_hp0_0/bd_0/ip/ip_33/bd_8fe8_swn_1_clocks.xdc] for cell 'system_i/ic_data_hp0/inst/s03_nodes/s03_w_node/inst'
Finished Parsing XDC File [c:/Users/jielu/Desktop/Workspace/SpikeYOLO_FPGA/hw/vivado/out/spike_zybo.gen/sources_1/bd/system/ip/system_ic_data_hp0_0/bd_0/ip/ip_33/bd_8fe8_swn_1_clocks.xdc] for cell 'system_i/ic_data_hp0/inst/s03_nodes/s03_w_node/inst'
Parsing XDC File [c:/Users/jielu/Desktop/Workspace/SpikeYOLO_FPGA/hw/vivado/out/spike_zybo.gen/sources_1/bd/system/ip/system_ic_data_hp0_0/bd_0/ip/ip_34/bd_8fe8_sbn_1_clocks.xdc] for cell 'system_i/ic_data_hp0/inst/s03_nodes/s03_b_node/inst'
Finished Parsing XDC File [c:/Users/jielu/Desktop/Workspace/SpikeYOLO_FPGA/hw/vivado/out/spike_zybo.gen/sources_1/bd/system/ip/system_ic_data_hp0_0/bd_0/ip/ip_34/bd_8fe8_sbn_1_clocks.xdc] for cell 'system_i/ic_data_hp0/inst/s03_nodes/s03_b_node/inst'
Parsing XDC File [c:/Users/jielu/Desktop/Workspace/SpikeYOLO_FPGA/hw/vivado/out/spike_zybo.gen/sources_1/bd/system/ip/system_ic_data_hp0_0/bd_0/ip/ip_39/bd_8fe8_sarn_3_clocks.xdc] for cell 'system_i/ic_data_hp0/inst/s04_nodes/s04_ar_node/inst'
Finished Parsing XDC File [c:/Users/jielu/Desktop/Workspace/SpikeYOLO_FPGA/hw/vivado/out/spike_zybo.gen/sources_1/bd/system/ip/system_ic_data_hp0_0/bd_0/ip/ip_39/bd_8fe8_sarn_3_clocks.xdc] for cell 'system_i/ic_data_hp0/inst/s04_nodes/s04_ar_node/inst'
Parsing XDC File [c:/Users/jielu/Desktop/Workspace/SpikeYOLO_FPGA/hw/vivado/out/spike_zybo.gen/sources_1/bd/system/ip/system_ic_data_hp0_0/bd_0/ip/ip_40/bd_8fe8_srn_3_clocks.xdc] for cell 'system_i/ic_data_hp0/inst/s04_nodes/s04_r_node/inst'
Finished Parsing XDC File [c:/Users/jielu/Desktop/Workspace/SpikeYOLO_FPGA/hw/vivado/out/spike_zybo.gen/sources_1/bd/system/ip/system_ic_data_hp0_0/bd_0/ip/ip_40/bd_8fe8_srn_3_clocks.xdc] for cell 'system_i/ic_data_hp0/inst/s04_nodes/s04_r_node/inst'
Parsing XDC File [c:/Users/jielu/Desktop/Workspace/SpikeYOLO_FPGA/hw/vivado/out/spike_zybo.gen/sources_1/bd/system/ip/system_ic_data_hp0_0/bd_0/ip/ip_41/bd_8fe8_sawn_2_clocks.xdc] for cell 'system_i/ic_data_hp0/inst/s04_nodes/s04_aw_node/inst'
Finished Parsing XDC File [c:/Users/jielu/Desktop/Workspace/SpikeYOLO_FPGA/hw/vivado/out/spike_zybo.gen/sources_1/bd/system/ip/system_ic_data_hp0_0/bd_0/ip/ip_41/bd_8fe8_sawn_2_clocks.xdc] for cell 'system_i/ic_data_hp0/inst/s04_nodes/s04_aw_node/inst'
Parsing XDC File [c:/Users/jielu/Desktop/Workspace/SpikeYOLO_FPGA/hw/vivado/out/spike_zybo.gen/sources_1/bd/system/ip/system_ic_data_hp0_0/bd_0/ip/ip_42/bd_8fe8_swn_2_clocks.xdc] for cell 'system_i/ic_data_hp0/inst/s04_nodes/s04_w_node/inst'
Finished Parsing XDC File [c:/Users/jielu/Desktop/Workspace/SpikeYOLO_FPGA/hw/vivado/out/spike_zybo.gen/sources_1/bd/system/ip/system_ic_data_hp0_0/bd_0/ip/ip_42/bd_8fe8_swn_2_clocks.xdc] for cell 'system_i/ic_data_hp0/inst/s04_nodes/s04_w_node/inst'
Parsing XDC File [c:/Users/jielu/Desktop/Workspace/SpikeYOLO_FPGA/hw/vivado/out/spike_zybo.gen/sources_1/bd/system/ip/system_ic_data_hp0_0/bd_0/ip/ip_43/bd_8fe8_sbn_2_clocks.xdc] for cell 'system_i/ic_data_hp0/inst/s04_nodes/s04_b_node/inst'
Finished Parsing XDC File [c:/Users/jielu/Desktop/Workspace/SpikeYOLO_FPGA/hw/vivado/out/spike_zybo.gen/sources_1/bd/system/ip/system_ic_data_hp0_0/bd_0/ip/ip_43/bd_8fe8_sbn_2_clocks.xdc] for cell 'system_i/ic_data_hp0/inst/s04_nodes/s04_b_node/inst'
Parsing XDC File [c:/Users/jielu/Desktop/Workspace/SpikeYOLO_FPGA/hw/vivado/out/spike_zybo.gen/sources_1/bd/system/ip/system_ic_data_hp0_0/bd_0/ip/ip_45/bd_8fe8_m00arn_0_clocks.xdc] for cell 'system_i/ic_data_hp0/inst/m00_nodes/m00_ar_node/inst'
Finished Parsing XDC File [c:/Users/jielu/Desktop/Workspace/SpikeYOLO_FPGA/hw/vivado/out/spike_zybo.gen/sources_1/bd/system/ip/system_ic_data_hp0_0/bd_0/ip/ip_45/bd_8fe8_m00arn_0_clocks.xdc] for cell 'system_i/ic_data_hp0/inst/m00_nodes/m00_ar_node/inst'
Parsing XDC File [c:/Users/jielu/Desktop/Workspace/SpikeYOLO_FPGA/hw/vivado/out/spike_zybo.gen/sources_1/bd/system/ip/system_ic_data_hp0_0/bd_0/ip/ip_46/bd_8fe8_m00rn_0_clocks.xdc] for cell 'system_i/ic_data_hp0/inst/m00_nodes/m00_r_node/inst'
Finished Parsing XDC File [c:/Users/jielu/Desktop/Workspace/SpikeYOLO_FPGA/hw/vivado/out/spike_zybo.gen/sources_1/bd/system/ip/system_ic_data_hp0_0/bd_0/ip/ip_46/bd_8fe8_m00rn_0_clocks.xdc] for cell 'system_i/ic_data_hp0/inst/m00_nodes/m00_r_node/inst'
Parsing XDC File [c:/Users/jielu/Desktop/Workspace/SpikeYOLO_FPGA/hw/vivado/out/spike_zybo.gen/sources_1/bd/system/ip/system_ic_data_hp0_0/bd_0/ip/ip_47/bd_8fe8_m00awn_0_clocks.xdc] for cell 'system_i/ic_data_hp0/inst/m00_nodes/m00_aw_node/inst'
Finished Parsing XDC File [c:/Users/jielu/Desktop/Workspace/SpikeYOLO_FPGA/hw/vivado/out/spike_zybo.gen/sources_1/bd/system/ip/system_ic_data_hp0_0/bd_0/ip/ip_47/bd_8fe8_m00awn_0_clocks.xdc] for cell 'system_i/ic_data_hp0/inst/m00_nodes/m00_aw_node/inst'
Parsing XDC File [c:/Users/jielu/Desktop/Workspace/SpikeYOLO_FPGA/hw/vivado/out/spike_zybo.gen/sources_1/bd/system/ip/system_ic_data_hp0_0/bd_0/ip/ip_48/bd_8fe8_m00wn_0_clocks.xdc] for cell 'system_i/ic_data_hp0/inst/m00_nodes/m00_w_node/inst'
Finished Parsing XDC File [c:/Users/jielu/Desktop/Workspace/SpikeYOLO_FPGA/hw/vivado/out/spike_zybo.gen/sources_1/bd/system/ip/system_ic_data_hp0_0/bd_0/ip/ip_48/bd_8fe8_m00wn_0_clocks.xdc] for cell 'system_i/ic_data_hp0/inst/m00_nodes/m00_w_node/inst'
Parsing XDC File [c:/Users/jielu/Desktop/Workspace/SpikeYOLO_FPGA/hw/vivado/out/spike_zybo.gen/sources_1/bd/system/ip/system_ic_data_hp0_0/bd_0/ip/ip_49/bd_8fe8_m00bn_0_clocks.xdc] for cell 'system_i/ic_data_hp0/inst/m00_nodes/m00_b_node/inst'
Finished Parsing XDC File [c:/Users/jielu/Desktop/Workspace/SpikeYOLO_FPGA/hw/vivado/out/spike_zybo.gen/sources_1/bd/system/ip/system_ic_data_hp0_0/bd_0/ip/ip_49/bd_8fe8_m00bn_0_clocks.xdc] for cell 'system_i/ic_data_hp0/inst/m00_nodes/m00_b_node/inst'
Parsing XDC File [c:/Users/jielu/Desktop/Workspace/SpikeYOLO_FPGA/hw/vivado/out/spike_zybo.gen/sources_1/bd/system/ip/system_ic_data_hp0_0/smartconnect.xdc] for cell 'system_i/ic_data_hp0/inst'
WARNING: [Vivado_Tcl 4-919] Waiver ID 'CDC-1' -from list should not be empty. [c:/Users/jielu/Desktop/Workspace/SpikeYOLO_FPGA/hw/vivado/out/spike_zybo.gen/sources_1/bd/system/ip/system_ic_data_hp0_0/smartconnect.xdc:1]
Finished Parsing XDC File [c:/Users/jielu/Desktop/Workspace/SpikeYOLO_FPGA/hw/vivado/out/spike_zybo.gen/sources_1/bd/system/ip/system_ic_data_hp0_0/smartconnect.xdc] for cell 'system_i/ic_data_hp0/inst'
Parsing XDC File [c:/Users/jielu/Desktop/Workspace/SpikeYOLO_FPGA/hw/vivado/out/spike_zybo.gen/sources_1/bd/system/ip/system_ic_data_hp1_0/bd_0/ip/ip_1/bd_4fb9_psr_aclk_0_board.xdc] for cell 'system_i/ic_data_hp1/inst/clk_map/psr_aclk/U0'
Finished Parsing XDC File [c:/Users/jielu/Desktop/Workspace/SpikeYOLO_FPGA/hw/vivado/out/spike_zybo.gen/sources_1/bd/system/ip/system_ic_data_hp1_0/bd_0/ip/ip_1/bd_4fb9_psr_aclk_0_board.xdc] for cell 'system_i/ic_data_hp1/inst/clk_map/psr_aclk/U0'
Parsing XDC File [c:/Users/jielu/Desktop/Workspace/SpikeYOLO_FPGA/hw/vivado/out/spike_zybo.gen/sources_1/bd/system/ip/system_ic_data_hp1_0/bd_0/ip/ip_1/bd_4fb9_psr_aclk_0.xdc] for cell 'system_i/ic_data_hp1/inst/clk_map/psr_aclk/U0'
Finished Parsing XDC File [c:/Users/jielu/Desktop/Workspace/SpikeYOLO_FPGA/hw/vivado/out/spike_zybo.gen/sources_1/bd/system/ip/system_ic_data_hp1_0/bd_0/ip/ip_1/bd_4fb9_psr_aclk_0.xdc] for cell 'system_i/ic_data_hp1/inst/clk_map/psr_aclk/U0'
Parsing XDC File [c:/Users/jielu/Desktop/Workspace/SpikeYOLO_FPGA/hw/vivado/out/spike_zybo.gen/sources_1/bd/system/ip/system_ic_data_hp1_0/bd_0/ip/ip_11/bd_4fb9_sarn_0_clocks.xdc] for cell 'system_i/ic_data_hp1/inst/s00_nodes/s00_ar_node/inst'
Finished Parsing XDC File [c:/Users/jielu/Desktop/Workspace/SpikeYOLO_FPGA/hw/vivado/out/spike_zybo.gen/sources_1/bd/system/ip/system_ic_data_hp1_0/bd_0/ip/ip_11/bd_4fb9_sarn_0_clocks.xdc] for cell 'system_i/ic_data_hp1/inst/s00_nodes/s00_ar_node/inst'
Parsing XDC File [c:/Users/jielu/Desktop/Workspace/SpikeYOLO_FPGA/hw/vivado/out/spike_zybo.gen/sources_1/bd/system/ip/system_ic_data_hp1_0/bd_0/ip/ip_12/bd_4fb9_srn_0_clocks.xdc] for cell 'system_i/ic_data_hp1/inst/s00_nodes/s00_r_node/inst'
Finished Parsing XDC File [c:/Users/jielu/Desktop/Workspace/SpikeYOLO_FPGA/hw/vivado/out/spike_zybo.gen/sources_1/bd/system/ip/system_ic_data_hp1_0/bd_0/ip/ip_12/bd_4fb9_srn_0_clocks.xdc] for cell 'system_i/ic_data_hp1/inst/s00_nodes/s00_r_node/inst'
Parsing XDC File [c:/Users/jielu/Desktop/Workspace/SpikeYOLO_FPGA/hw/vivado/out/spike_zybo.gen/sources_1/bd/system/ip/system_ic_data_hp1_0/bd_0/ip/ip_17/bd_4fb9_sawn_0_clocks.xdc] for cell 'system_i/ic_data_hp1/inst/s01_nodes/s01_aw_node/inst'
Finished Parsing XDC File [c:/Users/jielu/Desktop/Workspace/SpikeYOLO_FPGA/hw/vivado/out/spike_zybo.gen/sources_1/bd/system/ip/system_ic_data_hp1_0/bd_0/ip/ip_17/bd_4fb9_sawn_0_clocks.xdc] for cell 'system_i/ic_data_hp1/inst/s01_nodes/s01_aw_node/inst'
Parsing XDC File [c:/Users/jielu/Desktop/Workspace/SpikeYOLO_FPGA/hw/vivado/out/spike_zybo.gen/sources_1/bd/system/ip/system_ic_data_hp1_0/bd_0/ip/ip_18/bd_4fb9_swn_0_clocks.xdc] for cell 'system_i/ic_data_hp1/inst/s01_nodes/s01_w_node/inst'
Finished Parsing XDC File [c:/Users/jielu/Desktop/Workspace/SpikeYOLO_FPGA/hw/vivado/out/spike_zybo.gen/sources_1/bd/system/ip/system_ic_data_hp1_0/bd_0/ip/ip_18/bd_4fb9_swn_0_clocks.xdc] for cell 'system_i/ic_data_hp1/inst/s01_nodes/s01_w_node/inst'
Parsing XDC File [c:/Users/jielu/Desktop/Workspace/SpikeYOLO_FPGA/hw/vivado/out/spike_zybo.gen/sources_1/bd/system/ip/system_ic_data_hp1_0/bd_0/ip/ip_19/bd_4fb9_sbn_0_clocks.xdc] for cell 'system_i/ic_data_hp1/inst/s01_nodes/s01_b_node/inst'
Finished Parsing XDC File [c:/Users/jielu/Desktop/Workspace/SpikeYOLO_FPGA/hw/vivado/out/spike_zybo.gen/sources_1/bd/system/ip/system_ic_data_hp1_0/bd_0/ip/ip_19/bd_4fb9_sbn_0_clocks.xdc] for cell 'system_i/ic_data_hp1/inst/s01_nodes/s01_b_node/inst'
Parsing XDC File [c:/Users/jielu/Desktop/Workspace/SpikeYOLO_FPGA/hw/vivado/out/spike_zybo.gen/sources_1/bd/system/ip/system_ic_data_hp1_0/bd_0/ip/ip_21/bd_4fb9_m00arn_0_clocks.xdc] for cell 'system_i/ic_data_hp1/inst/m00_nodes/m00_ar_node/inst'
Finished Parsing XDC File [c:/Users/jielu/Desktop/Workspace/SpikeYOLO_FPGA/hw/vivado/out/spike_zybo.gen/sources_1/bd/system/ip/system_ic_data_hp1_0/bd_0/ip/ip_21/bd_4fb9_m00arn_0_clocks.xdc] for cell 'system_i/ic_data_hp1/inst/m00_nodes/m00_ar_node/inst'
Parsing XDC File [c:/Users/jielu/Desktop/Workspace/SpikeYOLO_FPGA/hw/vivado/out/spike_zybo.gen/sources_1/bd/system/ip/system_ic_data_hp1_0/bd_0/ip/ip_22/bd_4fb9_m00rn_0_clocks.xdc] for cell 'system_i/ic_data_hp1/inst/m00_nodes/m00_r_node/inst'
Finished Parsing XDC File [c:/Users/jielu/Desktop/Workspace/SpikeYOLO_FPGA/hw/vivado/out/spike_zybo.gen/sources_1/bd/system/ip/system_ic_data_hp1_0/bd_0/ip/ip_22/bd_4fb9_m00rn_0_clocks.xdc] for cell 'system_i/ic_data_hp1/inst/m00_nodes/m00_r_node/inst'
Parsing XDC File [c:/Users/jielu/Desktop/Workspace/SpikeYOLO_FPGA/hw/vivado/out/spike_zybo.gen/sources_1/bd/system/ip/system_ic_data_hp1_0/bd_0/ip/ip_23/bd_4fb9_m00awn_0_clocks.xdc] for cell 'system_i/ic_data_hp1/inst/m00_nodes/m00_aw_node/inst'
Finished Parsing XDC File [c:/Users/jielu/Desktop/Workspace/SpikeYOLO_FPGA/hw/vivado/out/spike_zybo.gen/sources_1/bd/system/ip/system_ic_data_hp1_0/bd_0/ip/ip_23/bd_4fb9_m00awn_0_clocks.xdc] for cell 'system_i/ic_data_hp1/inst/m00_nodes/m00_aw_node/inst'
Parsing XDC File [c:/Users/jielu/Desktop/Workspace/SpikeYOLO_FPGA/hw/vivado/out/spike_zybo.gen/sources_1/bd/system/ip/system_ic_data_hp1_0/bd_0/ip/ip_24/bd_4fb9_m00wn_0_clocks.xdc] for cell 'system_i/ic_data_hp1/inst/m00_nodes/m00_w_node/inst'
Finished Parsing XDC File [c:/Users/jielu/Desktop/Workspace/SpikeYOLO_FPGA/hw/vivado/out/spike_zybo.gen/sources_1/bd/system/ip/system_ic_data_hp1_0/bd_0/ip/ip_24/bd_4fb9_m00wn_0_clocks.xdc] for cell 'system_i/ic_data_hp1/inst/m00_nodes/m00_w_node/inst'
Parsing XDC File [c:/Users/jielu/Desktop/Workspace/SpikeYOLO_FPGA/hw/vivado/out/spike_zybo.gen/sources_1/bd/system/ip/system_ic_data_hp1_0/bd_0/ip/ip_25/bd_4fb9_m00bn_0_clocks.xdc] for cell 'system_i/ic_data_hp1/inst/m00_nodes/m00_b_node/inst'
Finished Parsing XDC File [c:/Users/jielu/Desktop/Workspace/SpikeYOLO_FPGA/hw/vivado/out/spike_zybo.gen/sources_1/bd/system/ip/system_ic_data_hp1_0/bd_0/ip/ip_25/bd_4fb9_m00bn_0_clocks.xdc] for cell 'system_i/ic_data_hp1/inst/m00_nodes/m00_b_node/inst'
Parsing XDC File [c:/Users/jielu/Desktop/Workspace/SpikeYOLO_FPGA/hw/vivado/out/spike_zybo.gen/sources_1/bd/system/ip/system_ic_data_hp1_0/smartconnect.xdc] for cell 'system_i/ic_data_hp1/inst'
WARNING: [Vivado_Tcl 4-919] Waiver ID 'CDC-1' -from list should not be empty. [c:/Users/jielu/Desktop/Workspace/SpikeYOLO_FPGA/hw/vivado/out/spike_zybo.gen/sources_1/bd/system/ip/system_ic_data_hp1_0/smartconnect.xdc:1]
Finished Parsing XDC File [c:/Users/jielu/Desktop/Workspace/SpikeYOLO_FPGA/hw/vivado/out/spike_zybo.gen/sources_1/bd/system/ip/system_ic_data_hp1_0/smartconnect.xdc] for cell 'system_i/ic_data_hp1/inst'
Parsing XDC File [c:/Users/jielu/Desktop/Workspace/SpikeYOLO_FPGA/hw/vivado/out/spike_zybo.gen/sources_1/bd/system/ip/system_rst_clk0_0/system_rst_clk0_0_board.xdc] for cell 'system_i/rst_clk0/U0'
Finished Parsing XDC File [c:/Users/jielu/Desktop/Workspace/SpikeYOLO_FPGA/hw/vivado/out/spike_zybo.gen/sources_1/bd/system/ip/system_rst_clk0_0/system_rst_clk0_0_board.xdc] for cell 'system_i/rst_clk0/U0'
Parsing XDC File [c:/Users/jielu/Desktop/Workspace/SpikeYOLO_FPGA/hw/vivado/out/spike_zybo.gen/sources_1/bd/system/ip/system_rst_clk0_0/system_rst_clk0_0.xdc] for cell 'system_i/rst_clk0/U0'
Finished Parsing XDC File [c:/Users/jielu/Desktop/Workspace/SpikeYOLO_FPGA/hw/vivado/out/spike_zybo.gen/sources_1/bd/system/ip/system_rst_clk0_0/system_rst_clk0_0.xdc] for cell 'system_i/rst_clk0/U0'
Parsing XDC File [c:/Users/jielu/Desktop/Workspace/SpikeYOLO_FPGA/hw/vivado/out/spike_zybo.gen/sources_1/bd/system/ip/system_rst_clk1_0/system_rst_clk1_0_board.xdc] for cell 'system_i/rst_clk1/U0'
Finished Parsing XDC File [c:/Users/jielu/Desktop/Workspace/SpikeYOLO_FPGA/hw/vivado/out/spike_zybo.gen/sources_1/bd/system/ip/system_rst_clk1_0/system_rst_clk1_0_board.xdc] for cell 'system_i/rst_clk1/U0'
Parsing XDC File [c:/Users/jielu/Desktop/Workspace/SpikeYOLO_FPGA/hw/vivado/out/spike_zybo.gen/sources_1/bd/system/ip/system_rst_clk1_0/system_rst_clk1_0.xdc] for cell 'system_i/rst_clk1/U0'
Finished Parsing XDC File [c:/Users/jielu/Desktop/Workspace/SpikeYOLO_FPGA/hw/vivado/out/spike_zybo.gen/sources_1/bd/system/ip/system_rst_clk1_0/system_rst_clk1_0.xdc] for cell 'system_i/rst_clk1/U0'
Parsing XDC File [C:/Users/jielu/Desktop/Workspace/SpikeYOLO_FPGA/hw/vivado/constraints/zybo_z7_20.xdc]
WARNING: [Vivado 12-584] No ports matched 'sys_clk'. [C:/Users/jielu/Desktop/Workspace/SpikeYOLO_FPGA/hw/vivado/constraints/zybo_z7_20.xdc:11]
CRITICAL WARNING: [Common 17-55] 'set_property' expects at least one object. [C:/Users/jielu/Desktop/Workspace/SpikeYOLO_FPGA/hw/vivado/constraints/zybo_z7_20.xdc:11]
Resolution: If [get_<value>] was used to populate the object, check to make sure this command returns at least one valid object.
WARNING: [Vivado 12-584] No ports matched 'sys_clk'. [C:/Users/jielu/Desktop/Workspace/SpikeYOLO_FPGA/hw/vivado/constraints/zybo_z7_20.xdc:12]
CRITICAL WARNING: [Vivado 12-4739] create_clock:No valid object(s) found for '-objects [get_ports sys_clk]'. [C:/Users/jielu/Desktop/Workspace/SpikeYOLO_FPGA/hw/vivado/constraints/zybo_z7_20.xdc:12]
Resolution: Check if the specified object(s) exists in the current design. If it does, ensure that the correct design hierarchy was specified for the object. If you are working with clocks, make sure create_clock was used to create the clock object before it is referenced.
WARNING: [Vivado 12-584] No ports matched 'sw[0]'. [C:/Users/jielu/Desktop/Workspace/SpikeYOLO_FPGA/hw/vivado/constraints/zybo_z7_20.xdc:15]
CRITICAL WARNING: [Common 17-55] 'set_property' expects at least one object. [C:/Users/jielu/Desktop/Workspace/SpikeYOLO_FPGA/hw/vivado/constraints/zybo_z7_20.xdc:15]
Resolution: If [get_<value>] was used to populate the object, check to make sure this command returns at least one valid object.
WARNING: [Vivado 12-584] No ports matched 'sw[1]'. [C:/Users/jielu/Desktop/Workspace/SpikeYOLO_FPGA/hw/vivado/constraints/zybo_z7_20.xdc:16]
CRITICAL WARNING: [Common 17-55] 'set_property' expects at least one object. [C:/Users/jielu/Desktop/Workspace/SpikeYOLO_FPGA/hw/vivado/constraints/zybo_z7_20.xdc:16]
Resolution: If [get_<value>] was used to populate the object, check to make sure this command returns at least one valid object.
WARNING: [Vivado 12-584] No ports matched 'sw[2]'. [C:/Users/jielu/Desktop/Workspace/SpikeYOLO_FPGA/hw/vivado/constraints/zybo_z7_20.xdc:17]
CRITICAL WARNING: [Common 17-55] 'set_property' expects at least one object. [C:/Users/jielu/Desktop/Workspace/SpikeYOLO_FPGA/hw/vivado/constraints/zybo_z7_20.xdc:17]
Resolution: If [get_<value>] was used to populate the object, check to make sure this command returns at least one valid object.
WARNING: [Vivado 12-584] No ports matched 'sw[3]'. [C:/Users/jielu/Desktop/Workspace/SpikeYOLO_FPGA/hw/vivado/constraints/zybo_z7_20.xdc:18]
CRITICAL WARNING: [Common 17-55] 'set_property' expects at least one object. [C:/Users/jielu/Desktop/Workspace/SpikeYOLO_FPGA/hw/vivado/constraints/zybo_z7_20.xdc:18]
Resolution: If [get_<value>] was used to populate the object, check to make sure this command returns at least one valid object.
WARNING: [Vivado 12-584] No ports matched 'led[0]'. [C:/Users/jielu/Desktop/Workspace/SpikeYOLO_FPGA/hw/vivado/constraints/zybo_z7_20.xdc:21]
CRITICAL WARNING: [Common 17-55] 'set_property' expects at least one object. [C:/Users/jielu/Desktop/Workspace/SpikeYOLO_FPGA/hw/vivado/constraints/zybo_z7_20.xdc:21]
Resolution: If [get_<value>] was used to populate the object, check to make sure this command returns at least one valid object.
WARNING: [Vivado 12-584] No ports matched 'led[1]'. [C:/Users/jielu/Desktop/Workspace/SpikeYOLO_FPGA/hw/vivado/constraints/zybo_z7_20.xdc:22]
CRITICAL WARNING: [Common 17-55] 'set_property' expects at least one object. [C:/Users/jielu/Desktop/Workspace/SpikeYOLO_FPGA/hw/vivado/constraints/zybo_z7_20.xdc:22]
Resolution: If [get_<value>] was used to populate the object, check to make sure this command returns at least one valid object.
WARNING: [Vivado 12-584] No ports matched 'led[2]'. [C:/Users/jielu/Desktop/Workspace/SpikeYOLO_FPGA/hw/vivado/constraints/zybo_z7_20.xdc:23]
CRITICAL WARNING: [Common 17-55] 'set_property' expects at least one object. [C:/Users/jielu/Desktop/Workspace/SpikeYOLO_FPGA/hw/vivado/constraints/zybo_z7_20.xdc:23]
Resolution: If [get_<value>] was used to populate the object, check to make sure this command returns at least one valid object.
WARNING: [Vivado 12-584] No ports matched 'led[3]'. [C:/Users/jielu/Desktop/Workspace/SpikeYOLO_FPGA/hw/vivado/constraints/zybo_z7_20.xdc:24]
CRITICAL WARNING: [Common 17-55] 'set_property' expects at least one object. [C:/Users/jielu/Desktop/Workspace/SpikeYOLO_FPGA/hw/vivado/constraints/zybo_z7_20.xdc:24]
Resolution: If [get_<value>] was used to populate the object, check to make sure this command returns at least one valid object.
WARNING: [Vivado 12-584] No ports matched 'hdmi_tx_clk_p'. [C:/Users/jielu/Desktop/Workspace/SpikeYOLO_FPGA/hw/vivado/constraints/zybo_z7_20.xdc:27]
CRITICAL WARNING: [Common 17-55] 'set_property' expects at least one object. [C:/Users/jielu/Desktop/Workspace/SpikeYOLO_FPGA/hw/vivado/constraints/zybo_z7_20.xdc:27]
Resolution: If [get_<value>] was used to populate the object, check to make sure this command returns at least one valid object.
WARNING: [Vivado 12-584] No ports matched 'hdmi_tx_clk_n'. [C:/Users/jielu/Desktop/Workspace/SpikeYOLO_FPGA/hw/vivado/constraints/zybo_z7_20.xdc:28]
CRITICAL WARNING: [Common 17-55] 'set_property' expects at least one object. [C:/Users/jielu/Desktop/Workspace/SpikeYOLO_FPGA/hw/vivado/constraints/zybo_z7_20.xdc:28]
Resolution: If [get_<value>] was used to populate the object, check to make sure this command returns at least one valid object.
WARNING: [Vivado 12-584] No ports matched 'hdmi_tx_data_p[0]'. [C:/Users/jielu/Desktop/Workspace/SpikeYOLO_FPGA/hw/vivado/constraints/zybo_z7_20.xdc:29]
CRITICAL WARNING: [Common 17-55] 'set_property' expects at least one object. [C:/Users/jielu/Desktop/Workspace/SpikeYOLO_FPGA/hw/vivado/constraints/zybo_z7_20.xdc:29]
Resolution: If [get_<value>] was used to populate the object, check to make sure this command returns at least one valid object.
WARNING: [Vivado 12-584] No ports matched 'hdmi_tx_data_n[0]'. [C:/Users/jielu/Desktop/Workspace/SpikeYOLO_FPGA/hw/vivado/constraints/zybo_z7_20.xdc:30]
CRITICAL WARNING: [Common 17-55] 'set_property' expects at least one object. [C:/Users/jielu/Desktop/Workspace/SpikeYOLO_FPGA/hw/vivado/constraints/zybo_z7_20.xdc:30]
Resolution: If [get_<value>] was used to populate the object, check to make sure this command returns at least one valid object.
WARNING: [Vivado 12-584] No ports matched 'hdmi_tx_data_p[1]'. [C:/Users/jielu/Desktop/Workspace/SpikeYOLO_FPGA/hw/vivado/constraints/zybo_z7_20.xdc:31]
CRITICAL WARNING: [Common 17-55] 'set_property' expects at least one object. [C:/Users/jielu/Desktop/Workspace/SpikeYOLO_FPGA/hw/vivado/constraints/zybo_z7_20.xdc:31]
Resolution: If [get_<value>] was used to populate the object, check to make sure this command returns at least one valid object.
WARNING: [Vivado 12-584] No ports matched 'hdmi_tx_data_n[1]'. [C:/Users/jielu/Desktop/Workspace/SpikeYOLO_FPGA/hw/vivado/constraints/zybo_z7_20.xdc:32]
CRITICAL WARNING: [Common 17-55] 'set_property' expects at least one object. [C:/Users/jielu/Desktop/Workspace/SpikeYOLO_FPGA/hw/vivado/constraints/zybo_z7_20.xdc:32]
Resolution: If [get_<value>] was used to populate the object, check to make sure this command returns at least one valid object.
WARNING: [Vivado 12-584] No ports matched 'hdmi_tx_data_p[2]'. [C:/Users/jielu/Desktop/Workspace/SpikeYOLO_FPGA/hw/vivado/constraints/zybo_z7_20.xdc:33]
CRITICAL WARNING: [Common 17-55] 'set_property' expects at least one object. [C:/Users/jielu/Desktop/Workspace/SpikeYOLO_FPGA/hw/vivado/constraints/zybo_z7_20.xdc:33]
Resolution: If [get_<value>] was used to populate the object, check to make sure this command returns at least one valid object.
WARNING: [Vivado 12-584] No ports matched 'hdmi_tx_data_n[2]'. [C:/Users/jielu/Desktop/Workspace/SpikeYOLO_FPGA/hw/vivado/constraints/zybo_z7_20.xdc:34]
CRITICAL WARNING: [Common 17-55] 'set_property' expects at least one object. [C:/Users/jielu/Desktop/Workspace/SpikeYOLO_FPGA/hw/vivado/constraints/zybo_z7_20.xdc:34]
Resolution: If [get_<value>] was used to populate the object, check to make sure this command returns at least one valid object.
WARNING: [Vivado 12-584] No ports matched 'hdmi_tx_hpd'. [C:/Users/jielu/Desktop/Workspace/SpikeYOLO_FPGA/hw/vivado/constraints/zybo_z7_20.xdc:37]
CRITICAL WARNING: [Common 17-55] 'set_property' expects at least one object. [C:/Users/jielu/Desktop/Workspace/SpikeYOLO_FPGA/hw/vivado/constraints/zybo_z7_20.xdc:37]
Resolution: If [get_<value>] was used to populate the object, check to make sure this command returns at least one valid object.
WARNING: [Vivado 12-584] No ports matched 'hdmi_tx_ddc_sda'. [C:/Users/jielu/Desktop/Workspace/SpikeYOLO_FPGA/hw/vivado/constraints/zybo_z7_20.xdc:38]
CRITICAL WARNING: [Common 17-55] 'set_property' expects at least one object. [C:/Users/jielu/Desktop/Workspace/SpikeYOLO_FPGA/hw/vivado/constraints/zybo_z7_20.xdc:38]
Resolution: If [get_<value>] was used to populate the object, check to make sure this command returns at least one valid object.
WARNING: [Vivado 12-584] No ports matched 'hdmi_tx_ddc_scl'. [C:/Users/jielu/Desktop/Workspace/SpikeYOLO_FPGA/hw/vivado/constraints/zybo_z7_20.xdc:39]
CRITICAL WARNING: [Common 17-55] 'set_property' expects at least one object. [C:/Users/jielu/Desktop/Workspace/SpikeYOLO_FPGA/hw/vivado/constraints/zybo_z7_20.xdc:39]
Resolution: If [get_<value>] was used to populate the object, check to make sure this command returns at least one valid object.
CRITICAL WARNING: [Netlist 29-177] Cannot set property 'BITSTREAM.CONFIG.SPI_BUSWIDTH' because the property does not exist. [C:/Users/jielu/Desktop/Workspace/SpikeYOLO_FPGA/hw/vivado/constraints/zybo_z7_20.xdc:54]
Resolution: Create this property using create_property command before setting it.
Finished Parsing XDC File [C:/Users/jielu/Desktop/Workspace/SpikeYOLO_FPGA/hw/vivado/constraints/zybo_z7_20.xdc]
Parsing XDC File [c:/Users/jielu/Desktop/Workspace/SpikeYOLO_FPGA/hw/vivado/out/spike_zybo.gen/sources_1/bd/system/ip/system_axi_dma_feat_0/system_axi_dma_feat_0_clocks.xdc] for cell 'system_i/axi_dma_feat/U0'
Finished Parsing XDC File [c:/Users/jielu/Desktop/Workspace/SpikeYOLO_FPGA/hw/vivado/out/spike_zybo.gen/sources_1/bd/system/ip/system_axi_dma_feat_0/system_axi_dma_feat_0_clocks.xdc] for cell 'system_i/axi_dma_feat/U0'
INFO: [Project 1-1714] 179 XPM XDC files have been applied to the design.
INFO: [Opt 31-138] Pushed 0 inverter(s) to 0 load pin(s).
INFO: [Project 1-1687] 2344 scoped IP constraints or related sub-commands were skipped due to synthesis logic optimizations usually triggered by constant connectivity or unconnected output pins. To review the skipped constraints and messages, run the command 'set_param netlist.IPMsgFiltering false' before opening the design.
Netlist sorting complete. Time (s): cpu = 00:00:00 ; elapsed = 00:00:00.048 . Memory (MB): peak = 2699.219 ; gain = 0.000
INFO: [Project 1-111] Unisim Transformation Summary:
  A total of 391 instances were transformed.
  RAM16X1D => RAM32X1D (RAMD32(x2)): 4 instances
  RAM32M => RAM32M (RAMD32(x6), RAMS32(x2)): 373 instances
  RAM32X1D => RAM32X1D (RAMD32(x2)): 14 instances

24 Infos, 133 Warnings, 22 Critical Warnings and 0 Errors encountered.
link_design completed successfully
link_design: Time (s): cpu = 00:00:51 ; elapsed = 00:00:52 . Memory (MB): peak = 2699.219 ; gain = 1898.566
Command: opt_design
Attempting to get a license for feature 'Implementation' and/or device 'xc7z020'
INFO: [Common 17-349] Got license for feature 'Implementation' and/or device 'xc7z020'
Running DRC as a precondition to command opt_design

Starting DRC Task
INFO: [DRC 23-27] Running DRC with 2 threads
INFO: [Project 1-461] DRC finished with 0 Errors
INFO: [Project 1-462] Please refer to the DRC report (report_drc) for more information.

Time (s): cpu = 00:00:02 ; elapsed = 00:00:01 . Memory (MB): peak = 2699.219 ; gain = 0.000

Starting Cache Timing Information Task
INFO: [Timing 38-35] Done setting XDC timing constraints.
Ending Cache Timing Information Task | Checksum: 1ba9a2851

Time (s): cpu = 00:00:08 ; elapsed = 00:00:05 . Memory (MB): peak = 2699.219 ; gain = 0.000

Starting Logic Optimization Task

Phase 1 Initialization

Phase 1.1 Core Generation And Design Setup
Phase 1.1 Core Generation And Design Setup | Checksum: 1ba9a2851

Time (s): cpu = 00:00:00 ; elapsed = 00:00:00.023 . Memory (MB): peak = 3005.078 ; gain = 0.000

Phase 1.2 Setup Constraints And Sort Netlist
Phase 1.2 Setup Constraints And Sort Netlist | Checksum: 1ba9a2851

Time (s): cpu = 00:00:00 ; elapsed = 00:00:00.114 . Memory (MB): peak = 3005.078 ; gain = 0.000
Phase 1 Initialization | Checksum: 1ba9a2851

Time (s): cpu = 00:00:00 ; elapsed = 00:00:00.132 . Memory (MB): peak = 3005.078 ; gain = 0.000

Phase 2 Timer Update And Timing Data Collection

Phase 2.1 Timer Update
Phase 2.1 Timer Update | Checksum: 1ba9a2851

Time (s): cpu = 00:00:05 ; elapsed = 00:00:03 . Memory (MB): peak = 3179.449 ; gain = 174.371

Phase 2.2 Timing Data Collection
Phase 2.2 Timing Data Collection | Checksum: 1ba9a2851

Time (s): cpu = 00:00:06 ; elapsed = 00:00:04 . Memory (MB): peak = 3179.449 ; gain = 174.371
Phase 2 Timer Update And Timing Data Collection | Checksum: 1ba9a2851

Time (s): cpu = 00:00:06 ; elapsed = 00:00:04 . Memory (MB): peak = 3179.449 ; gain = 174.371

Phase 3 Retarget
INFO: [Opt 31-1834] Total Chains To Be Transformed Were: 0 AND Number of Transformed insts Created are: 0
INFO: [Opt 31-1566] Pulled 42 inverters resulting in an inversion of 524 pins
INFO: [Opt 31-138] Pushed 49 inverter(s) to 254 load pin(s).
INFO: [Opt 31-49] Retargeted 0 cell(s).
Phase 3 Retarget | Checksum: 18b4feada

Time (s): cpu = 00:00:09 ; elapsed = 00:00:07 . Memory (MB): peak = 3179.449 ; gain = 174.371
Retarget | Checksum: 18b4feada
INFO: [Opt 31-389] Phase Retarget created 724 cells and removed 1219 cells
INFO: [Opt 31-1021] In phase Retarget, 208 netlist objects are constrained preventing optimization. Please run opt_design with -debug_log to get more detail. 

Phase 4 Constant propagation
INFO: [Opt 31-138] Pushed 9 inverter(s) to 11 load pin(s).
Phase 4 Constant propagation | Checksum: fe98c8be

Time (s): cpu = 00:00:25 ; elapsed = 00:00:23 . Memory (MB): peak = 3179.449 ; gain = 174.371
Constant propagation | Checksum: fe98c8be
INFO: [Opt 31-389] Phase Constant propagation created 6412 cells and removed 49173 cells
INFO: [Opt 31-1021] In phase Constant propagation, 208 netlist objects are constrained preventing optimization. Please run opt_design with -debug_log to get more detail. 

Phase 5 Sweep
Phase 5 Sweep | Checksum: 125fc8e89

Time (s): cpu = 00:00:30 ; elapsed = 00:00:29 . Memory (MB): peak = 3179.449 ; gain = 174.371
Sweep | Checksum: 125fc8e89
INFO: [Opt 31-389] Phase Sweep created 0 cells and removed 899 cells
INFO: [Opt 31-1021] In phase Sweep, 261 netlist objects are constrained preventing optimization. Please run opt_design with -debug_log to get more detail. 

Phase 6 BUFG optimization
Phase 6 BUFG optimization | Checksum: 125fc8e89

Time (s): cpu = 00:00:32 ; elapsed = 00:00:30 . Memory (MB): peak = 3179.449 ; gain = 174.371
BUFG optimization | Checksum: 125fc8e89
INFO: [Opt 31-662] Phase BUFG optimization created 0 cells of which 0 are BUFGs and removed 0 cells.

Phase 7 Shift Register Optimization
INFO: [Opt 31-1064] SRL Remap converted 0 SRLs to 0 registers and converted 0 registers of register chains to 0 SRLs
Phase 7 Shift Register Optimization | Checksum: 125fc8e89

Time (s): cpu = 00:00:32 ; elapsed = 00:00:30 . Memory (MB): peak = 3179.449 ; gain = 174.371
Shift Register Optimization | Checksum: 125fc8e89
INFO: [Opt 31-389] Phase Shift Register Optimization created 0 cells and removed 0 cells

Phase 8 Post Processing Netlist
INFO: [Opt 31-1566] Pulled 10 inverters resulting in an inversion of 40 pins
Phase 8 Post Processing Netlist | Checksum: 15046264e

Time (s): cpu = 00:00:33 ; elapsed = 00:00:31 . Memory (MB): peak = 3179.449 ; gain = 174.371
Post Processing Netlist | Checksum: 15046264e
INFO: [Opt 31-389] Phase Post Processing Netlist created 0 cells and removed 10 cells
INFO: [Opt 31-1021] In phase Post Processing Netlist, 223 netlist objects are constrained preventing optimization. Please run opt_design with -debug_log to get more detail. 

Phase 9 Finalization

Phase 9.1 Finalizing Design Cores and Updating Shapes
Phase 9.1 Finalizing Design Cores and Updating Shapes | Checksum: 190f5e2ef

Time (s): cpu = 00:00:37 ; elapsed = 00:00:35 . Memory (MB): peak = 3179.449 ; gain = 174.371

Phase 9.2 Verifying Netlist Connectivity

Starting Connectivity Check Task

Time (s): cpu = 00:00:00 ; elapsed = 00:00:00.198 . Memory (MB): peak = 3179.449 ; gain = 0.000
Phase 9.2 Verifying Netlist Connectivity | Checksum: 190f5e2ef

Time (s): cpu = 00:00:37 ; elapsed = 00:00:35 . Memory (MB): peak = 3179.449 ; gain = 174.371
Phase 9 Finalization | Checksum: 190f5e2ef

Time (s): cpu = 00:00:37 ; elapsed = 00:00:35 . Memory (MB): peak = 3179.449 ; gain = 174.371
Opt_design Change Summary
=========================


-------------------------------------------------------------------------------------------------------------------------
|  Phase                        |  #Cells created  |  #Cells Removed  |  #Constrained objects preventing optimizations  |
-------------------------------------------------------------------------------------------------------------------------
|  Retarget                     |             724  |            1219  |                                            208  |
|  Constant propagation         |            6412  |           49173  |                                            208  |
|  Sweep                        |               0  |             899  |                                            261  |
|  BUFG optimization            |               0  |               0  |                                              0  |
|  Shift Register Optimization  |               0  |               0  |                                              0  |
|  Post Processing Netlist      |               0  |              10  |                                            223  |
-------------------------------------------------------------------------------------------------------------------------


Ending Logic Optimization Task | Checksum: 190f5e2ef

Time (s): cpu = 00:00:37 ; elapsed = 00:00:35 . Memory (MB): peak = 3179.449 ; gain = 174.371

Starting Power Optimization Task
INFO: [Pwropt 34-132] Skipping clock gating for clocks with a period < 2.00 ns.
INFO: [Pwropt 34-9] Applying IDT optimizations ...
INFO: [Pwropt 34-10] Applying ODC optimizations ...
INFO: [Timing 38-35] Done setting XDC timing constraints.
Running Vector-less Activity Propagation...

Finished Running Vector-less Activity Propagation


Starting PowerOpt Patch Enables Task
INFO: [Pwropt 34-162] WRITE_MODE attribute of 0 BRAM(s) out of a total of 11 has been updated to save power. Run report_power_opt to get a complete listing of the BRAMs updated.
INFO: [Pwropt 34-201] Structural ODC has moved 2 WE to EN ports
Number of BRAM Ports augmented: 11 newly gated: 6 Total Ports: 22
Ending PowerOpt Patch Enables Task | Checksum: 145c80ffe

Time (s): cpu = 00:00:01 ; elapsed = 00:00:00.384 . Memory (MB): peak = 3698.961 ; gain = 0.000
Ending Power Optimization Task | Checksum: 145c80ffe

Time (s): cpu = 00:00:26 ; elapsed = 00:00:14 . Memory (MB): peak = 3698.961 ; gain = 519.512

Starting Final Cleanup Task

Starting Logic Optimization Task
INFO: [Timing 38-35] Done setting XDC timing constraints.
Ending Logic Optimization Task | Checksum: 1fcdd43ed

Time (s): cpu = 00:00:12 ; elapsed = 00:00:10 . Memory (MB): peak = 3698.961 ; gain = 0.000
Ending Final Cleanup Task | Checksum: 1fcdd43ed

Time (s): cpu = 00:00:15 ; elapsed = 00:00:12 . Memory (MB): peak = 3698.961 ; gain = 0.000

Starting Netlist Obfuscation Task
Netlist sorting complete. Time (s): cpu = 00:00:00 ; elapsed = 00:00:00.041 . Memory (MB): peak = 3698.961 ; gain = 0.000
Ending Netlist Obfuscation Task | Checksum: 1fcdd43ed

Time (s): cpu = 00:00:00 ; elapsed = 00:00:00.058 . Memory (MB): peak = 3698.961 ; gain = 0.000
INFO: [Common 17-83] Releasing license: Implementation
54 Infos, 133 Warnings, 22 Critical Warnings and 0 Errors encountered.
opt_design completed successfully
opt_design: Time (s): cpu = 00:01:32 ; elapsed = 00:01:11 . Memory (MB): peak = 3698.961 ; gain = 999.742
INFO: [Vivado 12-24828] Executing command : report_drc -file system_wrapper_drc_opted.rpt -pb system_wrapper_drc_opted.pb -rpx system_wrapper_drc_opted.rpx
Command: report_drc -file system_wrapper_drc_opted.rpt -pb system_wrapper_drc_opted.pb -rpx system_wrapper_drc_opted.rpx
INFO: [IP_Flow 19-1839] IP Catalog is up to date.
INFO: [DRC 23-27] Running DRC with 2 threads
INFO: [Vivado_Tcl 2-168] The results of DRC are in file C:/Users/jielu/Desktop/Workspace/SpikeYOLO_FPGA/hw/vivado/out/spike_zybo.runs/impl_1/system_wrapper_drc_opted.rpt.
report_drc completed successfully
INFO: [Timing 38-480] Writing timing data to binary archive.
Wrote PlaceDB: Time (s): cpu = 00:00:00 ; elapsed = 00:00:00.021 . Memory (MB): peak = 3698.961 ; gain = 0.000
Wrote PulsedLatchDB: Time (s): cpu = 00:00:00 ; elapsed = 00:00:00 . Memory (MB): peak = 3698.961 ; gain = 0.000
Writing XDEF routing.
Writing XDEF routing logical nets.
Writing XDEF routing special nets.
Wrote RouteStorage: Time (s): cpu = 00:00:01 ; elapsed = 00:00:00.247 . Memory (MB): peak = 3698.961 ; gain = 0.000
Wrote Netlist Cache: Time (s): cpu = 00:00:00 ; elapsed = 00:00:00.001 . Memory (MB): peak = 3698.961 ; gain = 0.000
Wrote Device Cache: Time (s): cpu = 00:00:00 ; elapsed = 00:00:00.014 . Memory (MB): peak = 3698.961 ; gain = 0.000
Write Physdb Complete: Time (s): cpu = 00:00:01 ; elapsed = 00:00:00.293 . Memory (MB): peak = 3698.961 ; gain = 0.000
Write ShapeDB Complete: Time (s): cpu = 00:00:01 ; elapsed = 00:00:00.316 . Memory (MB): peak = 3698.961 ; gain = 0.000
INFO: [Common 17-1381] The checkpoint 'C:/Users/jielu/Desktop/Workspace/SpikeYOLO_FPGA/hw/vivado/out/spike_zybo.runs/impl_1/system_wrapper_opt.dcp' has been generated.
write_checkpoint: Time (s): cpu = 00:00:13 ; elapsed = 00:00:09 . Memory (MB): peak = 3698.961 ; gain = 0.000
Command: place_design
Attempting to get a license for feature 'Implementation' and/or device 'xc7z020'
INFO: [Common 17-349] Got license for feature 'Implementation' and/or device 'xc7z020'
INFO: [Common 17-83] Releasing license: Implementation
INFO: [DRC 23-27] Running DRC with 2 threads
INFO: [Vivado_Tcl 4-198] DRC finished with 0 Errors
INFO: [Vivado_Tcl 4-199] Please refer to the DRC report (report_drc) for more information.
Running DRC as a precondition to command place_design
INFO: [DRC 23-27] Running DRC with 2 threads
INFO: [Vivado_Tcl 4-198] DRC finished with 0 Errors
INFO: [Vivado_Tcl 4-199] Please refer to the DRC report (report_drc) for more information.
INFO: [Place 30-611] Multithreading enabled for place_design using a maximum of 2 CPUs

Starting Placer Task

Phase 1 Placer Initialization

Phase 1.1 Placer Initialization Netlist Sorting
Netlist sorting complete. Time (s): cpu = 00:00:00 ; elapsed = 00:00:00.041 . Memory (MB): peak = 3698.961 ; gain = 0.000
Phase 1.1 Placer Initialization Netlist Sorting | Checksum: 14276262f

Time (s): cpu = 00:00:00 ; elapsed = 00:00:00.061 . Memory (MB): peak = 3698.961 ; gain = 0.000
Netlist sorting complete. Time (s): cpu = 00:00:00 ; elapsed = 00:00:00.041 . Memory (MB): peak = 3698.961 ; gain = 0.000

Phase 1.2 IO Placement/ Clock Placement/ Build Placer Device
INFO: [Timing 38-35] Done setting XDC timing constraints.
Phase 1.2 IO Placement/ Clock Placement/ Build Placer Device | Checksum: 3aaaa764

Time (s): cpu = 00:00:12 ; elapsed = 00:00:11 . Memory (MB): peak = 3698.961 ; gain = 0.000

Phase 1.3 Build Placer Netlist Model
WARNING: [Place 30-770] High register utilization is forcing place_design to place up to 8 registers per slice which may impact placement success and/or routing congestion.
WARNING: [Place 30-34] Design utilization is very high. Please run report_utilization command to see design utilization.
Phase 1.3 Build Placer Netlist Model | Checksum: a225ae4b

Time (s): cpu = 00:00:38 ; elapsed = 00:00:30 . Memory (MB): peak = 3698.961 ; gain = 0.000

Phase 1.4 Constrain Clocks/Macros
Phase 1.4 Constrain Clocks/Macros | Checksum: a225ae4b

Time (s): cpu = 00:00:39 ; elapsed = 00:00:31 . Memory (MB): peak = 3698.961 ; gain = 0.000
Phase 1 Placer Initialization | Checksum: a225ae4b

Time (s): cpu = 00:00:39 ; elapsed = 00:00:31 . Memory (MB): peak = 3698.961 ; gain = 0.000

Phase 2 Global Placement

Phase 2.1 Floorplanning
Phase 2.1 Floorplanning | Checksum: 6d1578a7

Time (s): cpu = 00:00:47 ; elapsed = 00:00:36 . Memory (MB): peak = 3698.961 ; gain = 0.000

Phase 2.2 Update Timing before SLR Path Opt
Phase 2.2 Update Timing before SLR Path Opt | Checksum: 105f44f50

Time (s): cpu = 00:00:54 ; elapsed = 00:00:41 . Memory (MB): peak = 3698.961 ; gain = 0.000

Phase 2.3 Post-Processing in Floorplanning
Phase 2.3 Post-Processing in Floorplanning | Checksum: 105f44f50

Time (s): cpu = 00:00:54 ; elapsed = 00:00:41 . Memory (MB): peak = 3698.961 ; gain = 0.000

Phase 2.4 Global Placement Core

Phase 2.4.1 UpdateTiming Before Physical Synthesis
Phase 2.4.1 UpdateTiming Before Physical Synthesis | Checksum: 1fc5941e8

Time (s): cpu = 00:02:10 ; elapsed = 00:01:32 . Memory (MB): peak = 3698.961 ; gain = 0.000

Phase 2.4.2 Physical Synthesis In Placer
INFO: [Physopt 32-1035] Found 164 LUTNM shape to break, 3215 LUT instances to create LUTNM shape
INFO: [Physopt 32-1044] Break lutnm for timing: one critical 96, two critical 68, total 0, new lutff created 0
INFO: [Physopt 32-1138] End 1 Pass. Optimized 1071 nets or LUTs. Breaked 0 LUT, combined 1071 existing LUTs and moved 0 existing LUT
INFO: [Physopt 32-65] No nets found for high-fanout optimization.
INFO: [Physopt 32-232] Optimized 0 net. Created 0 new instance.
INFO: [Physopt 32-775] End 1 Pass. Optimized 0 net or cell. Created 0 new cell, deleted 0 existing cell and moved 0 existing cell
INFO: [Physopt 32-457] Pass 1. Identified 28 candidate cells for DSP register optimization.
INFO: [Physopt 32-665] Processed cell system_i/spike_accel_0/inst/grp_sa_conv2d_bn_40_71_118_240_333_426_535_1_fu_721/grp_sa_conv2d_int_43_74_429_536_1_fu_1003/mul_14ns_16ns_29_1_1_U55/tmp_product. 14 registers were pushed out.
INFO: [Physopt 32-665] Processed cell system_i/spike_accel_0/inst/grp_sa_spike_sppf_1_fu_684/grp_sa_ms_standard_conv_inplace_2_fu_249/grp_sa_conv2d_bn_40_71_118_240_333_426_535_1_fu_169/grp_sa_conv2d_bn_40_71_118_240_333_426_535_1_Pipeline_VITIS_LOOP_95_2_VITIS_LOOP_96_s_fu_1030/ama_addmuladd_15ns_13ns_7ns_7ns_21_4_1_U102/sa_tiny_fpga_top_ama_addmuladd_15ns_13ns_7ns_7ns_21_4_1_DSP48_0_U/p_reg_reg. 21 registers were pushed out.
INFO: [Physopt 32-666] Processed cell system_i/spike_accel_0/inst/grp_sa_conv2d_bn_40_71_118_240_333_426_535_1_fu_721/grp_sa_conv2d_int_43_74_429_536_1_fu_1003/mul_14ns_16ns_29_1_1_U55/tmp_product. No change.
INFO: [Physopt 32-665] Processed cell system_i/spike_accel_0/inst/grp_sa_ms_all_conv_block_185_1_fu_481/grp_sa_ms_standard_conv_inplace_fu_485/grp_sa_conv2d_bn_40_71_118_240_333_426_535_1_fu_221/grp_sa_conv2d_bn_40_71_118_240_333_426_535_1_Pipeline_VITIS_LOOP_95_2_VITIS_LOOP_96_s_fu_1030/ama_addmuladd_15ns_13ns_7ns_7ns_21_4_1_U102/sa_tiny_fpga_top_ama_addmuladd_15ns_13ns_7ns_7ns_21_4_1_DSP48_0_U/p_reg_reg. 21 registers were pushed out.
INFO: [Physopt 32-665] Processed cell system_i/spike_accel_0/inst/grp_sa_spike_sppf_1_fu_684/grp_sa_ms_standard_conv_inplace_2_fu_249/grp_sa_conv2d_bn_40_71_118_240_333_426_535_1_fu_169/grp_sa_conv2d_bn_40_71_118_240_333_426_535_1_Pipeline_VITIS_LOOP_95_2_VITIS_LOOP_96_s_fu_1030/ama_addmuladd_16ns_13ns_7ns_7ns_22_4_1_U103/sa_tiny_fpga_top_ama_addmuladd_16ns_13ns_7ns_7ns_22_4_1_DSP48_0_U/p_reg_reg. 22 registers were pushed out.
INFO: [Physopt 32-665] Processed cell system_i/spike_accel_0/inst/grp_sa_ms_all_conv_block_185_1_fu_481/grp_sa_ms_standard_conv_inplace_1_fu_570/grp_sa_conv2d_bn_40_71_118_240_333_426_535_1_fu_197/grp_sa_conv2d_bn_40_71_118_240_333_426_535_1_Pipeline_VITIS_LOOP_95_2_VITIS_LOOP_96_s_fu_1030/ama_addmuladd_16ns_13ns_7ns_7ns_22_4_1_U103/sa_tiny_fpga_top_ama_addmuladd_16ns_13ns_7ns_7ns_22_4_1_DSP48_0_U/p_reg_reg. 22 registers were pushed out.
INFO: [Physopt 32-665] Processed cell system_i/spike_accel_0/inst/grp_sa_ms_downsampling_199_1_fu_628/grp_sa_conv2d_bn_40_71_118_240_333_426_535_1_fu_199/grp_sa_conv2d_bn_40_71_118_240_333_426_535_1_Pipeline_VITIS_LOOP_95_2_VITIS_LOOP_96_s_fu_1030/ama_addmuladd_16ns_13ns_7ns_7ns_23_4_1_U104/sa_tiny_fpga_top_ama_addmuladd_16ns_13ns_7ns_7ns_23_4_1_DSP48_0_U/p_reg_reg. 23 registers were pushed out.
INFO: [Physopt 32-665] Processed cell system_i/spike_accel_0/inst/grp_sa_ms_all_conv_block_185_1_fu_481/grp_sa_ms_standard_conv_inplace_1_fu_570/grp_sa_conv2d_bn_40_71_118_240_333_426_535_1_fu_197/grp_sa_conv2d_bn_40_71_118_240_333_426_535_1_Pipeline_VITIS_LOOP_95_2_VITIS_LOOP_96_s_fu_1030/ama_addmuladd_15ns_13ns_7ns_7ns_21_4_1_U102/sa_tiny_fpga_top_ama_addmuladd_15ns_13ns_7ns_7ns_21_4_1_DSP48_0_U/p_reg_reg. 21 registers were pushed out.
INFO: [Physopt 32-665] Processed cell system_i/spike_accel_0/inst/grp_sa_spike_sppf_1_fu_684/grp_sa_ms_standard_conv_inplace_2_fu_249/grp_sa_conv2d_bn_40_71_118_240_333_426_535_1_fu_169/grp_sa_conv2d_bn_40_71_118_240_333_426_535_1_Pipeline_VITIS_LOOP_95_2_VITIS_LOOP_96_s_fu_1030/ama_addmuladd_16ns_13ns_7ns_7ns_23_4_1_U104/sa_tiny_fpga_top_ama_addmuladd_16ns_13ns_7ns_7ns_23_4_1_DSP48_0_U/p_reg_reg. 23 registers were pushed out.
INFO: [Physopt 32-665] Processed cell system_i/spike_accel_0/inst/grp_sa_spike_sppf_1_fu_684/grp_sa_ms_standard_conv_inplace_2_fu_249/grp_sa_conv2d_bn_40_71_118_240_333_426_535_1_fu_169/grp_sa_conv2d_int_43_74_429_536_1_fu_1003/mul_14ns_16ns_29_1_1_U55/tmp_product. 14 registers were pushed out.
INFO: [Physopt 32-665] Processed cell system_i/spike_accel_0/inst/grp_sa_spike_sppf_1_fu_684/grp_sa_ms_standard_conv_inplace_2_fu_249/grp_sa_conv2d_bn_40_71_118_240_333_426_535_1_fu_169/grp_sa_conv2d_int_43_74_429_536_1_fu_1003/grp_sa_conv2d_int_43_74_429_536_1_Pipeline_VITIS_LOOP_80_1_VITIS_LOOP_81_2_VITIS_LOO_fu_2311/mac_muladd_16ns_10ns_23ns_23_4_1_U39/sa_tiny_fpga_top_mac_muladd_16ns_10ns_23ns_23_4_1_DSP48_0_U/p_reg_reg. 14 registers were pushed out.
INFO: [Physopt 32-665] Processed cell system_i/spike_accel_0/inst/grp_sa_ms_all_conv_block_185_1_fu_481/grp_sa_ms_standard_conv_inplace_fu_485/grp_sa_conv2d_bn_40_71_118_240_333_426_535_1_fu_221/grp_sa_conv2d_bn_40_71_118_240_333_426_535_1_Pipeline_VITIS_LOOP_95_2_VITIS_LOOP_96_s_fu_1030/ama_addmuladd_16ns_13ns_7ns_7ns_23_4_1_U104/sa_tiny_fpga_top_ama_addmuladd_16ns_13ns_7ns_7ns_23_4_1_DSP48_0_U/p_reg_reg. 23 registers were pushed out.
INFO: [Physopt 32-665] Processed cell system_i/spike_accel_0/inst/grp_sa_ms_all_conv_block_185_1_fu_481/grp_sa_ms_standard_conv_inplace_fu_485/grp_sa_conv2d_bn_40_71_118_240_333_426_535_1_fu_221/grp_sa_conv2d_int_43_74_429_536_1_fu_1003/mul_14ns_16ns_29_1_1_U55/tmp_product. 14 registers were pushed out.
INFO: [Physopt 32-665] Processed cell system_i/spike_accel_0/inst/grp_sa_ms_all_conv_block_185_1_fu_481/grp_sa_ms_standard_conv_inplace_1_fu_570/grp_sa_conv2d_bn_40_71_118_240_333_426_535_1_fu_197/grp_sa_conv2d_int_43_74_429_536_1_fu_1003/mul_14ns_16ns_29_1_1_U55/tmp_product. 14 registers were pushed out.
INFO: [Physopt 32-665] Processed cell system_i/spike_accel_0/inst/grp_sa_ms_all_conv_block_185_1_fu_481/grp_sa_ms_standard_conv_inplace_fu_485/grp_sa_conv2d_bn_40_71_118_240_333_426_535_1_fu_221/grp_sa_conv2d_int_43_74_429_536_1_fu_1003/grp_sa_conv2d_int_43_74_429_536_1_Pipeline_VITIS_LOOP_80_1_VITIS_LOOP_81_2_VITIS_LOO_fu_2311/mac_muladd_16ns_10ns_23ns_23_4_1_U39/sa_tiny_fpga_top_mac_muladd_16ns_10ns_23ns_23_4_1_DSP48_0_U/p_reg_reg. 14 registers were pushed out.
INFO: [Physopt 32-665] Processed cell system_i/spike_accel_0/inst/grp_sa_ms_all_conv_block_185_1_fu_481/grp_sa_ms_standard_conv_inplace_1_fu_570/grp_sa_conv2d_bn_40_71_118_240_333_426_535_1_fu_197/grp_sa_conv2d_int_43_74_429_536_1_fu_1003/grp_sa_conv2d_int_43_74_429_536_1_Pipeline_VITIS_LOOP_80_1_VITIS_LOOP_81_2_VITIS_LOO_fu_2311/mac_muladd_16ns_10ns_23ns_23_4_1_U39/sa_tiny_fpga_top_mac_muladd_16ns_10ns_23ns_23_4_1_DSP48_0_U/p_reg_reg. 14 registers were pushed out.
INFO: [Physopt 32-665] Processed cell system_i/spike_accel_0/inst/grp_sa_spike_sppf_1_fu_684/grp_sa_ms_standard_conv_inplace_2_fu_249/grp_sa_conv2d_bn_40_71_118_240_333_426_535_1_fu_169/grp_sa_conv2d_bn_40_71_118_240_333_426_535_1_Pipeline_VITIS_LOOP_95_2_VITIS_LOOP_96_s_fu_1030/ama_addmuladd_16ns_13ns_7ns_7ns_23_4_1_U104/sa_tiny_fpga_top_ama_addmuladd_16ns_13ns_7ns_7ns_23_4_1_DSP48_0_U/p_reg_reg. 16 registers were pushed out.
INFO: [Physopt 32-665] Processed cell system_i/spike_accel_0/inst/grp_sa_ms_all_conv_block_185_1_fu_481/grp_sa_ms_standard_conv_inplace_fu_485/grp_sa_conv2d_bn_40_71_118_240_333_426_535_1_fu_221/grp_sa_conv2d_bn_40_71_118_240_333_426_535_1_Pipeline_VITIS_LOOP_95_2_VITIS_LOOP_96_s_fu_1030/ama_addmuladd_16ns_13ns_7ns_7ns_22_4_1_U103/sa_tiny_fpga_top_ama_addmuladd_16ns_13ns_7ns_7ns_22_4_1_DSP48_0_U/p_reg_reg. 22 registers were pushed out.
INFO: [Physopt 32-665] Processed cell system_i/spike_accel_0/inst/grp_sa_ms_downsampling_199_1_fu_628/grp_sa_conv2d_bn_40_71_118_240_333_426_535_1_fu_199/grp_sa_conv2d_int_43_74_429_536_1_fu_1003/mul_16ns_9ns_24_1_1_U54/tmp_product. 16 registers were pushed out.
INFO: [Physopt 32-665] Processed cell system_i/spike_accel_0/inst/grp_sa_ms_downsampling_199_1_fu_628/grp_sa_conv2d_bn_40_71_118_240_333_426_535_1_fu_199/grp_sa_conv2d_bn_40_71_118_240_333_426_535_1_Pipeline_VITIS_LOOP_95_2_VITIS_LOOP_96_s_fu_1030/ama_addmuladd_16ns_13ns_7ns_7ns_23_4_1_U104/sa_tiny_fpga_top_ama_addmuladd_16ns_13ns_7ns_7ns_23_4_1_DSP48_0_U/p_reg_reg. 16 registers were pushed out.
INFO: [Physopt 32-665] Processed cell system_i/spike_accel_0/inst/grp_sa_ms_downsampling_199_1_fu_628/grp_sa_ms_downsampling_199_1_Pipeline_VITIS_LOOP_36_1_VITIS_LOOP_37_2_fu_174/ama_addmuladd_12ns_12ns_7ns_7ns_18_4_1_U315/sa_tiny_fpga_top_ama_addmuladd_12ns_12ns_7ns_7ns_18_4_1_DSP48_0_U/p_reg_reg. 7 registers were pushed out.
INFO: [Physopt 32-665] Processed cell system_i/spike_accel_0/inst/grp_sa_ms_downsampling_199_1_fu_628/grp_sa_conv2d_bn_40_71_118_240_333_426_535_1_fu_199/grp_sa_conv2d_bn_40_71_118_240_333_426_535_1_Pipeline_VITIS_LOOP_95_2_VITIS_LOOP_96_s_fu_1030/ama_addmuladd_16ns_13ns_7ns_7ns_22_4_1_U103/sa_tiny_fpga_top_ama_addmuladd_16ns_13ns_7ns_7ns_22_4_1_DSP48_0_U/p_reg_reg. 22 registers were pushed out.
INFO: [Physopt 32-665] Processed cell system_i/spike_accel_0/inst/grp_sa_conv2d_bn_40_71_118_240_333_426_535_1_fu_721/grp_sa_conv2d_bn_40_71_118_240_333_426_535_1_Pipeline_VITIS_LOOP_95_2_VITIS_LOOP_96_s_fu_1030/ama_addmuladd_16ns_13ns_7ns_7ns_22_4_1_U103/sa_tiny_fpga_top_ama_addmuladd_16ns_13ns_7ns_7ns_22_4_1_DSP48_0_U/p_reg_reg. 22 registers were pushed out.
INFO: [Physopt 32-665] Processed cell system_i/spike_accel_0/inst/grp_sa_ms_downsampling_199_1_fu_628/grp_sa_conv2d_bn_40_71_118_240_333_426_535_1_fu_199/grp_sa_conv2d_int_43_74_429_536_1_fu_1003/mul_14ns_16ns_29_1_1_U55/tmp_product. 14 registers were pushed out.
INFO: [Physopt 32-665] Processed cell system_i/spike_accel_0/inst/grp_sa_spike_sppf_1_fu_684/grp_sa_ms_standard_conv_inplace_2_fu_249/grp_sa_conv2d_bn_40_71_118_240_333_426_535_1_fu_169/grp_sa_conv2d_int_43_74_429_536_1_fu_1003/mul_14ns_16ns_29_1_1_U55/tmp_product. 16 registers were pushed out.
INFO: [Physopt 32-665] Processed cell system_i/spike_accel_0/inst/grp_sa_ms_all_conv_block_185_1_fu_481/grp_sa_ms_standard_conv_inplace_fu_485/grp_sa_conv2d_bn_40_71_118_240_333_426_535_1_fu_221/grp_sa_conv2d_int_43_74_429_536_1_fu_1003/mul_14ns_16ns_29_1_1_U55/tmp_product. 16 registers were pushed out.
INFO: [Physopt 32-665] Processed cell system_i/spike_accel_0/inst/grp_sa_spike_sppf_1_fu_684/grp_sa_ms_standard_conv_inplace_2_fu_249/grp_sa_conv2d_bn_40_71_118_240_333_426_535_1_fu_169/grp_sa_conv2d_int_43_74_429_536_1_fu_1003/mul_16ns_9ns_24_1_1_U54/tmp_product. 16 registers were pushed out.
INFO: [Physopt 32-665] Processed cell system_i/spike_accel_0/inst/grp_sa_ms_downsampling_199_1_fu_628/grp_sa_conv2d_bn_40_71_118_240_333_426_535_1_fu_199/grp_sa_conv2d_int_43_74_429_536_1_fu_1003/grp_sa_conv2d_int_43_74_429_536_1_Pipeline_VITIS_LOOP_80_1_VITIS_LOOP_81_2_VITIS_LOO_fu_2311/mac_muladd_16ns_10ns_23ns_23_4_1_U39/sa_tiny_fpga_top_mac_muladd_16ns_10ns_23ns_23_4_1_DSP48_0_U/p_reg_reg. 14 registers were pushed out.
INFO: [Physopt 32-457] Pass 2. Identified 1 candidate cell for DSP register optimization.
INFO: [Physopt 32-457] Pass 2. Identified 1 candidate cell for DSP register optimization.
INFO: [Physopt 32-666] Processed cell system_i/spike_accel_0/inst/grp_sa_ms_all_conv_block_185_1_fu_481/grp_sa_ms_standard_conv_inplace_fu_485/grp_sa_conv2d_bn_40_71_118_240_333_426_535_1_fu_221/grp_sa_conv2d_int_43_74_429_536_1_fu_1003/mul_14ns_16ns_29_1_1_U55/tmp_product. No change.
INFO: [Physopt 32-666] Processed cell system_i/spike_accel_0/inst/grp_sa_conv2d_bn_40_71_118_240_333_426_535_1_fu_721/grp_sa_conv2d_int_43_74_429_536_1_fu_1003/mul_14ns_16ns_29_1_1_U55/tmp_product. No change.
INFO: [Physopt 32-775] End 2 Pass. Optimized 27 nets or cells. Created 471 new cells, deleted 0 existing cell and moved 0 existing cell
Netlist sorting complete. Time (s): cpu = 00:00:00 ; elapsed = 00:00:00.198 . Memory (MB): peak = 3698.961 ; gain = 0.000
INFO: [Physopt 32-1123] No candidate cells found for Shift Register to Pipeline optimization
INFO: [Physopt 32-775] End 2 Pass. Optimized 0 net or cell. Created 0 new cell, deleted 0 existing cell and moved 0 existing cell
INFO: [Physopt 32-1402] Pass 1: Identified 109 candidate cells for Shift Register optimization.
INFO: [Physopt 32-775] End 1 Pass. Optimized 9 nets or cells. Created 9 new cells, deleted 0 existing cell and moved 0 existing cell
Netlist sorting complete. Time (s): cpu = 00:00:00 ; elapsed = 00:00:00.073 . Memory (MB): peak = 3698.961 ; gain = 0.000
INFO: [Physopt 32-526] No candidate cells for BRAM register optimization found in the design
INFO: [Physopt 32-775] End 1 Pass. Optimized 0 net or cell. Created 0 new cell, deleted 0 existing cell and moved 0 existing cell
INFO: [Physopt 32-846] No candidate cells for URAM register optimization found in the design
INFO: [Physopt 32-775] End 1 Pass. Optimized 0 net or cell. Created 0 new cell, deleted 0 existing cell and moved 0 existing cell
INFO: [Physopt 32-846] No candidate cells for URAM register optimization found in the design
INFO: [Physopt 32-775] End 1 Pass. Optimized 0 net or cell. Created 0 new cell, deleted 0 existing cell and moved 0 existing cell
INFO: [Physopt 32-949] No candidate nets found for dynamic/static region interface net replication
INFO: [Physopt 32-775] End 1 Pass. Optimized 0 net or cell. Created 0 new cell, deleted 0 existing cell and moved 0 existing cell
Netlist sorting complete. Time (s): cpu = 00:00:00 ; elapsed = 00:00:00.040 . Memory (MB): peak = 3698.961 ; gain = 0.000

Summary of Physical Synthesis Optimizations
============================================


-----------------------------------------------------------------------------------------------------------------------------------------------------------
|  Optimization                                     |  Added Cells  |  Removed Cells  |  Optimized Cells/Nets  |  Dont Touch  |  Iterations  |  Elapsed   |
-----------------------------------------------------------------------------------------------------------------------------------------------------------
|  LUT Combining                                    |            0  |           1071  |                  1071  |           0  |           1  |  00:00:01  |
|  Retime                                           |            0  |              0  |                     0  |           0  |           1  |  00:00:00  |
|  Very High Fanout                                 |            0  |              0  |                     0  |           0  |           1  |  00:00:01  |
|  DSP Register                                     |          471  |              0  |                    27  |           0  |           1  |  00:00:02  |
|  Shift Register to Pipeline                       |            0  |              0  |                     0  |           0  |           1  |  00:00:00  |
|  Shift Register                                   |            9  |              0  |                     9  |           0  |           1  |  00:00:00  |
|  BRAM Register                                    |            0  |              0  |                     0  |           0  |           1  |  00:00:00  |
|  URAM Register                                    |            0  |              0  |                     0  |           0  |           1  |  00:00:00  |
|  Dynamic/Static Region Interface Net Replication  |            0  |              0  |                     0  |           0  |           1  |  00:00:00  |
|  Total                                            |          480  |           1071  |                  1107  |           0  |           9  |  00:00:04  |
-----------------------------------------------------------------------------------------------------------------------------------------------------------


Phase 2.4.2 Physical Synthesis In Placer | Checksum: 14248fef4

Time (s): cpu = 00:02:24 ; elapsed = 00:01:44 . Memory (MB): peak = 3698.961 ; gain = 0.000
Phase 2.4 Global Placement Core | Checksum: 172272a33

Time (s): cpu = 00:02:36 ; elapsed = 00:01:53 . Memory (MB): peak = 3698.961 ; gain = 0.000
Phase 2 Global Placement | Checksum: 172272a33

Time (s): cpu = 00:02:36 ; elapsed = 00:01:54 . Memory (MB): peak = 3698.961 ; gain = 0.000

Phase 3 Detail Placement

Phase 3.1 Commit Multi Column Macros
Phase 3.1 Commit Multi Column Macros | Checksum: 1d14124af

Time (s): cpu = 00:02:44 ; elapsed = 00:01:59 . Memory (MB): peak = 3698.961 ; gain = 0.000

Phase 3.2 Commit Most Macros & LUTRAMs
Phase 3.2 Commit Most Macros & LUTRAMs | Checksum: 172136c58

Time (s): cpu = 00:03:27 ; elapsed = 00:02:35 . Memory (MB): peak = 3698.961 ; gain = 0.000

Phase 3.3 Area Swap Optimization
Phase 3.3 Area Swap Optimization | Checksum: 1ce141380

Time (s): cpu = 00:03:28 ; elapsed = 00:02:36 . Memory (MB): peak = 3698.961 ; gain = 0.000

Phase 3.4 Pipeline Register Optimization
Phase 3.4 Pipeline Register Optimization | Checksum: 1dfe60092

Time (s): cpu = 00:03:29 ; elapsed = 00:02:37 . Memory (MB): peak = 3698.961 ; gain = 0.000

Phase 3.5 Fast Optimization
Phase 3.5 Fast Optimization | Checksum: 18fa62092

Time (s): cpu = 00:03:51 ; elapsed = 00:02:51 . Memory (MB): peak = 3698.961 ; gain = 0.000

Phase 3.6 Small Shape Detail Placement
Phase 3.6 Small Shape Detail Placement | Checksum: 75cafac7

Time (s): cpu = 00:04:21 ; elapsed = 00:03:22 . Memory (MB): peak = 3698.961 ; gain = 0.000
Phase 3 Detail Placement | Checksum: 75cafac7

Time (s): cpu = 00:04:22 ; elapsed = 00:03:22 . Memory (MB): peak = 3698.961 ; gain = 0.000
ERROR: [Place 30-487] The packing of instances into the device could not be obeyed. There are a total of 13300 slices in the device, of which 5585 slices are available, however, the unplaced instances require 9094 slices. Please analyze your design to determine if the number of LUTs, FFs, and/or control sets can be reduced.

Number of control sets and instances constrained to the design
	Control sets: 1638
	Luts: 50464 (combined) 60757 (total), available capacity: 53200 
	Flip flops: 59530, available capacity: 106400
	NOTE: each slice can only accommodate 1 unique control set so FFs cannot be packed to fully fill every slice


ERROR: [Place 30-99] Placer failed with error: 'Detail Placement failed please check previous errors for details.'
Please review all ERROR, CRITICAL WARNING, and WARNING messages during placement to understand the cause for failure.
Ending Placer Task | Checksum: 7ed14eb2

Time (s): cpu = 00:04:22 ; elapsed = 00:03:23 . Memory (MB): peak = 3698.961 ; gain = 0.000
122 Infos, 135 Warnings, 22 Critical Warnings and 3 Errors encountered.
place_design failed
ERROR: [Common 17-69] Command failed: Placer could not place all instances
INFO: [Common 17-206] Exiting Vivado at Wed May 13 14:44:24 2026...
[Wed May 13 14:44:29 2026] impl_1 finished
ERROR: [Vivado 12-13638] Failed runs(s) : 'impl_1'
wait_on_runs: Time (s): cpu = 00:00:02 ; elapsed = 00:06:21 . Memory (MB): peak = 1397.559 ; gain = 0.000
ERROR: [Common 17-39] 'wait_on_runs' failed due to earlier errors.

    while executing
"wait_on_run impl_1"
    (file "runs/remote_machine/run_step6_bt_patched.tcl" line 77)
INFO: [Common 17-206] Exiting Vivado at Wed May 13 14:44:29 2026...
