PROJ_ROOT = C:/Users/jielu/Desktop/Workspace/SpikeYOLO_FPGA
Starting vitis.bat. This could take few seconds...'\gnu\microblaze\lin\bin\' 不是内部或外部命令，也不是可运行的程序
或批处理文件。
'\gnu\microblaze\nt\bin\' 不是内部或外部命令，也不是可运行的程序
或批处理文件。
'\gnuwin\bin\' 不是内部或外部命令，也不是可运行的程序
或批处理文件。

****** Xilinx Vitis Development Environment
Vitis v2024.1 (64-bit)
****** '\gnu\microblaze\lin\bin\' 不是内部或外部命令，也不是可运行的程序
或批处理文件。
'\gnu\microblaze\nt\bin\' 不是内部或外部命令，也不是可运行的程序
或批处理文件。
'\gnuwin\bin\' 不是内部或外部命令，也不是可运行的程序
或批处理文件。
SW Build 0 on 2024-05-20-23:21:27
    ** Copyright 1986-2022 Xilinx, Inc. All Rights Reserved.
    ** Copyright 2022-2024 Advanced Micro Devices, Inc. All Rights Reserved.

'\gnu\microblaze\lin\bin\' 不是内部或外部命令，也不是可运行的程序
或批处理文件。
'\gnu\microblaze\nt\bin\' 不是内部或外部命令，也不是可运行的程序
或批处理文件。
'\gnuwin\bin\' 不是内部或外部命令，也不是可运行的程序
或批处理文件。
done
[build] creating platform spike_zybo_baremetal_plat
Opening the hardware design, this may take few seconds.
INFO: [Hsi 55-2053] elapsed time for repository (E:/Applaction/Xilinx/Vitis/2024.1/data/embeddedsw) loading 0 seconds
INFO: Populating the default qemu data for the domain "standalone_domain" from the install location E:/Applaction/Xilinx/Vitis/2024.1/data/emulation/platforms/zynq/sw/a9_standalone/qemu/
[build] generating platform
Building the zynq_fsbl application.
make: Entering directory 'C:/Users/jielu/Desktop/Workspace/SpikeYOLO_FPGA/vitis_workspace/spike_zybo_baremetal_plat/zynq_fsbl/z
ynq_fsbl_bsp'

make --no-print-directory seq_libs

"Running Make include in ps7_cortexa9_0/libsrc/axidma_v9_18/src"

make -C ps7_cortexa9_0/libsrc/axidma_v9_18/src -s include  "SHELL=CMD" "COMPILER=arm-none-eabi-gcc" "ASSEMBLER=arm-none-eabi-as
" "ARCHIVER=arm-none-eabi-ar" "COMPILER_FLAGS=  -O2 -c" "EXTRA_COMPILER_FLAGS=-mcpu=cortex-a9 -mfpu=vfpv3 -mfloat-abi=hard -nos
tartfiles -g -Wall -Wextra -fno-tree-loop-distribute-patterns"

"Running Make include in ps7_cortexa9_0/libsrc/axivdma_v6_15/src"

make -C ps7_cortexa9_0/libsrc/axivdma_v6_15/src -s include  "SHELL=CMD" "COMPILER=arm-none-eabi-gcc" "ASSEMBLER=arm-none-eabi-a
s" "ARCHIVER=arm-none-eabi-ar" "COMPILER_FLAGS=  -O2 -c" "EXTRA_COMPILER_FLAGS=-mcpu=cortex-a9 -mfpu=vfpv3 -mfloat-abi=hard -no
startfiles -g -Wall -Wextra -fno-tree-loop-distribute-patterns"

"Running Make include in ps7_cortexa9_0/libsrc/coresightps_dcc_v1_10/src"

make -C ps7_cortexa9_0/libsrc/coresightps_dcc_v1_10/src -s include  "SHELL=CMD" "COMPILER=arm-none-eabi-gcc" "ASSEMBLER=arm-non
e-eabi-as" "ARCHIVER=arm-none-eabi-ar" "COMPILER_FLAGS=  -O2 -c" "EXTRA_COMPILER_FLAGS=-mcpu=cortex-a9 -mfpu=vfpv3 -mfloat-abi=
hard -nostartfiles -g -Wall -Wextra -fno-tree-loop-distribute-patterns"

"Running Make include in ps7_cortexa9_0/libsrc/cpu_cortexa9_v2_12/src"

make -C ps7_cortexa9_0/libsrc/cpu_cortexa9_v2_12/src -s include  "SHELL=CMD" "COMPILER=arm-none-eabi-gcc" "ASSEMBLER=arm-none-e
abi-as" "ARCHIVER=arm-none-eabi-ar" "COMPILER_FLAGS=  -O2 -c" "EXTRA_COMPILER_FLAGS=-mcpu=cortex-a9 -mfpu=vfpv3 -mfloat-abi=har
d -nostartfiles -g -Wall -Wextra -fno-tree-loop-distribute-patterns"

"Running Make include in ps7_cortexa9_0/libsrc/ddrps_v1_2/src"

make -C ps7_cortexa9_0/libsrc/ddrps_v1_2/src -s include  "SHELL=CMD" "COMPILER=arm-none-eabi-gcc" "ASSEMBLER=arm-none-eabi-as" 
"ARCHIVER=arm-none-eabi-ar" "COMPILER_FLAGS=  -O2 -c" "EXTRA_COMPILER_FLAGS=-mcpu=cortex-a9 -mfpu=vfpv3 -mfloat-abi=hard -nosta
rtfiles -g -Wall -Wextra -fno-tree-loop-distribute-patterns"

"Running Make include in ps7_cortexa9_0/libsrc/devcfg_v3_8/src"

make -C ps7_cortexa9_0/libsrc/devcfg_v3_8/src -s include  "SHELL=CMD" "COMPILER=arm-none-eabi-gcc" "ASSEMBLER=arm-none-eabi-as"
 "ARCHIVER=arm-none-eabi-ar" "COMPILER_FLAGS=  -O2 -c" "EXTRA_COMPILER_FLAGS=-mcpu=cortex-a9 -mfpu=vfpv3 -mfloat-abi=hard -nost
artfiles -g -Wall -Wextra -fno-tree-loop-distribute-patterns"

"Running Make include in ps7_cortexa9_0/libsrc/dmaps_v2_10/src"

make -C ps7_cortexa9_0/libsrc/dmaps_v2_10/src -s include  "SHELL=CMD" "COMPILER=arm-none-eabi-gcc" "ASSEMBLER=arm-none-eabi-as"
 "ARCHIVER=arm-none-eabi-ar" "COMPILER_FLAGS=  -O2 -c" "EXTRA_COMPILER_FLAGS=-mcpu=cortex-a9 -mfpu=vfpv3 -mfloat-abi=hard -nost
artfiles -g -Wall -Wextra -fno-tree-loop-distribute-patterns"

"Running Make include in ps7_cortexa9_0/libsrc/emacps_v3_20/src"

make -C ps7_cortexa9_0/libsrc/emacps_v3_20/src -s include  "SHELL=CMD" "COMPILER=arm-none-eabi-gcc" "ASSEMBLER=arm-none-eabi-as
" "ARCHIVER=arm-none-eabi-ar" "COMPILER_FLAGS=  -O2 -c" "EXTRA_COMPILER_FLAGS=-mcpu=cortex-a9 -mfpu=vfpv3 -mfloat-abi=hard -nos
tartfiles -g -Wall -Wextra -fno-tree-loop-distribute-patterns"

"Running Make include in ps7_cortexa9_0/libsrc/gpiops_v3_13/src"

make -C ps7_cortexa9_0/libsrc/gpiops_v3_13/src -s include  "SHELL=CMD" "COMPILER=arm-none-eabi-gcc" "ASSEMBLER=arm-none-eabi-as
" "ARCHIVER=arm-none-eabi-ar" "COMPILER_FLAGS=  -O2 -c" "EXTRA_COMPILER_FLAGS=-mcpu=cortex-a9 -mfpu=vfpv3 -mfloat-abi=hard -nos
tartfiles -g -Wall -Wextra -fno-tree-loop-distribute-patterns"

"Running Make include in ps7_cortexa9_0/libsrc/qspips_v3_12/src"

make -C ps7_cortexa9_0/libsrc/qspips_v3_12/src -s include  "SHELL=CMD" "COMPILER=arm-none-eabi-gcc" "ASSEMBLER=arm-none-eabi-as
" "ARCHIVER=arm-none-eabi-ar" "COMPILER_FLAGS=  -O2 -c" "EXTRA_COMPILER_FLAGS=-mcpu=cortex-a9 -mfpu=vfpv3 -mfloat-abi=hard -nos
tartfiles -g -Wall -Wextra -fno-tree-loop-distribute-patterns"

"Running Make include in ps7_cortexa9_0/libsrc/sa_tiny_fpga_top_v1_0/src"

make -C ps7_cortexa9_0/libsrc/sa_tiny_fpga_top_v1_0/src -s include  "SHELL=CMD" "COMPILER=arm-none-eabi-gcc" "ASSEMBLER=arm-non
e-eabi-as" "ARCHIVER=arm-none-eabi-ar" "COMPILER_FLAGS=  -O2 -c" "EXTRA_COMPILER_FLAGS=-mcpu=cortex-a9 -mfpu=vfpv3 -mfloat-abi=
hard -nostartfiles -g -Wall -Wextra -fno-tree-loop-distribute-patterns"

"Running Make include in ps7_cortexa9_0/libsrc/scugic_v5_3/src"

make -C ps7_cortexa9_0/libsrc/scugic_v5_3/src -s include  "SHELL=CMD" "COMPILER=arm-none-eabi-gcc" "ASSEMBLER=arm-none-eabi-as"
 "ARCHIVER=arm-none-eabi-ar" "COMPILER_FLAGS=  -O2 -c" "EXTRA_COMPILER_FLAGS=-mcpu=cortex-a9 -mfpu=vfpv3 -mfloat-abi=hard -nost
artfiles -g -Wall -Wextra -fno-tree-loop-distribute-patterns"

"Running Make include in ps7_cortexa9_0/libsrc/scutimer_v2_6/src"

make -C ps7_cortexa9_0/libsrc/scutimer_v2_6/src -s include  "SHELL=CMD" "COMPILER=arm-none-eabi-gcc" "ASSEMBLER=arm-none-eabi-a
s" "ARCHIVER=arm-none-eabi-ar" "COMPILER_FLAGS=  -O2 -c" "EXTRA_COMPILER_FLAGS=-mcpu=cortex-a9 -mfpu=vfpv3 -mfloat-abi=hard -no
startfiles -g -Wall -Wextra -fno-tree-loop-distribute-patterns"

"Running Make include in ps7_cortexa9_0/libsrc/scuwdt_v2_5/src"

make -C ps7_cortexa9_0/libsrc/scuwdt_v2_5/src -s include  "SHELL=CMD" "COMPILER=arm-none-eabi-gcc" "ASSEMBLER=arm-none-eabi-as"
 "ARCHIVER=arm-none-eabi-ar" "COMPILER_FLAGS=  -O2 -c" "EXTRA_COMPILER_FLAGS=-mcpu=cortex-a9 -mfpu=vfpv3 -mfloat-abi=hard -nost
artfiles -g -Wall -Wextra -fno-tree-loop-distribute-patterns"

"Running Make include in ps7_cortexa9_0/libsrc/sdps_v4_3/src"

make -C ps7_cortexa9_0/libsrc/sdps_v4_3/src -s include  "SHELL=CMD" "COMPILER=arm-none-eabi-gcc" "ASSEMBLER=arm-none-eabi-as" "
ARCHIVER=arm-none-eabi-ar" "COMPILER_FLAGS=  -O2 -c" "EXTRA_COMPILER_FLAGS=-mcpu=cortex-a9 -mfpu=vfpv3 -mfloat-abi=hard -nostar
tfiles -g -Wall -Wextra -fno-tree-loop-distribute-patterns"

"Running Make include in ps7_cortexa9_0/libsrc/standalone_v9_1/src"

make -C ps7_cortexa9_0/libsrc/standalone_v9_1/src -s include  "SHELL=CMD" "COMPILER=arm-none-eabi-gcc" "ASSEMBLER=arm-none-eabi
-as" "ARCHIVER=arm-none-eabi-ar" "COMPILER_FLAGS=  -O2 -c" "EXTRA_COMPILER_FLAGS=-mcpu=cortex-a9 -mfpu=vfpv3 -mfloat-abi=hard -
nostartfiles -g -Wall -Wextra -fno-tree-loop-distribute-patterns"

"Running Make include in ps7_cortexa9_0/libsrc/uartps_v3_14/src"

make -C ps7_cortexa9_0/libsrc/uartps_v3_14/src -s include  "SHELL=CMD" "COMPILER=arm-none-eabi-gcc" "ASSEMBLER=arm-none-eabi-as
" "ARCHIVER=arm-none-eabi-ar" "COMPILER_FLAGS=  -O2 -c" "EXTRA_COMPILER_FLAGS=-mcpu=cortex-a9 -mfpu=vfpv3 -mfloat-abi=hard -nos
tartfiles -g -Wall -Wextra -fno-tree-loop-distribute-patterns"

"Running Make include in ps7_cortexa9_0/libsrc/usbps_v2_9/src"

make -C ps7_cortexa9_0/libsrc/usbps_v2_9/src -s include  "SHELL=CMD" "COMPILER=arm-none-eabi-gcc" "ASSEMBLER=arm-none-eabi-as" 
"ARCHIVER=arm-none-eabi-ar" "COMPILER_FLAGS=  -O2 -c" "EXTRA_COMPILER_FLAGS=-mcpu=cortex-a9 -mfpu=vfpv3 -mfloat-abi=hard -nosta
rtfiles -g -Wall -Wextra -fno-tree-loop-distribute-patterns"

"Running Make include in ps7_cortexa9_0/libsrc/xadcps_v2_7/src"

make -C ps7_cortexa9_0/libsrc/xadcps_v2_7/src -s include  "SHELL=CMD" "COMPILER=arm-none-eabi-gcc" "ASSEMBLER=arm-none-eabi-as"
 "ARCHIVER=arm-none-eabi-ar" "COMPILER_FLAGS=  -O2 -c" "EXTRA_COMPILER_FLAGS=-mcpu=cortex-a9 -mfpu=vfpv3 -mfloat-abi=hard -nost
artfiles -g -Wall -Wextra -fno-tree-loop-distribute-patterns"

"Running Make include in ps7_cortexa9_0/libsrc/xilffs_v5_2/src"

make -C ps7_cortexa9_0/libsrc/xilffs_v5_2/src -s include  "SHELL=CMD" "COMPILER=arm-none-eabi-gcc" "ASSEMBLER=arm-none-eabi-as"
 "ARCHIVER=arm-none-eabi-ar" "COMPILER_FLAGS=  -O2 -c" "EXTRA_COMPILER_FLAGS=-mcpu=cortex-a9 -mfpu=vfpv3 -mfloat-abi=hard -nost
artfiles -g -Wall -Wextra -fno-tree-loop-distribute-patterns"

"Running Make include in ps7_cortexa9_0/libsrc/xilrsa_v1_8/src"

make -C ps7_cortexa9_0/libsrc/xilrsa_v1_8/src -s include  "SHELL=CMD" "COMPILER=arm-none-eabi-gcc" "ASSEMBLER=arm-none-eabi-as"
 "ARCHIVER=arm-none-eabi-ar" "COMPILER_FLAGS=  -O2 -c" "EXTRA_COMPILER_FLAGS=-mcpu=cortex-a9 -mfpu=vfpv3 -mfloat-abi=hard -nost
artfiles -g -Wall -Wextra -fno-tree-loop-distribute-patterns"

"Running Make libs in ps7_cortexa9_0/libsrc/sa_tiny_fpga_top_v1_0/src"

make -C ps7_cortexa9_0/libsrc/sa_tiny_fpga_top_v1_0/src -s libs  "SHELL=CMD" "COMPILER=arm-none-eabi-gcc" "ASSEMBLER=arm-none-e
abi-as" "ARCHIVER=arm-none-eabi-ar" "COMPILER_FLAGS=  -O2 -c" "EXTRA_COMPILER_FLAGS=-mcpu=cortex-a9 -mfpu=vfpv3 -mfloat-abi=har
d -nostartfiles -g -Wall -Wextra -fno-tree-loop-distribute-patterns"

arm-none-eabi-ar: creating ../../../lib/libxil.a
"Building sa_tiny_fpga_top"

"Running Make libs in ps7_cortexa9_0/libsrc/xilrsa_v1_8/src"

make -C ps7_cortexa9_0/libsrc/xilrsa_v1_8/src -s libs  "SHELL=CMD" "COMPILER=arm-none-eabi-gcc" "ASSEMBLER=arm-none-eabi-as" "A
RCHIVER=arm-none-eabi-ar" "COMPILER_FLAGS=  -O2 -c" "EXTRA_COMPILER_FLAGS=-mcpu=cortex-a9 -mfpu=vfpv3 -mfloat-abi=hard -nostart
files -g -Wall -Wextra -fno-tree-loop-distribute-patterns"

'Finished building libraries sequentially.'

make -j 14 --no-print-directory par_libs

"Running Make include in ps7_cortexa9_0/libsrc/axidma_v9_18/src"

"Running Make include in ps7_cortexa9_0/libsrc/axivdma_v6_15/src"

make -C ps7_cortexa9_0/libsrc/axidma_v9_18/src -s include  "SHELL=CMD" "COMPILER=arm-none-eabi-gcc" "ASSEMBLER=arm-none-eabi-as
" "ARCHIVER=arm-none-eabi-ar" "COMPILER_FLAGS=  -O2 -c" "EXTRA_COMPILER_FLAGS=-mcpu=cortex-a9 -mfpu=vfpv3 -mfloat-abi=hard -nos
tartfiles -g -Wall -Wextra -fno-tree-loop-distribute-patterns"

"Running Make include in ps7_cortexa9_0/libsrc/coresightps_dcc_v1_10/src"

make -C ps7_cortexa9_0/libsrc/axivdma_v6_15/src -s include  "SHELL=CMD" "COMPILER=arm-none-eabi-gcc" "ASSEMBLER=arm-none-eabi-a
s" "ARCHIVER=arm-none-eabi-ar" "COMPILER_FLAGS=  -O2 -c" "EXTRA_COMPILER_FLAGS=-mcpu=cortex-a9 -mfpu=vfpv3 -mfloat-abi=hard -no
startfiles -g -Wall -Wextra -fno-tree-loop-distribute-patterns"

"Running Make include in ps7_cortexa9_0/libsrc/cpu_cortexa9_v2_12/src"

make -C ps7_cortexa9_0/libsrc/coresightps_dcc_v1_10/src -s include  "SHELL=CMD" "COMPILER=arm-none-eabi-gcc" "ASSEMBLER=arm-non
e-eabi-as" "ARCHIVER=arm-none-eabi-ar" "COMPILER_FLAGS=  -O2 -c" "EXTRA_COMPILER_FLAGS=-mcpu=cortex-a9 -mfpu=vfpv3 -mfloat-abi=
hard -nostartfiles -g -Wall -Wextra -fno-tree-loop-distribute-patterns"

make -C ps7_cortexa9_0/libsrc/cpu_cortexa9_v2_12/src -s include  "SHELL=CMD" "COMPILER=arm-none-eabi-gcc" "ASSEMBLER=arm-none-e
abi-as" "ARCHIVER=arm-none-eabi-ar" "COMPILER_FLAGS=  -O2 -c" "EXTRA_COMPILER_FLAGS=-mcpu=cortex-a9 -mfpu=vfpv3 -mfloat-abi=har
d -nostartfiles -g -Wall -Wextra -fno-tree-loop-distribute-patterns"

"Running Make include in ps7_cortexa9_0/libsrc/ddrps_v1_2/src"

"Running Make include in ps7_cortexa9_0/libsrc/devcfg_v3_8/src"

make -C ps7_cortexa9_0/libsrc/ddrps_v1_2/src -s include  "SHELL=CMD" "COMPILER=arm-none-eabi-gcc" "ASSEMBLER=arm-none-eabi-as" 
"ARCHIVER=arm-none-eabi-ar" "COMPILER_FLAGS=  -O2 -c" "EXTRA_COMPILER_FLAGS=-mcpu=cortex-a9 -mfpu=vfpv3 -mfloat-abi=hard -nosta
rtfiles -g -Wall -Wextra -fno-tree-loop-distribute-patterns"

make -C ps7_cortexa9_0/libsrc/devcfg_v3_8/src -s include  "SHELL=CMD" "COMPILER=arm-none-eabi-gcc" "ASSEMBLER=arm-none-eabi-as"
 "ARCHIVER=arm-none-eabi-ar" "COMPILER_FLAGS=  -O2 -c" "EXTRA_COMPILER_FLAGS=-mcpu=cortex-a9 -mfpu=vfpv3 -mfloat-abi=hard -nost
artfiles -g -Wall -Wextra -fno-tree-loop-distribute-patterns"

"Running Make include in ps7_cortexa9_0/libsrc/dmaps_v2_10/src"

make -C ps7_cortexa9_0/libsrc/dmaps_v2_10/src -s include  "SHELL=CMD" "COMPILER=arm-none-eabi-gcc" "ASSEMBLER=arm-none-eabi-as"
 "ARCHIVER=arm-none-eabi-ar" "COMPILER_FLAGS=  -O2 -c" "EXTRA_COMPILER_FLAGS=-mcpu=cortex-a9 -mfpu=vfpv3 -mfloat-abi=hard -nost
artfiles -g -Wall -Wextra -fno-tree-loop-distribute-patterns"

"Running Make include in ps7_cortexa9_0/libsrc/emacps_v3_20/src"

"Running Make include in ps7_cortexa9_0/libsrc/gpiops_v3_13/src"

make -C ps7_cortexa9_0/libsrc/emacps_v3_20/src -s include  "SHELL=CMD" "COMPILER=arm-none-eabi-gcc" "ASSEMBLER=arm-none-eabi-as
" "ARCHIVER=arm-none-eabi-ar" "COMPILER_FLAGS=  -O2 -c" "EXTRA_COMPILER_FLAGS=-mcpu=cortex-a9 -mfpu=vfpv3 -mfloat-abi=hard -nos
tartfiles -g -Wall -Wextra -fno-tree-loop-distribute-patterns"

"Running Make include in ps7_cortexa9_0/libsrc/qspips_v3_12/src"

make -C ps7_cortexa9_0/libsrc/gpiops_v3_13/src -s include  "SHELL=CMD" "COMPILER=arm-none-eabi-gcc" "ASSEMBLER=arm-none-eabi-as
" "ARCHIVER=arm-none-eabi-ar" "COMPILER_FLAGS=  -O2 -c" "EXTRA_COMPILER_FLAGS=-mcpu=cortex-a9 -mfpu=vfpv3 -mfloat-abi=hard -nos
tartfiles -g -Wall -Wextra -fno-tree-loop-distribute-patterns"

"Running Make include in ps7_cortexa9_0/libsrc/sa_tiny_fpga_top_v1_0/src"

make -C ps7_cortexa9_0/libsrc/qspips_v3_12/src -s include  "SHELL=CMD" "COMPILER=arm-none-eabi-gcc" "ASSEMBLER=arm-none-eabi-as
" "ARCHIVER=arm-none-eabi-ar" "COMPILER_FLAGS=  -O2 -c" "EXTRA_COMPILER_FLAGS=-mcpu=cortex-a9 -mfpu=vfpv3 -mfloat-abi=hard -nos
tartfiles -g -Wall -Wextra -fno-tree-loop-distribute-patterns"

make -C ps7_cortexa9_0/libsrc/sa_tiny_fpga_top_v1_0/src -s include  "SHELL=CMD" "COMPILER=arm-none-eabi-gcc" "ASSEMBLER=arm-non
e-eabi-as" "ARCHIVER=arm-none-eabi-ar" "COMPILER_FLAGS=  -O2 -c" "EXTRA_COMPILER_FLAGS=-mcpu=cortex-a9 -mfpu=vfpv3 -mfloat-abi=
hard -nostartfiles -g -Wall -Wextra -fno-tree-loop-distribute-patterns"

"Running Make include in ps7_cortexa9_0/libsrc/scugic_v5_3/src"

make -C ps7_cortexa9_0/libsrc/scugic_v5_3/src -s include  "SHELL=CMD" "COMPILER=arm-none-eabi-gcc" "ASSEMBLER=arm-none-eabi-as"
 "ARCHIVER=arm-none-eabi-ar" "COMPILER_FLAGS=  -O2 -c" "EXTRA_COMPILER_FLAGS=-mcpu=cortex-a9 -mfpu=vfpv3 -mfloat-abi=hard -nost
artfiles -g -Wall -Wextra -fno-tree-loop-distribute-patterns"

"Running Make include in ps7_cortexa9_0/libsrc/scutimer_v2_6/src"

make -C ps7_cortexa9_0/libsrc/scutimer_v2_6/src -s include  "SHELL=CMD" "COMPILER=arm-none-eabi-gcc" "ASSEMBLER=arm-none-eabi-a
s" "ARCHIVER=arm-none-eabi-ar" "COMPILER_FLAGS=  -O2 -c" "EXTRA_COMPILER_FLAGS=-mcpu=cortex-a9 -mfpu=vfpv3 -mfloat-abi=hard -no
startfiles -g -Wall -Wextra -fno-tree-loop-distribute-patterns"

"Running Make include in ps7_cortexa9_0/libsrc/scuwdt_v2_5/src"

make -C ps7_cortexa9_0/libsrc/scuwdt_v2_5/src -s include  "SHELL=CMD" "COMPILER=arm-none-eabi-gcc" "ASSEMBLER=arm-none-eabi-as"
 "ARCHIVER=arm-none-eabi-ar" "COMPILER_FLAGS=  -O2 -c" "EXTRA_COMPILER_FLAGS=-mcpu=cortex-a9 -mfpu=vfpv3 -mfloat-abi=hard -nost
artfiles -g -Wall -Wextra -fno-tree-loop-distribute-patterns"

"Running Make include in ps7_cortexa9_0/libsrc/sdps_v4_3/src"

make -C ps7_cortexa9_0/libsrc/sdps_v4_3/src -s include  "SHELL=CMD" "COMPILER=arm-none-eabi-gcc" "ASSEMBLER=arm-none-eabi-as" "
ARCHIVER=arm-none-eabi-ar" "COMPILER_FLAGS=  -O2 -c" "EXTRA_COMPILER_FLAGS=-mcpu=cortex-a9 -mfpu=vfpv3 -mfloat-abi=hard -nostar
tfiles -g -Wall -Wextra -fno-tree-loop-distribute-patterns"

"Running Make include in ps7_cortexa9_0/libsrc/standalone_v9_1/src"

make -C ps7_cortexa9_0/libsrc/standalone_v9_1/src -s include  "SHELL=CMD" "COMPILER=arm-none-eabi-gcc" "ASSEMBLER=arm-none-eabi
-as" "ARCHIVER=arm-none-eabi-ar" "COMPILER_FLAGS=  -O2 -c" "EXTRA_COMPILER_FLAGS=-mcpu=cortex-a9 -mfpu=vfpv3 -mfloat-abi=hard -
nostartfiles -g -Wall -Wextra -fno-tree-loop-distribute-patterns"

"Running Make include in ps7_cortexa9_0/libsrc/uartps_v3_14/src"

make -C ps7_cortexa9_0/libsrc/uartps_v3_14/src -s include  "SHELL=CMD" "COMPILER=arm-none-eabi-gcc" "ASSEMBLER=arm-none-eabi-as
" "ARCHIVER=arm-none-eabi-ar" "COMPILER_FLAGS=  -O2 -c" "EXTRA_COMPILER_FLAGS=-mcpu=cortex-a9 -mfpu=vfpv3 -mfloat-abi=hard -nos
tartfiles -g -Wall -Wextra -fno-tree-loop-distribute-patterns"

"Running Make include in ps7_cortexa9_0/libsrc/usbps_v2_9/src"

make -C ps7_cortexa9_0/libsrc/usbps_v2_9/src -s include  "SHELL=CMD" "COMPILER=arm-none-eabi-gcc" "ASSEMBLER=arm-none-eabi-as" 
"ARCHIVER=arm-none-eabi-ar" "COMPILER_FLAGS=  -O2 -c" "EXTRA_COMPILER_FLAGS=-mcpu=cortex-a9 -mfpu=vfpv3 -mfloat-abi=hard -nosta
rtfiles -g -Wall -Wextra -fno-tree-loop-distribute-patterns"

"Running Make include in ps7_cortexa9_0/libsrc/xadcps_v2_7/src"

"Running Make include in ps7_cortexa9_0/libsrc/xilffs_v5_2/src"

make -C ps7_cortexa9_0/libsrc/xadcps_v2_7/src -s include  "SHELL=CMD" "COMPILER=arm-none-eabi-gcc" "ASSEMBLER=arm-none-eabi-as"
 "ARCHIVER=arm-none-eabi-ar" "COMPILER_FLAGS=  -O2 -c" "EXTRA_COMPILER_FLAGS=-mcpu=cortex-a9 -mfpu=vfpv3 -mfloat-abi=hard -nost
artfiles -g -Wall -Wextra -fno-tree-loop-distribute-patterns"

make -C ps7_cortexa9_0/libsrc/xilffs_v5_2/src -s include  "SHELL=CMD" "COMPILER=arm-none-eabi-gcc" "ASSEMBLER=arm-none-eabi-as"
 "ARCHIVER=arm-none-eabi-ar" "COMPILER_FLAGS=  -O2 -c" "EXTRA_COMPILER_FLAGS=-mcpu=cortex-a9 -mfpu=vfpv3 -mfloat-abi=hard -nost
artfiles -g -Wall -Wextra -fno-tree-loop-distribute-patterns"

"Running Make include in ps7_cortexa9_0/libsrc/xilrsa_v1_8/src"

make -C ps7_cortexa9_0/libsrc/xilrsa_v1_8/src -s include  "SHELL=CMD" "COMPILER=arm-none-eabi-gcc" "ASSEMBLER=arm-none-eabi-as"
 "ARCHIVER=arm-none-eabi-ar" "COMPILER_FLAGS=  -O2 -c" "EXTRA_COMPILER_FLAGS=-mcpu=cortex-a9 -mfpu=vfpv3 -mfloat-abi=hard -nost
artfiles -g -Wall -Wextra -fno-tree-loop-distribute-patterns"

"Running Make libs in ps7_cortexa9_0/libsrc/axidma_v9_18/src"

"Running Make libs in ps7_cortexa9_0/libsrc/axivdma_v6_15/src"

make -C ps7_cortexa9_0/libsrc/axidma_v9_18/src -s libs  "SHELL=CMD" "COMPILER=arm-none-eabi-gcc" "ASSEMBLER=arm-none-eabi-as" "
ARCHIVER=arm-none-eabi-ar" "COMPILER_FLAGS=  -O2 -c" "EXTRA_COMPILER_FLAGS=-mcpu=cortex-a9 -mfpu=vfpv3 -mfloat-abi=hard -nostar
tfiles -g -Wall -Wextra -fno-tree-loop-distribute-patterns"

make -C ps7_cortexa9_0/libsrc/axivdma_v6_15/src -s libs  "SHELL=CMD" "COMPILER=arm-none-eabi-gcc" "ASSEMBLER=arm-none-eabi-as" 
"ARCHIVER=arm-none-eabi-ar" "COMPILER_FLAGS=  -O2 -c" "EXTRA_COMPILER_FLAGS=-mcpu=cortex-a9 -mfpu=vfpv3 -mfloat-abi=hard -nosta
rtfiles -g -Wall -Wextra -fno-tree-loop-distribute-patterns"

"Running Make libs in ps7_cortexa9_0/libsrc/coresightps_dcc_v1_10/src"

"Running Make libs in ps7_cortexa9_0/libsrc/cpu_cortexa9_v2_12/src"

make -C ps7_cortexa9_0/libsrc/coresightps_dcc_v1_10/src -s libs  "SHELL=CMD" "COMPILER=arm-none-eabi-gcc" "ASSEMBLER=arm-none-e
abi-as" "ARCHIVER=arm-none-eabi-ar" "COMPILER_FLAGS=  -O2 -c" "EXTRA_COMPILER_FLAGS=-mcpu=cortex-a9 -mfpu=vfpv3 -mfloat-abi=har
d -nostartfiles -g -Wall -Wextra -fno-tree-loop-distribute-patterns"

"Running Make libs in ps7_cortexa9_0/libsrc/ddrps_v1_2/src"

make -C ps7_cortexa9_0/libsrc/cpu_cortexa9_v2_12/src -s libs  "SHELL=CMD" "COMPILER=arm-none-eabi-gcc" "ASSEMBLER=arm-none-eabi
-as" "ARCHIVER=arm-none-eabi-ar" "COMPILER_FLAGS=  -O2 -c" "EXTRA_COMPILER_FLAGS=-mcpu=cortex-a9 -mfpu=vfpv3 -mfloat-abi=hard -
nostartfiles -g -Wall -Wextra -fno-tree-loop-distribute-patterns"

"Running Make libs in ps7_cortexa9_0/libsrc/devcfg_v3_8/src"

make -C ps7_cortexa9_0/libsrc/ddrps_v1_2/src -s libs  "SHELL=CMD" "COMPILER=arm-none-eabi-gcc" "ASSEMBLER=arm-none-eabi-as" "AR
CHIVER=arm-none-eabi-ar" "COMPILER_FLAGS=  -O2 -c" "EXTRA_COMPILER_FLAGS=-mcpu=cortex-a9 -mfpu=vfpv3 -mfloat-abi=hard -nostartf
iles -g -Wall -Wextra -fno-tree-loop-distribute-patterns"

make -C ps7_cortexa9_0/libsrc/devcfg_v3_8/src -s libs  "SHELL=CMD" "COMPILER=arm-none-eabi-gcc" "ASSEMBLER=arm-none-eabi-as" "A
RCHIVER=arm-none-eabi-ar" "COMPILER_FLAGS=  -O2 -c" "EXTRA_COMPILER_FLAGS=-mcpu=cortex-a9 -mfpu=vfpv3 -mfloat-abi=hard -nostart
files -g -Wall -Wextra -fno-tree-loop-distribute-patterns"

"Running Make libs in ps7_cortexa9_0/libsrc/dmaps_v2_10/src"

make -C ps7_cortexa9_0/libsrc/dmaps_v2_10/src -s libs  "SHELL=CMD" "COMPILER=arm-none-eabi-gcc" "ASSEMBLER=arm-none-eabi-as" "A
RCHIVER=arm-none-eabi-ar" "COMPILER_FLAGS=  -O2 -c" "EXTRA_COMPILER_FLAGS=-mcpu=cortex-a9 -mfpu=vfpv3 -mfloat-abi=hard -nostart
files -g -Wall -Wextra -fno-tree-loop-distribute-patterns"

"Running Make libs in ps7_cortexa9_0/libsrc/emacps_v3_20/src"

make -C ps7_cortexa9_0/libsrc/emacps_v3_20/src -s libs  "SHELL=CMD" "COMPILER=arm-none-eabi-gcc" "ASSEMBLER=arm-none-eabi-as" "
ARCHIVER=arm-none-eabi-ar" "COMPILER_FLAGS=  -O2 -c" "EXTRA_COMPILER_FLAGS=-mcpu=cortex-a9 -mfpu=vfpv3 -mfloat-abi=hard -nostar
tfiles -g -Wall -Wextra -fno-tree-loop-distribute-patterns"

"Running Make libs in ps7_cortexa9_0/libsrc/gpiops_v3_13/src"

make -C ps7_cortexa9_0/libsrc/gpiops_v3_13/src -s libs  "SHELL=CMD" "COMPILER=arm-none-eabi-gcc" "ASSEMBLER=arm-none-eabi-as" "
ARCHIVER=arm-none-eabi-ar" "COMPILER_FLAGS=  -O2 -c" "EXTRA_COMPILER_FLAGS=-mcpu=cortex-a9 -mfpu=vfpv3 -mfloat-abi=hard -nostar
tfiles -g -Wall -Wextra -fno-tree-loop-distribute-patterns"

"Running Make libs in ps7_cortexa9_0/libsrc/qspips_v3_12/src"

make -C ps7_cortexa9_0/libsrc/qspips_v3_12/src -s libs  "SHELL=CMD" "COMPILER=arm-none-eabi-gcc" "ASSEMBLER=arm-none-eabi-as" "
ARCHIVER=arm-none-eabi-ar" "COMPILER_FLAGS=  -O2 -c" "EXTRA_COMPILER_FLAGS=-mcpu=cortex-a9 -mfpu=vfpv3 -mfloat-abi=hard -nostar
tfiles -g -Wall -Wextra -fno-tree-loop-distribute-patterns"

"Running Make libs in ps7_cortexa9_0/libsrc/scugic_v5_3/src"

make -C ps7_cortexa9_0/libsrc/scugic_v5_3/src -s libs  "SHELL=CMD" "COMPILER=arm-none-eabi-gcc" "ASSEMBLER=arm-none-eabi-as" "A
RCHIVER=arm-none-eabi-ar" "COMPILER_FLAGS=  -O2 -c" "EXTRA_COMPILER_FLAGS=-mcpu=cortex-a9 -mfpu=vfpv3 -mfloat-abi=hard -nostart
files -g -Wall -Wextra -fno-tree-loop-distribute-patterns"

"Running Make libs in ps7_cortexa9_0/libsrc/scutimer_v2_6/src"

make -C ps7_cortexa9_0/libsrc/scutimer_v2_6/src -s libs  "SHELL=CMD" "COMPILER=arm-none-eabi-gcc" "ASSEMBLER=arm-none-eabi-as" 
"ARCHIVER=arm-none-eabi-ar" "COMPILER_FLAGS=  -O2 -c" "EXTRA_COMPILER_FLAGS=-mcpu=cortex-a9 -mfpu=vfpv3 -mfloat-abi=hard -nosta
rtfiles -g -Wall -Wextra -fno-tree-loop-distribute-patterns"

"Running Make libs in ps7_cortexa9_0/libsrc/scuwdt_v2_5/src"

make -C ps7_cortexa9_0/libsrc/scuwdt_v2_5/src -s libs  "SHELL=CMD" "COMPILER=arm-none-eabi-gcc" "ASSEMBLER=arm-none-eabi-as" "A
RCHIVER=arm-none-eabi-ar" "COMPILER_FLAGS=  -O2 -c" "EXTRA_COMPILER_FLAGS=-mcpu=cortex-a9 -mfpu=vfpv3 -mfloat-abi=hard -nostart
files -g -Wall -Wextra -fno-tree-loop-distribute-patterns"

"Running Make libs in ps7_cortexa9_0/libsrc/sdps_v4_3/src"

make -C ps7_cortexa9_0/libsrc/sdps_v4_3/src -s libs  "SHELL=CMD" "COMPILER=arm-none-eabi-gcc" "ASSEMBLER=arm-none-eabi-as" "ARC
HIVER=arm-none-eabi-ar" "COMPILER_FLAGS=  -O2 -c" "EXTRA_COMPILER_FLAGS=-mcpu=cortex-a9 -mfpu=vfpv3 -mfloat-abi=hard -nostartfi
les -g -Wall -Wextra -fno-tree-loop-distribute-patterns"

xaxivdma_g.c:58:9: warning: missing initializer for field 'IntrId' of 'XAxiVdma_Config' [-Wmissing-field-initializers]
   58 |         }
      |         ^
In file included from xaxivdma_g.c:17:
xaxivdma.h:453:13: note: 'IntrId' declared here
  453 |         u16 IntrId[2]; /** Bits[11:0] Interrupt-id Bits[15:12] trigger type and level flags */
      |             ^~~~~~
"Running Make libs in ps7_cortexa9_0/libsrc/standalone_v9_1/src"

make -C ps7_cortexa9_0/libsrc/standalone_v9_1/src -s libs  "SHELL=CMD" "COMPILER=arm-none-eabi-gcc" "ASSEMBLER=arm-none-eabi-as
" "ARCHIVER=arm-none-eabi-ar" "COMPILER_FLAGS=  -O2 -c" "EXTRA_COMPILER_FLAGS=-mcpu=cortex-a9 -mfpu=vfpv3 -mfloat-abi=hard -nos
tartfiles -g -Wall -Wextra -fno-tree-loop-distribute-patterns"

"Running Make libs in ps7_cortexa9_0/libsrc/uartps_v3_14/src"

make -C ps7_cortexa9_0/libsrc/uartps_v3_14/src -s libs  "SHELL=CMD" "COMPILER=arm-none-eabi-gcc" "ASSEMBLER=arm-none-eabi-as" "
ARCHIVER=arm-none-eabi-ar" "COMPILER_FLAGS=  -O2 -c" "EXTRA_COMPILER_FLAGS=-mcpu=cortex-a9 -mfpu=vfpv3 -mfloat-abi=hard -nostar
tfiles -g -Wall -Wextra -fno-tree-loop-distribute-patterns"

In file included from xuartps_intr.c:31:
xuartps.h:450: warning: "XUartPs_IsTransmitEmpty" redefined
  450 | #define XUartPs_IsTransmitEmpty(InstancePtr)                            \
      | 
In file included from xuartps.h:170:
xuartps_hw.h:424: note: this is the location of the previous definition
  424 | #define XUartPs_IsTransmitEmpty(BaseAddress)                     \
      | 
"Running Make libs in ps7_cortexa9_0/libsrc/usbps_v2_9/src"

make -C ps7_cortexa9_0/libsrc/usbps_v2_9/src -s libs  "SHELL=CMD" "COMPILER=arm-none-eabi-gcc" "ASSEMBLER=arm-none-eabi-as" "AR
CHIVER=arm-none-eabi-ar" "COMPILER_FLAGS=  -O2 -c" "EXTRA_COMPILER_FLAGS=-mcpu=cortex-a9 -mfpu=vfpv3 -mfloat-abi=hard -nostartf
iles -g -Wall -Wextra -fno-tree-loop-distribute-patterns"

In file included from xuartps_options.c:33:
xuartps.h:450: warning: "XUartPs_IsTransmitEmpty" redefined
  450 | #define XUartPs_IsTransmitEmpty(InstancePtr)                            \
      | 
In file included from xuartps.h:170:
xuartps_hw.h:424: note: this is the location of the previous definition
  424 | #define XUartPs_IsTransmitEmpty(BaseAddress)                     \
      | 
In file included from xuartps_sinit.c:34:
xuartps.h:450: warning: "XUartPs_IsTransmitEmpty" redefined
  450 | #define XUartPs_IsTransmitEmpty(InstancePtr)                            \
      | 
In file included from xuartps.h:170:
xuartps_hw.h:424: note: this is the location of the previous definition
  424 | #define XUartPs_IsTransmitEmpty(BaseAddress)                     \
      | 
In file included from xuartps.c:37:
xuartps.h:450: warning: "XUartPs_IsTransmitEmpty" redefined
  450 | #define XUartPs_IsTransmitEmpty(InstancePtr)                            \
      | 
In file included from xuartps.h:170:
xuartps_hw.h:424: note: this is the location of the previous definition
  424 | #define XUartPs_IsTransmitEmpty(BaseAddress)                     \
      | 
In file included from xuartps_selftest.c:32:
xuartps.h:450: warning: "XUartPs_IsTransmitEmpty" redefined
  450 | #define XUartPs_IsTransmitEmpty(InstancePtr)                            \
      | 
In file included from xuartps.h:170:
xuartps_hw.h:424: note: this is the location of the previous definition
  424 | #define XUartPs_IsTransmitEmpty(BaseAddress)                     \
      | 
"Running Make libs in ps7_cortexa9_0/libsrc/xadcps_v2_7/src"

make -C ps7_cortexa9_0/libsrc/xadcps_v2_7/src -s libs  "SHELL=CMD" "COMPILER=arm-none-eabi-gcc" "ASSEMBLER=arm-none-eabi-as" "A
RCHIVER=arm-none-eabi-ar" "COMPILER_FLAGS=  -O2 -c" "EXTRA_COMPILER_FLAGS=-mcpu=cortex-a9 -mfpu=vfpv3 -mfloat-abi=hard -nostart
files -g -Wall -Wextra -fno-tree-loop-distribute-patterns"

"Running Make libs in ps7_cortexa9_0/libsrc/xilffs_v5_2/src"

make -C ps7_cortexa9_0/libsrc/xilffs_v5_2/src -s libs  "SHELL=CMD" "COMPILER=arm-none-eabi-gcc" "ASSEMBLER=arm-none-eabi-as" "A
RCHIVER=arm-none-eabi-ar" "COMPILER_FLAGS=  -O2 -c" "EXTRA_COMPILER_FLAGS=-mcpu=cortex-a9 -mfpu=vfpv3 -mfloat-abi=hard -nostart
files -g -Wall -Wextra -fno-tree-loop-distribute-patterns"

In file included from xuartps_g.c:17:
xuartps.h:450: warning: "XUartPs_IsTransmitEmpty" redefined
  450 | #define XUartPs_IsTransmitEmpty(InstancePtr)                            \
      | 
In file included from xuartps.h:170:
xuartps_hw.h:424: note: this is the location of the previous definition
  424 | #define XUartPs_IsTransmitEmpty(BaseAddress)                     \
      | 
xtime_l.c:45:9: note: '#pragma message: For the sleep routines, Global timer is being used'
   45 | #pragma message ("For the sleep routines, Global timer is being used")
      |         ^~~~~~~
'Finished building libraries parallelly.'

make --no-print-directory archive

arm-none-eabi-ar -r  ps7_cortexa9_0/lib/libxil.a ps7_cortexa9_0/lib/_exit.o ps7_cortexa9_0/lib/_open.o ps7_cortexa9_0/lib/_sbrk
.o ps7_cortexa9_0/lib/abort.o ps7_cortexa9_0/lib/asm_vectors.o ps7_cortexa9_0/lib/boot.o ps7_cortexa9_0/lib/close.o ps7_cortexa
9_0/lib/cpputest_time.o ps7_cortexa9_0/lib/cpu_init.o ps7_cortexa9_0/lib/errno.o ps7_cortexa9_0/lib/fcntl.o ps7_cortexa9_0/lib/
fstat.o ps7_cortexa9_0/lib/getentropy.o ps7_cortexa9_0/lib/getpid.o ps7_cortexa9_0/lib/inbyte.o ps7_cortexa9_0/lib/isatty.o ps7
_cortexa9_0/lib/kill.o ps7_cortexa9_0/lib/lseek.o ps7_cortexa9_0/lib/open.o ps7_cortexa9_0/lib/outbyte.o ps7_cortexa9_0/lib/pri
nt.o ps7_cortexa9_0/lib/putnum.o ps7_cortexa9_0/lib/read.o ps7_cortexa9_0/lib/sbrk.o ps7_cortexa9_0/lib/sleep.o ps7_cortexa9_0/
lib/time.o ps7_cortexa9_0/lib/translation_table.o ps7_cortexa9_0/lib/unlink.o ps7_cortexa9_0/lib/usleep.o ps7_cortexa9_0/lib/ve
ctors.o ps7_cortexa9_0/lib/write.o ps7_cortexa9_0/lib/xadcps.o ps7_cortexa9_0/lib/xadcps_g.o ps7_cortexa9_0/lib/xadcps_intr.o p
s7_cortexa9_0/lib/xadcps_selftest.o ps7_cortexa9_0/lib/xadcps_sinit.o ps7_cortexa9_0/lib/xaxidma.o ps7_cortexa9_0/lib/xaxidma_b
d.o ps7_cortexa9_0/lib/xaxidma_bdring.o ps7_cortexa9_0/lib/xaxidma_g.o ps7_cortexa9_0/lib/xaxidma_selftest.o ps7_cortexa9_0/lib
/xaxidma_sinit.o ps7_cortexa9_0/lib/xaxivdma.o ps7_cortexa9_0/lib/xaxivdma_channel.o ps7_cortexa9_0/lib/xaxivdma_g.o ps7_cortex
a9_0/lib/xaxivdma_intr.o ps7_cortexa9_0/lib/xaxivdma_selftest.o ps7_cortexa9_0/lib/xaxivdma_sinit.o ps7_cortexa9_0/lib/xcoresig
htpsdcc.o ps7_cortexa9_0/lib/xdevcfg.o ps7_cortexa9_0/lib/xdevcfg_g.o ps7_cortexa9_0/lib/xdevcfg_hw.o ps7_cortexa9_0/lib/xdevcf
g_intr.o ps7_cortexa9_0/lib/xdevcfg_selftest.o ps7_cortexa9_0/lib/xdevcfg_sinit.o ps7_cortexa9_0/lib/xdmaps.o ps7_cortexa9_0/li
b/xdmaps_g.o ps7_cortexa9_0/lib/xdmaps_hw.o ps7_cortexa9_0/lib/xdmaps_selftest.o ps7_cortexa9_0/lib/xdmaps_sinit.o ps7_cortexa9
_0/lib/xemacps.o ps7_cortexa9_0/lib/xemacps_bdring.o ps7_cortexa9_0/lib/xemacps_control.o ps7_cortexa9_0/lib/xemacps_g.o ps7_co
rtexa9_0/lib/xemacps_hw.o ps7_cortexa9_0/lib/xemacps_intr.o ps7_cortexa9_0/lib/xemacps_sinit.o ps7_cortexa9_0/lib/xgpiops.o ps7
_cortexa9_0/lib/xgpiops_g.o ps7_cortexa9_0/lib/xgpiops_hw.o ps7_cortexa9_0/lib/xgpiops_intr.o ps7_cortexa9_0/lib/xgpiops_selfte
st.o ps7_cortexa9_0/lib/xgpiops_sinit.o ps7_cortexa9_0/lib/xil-crt0.o ps7_cortexa9_0/lib/xil_assert.o ps7_cortexa9_0/lib/xil_ca
che.o ps7_cortexa9_0/lib/xil_clocking.o ps7_cortexa9_0/lib/xil_exception.o ps7_cortexa9_0/lib/xil_mem.o ps7_cortexa9_0/lib/xil_
misc_psreset_api.o ps7_cortexa9_0/lib/xil_mmu.o ps7_cortexa9_0/lib/xil_printf.o ps7_cortexa9_0/lib/xil_sleepcommon.o ps7_cortex
a9_0/lib/xil_sleeptimer.o ps7_cortexa9_0/lib/xil_spinlock.o ps7_cortexa9_0/lib/xil_testcache.o ps7_cortexa9_0/lib/xil_testio.o 
ps7_cortexa9_0/lib/xil_testmem.o ps7_cortexa9_0/lib/xil_util.o ps7_cortexa9_0/lib/xinterrupt_wrap.o ps7_cortexa9_0/lib/xl2cc_co
unter.o ps7_cortexa9_0/lib/xplatform_info.o ps7_cortexa9_0/lib/xpm_counter.o ps7_cortexa9_0/lib/xpm_init.o ps7_cortexa9_0/lib/x
qspips.o ps7_cortexa9_0/lib/xqspips_g.o ps7_cortexa9_0/lib/xqspips_hw.o ps7_cortexa9_0/lib/xqspips_options.o ps7_cortexa9_0/lib
/xqspips_selftest.o ps7_cortexa9_0/lib/xqspips_sinit.o ps7_cortexa9_0/lib/xsa_tiny_fpga_top.o ps7_cortexa9_0/lib/xsa_tiny_fpga_
top_g.o ps7_cortexa9_0/lib/xsa_tiny_fpga_top_linux.o ps7_cortexa9_0/lib/xsa_tiny_fpga_top_sinit.o ps7_cortexa9_0/lib/xscugic.o 
ps7_cortexa9_0/lib/xscugic_g.o ps7_cortexa9_0/lib/xscugic_hw.o ps7_cortexa9_0/lib/xscugic_intr.o ps7_cortexa9_0/lib/xscugic_sel
ftest.o ps7_cortexa9_0/lib/xscugic_sinit.o ps7_cortexa9_0/lib/xscutimer.o ps7_cortexa9_0/lib/xscutimer_g.o ps7_cortexa9_0/lib/x
scutimer_selftest.o ps7_cortexa9_0/lib/xscutimer_sinit.o ps7_cortexa9_0/lib/xscuwdt.o ps7_cortexa9_0/lib/xscuwdt_g.o ps7_cortex
a9_0/lib/xscuwdt_selftest.o ps7_cortexa9_0/lib/xscuwdt_sinit.o ps7_cortexa9_0/lib/xsdps.o ps7_cortexa9_0/lib/xsdps_card.o ps7_c
ortexa9_0/lib/xsdps_g.o ps7_cortexa9_0/lib/xsdps_host.o ps7_cortexa9_0/lib/xsdps_options.o ps7_cortexa9_0/lib/xsdps_sinit.o ps7
_cortexa9_0/lib/xtime_l.o ps7_cortexa9_0/lib/xuartps.o ps7_cortexa9_0/lib/xuartps_g.o ps7_cortexa9_0/lib/xuartps_hw.o ps7_corte
xa9_0/lib/xuartps_intr.o ps7_cortexa9_0/lib/xuartps_options.o ps7_cortexa9_0/lib/xuartps_selftest.o ps7_cortexa9_0/lib/xuartps_
sinit.o ps7_cortexa9_0/lib/xusbps.o ps7_cortexa9_0/lib/xusbps_endpoint.o ps7_cortexa9_0/lib/xusbps_g.o ps7_cortexa9_0/lib/xusbp
s_hw.o ps7_cortexa9_0/lib/xusbps_intr.o ps7_cortexa9_0/lib/xusbps_sinit.o

'Finished building libraries'

make: Leaving directory 'C:/Users/jielu/Desktop/Workspace/SpikeYOLO_FPGA/vitis_workspace/spike_zybo_baremetal_plat/zynq_fsbl/zy
nq_fsbl_bsp'

arm-none-eabi-gcc  -O2 -c -MMD -MP       -mcpu=cortex-a9 -mfpu=vfpv3 -mfloat-abi=hard  -c sd.c -o sd.o -Izynq_fsbl_bsp/ps7_cort
exa9_0/include -I.

arm-none-eabi-gcc  -O2 -c -MMD -MP       -mcpu=cortex-a9 -mfpu=vfpv3 -mfloat-abi=hard  -c nand.c -o nand.o -Izynq_fsbl_bsp/ps7_
cortexa9_0/include -I.

arm-none-eabi-gcc  -O2 -c -MMD -MP       -mcpu=cortex-a9 -mfpu=vfpv3 -mfloat-abi=hard  -c image_mover.c -o image_mover.o -Izynq
_fsbl_bsp/ps7_cortexa9_0/include -I.

arm-none-eabi-gcc  -O2 -c -MMD -MP       -mcpu=cortex-a9 -mfpu=vfpv3 -mfloat-abi=hard  -c md5.c -o md5.o -Izynq_fsbl_bsp/ps7_co
rtexa9_0/include -I.

arm-none-eabi-gcc  -O2 -c -MMD -MP       -mcpu=cortex-a9 -mfpu=vfpv3 -mfloat-abi=hard  -c fsbl_hooks.c -o fsbl_hooks.o -Izynq_f
sbl_bsp/ps7_cortexa9_0/include -I.

arm-none-eabi-gcc  -O2 -c -MMD -MP       -mcpu=cortex-a9 -mfpu=vfpv3 -mfloat-abi=hard  -c main.c -o main.o -Izynq_fsbl_bsp/ps7_
cortexa9_0/include -I.

arm-none-eabi-gcc  -O2 -c -MMD -MP       -mcpu=cortex-a9 -mfpu=vfpv3 -mfloat-abi=hard  -c nor.c -o nor.o -Izynq_fsbl_bsp/ps7_co
rtexa9_0/include -I.

arm-none-eabi-gcc  -O2 -c -MMD -MP       -mcpu=cortex-a9 -mfpu=vfpv3 -mfloat-abi=hard  -c qspi.c -o qspi.o -Izynq_fsbl_bsp/ps7_
cortexa9_0/include -I.

arm-none-eabi-gcc  -O2 -c -MMD -MP       -mcpu=cortex-a9 -mfpu=vfpv3 -mfloat-abi=hard  -c ps7_init.c -o ps7_init.o -Izynq_fsbl_
bsp/ps7_cortexa9_0/include -I.

arm-none-eabi-gcc  -O2 -c -MMD -MP       -mcpu=cortex-a9 -mfpu=vfpv3 -mfloat-abi=hard  -c pcap.c -o pcap.o -Izynq_fsbl_bsp/ps7_
cortexa9_0/include -I.

arm-none-eabi-gcc -o fsbl.elf fsbl_handoff.o fsbl_hooks.o image_mover.o main.o md5.o nand.o nor.o pcap.o ps7_init.o qspi.o rsa.
o sd.o -MMD -MP       -mcpu=cortex-a9 -mfpu=vfpv3 -mfloat-abi=hard   -mcpu=cortex-a9 -mfpu=vfpv3 -mfloat-abi=hard -Wl,-build-id
=none -specs=Xilinx.spec  -lrsa -Wl,--start-group,-lxil,-lgcc,-lc,--end-group -Wl,--start-group,-lxilffs,-lxil,-lgcc,-lc,--end-
group -Wl,--start-group,-lrsa,-lxil,-lgcc,-lc,--end-group                                      -Wl,--gc-sections -Lzynq_fsbl_bs
p/ps7_cortexa9_0/lib -L./ -Tlscript.ld

Building the BSP Library for domain  - standalone_domain on processor ps7_cortexa9_0
make --no-print-directory seq_libs

"Running Make include in ps7_cortexa9_0/libsrc/axidma_v9_18/src"

make -C ps7_cortexa9_0/libsrc/axidma_v9_18/src -s include  "SHELL=CMD" "COMPILER=arm-none-eabi-gcc" "ASSEMBLER=arm-none-eabi-as
" "ARCHIVER=arm-none-eabi-ar" "COMPILER_FLAGS=  -O2 -c" "EXTRA_COMPILER_FLAGS=-mcpu=cortex-a9 -mfpu=vfpv3 -mfloat-abi=hard -nos
tartfiles -g -Wall -Wextra -fno-tree-loop-distribute-patterns"

"Running Make include in ps7_cortexa9_0/libsrc/axivdma_v6_15/src"

make -C ps7_cortexa9_0/libsrc/axivdma_v6_15/src -s include  "SHELL=CMD" "COMPILER=arm-none-eabi-gcc" "ASSEMBLER=arm-none-eabi-a
s" "ARCHIVER=arm-none-eabi-ar" "COMPILER_FLAGS=  -O2 -c" "EXTRA_COMPILER_FLAGS=-mcpu=cortex-a9 -mfpu=vfpv3 -mfloat-abi=hard -no
startfiles -g -Wall -Wextra -fno-tree-loop-distribute-patterns"

"Running Make include in ps7_cortexa9_0/libsrc/coresightps_dcc_v1_10/src"

make -C ps7_cortexa9_0/libsrc/coresightps_dcc_v1_10/src -s include  "SHELL=CMD" "COMPILER=arm-none-eabi-gcc" "ASSEMBLER=arm-non
e-eabi-as" "ARCHIVER=arm-none-eabi-ar" "COMPILER_FLAGS=  -O2 -c" "EXTRA_COMPILER_FLAGS=-mcpu=cortex-a9 -mfpu=vfpv3 -mfloat-abi=
hard -nostartfiles -g -Wall -Wextra -fno-tree-loop-distribute-patterns"

"Running Make include in ps7_cortexa9_0/libsrc/cpu_cortexa9_v2_12/src"

make -C ps7_cortexa9_0/libsrc/cpu_cortexa9_v2_12/src -s include  "SHELL=CMD" "COMPILER=arm-none-eabi-gcc" "ASSEMBLER=arm-none-e
abi-as" "ARCHIVER=arm-none-eabi-ar" "COMPILER_FLAGS=  -O2 -c" "EXTRA_COMPILER_FLAGS=-mcpu=cortex-a9 -mfpu=vfpv3 -mfloat-abi=har
d -nostartfiles -g -Wall -Wextra -fno-tree-loop-distribute-patterns"

"Running Make include in ps7_cortexa9_0/libsrc/ddrps_v1_2/src"

make -C ps7_cortexa9_0/libsrc/ddrps_v1_2/src -s include  "SHELL=CMD" "COMPILER=arm-none-eabi-gcc" "ASSEMBLER=arm-none-eabi-as" 
"ARCHIVER=arm-none-eabi-ar" "COMPILER_FLAGS=  -O2 -c" "EXTRA_COMPILER_FLAGS=-mcpu=cortex-a9 -mfpu=vfpv3 -mfloat-abi=hard -nosta
rtfiles -g -Wall -Wextra -fno-tree-loop-distribute-patterns"

"Running Make include in ps7_cortexa9_0/libsrc/devcfg_v3_8/src"

make -C ps7_cortexa9_0/libsrc/devcfg_v3_8/src -s include  "SHELL=CMD" "COMPILER=arm-none-eabi-gcc" "ASSEMBLER=arm-none-eabi-as"
 "ARCHIVER=arm-none-eabi-ar" "COMPILER_FLAGS=  -O2 -c" "EXTRA_COMPILER_FLAGS=-mcpu=cortex-a9 -mfpu=vfpv3 -mfloat-abi=hard -nost
artfiles -g -Wall -Wextra -fno-tree-loop-distribute-patterns"

"Running Make include in ps7_cortexa9_0/libsrc/dmaps_v2_10/src"

make -C ps7_cortexa9_0/libsrc/dmaps_v2_10/src -s include  "SHELL=CMD" "COMPILER=arm-none-eabi-gcc" "ASSEMBLER=arm-none-eabi-as"
 "ARCHIVER=arm-none-eabi-ar" "COMPILER_FLAGS=  -O2 -c" "EXTRA_COMPILER_FLAGS=-mcpu=cortex-a9 -mfpu=vfpv3 -mfloat-abi=hard -nost
artfiles -g -Wall -Wextra -fno-tree-loop-distribute-patterns"

"Running Make include in ps7_cortexa9_0/libsrc/emacps_v3_20/src"

make -C ps7_cortexa9_0/libsrc/emacps_v3_20/src -s include  "SHELL=CMD" "COMPILER=arm-none-eabi-gcc" "ASSEMBLER=arm-none-eabi-as
" "ARCHIVER=arm-none-eabi-ar" "COMPILER_FLAGS=  -O2 -c" "EXTRA_COMPILER_FLAGS=-mcpu=cortex-a9 -mfpu=vfpv3 -mfloat-abi=hard -nos
tartfiles -g -Wall -Wextra -fno-tree-loop-distribute-patterns"

"Running Make include in ps7_cortexa9_0/libsrc/gpiops_v3_13/src"

make -C ps7_cortexa9_0/libsrc/gpiops_v3_13/src -s include  "SHELL=CMD" "COMPILER=arm-none-eabi-gcc" "ASSEMBLER=arm-none-eabi-as
" "ARCHIVER=arm-none-eabi-ar" "COMPILER_FLAGS=  -O2 -c" "EXTRA_COMPILER_FLAGS=-mcpu=cortex-a9 -mfpu=vfpv3 -mfloat-abi=hard -nos
tartfiles -g -Wall -Wextra -fno-tree-loop-distribute-patterns"

"Running Make include in ps7_cortexa9_0/libsrc/qspips_v3_12/src"

make -C ps7_cortexa9_0/libsrc/qspips_v3_12/src -s include  "SHELL=CMD" "COMPILER=arm-none-eabi-gcc" "ASSEMBLER=arm-none-eabi-as
" "ARCHIVER=arm-none-eabi-ar" "COMPILER_FLAGS=  -O2 -c" "EXTRA_COMPILER_FLAGS=-mcpu=cortex-a9 -mfpu=vfpv3 -mfloat-abi=hard -nos
tartfiles -g -Wall -Wextra -fno-tree-loop-distribute-patterns"

"Running Make include in ps7_cortexa9_0/libsrc/sa_tiny_fpga_top_v1_0/src"

make -C ps7_cortexa9_0/libsrc/sa_tiny_fpga_top_v1_0/src -s include  "SHELL=CMD" "COMPILER=arm-none-eabi-gcc" "ASSEMBLER=arm-non
e-eabi-as" "ARCHIVER=arm-none-eabi-ar" "COMPILER_FLAGS=  -O2 -c" "EXTRA_COMPILER_FLAGS=-mcpu=cortex-a9 -mfpu=vfpv3 -mfloat-abi=
hard -nostartfiles -g -Wall -Wextra -fno-tree-loop-distribute-patterns"

"Running Make include in ps7_cortexa9_0/libsrc/scugic_v5_3/src"

make -C ps7_cortexa9_0/libsrc/scugic_v5_3/src -s include  "SHELL=CMD" "COMPILER=arm-none-eabi-gcc" "ASSEMBLER=arm-none-eabi-as"
 "ARCHIVER=arm-none-eabi-ar" "COMPILER_FLAGS=  -O2 -c" "EXTRA_COMPILER_FLAGS=-mcpu=cortex-a9 -mfpu=vfpv3 -mfloat-abi=hard -nost
artfiles -g -Wall -Wextra -fno-tree-loop-distribute-patterns"

"Running Make include in ps7_cortexa9_0/libsrc/scutimer_v2_6/src"

make -C ps7_cortexa9_0/libsrc/scutimer_v2_6/src -s include  "SHELL=CMD" "COMPILER=arm-none-eabi-gcc" "ASSEMBLER=arm-none-eabi-a
s" "ARCHIVER=arm-none-eabi-ar" "COMPILER_FLAGS=  -O2 -c" "EXTRA_COMPILER_FLAGS=-mcpu=cortex-a9 -mfpu=vfpv3 -mfloat-abi=hard -no
startfiles -g -Wall -Wextra -fno-tree-loop-distribute-patterns"

"Running Make include in ps7_cortexa9_0/libsrc/scuwdt_v2_5/src"

make -C ps7_cortexa9_0/libsrc/scuwdt_v2_5/src -s include  "SHELL=CMD" "COMPILER=arm-none-eabi-gcc" "ASSEMBLER=arm-none-eabi-as"
 "ARCHIVER=arm-none-eabi-ar" "COMPILER_FLAGS=  -O2 -c" "EXTRA_COMPILER_FLAGS=-mcpu=cortex-a9 -mfpu=vfpv3 -mfloat-abi=hard -nost
artfiles -g -Wall -Wextra -fno-tree-loop-distribute-patterns"

"Running Make include in ps7_cortexa9_0/libsrc/sdps_v4_3/src"

make -C ps7_cortexa9_0/libsrc/sdps_v4_3/src -s include  "SHELL=CMD" "COMPILER=arm-none-eabi-gcc" "ASSEMBLER=arm-none-eabi-as" "
ARCHIVER=arm-none-eabi-ar" "COMPILER_FLAGS=  -O2 -c" "EXTRA_COMPILER_FLAGS=-mcpu=cortex-a9 -mfpu=vfpv3 -mfloat-abi=hard -nostar
tfiles -g -Wall -Wextra -fno-tree-loop-distribute-patterns"

"Running Make include in ps7_cortexa9_0/libsrc/standalone_v9_1/src"

make -C ps7_cortexa9_0/libsrc/standalone_v9_1/src -s include  "SHELL=CMD" "COMPILER=arm-none-eabi-gcc" "ASSEMBLER=arm-none-eabi
-as" "ARCHIVER=arm-none-eabi-ar" "COMPILER_FLAGS=  -O2 -c" "EXTRA_COMPILER_FLAGS=-mcpu=cortex-a9 -mfpu=vfpv3 -mfloat-abi=hard -
nostartfiles -g -Wall -Wextra -fno-tree-loop-distribute-patterns"

"Running Make include in ps7_cortexa9_0/libsrc/uartps_v3_14/src"

make -C ps7_cortexa9_0/libsrc/uartps_v3_14/src -s include  "SHELL=CMD" "COMPILER=arm-none-eabi-gcc" "ASSEMBLER=arm-none-eabi-as
" "ARCHIVER=arm-none-eabi-ar" "COMPILER_FLAGS=  -O2 -c" "EXTRA_COMPILER_FLAGS=-mcpu=cortex-a9 -mfpu=vfpv3 -mfloat-abi=hard -nos
tartfiles -g -Wall -Wextra -fno-tree-loop-distribute-patterns"

"Running Make include in ps7_cortexa9_0/libsrc/usbps_v2_9/src"

make -C ps7_cortexa9_0/libsrc/usbps_v2_9/src -s include  "SHELL=CMD" "COMPILER=arm-none-eabi-gcc" "ASSEMBLER=arm-none-eabi-as" 
"ARCHIVER=arm-none-eabi-ar" "COMPILER_FLAGS=  -O2 -c" "EXTRA_COMPILER_FLAGS=-mcpu=cortex-a9 -mfpu=vfpv3 -mfloat-abi=hard -nosta
rtfiles -g -Wall -Wextra -fno-tree-loop-distribute-patterns"

"Running Make include in ps7_cortexa9_0/libsrc/xadcps_v2_7/src"

make -C ps7_cortexa9_0/libsrc/xadcps_v2_7/src -s include  "SHELL=CMD" "COMPILER=arm-none-eabi-gcc" "ASSEMBLER=arm-none-eabi-as"
 "ARCHIVER=arm-none-eabi-ar" "COMPILER_FLAGS=  -O2 -c" "EXTRA_COMPILER_FLAGS=-mcpu=cortex-a9 -mfpu=vfpv3 -mfloat-abi=hard -nost
artfiles -g -Wall -Wextra -fno-tree-loop-distribute-patterns"

"Running Make libs in ps7_cortexa9_0/libsrc/sa_tiny_fpga_top_v1_0/src"

make -C ps7_cortexa9_0/libsrc/sa_tiny_fpga_top_v1_0/src -s libs  "SHELL=CMD" "COMPILER=arm-none-eabi-gcc" "ASSEMBLER=arm-none-e
abi-as" "ARCHIVER=arm-none-eabi-ar" "COMPILER_FLAGS=  -O2 -c" "EXTRA_COMPILER_FLAGS=-mcpu=cortex-a9 -mfpu=vfpv3 -mfloat-abi=har
d -nostartfiles -g -Wall -Wextra -fno-tree-loop-distribute-patterns"

arm-none-eabi-ar: creating ../../../lib/libxil.a
"Building sa_tiny_fpga_top"

'Finished building libraries sequentially.'

make -j 14 --no-print-directory par_libs

"Running Make include in ps7_cortexa9_0/libsrc/axidma_v9_18/src"

"Running Make include in ps7_cortexa9_0/libsrc/axivdma_v6_15/src"

"Running Make include in ps7_cortexa9_0/libsrc/coresightps_dcc_v1_10/src"

make -C ps7_cortexa9_0/libsrc/axidma_v9_18/src -s include  "SHELL=CMD" "COMPILER=arm-none-eabi-gcc" "ASSEMBLER=arm-none-eabi-as
" "ARCHIVER=arm-none-eabi-ar" "COMPILER_FLAGS=  -O2 -c" "EXTRA_COMPILER_FLAGS=-mcpu=cortex-a9 -mfpu=vfpv3 -mfloat-abi=hard -nos
tartfiles -g -Wall -Wextra -fno-tree-loop-distribute-patterns"

"Running Make include in ps7_cortexa9_0/libsrc/cpu_cortexa9_v2_12/src"

make -C ps7_cortexa9_0/libsrc/axivdma_v6_15/src -s include  "SHELL=CMD" "COMPILER=arm-none-eabi-gcc" "ASSEMBLER=arm-none-eabi-a
s" "ARCHIVER=arm-none-eabi-ar" "COMPILER_FLAGS=  -O2 -c" "EXTRA_COMPILER_FLAGS=-mcpu=cortex-a9 -mfpu=vfpv3 -mfloat-abi=hard -no
startfiles -g -Wall -Wextra -fno-tree-loop-distribute-patterns"

"Running Make include in ps7_cortexa9_0/libsrc/ddrps_v1_2/src"

make -C ps7_cortexa9_0/libsrc/coresightps_dcc_v1_10/src -s include  "SHELL=CMD" "COMPILER=arm-none-eabi-gcc" "ASSEMBLER=arm-non
e-eabi-as" "ARCHIVER=arm-none-eabi-ar" "COMPILER_FLAGS=  -O2 -c" "EXTRA_COMPILER_FLAGS=-mcpu=cortex-a9 -mfpu=vfpv3 -mfloat-abi=
hard -nostartfiles -g -Wall -Wextra -fno-tree-loop-distribute-patterns"

"Running Make include in ps7_cortexa9_0/libsrc/devcfg_v3_8/src"

make -C ps7_cortexa9_0/libsrc/cpu_cortexa9_v2_12/src -s include  "SHELL=CMD" "COMPILER=arm-none-eabi-gcc" "ASSEMBLER=arm-none-e
abi-as" "ARCHIVER=arm-none-eabi-ar" "COMPILER_FLAGS=  -O2 -c" "EXTRA_COMPILER_FLAGS=-mcpu=cortex-a9 -mfpu=vfpv3 -mfloat-abi=har
d -nostartfiles -g -Wall -Wextra -fno-tree-loop-distribute-patterns"

make -C ps7_cortexa9_0/libsrc/ddrps_v1_2/src -s include  "SHELL=CMD" "COMPILER=arm-none-eabi-gcc" "ASSEMBLER=arm-none-eabi-as" 
"ARCHIVER=arm-none-eabi-ar" "COMPILER_FLAGS=  -O2 -c" "EXTRA_COMPILER_FLAGS=-mcpu=cortex-a9 -mfpu=vfpv3 -mfloat-abi=hard -nosta
rtfiles -g -Wall -Wextra -fno-tree-loop-distribute-patterns"

"Running Make include in ps7_cortexa9_0/libsrc/dmaps_v2_10/src"

make -C ps7_cortexa9_0/libsrc/devcfg_v3_8/src -s include  "SHELL=CMD" "COMPILER=arm-none-eabi-gcc" "ASSEMBLER=arm-none-eabi-as"
 "ARCHIVER=arm-none-eabi-ar" "COMPILER_FLAGS=  -O2 -c" "EXTRA_COMPILER_FLAGS=-mcpu=cortex-a9 -mfpu=vfpv3 -mfloat-abi=hard -nost
artfiles -g -Wall -Wextra -fno-tree-loop-distribute-patterns"

make -C ps7_cortexa9_0/libsrc/dmaps_v2_10/src -s include  "SHELL=CMD" "COMPILER=arm-none-eabi-gcc" "ASSEMBLER=arm-none-eabi-as"
 "ARCHIVER=arm-none-eabi-ar" "COMPILER_FLAGS=  -O2 -c" "EXTRA_COMPILER_FLAGS=-mcpu=cortex-a9 -mfpu=vfpv3 -mfloat-abi=hard -nost
artfiles -g -Wall -Wextra -fno-tree-loop-distribute-patterns"

"Running Make include in ps7_cortexa9_0/libsrc/emacps_v3_20/src"

"Running Make include in ps7_cortexa9_0/libsrc/gpiops_v3_13/src"

make -C ps7_cortexa9_0/libsrc/emacps_v3_20/src -s include  "SHELL=CMD" "COMPILER=arm-none-eabi-gcc" "ASSEMBLER=arm-none-eabi-as
" "ARCHIVER=arm-none-eabi-ar" "COMPILER_FLAGS=  -O2 -c" "EXTRA_COMPILER_FLAGS=-mcpu=cortex-a9 -mfpu=vfpv3 -mfloat-abi=hard -nos
tartfiles -g -Wall -Wextra -fno-tree-loop-distribute-patterns"

"Running Make include in ps7_cortexa9_0/libsrc/qspips_v3_12/src"

make -C ps7_cortexa9_0/libsrc/gpiops_v3_13/src -s include  "SHELL=CMD" "COMPILER=arm-none-eabi-gcc" "ASSEMBLER=arm-none-eabi-as
" "ARCHIVER=arm-none-eabi-ar" "COMPILER_FLAGS=  -O2 -c" "EXTRA_COMPILER_FLAGS=-mcpu=cortex-a9 -mfpu=vfpv3 -mfloat-abi=hard -nos
tartfiles -g -Wall -Wextra -fno-tree-loop-distribute-patterns"

make -C ps7_cortexa9_0/libsrc/qspips_v3_12/src -s include  "SHELL=CMD" "COMPILER=arm-none-eabi-gcc" "ASSEMBLER=arm-none-eabi-as
" "ARCHIVER=arm-none-eabi-ar" "COMPILER_FLAGS=  -O2 -c" "EXTRA_COMPILER_FLAGS=-mcpu=cortex-a9 -mfpu=vfpv3 -mfloat-abi=hard -nos
tartfiles -g -Wall -Wextra -fno-tree-loop-distribute-patterns"

"Running Make include in ps7_cortexa9_0/libsrc/sa_tiny_fpga_top_v1_0/src"

"Running Make include in ps7_cortexa9_0/libsrc/scugic_v5_3/src"

make -C ps7_cortexa9_0/libsrc/sa_tiny_fpga_top_v1_0/src -s include  "SHELL=CMD" "COMPILER=arm-none-eabi-gcc" "ASSEMBLER=arm-non
e-eabi-as" "ARCHIVER=arm-none-eabi-ar" "COMPILER_FLAGS=  -O2 -c" "EXTRA_COMPILER_FLAGS=-mcpu=cortex-a9 -mfpu=vfpv3 -mfloat-abi=
hard -nostartfiles -g -Wall -Wextra -fno-tree-loop-distribute-patterns"

"Running Make include in ps7_cortexa9_0/libsrc/scutimer_v2_6/src"

make -C ps7_cortexa9_0/libsrc/scugic_v5_3/src -s include  "SHELL=CMD" "COMPILER=arm-none-eabi-gcc" "ASSEMBLER=arm-none-eabi-as"
 "ARCHIVER=arm-none-eabi-ar" "COMPILER_FLAGS=  -O2 -c" "EXTRA_COMPILER_FLAGS=-mcpu=cortex-a9 -mfpu=vfpv3 -mfloat-abi=hard -nost
artfiles -g -Wall -Wextra -fno-tree-loop-distribute-patterns"

make -C ps7_cortexa9_0/libsrc/scutimer_v2_6/src -s include  "SHELL=CMD" "COMPILER=arm-none-eabi-gcc" "ASSEMBLER=arm-none-eabi-a
s" "ARCHIVER=arm-none-eabi-ar" "COMPILER_FLAGS=  -O2 -c" "EXTRA_COMPILER_FLAGS=-mcpu=cortex-a9 -mfpu=vfpv3 -mfloat-abi=hard -no
startfiles -g -Wall -Wextra -fno-tree-loop-distribute-patterns"

"Running Make include in ps7_cortexa9_0/libsrc/scuwdt_v2_5/src"

make -C ps7_cortexa9_0/libsrc/scuwdt_v2_5/src -s include  "SHELL=CMD" "COMPILER=arm-none-eabi-gcc" "ASSEMBLER=arm-none-eabi-as"
 "ARCHIVER=arm-none-eabi-ar" "COMPILER_FLAGS=  -O2 -c" "EXTRA_COMPILER_FLAGS=-mcpu=cortex-a9 -mfpu=vfpv3 -mfloat-abi=hard -nost
artfiles -g -Wall -Wextra -fno-tree-loop-distribute-patterns"

"Running Make include in ps7_cortexa9_0/libsrc/sdps_v4_3/src"

make -C ps7_cortexa9_0/libsrc/sdps_v4_3/src -s include  "SHELL=CMD" "COMPILER=arm-none-eabi-gcc" "ASSEMBLER=arm-none-eabi-as" "
ARCHIVER=arm-none-eabi-ar" "COMPILER_FLAGS=  -O2 -c" "EXTRA_COMPILER_FLAGS=-mcpu=cortex-a9 -mfpu=vfpv3 -mfloat-abi=hard -nostar
tfiles -g -Wall -Wextra -fno-tree-loop-distribute-patterns"

"Running Make include in ps7_cortexa9_0/libsrc/standalone_v9_1/src"

make -C ps7_cortexa9_0/libsrc/standalone_v9_1/src -s include  "SHELL=CMD" "COMPILER=arm-none-eabi-gcc" "ASSEMBLER=arm-none-eabi
-as" "ARCHIVER=arm-none-eabi-ar" "COMPILER_FLAGS=  -O2 -c" "EXTRA_COMPILER_FLAGS=-mcpu=cortex-a9 -mfpu=vfpv3 -mfloat-abi=hard -
nostartfiles -g -Wall -Wextra -fno-tree-loop-distribute-patterns"

"Running Make include in ps7_cortexa9_0/libsrc/uartps_v3_14/src"

make -C ps7_cortexa9_0/libsrc/uartps_v3_14/src -s include  "SHELL=CMD" "COMPILER=arm-none-eabi-gcc" "ASSEMBLER=arm-none-eabi-as
" "ARCHIVER=arm-none-eabi-ar" "COMPILER_FLAGS=  -O2 -c" "EXTRA_COMPILER_FLAGS=-mcpu=cortex-a9 -mfpu=vfpv3 -mfloat-abi=hard -nos
tartfiles -g -Wall -Wextra -fno-tree-loop-distribute-patterns"

"Running Make include in ps7_cortexa9_0/libsrc/usbps_v2_9/src"

make -C ps7_cortexa9_0/libsrc/usbps_v2_9/src -s include  "SHELL=CMD" "COMPILER=arm-none-eabi-gcc" "ASSEMBLER=arm-none-eabi-as" 
"ARCHIVER=arm-none-eabi-ar" "COMPILER_FLAGS=  -O2 -c" "EXTRA_COMPILER_FLAGS=-mcpu=cortex-a9 -mfpu=vfpv3 -mfloat-abi=hard -nosta
rtfiles -g -Wall -Wextra -fno-tree-loop-distribute-patterns"

"Running Make include in ps7_cortexa9_0/libsrc/xadcps_v2_7/src"

make -C ps7_cortexa9_0/libsrc/xadcps_v2_7/src -s include  "SHELL=CMD" "COMPILER=arm-none-eabi-gcc" "ASSEMBLER=arm-none-eabi-as"
 "ARCHIVER=arm-none-eabi-ar" "COMPILER_FLAGS=  -O2 -c" "EXTRA_COMPILER_FLAGS=-mcpu=cortex-a9 -mfpu=vfpv3 -mfloat-abi=hard -nost
artfiles -g -Wall -Wextra -fno-tree-loop-distribute-patterns"

"Running Make libs in ps7_cortexa9_0/libsrc/axidma_v9_18/src"

"Running Make libs in ps7_cortexa9_0/libsrc/axivdma_v6_15/src"

make -C ps7_cortexa9_0/libsrc/axidma_v9_18/src -s libs  "SHELL=CMD" "COMPILER=arm-none-eabi-gcc" "ASSEMBLER=arm-none-eabi-as" "
ARCHIVER=arm-none-eabi-ar" "COMPILER_FLAGS=  -O2 -c" "EXTRA_COMPILER_FLAGS=-mcpu=cortex-a9 -mfpu=vfpv3 -mfloat-abi=hard -nostar
tfiles -g -Wall -Wextra -fno-tree-loop-distribute-patterns"

"Running Make libs in ps7_cortexa9_0/libsrc/coresightps_dcc_v1_10/src"

make -C ps7_cortexa9_0/libsrc/axivdma_v6_15/src -s libs  "SHELL=CMD" "COMPILER=arm-none-eabi-gcc" "ASSEMBLER=arm-none-eabi-as" 
"ARCHIVER=arm-none-eabi-ar" "COMPILER_FLAGS=  -O2 -c" "EXTRA_COMPILER_FLAGS=-mcpu=cortex-a9 -mfpu=vfpv3 -mfloat-abi=hard -nosta
rtfiles -g -Wall -Wextra -fno-tree-loop-distribute-patterns"

"Running Make libs in ps7_cortexa9_0/libsrc/cpu_cortexa9_v2_12/src"

"Running Make libs in ps7_cortexa9_0/libsrc/ddrps_v1_2/src"

make -C ps7_cortexa9_0/libsrc/coresightps_dcc_v1_10/src -s libs  "SHELL=CMD" "COMPILER=arm-none-eabi-gcc" "ASSEMBLER=arm-none-e
abi-as" "ARCHIVER=arm-none-eabi-ar" "COMPILER_FLAGS=  -O2 -c" "EXTRA_COMPILER_FLAGS=-mcpu=cortex-a9 -mfpu=vfpv3 -mfloat-abi=har
d -nostartfiles -g -Wall -Wextra -fno-tree-loop-distribute-patterns"

make -C ps7_cortexa9_0/libsrc/cpu_cortexa9_v2_12/src -s libs  "SHELL=CMD" "COMPILER=arm-none-eabi-gcc" "ASSEMBLER=arm-none-eabi
-as" "ARCHIVER=arm-none-eabi-ar" "COMPILER_FLAGS=  -O2 -c" "EXTRA_COMPILER_FLAGS=-mcpu=cortex-a9 -mfpu=vfpv3 -mfloat-abi=hard -
nostartfiles -g -Wall -Wextra -fno-tree-loop-distribute-patterns"

"Running Make libs in ps7_cortexa9_0/libsrc/devcfg_v3_8/src"

make -C ps7_cortexa9_0/libsrc/ddrps_v1_2/src -s libs  "SHELL=CMD" "COMPILER=arm-none-eabi-gcc" "ASSEMBLER=arm-none-eabi-as" "AR
CHIVER=arm-none-eabi-ar" "COMPILER_FLAGS=  -O2 -c" "EXTRA_COMPILER_FLAGS=-mcpu=cortex-a9 -mfpu=vfpv3 -mfloat-abi=hard -nostartf
iles -g -Wall -Wextra -fno-tree-loop-distribute-patterns"

make -C ps7_cortexa9_0/libsrc/devcfg_v3_8/src -s libs  "SHELL=CMD" "COMPILER=arm-none-eabi-gcc" "ASSEMBLER=arm-none-eabi-as" "A
RCHIVER=arm-none-eabi-ar" "COMPILER_FLAGS=  -O2 -c" "EXTRA_COMPILER_FLAGS=-mcpu=cortex-a9 -mfpu=vfpv3 -mfloat-abi=hard -nostart
files -g -Wall -Wextra -fno-tree-loop-distribute-patterns"

"Running Make libs in ps7_cortexa9_0/libsrc/dmaps_v2_10/src"

make -C ps7_cortexa9_0/libsrc/dmaps_v2_10/src -s libs  "SHELL=CMD" "COMPILER=arm-none-eabi-gcc" "ASSEMBLER=arm-none-eabi-as" "A
RCHIVER=arm-none-eabi-ar" "COMPILER_FLAGS=  -O2 -c" "EXTRA_COMPILER_FLAGS=-mcpu=cortex-a9 -mfpu=vfpv3 -mfloat-abi=hard -nostart
files -g -Wall -Wextra -fno-tree-loop-distribute-patterns"

"Running Make libs in ps7_cortexa9_0/libsrc/emacps_v3_20/src"

make -C ps7_cortexa9_0/libsrc/emacps_v3_20/src -s libs  "SHELL=CMD" "COMPILER=arm-none-eabi-gcc" "ASSEMBLER=arm-none-eabi-as" "
ARCHIVER=arm-none-eabi-ar" "COMPILER_FLAGS=  -O2 -c" "EXTRA_COMPILER_FLAGS=-mcpu=cortex-a9 -mfpu=vfpv3 -mfloat-abi=hard -nostar
tfiles -g -Wall -Wextra -fno-tree-loop-distribute-patterns"

"Running Make libs in ps7_cortexa9_0/libsrc/gpiops_v3_13/src"

make -C ps7_cortexa9_0/libsrc/gpiops_v3_13/src -s libs  "SHELL=CMD" "COMPILER=arm-none-eabi-gcc" "ASSEMBLER=arm-none-eabi-as" "
ARCHIVER=arm-none-eabi-ar" "COMPILER_FLAGS=  -O2 -c" "EXTRA_COMPILER_FLAGS=-mcpu=cortex-a9 -mfpu=vfpv3 -mfloat-abi=hard -nostar
tfiles -g -Wall -Wextra -fno-tree-loop-distribute-patterns"

"Running Make libs in ps7_cortexa9_0/libsrc/qspips_v3_12/src"

"Running Make libs in ps7_cortexa9_0/libsrc/scugic_v5_3/src"

make -C ps7_cortexa9_0/libsrc/qspips_v3_12/src -s libs  "SHELL=CMD" "COMPILER=arm-none-eabi-gcc" "ASSEMBLER=arm-none-eabi-as" "
ARCHIVER=arm-none-eabi-ar" "COMPILER_FLAGS=  -O2 -c" "EXTRA_COMPILER_FLAGS=-mcpu=cortex-a9 -mfpu=vfpv3 -mfloat-abi=hard -nostar
tfiles -g -Wall -Wextra -fno-tree-loop-distribute-patterns"

"Running Make libs in ps7_cortexa9_0/libsrc/scutimer_v2_6/src"

make -C ps7_cortexa9_0/libsrc/scugic_v5_3/src -s libs  "SHELL=CMD" "COMPILER=arm-none-eabi-gcc" "ASSEMBLER=arm-none-eabi-as" "A
RCHIVER=arm-none-eabi-ar" "COMPILER_FLAGS=  -O2 -c" "EXTRA_COMPILER_FLAGS=-mcpu=cortex-a9 -mfpu=vfpv3 -mfloat-abi=hard -nostart
files -g -Wall -Wextra -fno-tree-loop-distribute-patterns"

make -C ps7_cortexa9_0/libsrc/scutimer_v2_6/src -s libs  "SHELL=CMD" "COMPILER=arm-none-eabi-gcc" "ASSEMBLER=arm-none-eabi-as" 
"ARCHIVER=arm-none-eabi-ar" "COMPILER_FLAGS=  -O2 -c" "EXTRA_COMPILER_FLAGS=-mcpu=cortex-a9 -mfpu=vfpv3 -mfloat-abi=hard -nosta
rtfiles -g -Wall -Wextra -fno-tree-loop-distribute-patterns"

"Running Make libs in ps7_cortexa9_0/libsrc/scuwdt_v2_5/src"

make -C ps7_cortexa9_0/libsrc/scuwdt_v2_5/src -s libs  "SHELL=CMD" "COMPILER=arm-none-eabi-gcc" "ASSEMBLER=arm-none-eabi-as" "A
RCHIVER=arm-none-eabi-ar" "COMPILER_FLAGS=  -O2 -c" "EXTRA_COMPILER_FLAGS=-mcpu=cortex-a9 -mfpu=vfpv3 -mfloat-abi=hard -nostart
files -g -Wall -Wextra -fno-tree-loop-distribute-patterns"

"Running Make libs in ps7_cortexa9_0/libsrc/sdps_v4_3/src"

make -C ps7_cortexa9_0/libsrc/sdps_v4_3/src -s libs  "SHELL=CMD" "COMPILER=arm-none-eabi-gcc" "ASSEMBLER=arm-none-eabi-as" "ARC
HIVER=arm-none-eabi-ar" "COMPILER_FLAGS=  -O2 -c" "EXTRA_COMPILER_FLAGS=-mcpu=cortex-a9 -mfpu=vfpv3 -mfloat-abi=hard -nostartfi
les -g -Wall -Wextra -fno-tree-loop-distribute-patterns"

xaxivdma_g.c:58:9: warning: missing initializer for field 'IntrId' of 'XAxiVdma_Config' [-Wmissing-field-initializers]
   58 |         }
      |         ^
In file included from xaxivdma_g.c:17:
xaxivdma.h:453:13: note: 'IntrId' declared here
  453 |         u16 IntrId[2]; /** Bits[11:0] Interrupt-id Bits[15:12] trigger type and level flags */
      |             ^~~~~~
"Running Make libs in ps7_cortexa9_0/libsrc/standalone_v9_1/src"

make -C ps7_cortexa9_0/libsrc/standalone_v9_1/src -s libs  "SHELL=CMD" "COMPILER=arm-none-eabi-gcc" "ASSEMBLER=arm-none-eabi-as
" "ARCHIVER=arm-none-eabi-ar" "COMPILER_FLAGS=  -O2 -c" "EXTRA_COMPILER_FLAGS=-mcpu=cortex-a9 -mfpu=vfpv3 -mfloat-abi=hard -nos
tartfiles -g -Wall -Wextra -fno-tree-loop-distribute-patterns"

"Running Make libs in ps7_cortexa9_0/libsrc/uartps_v3_14/src"

make -C ps7_cortexa9_0/libsrc/uartps_v3_14/src -s libs  "SHELL=CMD" "COMPILER=arm-none-eabi-gcc" "ASSEMBLER=arm-none-eabi-as" "
ARCHIVER=arm-none-eabi-ar" "COMPILER_FLAGS=  -O2 -c" "EXTRA_COMPILER_FLAGS=-mcpu=cortex-a9 -mfpu=vfpv3 -mfloat-abi=hard -nostar
tfiles -g -Wall -Wextra -fno-tree-loop-distribute-patterns"

In file included from xuartps_intr.c:31:
xuartps.h:450: warning: "XUartPs_IsTransmitEmpty" redefined
  450 | #define XUartPs_IsTransmitEmpty(InstancePtr)                            \
      | 
In file included from xuartps.h:170:
xuartps_hw.h:424: note: this is the location of the previous definition
  424 | #define XUartPs_IsTransmitEmpty(BaseAddress)                     \
      | 
"Running Make libs in ps7_cortexa9_0/libsrc/usbps_v2_9/src"

make -C ps7_cortexa9_0/libsrc/usbps_v2_9/src -s libs  "SHELL=CMD" "COMPILER=arm-none-eabi-gcc" "ASSEMBLER=arm-none-eabi-as" "AR
CHIVER=arm-none-eabi-ar" "COMPILER_FLAGS=  -O2 -c" "EXTRA_COMPILER_FLAGS=-mcpu=cortex-a9 -mfpu=vfpv3 -mfloat-abi=hard -nostartf
iles -g -Wall -Wextra -fno-tree-loop-distribute-patterns"

In file included from xuartps_options.c:33:
xuartps.h:450: warning: "XUartPs_IsTransmitEmpty" redefined
  450 | #define XUartPs_IsTransmitEmpty(InstancePtr)                            \
      | 
In file included from xuartps.h:170:
xuartps_hw.h:424: note: this is the location of the previous definition
  424 | #define XUartPs_IsTransmitEmpty(BaseAddress)                     \
      | 
In file included from xuartps_sinit.c:34:
xuartps.h:450: warning: "XUartPs_IsTransmitEmpty" redefined
  450 | #define XUartPs_IsTransmitEmpty(InstancePtr)                            \
      | 
In file included from xuartps.h:170:
xuartps_hw.h:424: note: this is the location of the previous definition
  424 | #define XUartPs_IsTransmitEmpty(BaseAddress)                     \
      | 
"Running Make libs in ps7_cortexa9_0/libsrc/xadcps_v2_7/src"

make -C ps7_cortexa9_0/libsrc/xadcps_v2_7/src -s libs  "SHELL=CMD" "COMPILER=arm-none-eabi-gcc" "ASSEMBLER=arm-none-eabi-as" "A
RCHIVER=arm-none-eabi-ar" "COMPILER_FLAGS=  -O2 -c" "EXTRA_COMPILER_FLAGS=-mcpu=cortex-a9 -mfpu=vfpv3 -mfloat-abi=hard -nostart
files -g -Wall -Wextra -fno-tree-loop-distribute-patterns"

In file included from xuartps.c:37:
xuartps.h:450: warning: "XUartPs_IsTransmitEmpty" redefined
  450 | #define XUartPs_IsTransmitEmpty(InstancePtr)                            \
      | 
In file included from xuartps.h:170:
xuartps_hw.h:424: note: this is the location of the previous definition
  424 | #define XUartPs_IsTransmitEmpty(BaseAddress)                     \
      | 
In file included from xuartps_selftest.c:32:
xuartps.h:450: warning: "XUartPs_IsTransmitEmpty" redefined
  450 | #define XUartPs_IsTransmitEmpty(InstancePtr)                            \
      | 
In file included from xuartps.h:170:
xuartps_hw.h:424: note: this is the location of the previous definition
  424 | #define XUartPs_IsTransmitEmpty(BaseAddress)                     \
      | 
In file included from xuartps_g.c:17:
xuartps.h:450: warning: "XUartPs_IsTransmitEmpty" redefined
  450 | #define XUartPs_IsTransmitEmpty(InstancePtr)                            \
      | 
In file included from xuartps.h:170:
xuartps_hw.h:424: note: this is the location of the previous definition
  424 | #define XUartPs_IsTransmitEmpty(BaseAddress)                     \
      | 
xtime_l.c:45:9: note: '#pragma message: For the sleep routines, Global timer is being used'
   45 | #pragma message ("For the sleep routines, Global timer is being used")
      |         ^~~~~~~
'Finished building libraries parallelly.'

make --no-print-directory archive

arm-none-eabi-ar -r  ps7_cortexa9_0/lib/libxil.a ps7_cortexa9_0/lib/_exit.o ps7_cortexa9_0/lib/_open.o ps7_cortexa9_0/lib/_sbrk
.o ps7_cortexa9_0/lib/abort.o ps7_cortexa9_0/lib/asm_vectors.o ps7_cortexa9_0/lib/boot.o ps7_cortexa9_0/lib/close.o ps7_cortexa
9_0/lib/cpputest_time.o ps7_cortexa9_0/lib/cpu_init.o ps7_cortexa9_0/lib/errno.o ps7_cortexa9_0/lib/fcntl.o ps7_cortexa9_0/lib/
fstat.o ps7_cortexa9_0/lib/getentropy.o ps7_cortexa9_0/lib/getpid.o ps7_cortexa9_0/lib/inbyte.o ps7_cortexa9_0/lib/isatty.o ps7
_cortexa9_0/lib/kill.o ps7_cortexa9_0/lib/lseek.o ps7_cortexa9_0/lib/open.o ps7_cortexa9_0/lib/outbyte.o ps7_cortexa9_0/lib/pri
nt.o ps7_cortexa9_0/lib/putnum.o ps7_cortexa9_0/lib/read.o ps7_cortexa9_0/lib/sbrk.o ps7_cortexa9_0/lib/sleep.o ps7_cortexa9_0/
lib/time.o ps7_cortexa9_0/lib/translation_table.o ps7_cortexa9_0/lib/unlink.o ps7_cortexa9_0/lib/usleep.o ps7_cortexa9_0/lib/ve
ctors.o ps7_cortexa9_0/lib/write.o ps7_cortexa9_0/lib/xadcps.o ps7_cortexa9_0/lib/xadcps_g.o ps7_cortexa9_0/lib/xadcps_intr.o p
s7_cortexa9_0/lib/xadcps_selftest.o ps7_cortexa9_0/lib/xadcps_sinit.o ps7_cortexa9_0/lib/xaxidma.o ps7_cortexa9_0/lib/xaxidma_b
d.o ps7_cortexa9_0/lib/xaxidma_bdring.o ps7_cortexa9_0/lib/xaxidma_g.o ps7_cortexa9_0/lib/xaxidma_selftest.o ps7_cortexa9_0/lib
/xaxidma_sinit.o ps7_cortexa9_0/lib/xaxivdma.o ps7_cortexa9_0/lib/xaxivdma_channel.o ps7_cortexa9_0/lib/xaxivdma_g.o ps7_cortex
a9_0/lib/xaxivdma_intr.o ps7_cortexa9_0/lib/xaxivdma_selftest.o ps7_cortexa9_0/lib/xaxivdma_sinit.o ps7_cortexa9_0/lib/xcoresig
htpsdcc.o ps7_cortexa9_0/lib/xdevcfg.o ps7_cortexa9_0/lib/xdevcfg_g.o ps7_cortexa9_0/lib/xdevcfg_hw.o ps7_cortexa9_0/lib/xdevcf
g_intr.o ps7_cortexa9_0/lib/xdevcfg_selftest.o ps7_cortexa9_0/lib/xdevcfg_sinit.o ps7_cortexa9_0/lib/xdmaps.o ps7_cortexa9_0/li
b/xdmaps_g.o ps7_cortexa9_0/lib/xdmaps_hw.o ps7_cortexa9_0/lib/xdmaps_selftest.o ps7_cortexa9_0/lib/xdmaps_sinit.o ps7_cortexa9
_0/lib/xemacps.o ps7_cortexa9_0/lib/xemacps_bdring.o ps7_cortexa9_0/lib/xemacps_control.o ps7_cortexa9_0/lib/xemacps_g.o ps7_co
rtexa9_0/lib/xemacps_hw.o ps7_cortexa9_0/lib/xemacps_intr.o ps7_cortexa9_0/lib/xemacps_sinit.o ps7_cortexa9_0/lib/xgpiops.o ps7
_cortexa9_0/lib/xgpiops_g.o ps7_cortexa9_0/lib/xgpiops_hw.o ps7_cortexa9_0/lib/xgpiops_intr.o ps7_cortexa9_0/lib/xgpiops_selfte
st.o ps7_cortexa9_0/lib/xgpiops_sinit.o ps7_cortexa9_0/lib/xil-crt0.o ps7_cortexa9_0/lib/xil_assert.o ps7_cortexa9_0/lib/xil_ca
che.o ps7_cortexa9_0/lib/xil_clocking.o ps7_cortexa9_0/lib/xil_exception.o ps7_cortexa9_0/lib/xil_mem.o ps7_cortexa9_0/lib/xil_
misc_psreset_api.o ps7_cortexa9_0/lib/xil_mmu.o ps7_cortexa9_0/lib/xil_printf.o ps7_cortexa9_0/lib/xil_sleepcommon.o ps7_cortex
a9_0/lib/xil_sleeptimer.o ps7_cortexa9_0/lib/xil_spinlock.o ps7_cortexa9_0/lib/xil_testcache.o ps7_cortexa9_0/lib/xil_testio.o 
ps7_cortexa9_0/lib/xil_testmem.o ps7_cortexa9_0/lib/xil_util.o ps7_cortexa9_0/lib/xinterrupt_wrap.o ps7_cortexa9_0/lib/xl2cc_co
unter.o ps7_cortexa9_0/lib/xplatform_info.o ps7_cortexa9_0/lib/xpm_counter.o ps7_cortexa9_0/lib/xpm_init.o ps7_cortexa9_0/lib/x
qspips.o ps7_cortexa9_0/lib/xqspips_g.o ps7_cortexa9_0/lib/xqspips_hw.o ps7_cortexa9_0/lib/xqspips_options.o ps7_cortexa9_0/lib
/xqspips_selftest.o ps7_cortexa9_0/lib/xqspips_sinit.o ps7_cortexa9_0/lib/xsa_tiny_fpga_top.o ps7_cortexa9_0/lib/xsa_tiny_fpga_
top_g.o ps7_cortexa9_0/lib/xsa_tiny_fpga_top_linux.o ps7_cortexa9_0/lib/xsa_tiny_fpga_top_sinit.o ps7_cortexa9_0/lib/xscugic.o 
ps7_cortexa9_0/lib/xscugic_g.o ps7_cortexa9_0/lib/xscugic_hw.o ps7_cortexa9_0/lib/xscugic_intr.o ps7_cortexa9_0/lib/xscugic_sel
ftest.o ps7_cortexa9_0/lib/xscugic_sinit.o ps7_cortexa9_0/lib/xscutimer.o ps7_cortexa9_0/lib/xscutimer_g.o ps7_cortexa9_0/lib/x
scutimer_selftest.o ps7_cortexa9_0/lib/xscutimer_sinit.o ps7_cortexa9_0/lib/xscuwdt.o ps7_cortexa9_0/lib/xscuwdt_g.o ps7_cortex
a9_0/lib/xscuwdt_selftest.o ps7_cortexa9_0/lib/xscuwdt_sinit.o ps7_cortexa9_0/lib/xsdps.o ps7_cortexa9_0/lib/xsdps_card.o ps7_c
ortexa9_0/lib/xsdps_g.o ps7_cortexa9_0/lib/xsdps_host.o ps7_cortexa9_0/lib/xsdps_options.o ps7_cortexa9_0/lib/xsdps_sinit.o ps7
_cortexa9_0/lib/xtime_l.o ps7_cortexa9_0/lib/xuartps.o ps7_cortexa9_0/lib/xuartps_g.o ps7_cortexa9_0/lib/xuartps_hw.o ps7_corte
xa9_0/lib/xuartps_intr.o ps7_cortexa9_0/lib/xuartps_options.o ps7_cortexa9_0/lib/xuartps_selftest.o ps7_cortexa9_0/lib/xuartps_
sinit.o ps7_cortexa9_0/lib/xusbps.o ps7_cortexa9_0/lib/xusbps_endpoint.o ps7_cortexa9_0/lib/xusbps_g.o ps7_cortexa9_0/lib/xusbp
s_hw.o ps7_cortexa9_0/lib/xusbps_intr.o ps7_cortexa9_0/lib/xusbps_sinit.o

'Finished building libraries'

[build] creating app spike_accel_w9_smoke
WARNING: sysconfig command is DEPRECATED.

Only one system configuration will be allowed in a platform.
If no system configuration is present, creating a domain will create the system configuration.

WARNING: sysconfig command is DEPRECATED.

Only one system configuration will be allowed in a platform.
If no system configuration is present, creating a domain will create the system configuration.

WARNING: sysconfig command is DEPRECATED.

Only one system configuration will be allowed in a platform.
If no system configuration is present, creating a domain will create the system configuration.

WARNING: sysconfig command is DEPRECATED.

Only one system configuration will be allowed in a platform.
If no system configuration is present, creating a domain will create the system configuration.

[build] importing src/
[build] app build鈥?
Building the zynq_fsbl application.
make: Entering directory 'C:/Users/jielu/Desktop/Workspace/SpikeYOLO_FPGA/vitis_workspace/spike_zybo_baremetal_plat/zynq_fsbl/z
ynq_fsbl_bsp'

make --no-print-directory seq_libs

"Running Make include in ps7_cortexa9_0/libsrc/axidma_v9_18/src"

make -C ps7_cortexa9_0/libsrc/axidma_v9_18/src -s include  "SHELL=CMD" "COMPILER=arm-none-eabi-gcc" "ASSEMBLER=arm-none-eabi-as
" "ARCHIVER=arm-none-eabi-ar" "COMPILER_FLAGS=  -O2 -c" "EXTRA_COMPILER_FLAGS=-mcpu=cortex-a9 -mfpu=vfpv3 -mfloat-abi=hard -nos
tartfiles -g -Wall -Wextra -fno-tree-loop-distribute-patterns"

"Running Make include in ps7_cortexa9_0/libsrc/axivdma_v6_15/src"

make -C ps7_cortexa9_0/libsrc/axivdma_v6_15/src -s include  "SHELL=CMD" "COMPILER=arm-none-eabi-gcc" "ASSEMBLER=arm-none-eabi-a
s" "ARCHIVER=arm-none-eabi-ar" "COMPILER_FLAGS=  -O2 -c" "EXTRA_COMPILER_FLAGS=-mcpu=cortex-a9 -mfpu=vfpv3 -mfloat-abi=hard -no
startfiles -g -Wall -Wextra -fno-tree-loop-distribute-patterns"

"Running Make include in ps7_cortexa9_0/libsrc/coresightps_dcc_v1_10/src"

make -C ps7_cortexa9_0/libsrc/coresightps_dcc_v1_10/src -s include  "SHELL=CMD" "COMPILER=arm-none-eabi-gcc" "ASSEMBLER=arm-non
e-eabi-as" "ARCHIVER=arm-none-eabi-ar" "COMPILER_FLAGS=  -O2 -c" "EXTRA_COMPILER_FLAGS=-mcpu=cortex-a9 -mfpu=vfpv3 -mfloat-abi=
hard -nostartfiles -g -Wall -Wextra -fno-tree-loop-distribute-patterns"

"Running Make include in ps7_cortexa9_0/libsrc/cpu_cortexa9_v2_12/src"

make -C ps7_cortexa9_0/libsrc/cpu_cortexa9_v2_12/src -s include  "SHELL=CMD" "COMPILER=arm-none-eabi-gcc" "ASSEMBLER=arm-none-e
abi-as" "ARCHIVER=arm-none-eabi-ar" "COMPILER_FLAGS=  -O2 -c" "EXTRA_COMPILER_FLAGS=-mcpu=cortex-a9 -mfpu=vfpv3 -mfloat-abi=har
d -nostartfiles -g -Wall -Wextra -fno-tree-loop-distribute-patterns"

"Running Make include in ps7_cortexa9_0/libsrc/ddrps_v1_2/src"

make -C ps7_cortexa9_0/libsrc/ddrps_v1_2/src -s include  "SHELL=CMD" "COMPILER=arm-none-eabi-gcc" "ASSEMBLER=arm-none-eabi-as" 
"ARCHIVER=arm-none-eabi-ar" "COMPILER_FLAGS=  -O2 -c" "EXTRA_COMPILER_FLAGS=-mcpu=cortex-a9 -mfpu=vfpv3 -mfloat-abi=hard -nosta
rtfiles -g -Wall -Wextra -fno-tree-loop-distribute-patterns"

"Running Make include in ps7_cortexa9_0/libsrc/devcfg_v3_8/src"

make -C ps7_cortexa9_0/libsrc/devcfg_v3_8/src -s include  "SHELL=CMD" "COMPILER=arm-none-eabi-gcc" "ASSEMBLER=arm-none-eabi-as"
 "ARCHIVER=arm-none-eabi-ar" "COMPILER_FLAGS=  -O2 -c" "EXTRA_COMPILER_FLAGS=-mcpu=cortex-a9 -mfpu=vfpv3 -mfloat-abi=hard -nost
artfiles -g -Wall -Wextra -fno-tree-loop-distribute-patterns"

"Running Make include in ps7_cortexa9_0/libsrc/dmaps_v2_10/src"

make -C ps7_cortexa9_0/libsrc/dmaps_v2_10/src -s include  "SHELL=CMD" "COMPILER=arm-none-eabi-gcc" "ASSEMBLER=arm-none-eabi-as"
 "ARCHIVER=arm-none-eabi-ar" "COMPILER_FLAGS=  -O2 -c" "EXTRA_COMPILER_FLAGS=-mcpu=cortex-a9 -mfpu=vfpv3 -mfloat-abi=hard -nost
artfiles -g -Wall -Wextra -fno-tree-loop-distribute-patterns"

"Running Make include in ps7_cortexa9_0/libsrc/emacps_v3_20/src"

make -C ps7_cortexa9_0/libsrc/emacps_v3_20/src -s include  "SHELL=CMD" "COMPILER=arm-none-eabi-gcc" "ASSEMBLER=arm-none-eabi-as
" "ARCHIVER=arm-none-eabi-ar" "COMPILER_FLAGS=  -O2 -c" "EXTRA_COMPILER_FLAGS=-mcpu=cortex-a9 -mfpu=vfpv3 -mfloat-abi=hard -nos
tartfiles -g -Wall -Wextra -fno-tree-loop-distribute-patterns"

"Running Make include in ps7_cortexa9_0/libsrc/gpiops_v3_13/src"

make -C ps7_cortexa9_0/libsrc/gpiops_v3_13/src -s include  "SHELL=CMD" "COMPILER=arm-none-eabi-gcc" "ASSEMBLER=arm-none-eabi-as
" "ARCHIVER=arm-none-eabi-ar" "COMPILER_FLAGS=  -O2 -c" "EXTRA_COMPILER_FLAGS=-mcpu=cortex-a9 -mfpu=vfpv3 -mfloat-abi=hard -nos
tartfiles -g -Wall -Wextra -fno-tree-loop-distribute-patterns"

"Running Make include in ps7_cortexa9_0/libsrc/qspips_v3_12/src"

make -C ps7_cortexa9_0/libsrc/qspips_v3_12/src -s include  "SHELL=CMD" "COMPILER=arm-none-eabi-gcc" "ASSEMBLER=arm-none-eabi-as
" "ARCHIVER=arm-none-eabi-ar" "COMPILER_FLAGS=  -O2 -c" "EXTRA_COMPILER_FLAGS=-mcpu=cortex-a9 -mfpu=vfpv3 -mfloat-abi=hard -nos
tartfiles -g -Wall -Wextra -fno-tree-loop-distribute-patterns"

"Running Make include in ps7_cortexa9_0/libsrc/sa_tiny_fpga_top_v1_0/src"

make -C ps7_cortexa9_0/libsrc/sa_tiny_fpga_top_v1_0/src -s include  "SHELL=CMD" "COMPILER=arm-none-eabi-gcc" "ASSEMBLER=arm-non
e-eabi-as" "ARCHIVER=arm-none-eabi-ar" "COMPILER_FLAGS=  -O2 -c" "EXTRA_COMPILER_FLAGS=-mcpu=cortex-a9 -mfpu=vfpv3 -mfloat-abi=
hard -nostartfiles -g -Wall -Wextra -fno-tree-loop-distribute-patterns"

"Running Make include in ps7_cortexa9_0/libsrc/scugic_v5_3/src"

make -C ps7_cortexa9_0/libsrc/scugic_v5_3/src -s include  "SHELL=CMD" "COMPILER=arm-none-eabi-gcc" "ASSEMBLER=arm-none-eabi-as"
 "ARCHIVER=arm-none-eabi-ar" "COMPILER_FLAGS=  -O2 -c" "EXTRA_COMPILER_FLAGS=-mcpu=cortex-a9 -mfpu=vfpv3 -mfloat-abi=hard -nost
artfiles -g -Wall -Wextra -fno-tree-loop-distribute-patterns"

"Running Make include in ps7_cortexa9_0/libsrc/scutimer_v2_6/src"

make -C ps7_cortexa9_0/libsrc/scutimer_v2_6/src -s include  "SHELL=CMD" "COMPILER=arm-none-eabi-gcc" "ASSEMBLER=arm-none-eabi-a
s" "ARCHIVER=arm-none-eabi-ar" "COMPILER_FLAGS=  -O2 -c" "EXTRA_COMPILER_FLAGS=-mcpu=cortex-a9 -mfpu=vfpv3 -mfloat-abi=hard -no
startfiles -g -Wall -Wextra -fno-tree-loop-distribute-patterns"

"Running Make include in ps7_cortexa9_0/libsrc/scuwdt_v2_5/src"

make -C ps7_cortexa9_0/libsrc/scuwdt_v2_5/src -s include  "SHELL=CMD" "COMPILER=arm-none-eabi-gcc" "ASSEMBLER=arm-none-eabi-as"
 "ARCHIVER=arm-none-eabi-ar" "COMPILER_FLAGS=  -O2 -c" "EXTRA_COMPILER_FLAGS=-mcpu=cortex-a9 -mfpu=vfpv3 -mfloat-abi=hard -nost
artfiles -g -Wall -Wextra -fno-tree-loop-distribute-patterns"

"Running Make include in ps7_cortexa9_0/libsrc/sdps_v4_3/src"

make -C ps7_cortexa9_0/libsrc/sdps_v4_3/src -s include  "SHELL=CMD" "COMPILER=arm-none-eabi-gcc" "ASSEMBLER=arm-none-eabi-as" "
ARCHIVER=arm-none-eabi-ar" "COMPILER_FLAGS=  -O2 -c" "EXTRA_COMPILER_FLAGS=-mcpu=cortex-a9 -mfpu=vfpv3 -mfloat-abi=hard -nostar
tfiles -g -Wall -Wextra -fno-tree-loop-distribute-patterns"

"Running Make include in ps7_cortexa9_0/libsrc/standalone_v9_1/src"

make -C ps7_cortexa9_0/libsrc/standalone_v9_1/src -s include  "SHELL=CMD" "COMPILER=arm-none-eabi-gcc" "ASSEMBLER=arm-none-eabi
-as" "ARCHIVER=arm-none-eabi-ar" "COMPILER_FLAGS=  -O2 -c" "EXTRA_COMPILER_FLAGS=-mcpu=cortex-a9 -mfpu=vfpv3 -mfloat-abi=hard -
nostartfiles -g -Wall -Wextra -fno-tree-loop-distribute-patterns"

"Running Make include in ps7_cortexa9_0/libsrc/uartps_v3_14/src"

make -C ps7_cortexa9_0/libsrc/uartps_v3_14/src -s include  "SHELL=CMD" "COMPILER=arm-none-eabi-gcc" "ASSEMBLER=arm-none-eabi-as
" "ARCHIVER=arm-none-eabi-ar" "COMPILER_FLAGS=  -O2 -c" "EXTRA_COMPILER_FLAGS=-mcpu=cortex-a9 -mfpu=vfpv3 -mfloat-abi=hard -nos
tartfiles -g -Wall -Wextra -fno-tree-loop-distribute-patterns"

"Running Make include in ps7_cortexa9_0/libsrc/usbps_v2_9/src"

make -C ps7_cortexa9_0/libsrc/usbps_v2_9/src -s include  "SHELL=CMD" "COMPILER=arm-none-eabi-gcc" "ASSEMBLER=arm-none-eabi-as" 
"ARCHIVER=arm-none-eabi-ar" "COMPILER_FLAGS=  -O2 -c" "EXTRA_COMPILER_FLAGS=-mcpu=cortex-a9 -mfpu=vfpv3 -mfloat-abi=hard -nosta
rtfiles -g -Wall -Wextra -fno-tree-loop-distribute-patterns"

"Running Make include in ps7_cortexa9_0/libsrc/xadcps_v2_7/src"

make -C ps7_cortexa9_0/libsrc/xadcps_v2_7/src -s include  "SHELL=CMD" "COMPILER=arm-none-eabi-gcc" "ASSEMBLER=arm-none-eabi-as"
 "ARCHIVER=arm-none-eabi-ar" "COMPILER_FLAGS=  -O2 -c" "EXTRA_COMPILER_FLAGS=-mcpu=cortex-a9 -mfpu=vfpv3 -mfloat-abi=hard -nost
artfiles -g -Wall -Wextra -fno-tree-loop-distribute-patterns"

"Running Make include in ps7_cortexa9_0/libsrc/xilffs_v5_2/src"

make -C ps7_cortexa9_0/libsrc/xilffs_v5_2/src -s include  "SHELL=CMD" "COMPILER=arm-none-eabi-gcc" "ASSEMBLER=arm-none-eabi-as"
 "ARCHIVER=arm-none-eabi-ar" "COMPILER_FLAGS=  -O2 -c" "EXTRA_COMPILER_FLAGS=-mcpu=cortex-a9 -mfpu=vfpv3 -mfloat-abi=hard -nost
artfiles -g -Wall -Wextra -fno-tree-loop-distribute-patterns"

"Running Make include in ps7_cortexa9_0/libsrc/xilrsa_v1_8/src"

make -C ps7_cortexa9_0/libsrc/xilrsa_v1_8/src -s include  "SHELL=CMD" "COMPILER=arm-none-eabi-gcc" "ASSEMBLER=arm-none-eabi-as"
 "ARCHIVER=arm-none-eabi-ar" "COMPILER_FLAGS=  -O2 -c" "EXTRA_COMPILER_FLAGS=-mcpu=cortex-a9 -mfpu=vfpv3 -mfloat-abi=hard -nost
artfiles -g -Wall -Wextra -fno-tree-loop-distribute-patterns"

"Running Make libs in ps7_cortexa9_0/libsrc/sa_tiny_fpga_top_v1_0/src"

make -C ps7_cortexa9_0/libsrc/sa_tiny_fpga_top_v1_0/src -s libs  "SHELL=CMD" "COMPILER=arm-none-eabi-gcc" "ASSEMBLER=arm-none-e
abi-as" "ARCHIVER=arm-none-eabi-ar" "COMPILER_FLAGS=  -O2 -c" "EXTRA_COMPILER_FLAGS=-mcpu=cortex-a9 -mfpu=vfpv3 -mfloat-abi=har
d -nostartfiles -g -Wall -Wextra -fno-tree-loop-distribute-patterns"

"Building sa_tiny_fpga_top"

"Running Make libs in ps7_cortexa9_0/libsrc/xilrsa_v1_8/src"

make -C ps7_cortexa9_0/libsrc/xilrsa_v1_8/src -s libs  "SHELL=CMD" "COMPILER=arm-none-eabi-gcc" "ASSEMBLER=arm-none-eabi-as" "A
RCHIVER=arm-none-eabi-ar" "COMPILER_FLAGS=  -O2 -c" "EXTRA_COMPILER_FLAGS=-mcpu=cortex-a9 -mfpu=vfpv3 -mfloat-abi=hard -nostart
files -g -Wall -Wextra -fno-tree-loop-distribute-patterns"

'Finished building libraries sequentially.'

make -j 14 --no-print-directory par_libs

"Running Make include in ps7_cortexa9_0/libsrc/axidma_v9_18/src"

"Running Make include in ps7_cortexa9_0/libsrc/axivdma_v6_15/src"

make -C ps7_cortexa9_0/libsrc/axidma_v9_18/src -s include  "SHELL=CMD" "COMPILER=arm-none-eabi-gcc" "ASSEMBLER=arm-none-eabi-as
" "ARCHIVER=arm-none-eabi-ar" "COMPILER_FLAGS=  -O2 -c" "EXTRA_COMPILER_FLAGS=-mcpu=cortex-a9 -mfpu=vfpv3 -mfloat-abi=hard -nos
tartfiles -g -Wall -Wextra -fno-tree-loop-distribute-patterns"

"Running Make include in ps7_cortexa9_0/libsrc/coresightps_dcc_v1_10/src"

make -C ps7_cortexa9_0/libsrc/axivdma_v6_15/src -s include  "SHELL=CMD" "COMPILER=arm-none-eabi-gcc" "ASSEMBLER=arm-none-eabi-a
s" "ARCHIVER=arm-none-eabi-ar" "COMPILER_FLAGS=  -O2 -c" "EXTRA_COMPILER_FLAGS=-mcpu=cortex-a9 -mfpu=vfpv3 -mfloat-abi=hard -no
startfiles -g -Wall -Wextra -fno-tree-loop-distribute-patterns"

"Running Make include in ps7_cortexa9_0/libsrc/cpu_cortexa9_v2_12/src"

make -C ps7_cortexa9_0/libsrc/coresightps_dcc_v1_10/src -s include  "SHELL=CMD" "COMPILER=arm-none-eabi-gcc" "ASSEMBLER=arm-non
e-eabi-as" "ARCHIVER=arm-none-eabi-ar" "COMPILER_FLAGS=  -O2 -c" "EXTRA_COMPILER_FLAGS=-mcpu=cortex-a9 -mfpu=vfpv3 -mfloat-abi=
hard -nostartfiles -g -Wall -Wextra -fno-tree-loop-distribute-patterns"

"Running Make include in ps7_cortexa9_0/libsrc/ddrps_v1_2/src"

make -C ps7_cortexa9_0/libsrc/cpu_cortexa9_v2_12/src -s include  "SHELL=CMD" "COMPILER=arm-none-eabi-gcc" "ASSEMBLER=arm-none-e
abi-as" "ARCHIVER=arm-none-eabi-ar" "COMPILER_FLAGS=  -O2 -c" "EXTRA_COMPILER_FLAGS=-mcpu=cortex-a9 -mfpu=vfpv3 -mfloat-abi=har
d -nostartfiles -g -Wall -Wextra -fno-tree-loop-distribute-patterns"

make -C ps7_cortexa9_0/libsrc/ddrps_v1_2/src -s include  "SHELL=CMD" "COMPILER=arm-none-eabi-gcc" "ASSEMBLER=arm-none-eabi-as" 
"ARCHIVER=arm-none-eabi-ar" "COMPILER_FLAGS=  -O2 -c" "EXTRA_COMPILER_FLAGS=-mcpu=cortex-a9 -mfpu=vfpv3 -mfloat-abi=hard -nosta
rtfiles -g -Wall -Wextra -fno-tree-loop-distribute-patterns"

"Running Make include in ps7_cortexa9_0/libsrc/devcfg_v3_8/src"

make -C ps7_cortexa9_0/libsrc/devcfg_v3_8/src -s include  "SHELL=CMD" "COMPILER=arm-none-eabi-gcc" "ASSEMBLER=arm-none-eabi-as"
 "ARCHIVER=arm-none-eabi-ar" "COMPILER_FLAGS=  -O2 -c" "EXTRA_COMPILER_FLAGS=-mcpu=cortex-a9 -mfpu=vfpv3 -mfloat-abi=hard -nost
artfiles -g -Wall -Wextra -fno-tree-loop-distribute-patterns"

"Running Make include in ps7_cortexa9_0/libsrc/dmaps_v2_10/src"

make -C ps7_cortexa9_0/libsrc/dmaps_v2_10/src -s include  "SHELL=CMD" "COMPILER=arm-none-eabi-gcc" "ASSEMBLER=arm-none-eabi-as"
 "ARCHIVER=arm-none-eabi-ar" "COMPILER_FLAGS=  -O2 -c" "EXTRA_COMPILER_FLAGS=-mcpu=cortex-a9 -mfpu=vfpv3 -mfloat-abi=hard -nost
artfiles -g -Wall -Wextra -fno-tree-loop-distribute-patterns"

"Running Make include in ps7_cortexa9_0/libsrc/emacps_v3_20/src"

"Running Make include in ps7_cortexa9_0/libsrc/gpiops_v3_13/src"

make -C ps7_cortexa9_0/libsrc/emacps_v3_20/src -s include  "SHELL=CMD" "COMPILER=arm-none-eabi-gcc" "ASSEMBLER=arm-none-eabi-as
" "ARCHIVER=arm-none-eabi-ar" "COMPILER_FLAGS=  -O2 -c" "EXTRA_COMPILER_FLAGS=-mcpu=cortex-a9 -mfpu=vfpv3 -mfloat-abi=hard -nos
tartfiles -g -Wall -Wextra -fno-tree-loop-distribute-patterns"

"Running Make include in ps7_cortexa9_0/libsrc/qspips_v3_12/src"

make -C ps7_cortexa9_0/libsrc/gpiops_v3_13/src -s include  "SHELL=CMD" "COMPILER=arm-none-eabi-gcc" "ASSEMBLER=arm-none-eabi-as
" "ARCHIVER=arm-none-eabi-ar" "COMPILER_FLAGS=  -O2 -c" "EXTRA_COMPILER_FLAGS=-mcpu=cortex-a9 -mfpu=vfpv3 -mfloat-abi=hard -nos
tartfiles -g -Wall -Wextra -fno-tree-loop-distribute-patterns"

"Running Make include in ps7_cortexa9_0/libsrc/sa_tiny_fpga_top_v1_0/src"

make -C ps7_cortexa9_0/libsrc/qspips_v3_12/src -s include  "SHELL=CMD" "COMPILER=arm-none-eabi-gcc" "ASSEMBLER=arm-none-eabi-as
" "ARCHIVER=arm-none-eabi-ar" "COMPILER_FLAGS=  -O2 -c" "EXTRA_COMPILER_FLAGS=-mcpu=cortex-a9 -mfpu=vfpv3 -mfloat-abi=hard -nos
tartfiles -g -Wall -Wextra -fno-tree-loop-distribute-patterns"

make -C ps7_cortexa9_0/libsrc/sa_tiny_fpga_top_v1_0/src -s include  "SHELL=CMD" "COMPILER=arm-none-eabi-gcc" "ASSEMBLER=arm-non
e-eabi-as" "ARCHIVER=arm-none-eabi-ar" "COMPILER_FLAGS=  -O2 -c" "EXTRA_COMPILER_FLAGS=-mcpu=cortex-a9 -mfpu=vfpv3 -mfloat-abi=
hard -nostartfiles -g -Wall -Wextra -fno-tree-loop-distribute-patterns"

"Running Make include in ps7_cortexa9_0/libsrc/scugic_v5_3/src"

make -C ps7_cortexa9_0/libsrc/scugic_v5_3/src -s include  "SHELL=CMD" "COMPILER=arm-none-eabi-gcc" "ASSEMBLER=arm-none-eabi-as"
 "ARCHIVER=arm-none-eabi-ar" "COMPILER_FLAGS=  -O2 -c" "EXTRA_COMPILER_FLAGS=-mcpu=cortex-a9 -mfpu=vfpv3 -mfloat-abi=hard -nost
artfiles -g -Wall -Wextra -fno-tree-loop-distribute-patterns"

"Running Make include in ps7_cortexa9_0/libsrc/scutimer_v2_6/src"

make -C ps7_cortexa9_0/libsrc/scutimer_v2_6/src -s include  "SHELL=CMD" "COMPILER=arm-none-eabi-gcc" "ASSEMBLER=arm-none-eabi-a
s" "ARCHIVER=arm-none-eabi-ar" "COMPILER_FLAGS=  -O2 -c" "EXTRA_COMPILER_FLAGS=-mcpu=cortex-a9 -mfpu=vfpv3 -mfloat-abi=hard -no
startfiles -g -Wall -Wextra -fno-tree-loop-distribute-patterns"

"Running Make include in ps7_cortexa9_0/libsrc/scuwdt_v2_5/src"

make -C ps7_cortexa9_0/libsrc/scuwdt_v2_5/src -s include  "SHELL=CMD" "COMPILER=arm-none-eabi-gcc" "ASSEMBLER=arm-none-eabi-as"
 "ARCHIVER=arm-none-eabi-ar" "COMPILER_FLAGS=  -O2 -c" "EXTRA_COMPILER_FLAGS=-mcpu=cortex-a9 -mfpu=vfpv3 -mfloat-abi=hard -nost
artfiles -g -Wall -Wextra -fno-tree-loop-distribute-patterns"

"Running Make include in ps7_cortexa9_0/libsrc/sdps_v4_3/src"

make -C ps7_cortexa9_0/libsrc/sdps_v4_3/src -s include  "SHELL=CMD" "COMPILER=arm-none-eabi-gcc" "ASSEMBLER=arm-none-eabi-as" "
ARCHIVER=arm-none-eabi-ar" "COMPILER_FLAGS=  -O2 -c" "EXTRA_COMPILER_FLAGS=-mcpu=cortex-a9 -mfpu=vfpv3 -mfloat-abi=hard -nostar
tfiles -g -Wall -Wextra -fno-tree-loop-distribute-patterns"

"Running Make include in ps7_cortexa9_0/libsrc/standalone_v9_1/src"

make -C ps7_cortexa9_0/libsrc/standalone_v9_1/src -s include  "SHELL=CMD" "COMPILER=arm-none-eabi-gcc" "ASSEMBLER=arm-none-eabi
-as" "ARCHIVER=arm-none-eabi-ar" "COMPILER_FLAGS=  -O2 -c" "EXTRA_COMPILER_FLAGS=-mcpu=cortex-a9 -mfpu=vfpv3 -mfloat-abi=hard -
nostartfiles -g -Wall -Wextra -fno-tree-loop-distribute-patterns"

"Running Make include in ps7_cortexa9_0/libsrc/uartps_v3_14/src"

make -C ps7_cortexa9_0/libsrc/uartps_v3_14/src -s include  "SHELL=CMD" "COMPILER=arm-none-eabi-gcc" "ASSEMBLER=arm-none-eabi-as
" "ARCHIVER=arm-none-eabi-ar" "COMPILER_FLAGS=  -O2 -c" "EXTRA_COMPILER_FLAGS=-mcpu=cortex-a9 -mfpu=vfpv3 -mfloat-abi=hard -nos
tartfiles -g -Wall -Wextra -fno-tree-loop-distribute-patterns"

"Running Make include in ps7_cortexa9_0/libsrc/usbps_v2_9/src"

make -C ps7_cortexa9_0/libsrc/usbps_v2_9/src -s include  "SHELL=CMD" "COMPILER=arm-none-eabi-gcc" "ASSEMBLER=arm-none-eabi-as" 
"ARCHIVER=arm-none-eabi-ar" "COMPILER_FLAGS=  -O2 -c" "EXTRA_COMPILER_FLAGS=-mcpu=cortex-a9 -mfpu=vfpv3 -mfloat-abi=hard -nosta
rtfiles -g -Wall -Wextra -fno-tree-loop-distribute-patterns"

"Running Make include in ps7_cortexa9_0/libsrc/xadcps_v2_7/src"

make -C ps7_cortexa9_0/libsrc/xadcps_v2_7/src -s include  "SHELL=CMD" "COMPILER=arm-none-eabi-gcc" "ASSEMBLER=arm-none-eabi-as"
 "ARCHIVER=arm-none-eabi-ar" "COMPILER_FLAGS=  -O2 -c" "EXTRA_COMPILER_FLAGS=-mcpu=cortex-a9 -mfpu=vfpv3 -mfloat-abi=hard -nost
artfiles -g -Wall -Wextra -fno-tree-loop-distribute-patterns"

"Running Make include in ps7_cortexa9_0/libsrc/xilffs_v5_2/src"

make -C ps7_cortexa9_0/libsrc/xilffs_v5_2/src -s include  "SHELL=CMD" "COMPILER=arm-none-eabi-gcc" "ASSEMBLER=arm-none-eabi-as"
 "ARCHIVER=arm-none-eabi-ar" "COMPILER_FLAGS=  -O2 -c" "EXTRA_COMPILER_FLAGS=-mcpu=cortex-a9 -mfpu=vfpv3 -mfloat-abi=hard -nost
artfiles -g -Wall -Wextra -fno-tree-loop-distribute-patterns"

"Running Make include in ps7_cortexa9_0/libsrc/xilrsa_v1_8/src"

make -C ps7_cortexa9_0/libsrc/xilrsa_v1_8/src -s include  "SHELL=CMD" "COMPILER=arm-none-eabi-gcc" "ASSEMBLER=arm-none-eabi-as"
 "ARCHIVER=arm-none-eabi-ar" "COMPILER_FLAGS=  -O2 -c" "EXTRA_COMPILER_FLAGS=-mcpu=cortex-a9 -mfpu=vfpv3 -mfloat-abi=hard -nost
artfiles -g -Wall -Wextra -fno-tree-loop-distribute-patterns"

"Running Make libs in ps7_cortexa9_0/libsrc/axidma_v9_18/src"

"Running Make libs in ps7_cortexa9_0/libsrc/axivdma_v6_15/src"

make -C ps7_cortexa9_0/libsrc/axidma_v9_18/src -s libs  "SHELL=CMD" "COMPILER=arm-none-eabi-gcc" "ASSEMBLER=arm-none-eabi-as" "
ARCHIVER=arm-none-eabi-ar" "COMPILER_FLAGS=  -O2 -c" "EXTRA_COMPILER_FLAGS=-mcpu=cortex-a9 -mfpu=vfpv3 -mfloat-abi=hard -nostar
tfiles -g -Wall -Wextra -fno-tree-loop-distribute-patterns"

"Running Make libs in ps7_cortexa9_0/libsrc/coresightps_dcc_v1_10/src"

make -C ps7_cortexa9_0/libsrc/axivdma_v6_15/src -s libs  "SHELL=CMD" "COMPILER=arm-none-eabi-gcc" "ASSEMBLER=arm-none-eabi-as" 
"ARCHIVER=arm-none-eabi-ar" "COMPILER_FLAGS=  -O2 -c" "EXTRA_COMPILER_FLAGS=-mcpu=cortex-a9 -mfpu=vfpv3 -mfloat-abi=hard -nosta
rtfiles -g -Wall -Wextra -fno-tree-loop-distribute-patterns"

make -C ps7_cortexa9_0/libsrc/coresightps_dcc_v1_10/src -s libs  "SHELL=CMD" "COMPILER=arm-none-eabi-gcc" "ASSEMBLER=arm-none-e
abi-as" "ARCHIVER=arm-none-eabi-ar" "COMPILER_FLAGS=  -O2 -c" "EXTRA_COMPILER_FLAGS=-mcpu=cortex-a9 -mfpu=vfpv3 -mfloat-abi=har
d -nostartfiles -g -Wall -Wextra -fno-tree-loop-distribute-patterns"

"Running Make libs in ps7_cortexa9_0/libsrc/cpu_cortexa9_v2_12/src"

"Running Make libs in ps7_cortexa9_0/libsrc/ddrps_v1_2/src"

make -C ps7_cortexa9_0/libsrc/cpu_cortexa9_v2_12/src -s libs  "SHELL=CMD" "COMPILER=arm-none-eabi-gcc" "ASSEMBLER=arm-none-eabi
-as" "ARCHIVER=arm-none-eabi-ar" "COMPILER_FLAGS=  -O2 -c" "EXTRA_COMPILER_FLAGS=-mcpu=cortex-a9 -mfpu=vfpv3 -mfloat-abi=hard -
nostartfiles -g -Wall -Wextra -fno-tree-loop-distribute-patterns"

"Running Make libs in ps7_cortexa9_0/libsrc/devcfg_v3_8/src"

make -C ps7_cortexa9_0/libsrc/ddrps_v1_2/src -s libs  "SHELL=CMD" "COMPILER=arm-none-eabi-gcc" "ASSEMBLER=arm-none-eabi-as" "AR
CHIVER=arm-none-eabi-ar" "COMPILER_FLAGS=  -O2 -c" "EXTRA_COMPILER_FLAGS=-mcpu=cortex-a9 -mfpu=vfpv3 -mfloat-abi=hard -nostartf
iles -g -Wall -Wextra -fno-tree-loop-distribute-patterns"

make -C ps7_cortexa9_0/libsrc/devcfg_v3_8/src -s libs  "SHELL=CMD" "COMPILER=arm-none-eabi-gcc" "ASSEMBLER=arm-none-eabi-as" "A
RCHIVER=arm-none-eabi-ar" "COMPILER_FLAGS=  -O2 -c" "EXTRA_COMPILER_FLAGS=-mcpu=cortex-a9 -mfpu=vfpv3 -mfloat-abi=hard -nostart
files -g -Wall -Wextra -fno-tree-loop-distribute-patterns"

"Running Make libs in ps7_cortexa9_0/libsrc/dmaps_v2_10/src"

make -C ps7_cortexa9_0/libsrc/dmaps_v2_10/src -s libs  "SHELL=CMD" "COMPILER=arm-none-eabi-gcc" "ASSEMBLER=arm-none-eabi-as" "A
RCHIVER=arm-none-eabi-ar" "COMPILER_FLAGS=  -O2 -c" "EXTRA_COMPILER_FLAGS=-mcpu=cortex-a9 -mfpu=vfpv3 -mfloat-abi=hard -nostart
files -g -Wall -Wextra -fno-tree-loop-distribute-patterns"

"Running Make libs in ps7_cortexa9_0/libsrc/emacps_v3_20/src"

make -C ps7_cortexa9_0/libsrc/emacps_v3_20/src -s libs  "SHELL=CMD" "COMPILER=arm-none-eabi-gcc" "ASSEMBLER=arm-none-eabi-as" "
ARCHIVER=arm-none-eabi-ar" "COMPILER_FLAGS=  -O2 -c" "EXTRA_COMPILER_FLAGS=-mcpu=cortex-a9 -mfpu=vfpv3 -mfloat-abi=hard -nostar
tfiles -g -Wall -Wextra -fno-tree-loop-distribute-patterns"

"Running Make libs in ps7_cortexa9_0/libsrc/gpiops_v3_13/src"

make -C ps7_cortexa9_0/libsrc/gpiops_v3_13/src -s libs  "SHELL=CMD" "COMPILER=arm-none-eabi-gcc" "ASSEMBLER=arm-none-eabi-as" "
ARCHIVER=arm-none-eabi-ar" "COMPILER_FLAGS=  -O2 -c" "EXTRA_COMPILER_FLAGS=-mcpu=cortex-a9 -mfpu=vfpv3 -mfloat-abi=hard -nostar
tfiles -g -Wall -Wextra -fno-tree-loop-distribute-patterns"

"Running Make libs in ps7_cortexa9_0/libsrc/qspips_v3_12/src"

make -C ps7_cortexa9_0/libsrc/qspips_v3_12/src -s libs  "SHELL=CMD" "COMPILER=arm-none-eabi-gcc" "ASSEMBLER=arm-none-eabi-as" "
ARCHIVER=arm-none-eabi-ar" "COMPILER_FLAGS=  -O2 -c" "EXTRA_COMPILER_FLAGS=-mcpu=cortex-a9 -mfpu=vfpv3 -mfloat-abi=hard -nostar
tfiles -g -Wall -Wextra -fno-tree-loop-distribute-patterns"

"Running Make libs in ps7_cortexa9_0/libsrc/scugic_v5_3/src"

make -C ps7_cortexa9_0/libsrc/scugic_v5_3/src -s libs  "SHELL=CMD" "COMPILER=arm-none-eabi-gcc" "ASSEMBLER=arm-none-eabi-as" "A
RCHIVER=arm-none-eabi-ar" "COMPILER_FLAGS=  -O2 -c" "EXTRA_COMPILER_FLAGS=-mcpu=cortex-a9 -mfpu=vfpv3 -mfloat-abi=hard -nostart
files -g -Wall -Wextra -fno-tree-loop-distribute-patterns"

"Running Make libs in ps7_cortexa9_0/libsrc/scutimer_v2_6/src"

make -C ps7_cortexa9_0/libsrc/scutimer_v2_6/src -s libs  "SHELL=CMD" "COMPILER=arm-none-eabi-gcc" "ASSEMBLER=arm-none-eabi-as" 
"ARCHIVER=arm-none-eabi-ar" "COMPILER_FLAGS=  -O2 -c" "EXTRA_COMPILER_FLAGS=-mcpu=cortex-a9 -mfpu=vfpv3 -mfloat-abi=hard -nosta
rtfiles -g -Wall -Wextra -fno-tree-loop-distribute-patterns"

"Running Make libs in ps7_cortexa9_0/libsrc/scuwdt_v2_5/src"

make -C ps7_cortexa9_0/libsrc/scuwdt_v2_5/src -s libs  "SHELL=CMD" "COMPILER=arm-none-eabi-gcc" "ASSEMBLER=arm-none-eabi-as" "A
RCHIVER=arm-none-eabi-ar" "COMPILER_FLAGS=  -O2 -c" "EXTRA_COMPILER_FLAGS=-mcpu=cortex-a9 -mfpu=vfpv3 -mfloat-abi=hard -nostart
files -g -Wall -Wextra -fno-tree-loop-distribute-patterns"

"Running Make libs in ps7_cortexa9_0/libsrc/sdps_v4_3/src"

make -C ps7_cortexa9_0/libsrc/sdps_v4_3/src -s libs  "SHELL=CMD" "COMPILER=arm-none-eabi-gcc" "ASSEMBLER=arm-none-eabi-as" "ARC
HIVER=arm-none-eabi-ar" "COMPILER_FLAGS=  -O2 -c" "EXTRA_COMPILER_FLAGS=-mcpu=cortex-a9 -mfpu=vfpv3 -mfloat-abi=hard -nostartfi
les -g -Wall -Wextra -fno-tree-loop-distribute-patterns"

"Running Make libs in ps7_cortexa9_0/libsrc/standalone_v9_1/src"

"Running Make libs in ps7_cortexa9_0/libsrc/uartps_v3_14/src"

make -C ps7_cortexa9_0/libsrc/standalone_v9_1/src -s libs  "SHELL=CMD" "COMPILER=arm-none-eabi-gcc" "ASSEMBLER=arm-none-eabi-as
" "ARCHIVER=arm-none-eabi-ar" "COMPILER_FLAGS=  -O2 -c" "EXTRA_COMPILER_FLAGS=-mcpu=cortex-a9 -mfpu=vfpv3 -mfloat-abi=hard -nos
tartfiles -g -Wall -Wextra -fno-tree-loop-distribute-patterns"

make -C ps7_cortexa9_0/libsrc/uartps_v3_14/src -s libs  "SHELL=CMD" "COMPILER=arm-none-eabi-gcc" "ASSEMBLER=arm-none-eabi-as" "
ARCHIVER=arm-none-eabi-ar" "COMPILER_FLAGS=  -O2 -c" "EXTRA_COMPILER_FLAGS=-mcpu=cortex-a9 -mfpu=vfpv3 -mfloat-abi=hard -nostar
tfiles -g -Wall -Wextra -fno-tree-loop-distribute-patterns"

"Running Make libs in ps7_cortexa9_0/libsrc/usbps_v2_9/src"

make -C ps7_cortexa9_0/libsrc/usbps_v2_9/src -s libs  "SHELL=CMD" "COMPILER=arm-none-eabi-gcc" "ASSEMBLER=arm-none-eabi-as" "AR
CHIVER=arm-none-eabi-ar" "COMPILER_FLAGS=  -O2 -c" "EXTRA_COMPILER_FLAGS=-mcpu=cortex-a9 -mfpu=vfpv3 -mfloat-abi=hard -nostartf
iles -g -Wall -Wextra -fno-tree-loop-distribute-patterns"

"Running Make libs in ps7_cortexa9_0/libsrc/xadcps_v2_7/src"

make -C ps7_cortexa9_0/libsrc/xadcps_v2_7/src -s libs  "SHELL=CMD" "COMPILER=arm-none-eabi-gcc" "ASSEMBLER=arm-none-eabi-as" "A
RCHIVER=arm-none-eabi-ar" "COMPILER_FLAGS=  -O2 -c" "EXTRA_COMPILER_FLAGS=-mcpu=cortex-a9 -mfpu=vfpv3 -mfloat-abi=hard -nostart
files -g -Wall -Wextra -fno-tree-loop-distribute-patterns"

"Running Make libs in ps7_cortexa9_0/libsrc/xilffs_v5_2/src"

make -C ps7_cortexa9_0/libsrc/xilffs_v5_2/src -s libs  "SHELL=CMD" "COMPILER=arm-none-eabi-gcc" "ASSEMBLER=arm-none-eabi-as" "A
RCHIVER=arm-none-eabi-ar" "COMPILER_FLAGS=  -O2 -c" "EXTRA_COMPILER_FLAGS=-mcpu=cortex-a9 -mfpu=vfpv3 -mfloat-abi=hard -nostart
files -g -Wall -Wextra -fno-tree-loop-distribute-patterns"

'Finished building libraries parallelly.'

make --no-print-directory archive

arm-none-eabi-ar -r  ps7_cortexa9_0/lib/libxil.a ps7_cortexa9_0/lib/_exit.o ps7_cortexa9_0/lib/_open.o ps7_cortexa9_0/lib/_sbrk
.o ps7_cortexa9_0/lib/abort.o ps7_cortexa9_0/lib/asm_vectors.o ps7_cortexa9_0/lib/boot.o ps7_cortexa9_0/lib/close.o ps7_cortexa
9_0/lib/cpputest_time.o ps7_cortexa9_0/lib/cpu_init.o ps7_cortexa9_0/lib/errno.o ps7_cortexa9_0/lib/fcntl.o ps7_cortexa9_0/lib/
fstat.o ps7_cortexa9_0/lib/getentropy.o ps7_cortexa9_0/lib/getpid.o ps7_cortexa9_0/lib/inbyte.o ps7_cortexa9_0/lib/isatty.o ps7
_cortexa9_0/lib/kill.o ps7_cortexa9_0/lib/lseek.o ps7_cortexa9_0/lib/open.o ps7_cortexa9_0/lib/outbyte.o ps7_cortexa9_0/lib/pri
nt.o ps7_cortexa9_0/lib/putnum.o ps7_cortexa9_0/lib/read.o ps7_cortexa9_0/lib/sbrk.o ps7_cortexa9_0/lib/sleep.o ps7_cortexa9_0/
lib/time.o ps7_cortexa9_0/lib/translation_table.o ps7_cortexa9_0/lib/unlink.o ps7_cortexa9_0/lib/usleep.o ps7_cortexa9_0/lib/ve
ctors.o ps7_cortexa9_0/lib/write.o ps7_cortexa9_0/lib/xadcps.o ps7_cortexa9_0/lib/xadcps_g.o ps7_cortexa9_0/lib/xadcps_intr.o p
s7_cortexa9_0/lib/xadcps_selftest.o ps7_cortexa9_0/lib/xadcps_sinit.o ps7_cortexa9_0/lib/xaxidma.o ps7_cortexa9_0/lib/xaxidma_b
d.o ps7_cortexa9_0/lib/xaxidma_bdring.o ps7_cortexa9_0/lib/xaxidma_g.o ps7_cortexa9_0/lib/xaxidma_selftest.o ps7_cortexa9_0/lib
/xaxidma_sinit.o ps7_cortexa9_0/lib/xaxivdma.o ps7_cortexa9_0/lib/xaxivdma_channel.o ps7_cortexa9_0/lib/xaxivdma_g.o ps7_cortex
a9_0/lib/xaxivdma_intr.o ps7_cortexa9_0/lib/xaxivdma_selftest.o ps7_cortexa9_0/lib/xaxivdma_sinit.o ps7_cortexa9_0/lib/xcoresig
htpsdcc.o ps7_cortexa9_0/lib/xdevcfg.o ps7_cortexa9_0/lib/xdevcfg_g.o ps7_cortexa9_0/lib/xdevcfg_hw.o ps7_cortexa9_0/lib/xdevcf
g_intr.o ps7_cortexa9_0/lib/xdevcfg_selftest.o ps7_cortexa9_0/lib/xdevcfg_sinit.o ps7_cortexa9_0/lib/xdmaps.o ps7_cortexa9_0/li
b/xdmaps_g.o ps7_cortexa9_0/lib/xdmaps_hw.o ps7_cortexa9_0/lib/xdmaps_selftest.o ps7_cortexa9_0/lib/xdmaps_sinit.o ps7_cortexa9
_0/lib/xemacps.o ps7_cortexa9_0/lib/xemacps_bdring.o ps7_cortexa9_0/lib/xemacps_control.o ps7_cortexa9_0/lib/xemacps_g.o ps7_co
rtexa9_0/lib/xemacps_hw.o ps7_cortexa9_0/lib/xemacps_intr.o ps7_cortexa9_0/lib/xemacps_sinit.o ps7_cortexa9_0/lib/xgpiops.o ps7
_cortexa9_0/lib/xgpiops_g.o ps7_cortexa9_0/lib/xgpiops_hw.o ps7_cortexa9_0/lib/xgpiops_intr.o ps7_cortexa9_0/lib/xgpiops_selfte
st.o ps7_cortexa9_0/lib/xgpiops_sinit.o ps7_cortexa9_0/lib/xil-crt0.o ps7_cortexa9_0/lib/xil_assert.o ps7_cortexa9_0/lib/xil_ca
che.o ps7_cortexa9_0/lib/xil_clocking.o ps7_cortexa9_0/lib/xil_exception.o ps7_cortexa9_0/lib/xil_mem.o ps7_cortexa9_0/lib/xil_
misc_psreset_api.o ps7_cortexa9_0/lib/xil_mmu.o ps7_cortexa9_0/lib/xil_printf.o ps7_cortexa9_0/lib/xil_sleepcommon.o ps7_cortex
a9_0/lib/xil_sleeptimer.o ps7_cortexa9_0/lib/xil_spinlock.o ps7_cortexa9_0/lib/xil_testcache.o ps7_cortexa9_0/lib/xil_testio.o 
ps7_cortexa9_0/lib/xil_testmem.o ps7_cortexa9_0/lib/xil_util.o ps7_cortexa9_0/lib/xinterrupt_wrap.o ps7_cortexa9_0/lib/xl2cc_co
unter.o ps7_cortexa9_0/lib/xplatform_info.o ps7_cortexa9_0/lib/xpm_counter.o ps7_cortexa9_0/lib/xpm_init.o ps7_cortexa9_0/lib/x
qspips.o ps7_cortexa9_0/lib/xqspips_g.o ps7_cortexa9_0/lib/xqspips_hw.o ps7_cortexa9_0/lib/xqspips_options.o ps7_cortexa9_0/lib
/xqspips_selftest.o ps7_cortexa9_0/lib/xqspips_sinit.o ps7_cortexa9_0/lib/xsa_tiny_fpga_top.o ps7_cortexa9_0/lib/xsa_tiny_fpga_
top_g.o ps7_cortexa9_0/lib/xsa_tiny_fpga_top_linux.o ps7_cortexa9_0/lib/xsa_tiny_fpga_top_sinit.o ps7_cortexa9_0/lib/xscugic.o 
ps7_cortexa9_0/lib/xscugic_g.o ps7_cortexa9_0/lib/xscugic_hw.o ps7_cortexa9_0/lib/xscugic_intr.o ps7_cortexa9_0/lib/xscugic_sel
ftest.o ps7_cortexa9_0/lib/xscugic_sinit.o ps7_cortexa9_0/lib/xscutimer.o ps7_cortexa9_0/lib/xscutimer_g.o ps7_cortexa9_0/lib/x
scutimer_selftest.o ps7_cortexa9_0/lib/xscutimer_sinit.o ps7_cortexa9_0/lib/xscuwdt.o ps7_cortexa9_0/lib/xscuwdt_g.o ps7_cortex
a9_0/lib/xscuwdt_selftest.o ps7_cortexa9_0/lib/xscuwdt_sinit.o ps7_cortexa9_0/lib/xsdps.o ps7_cortexa9_0/lib/xsdps_card.o ps7_c
ortexa9_0/lib/xsdps_g.o ps7_cortexa9_0/lib/xsdps_host.o ps7_cortexa9_0/lib/xsdps_options.o ps7_cortexa9_0/lib/xsdps_sinit.o ps7
_cortexa9_0/lib/xtime_l.o ps7_cortexa9_0/lib/xuartps.o ps7_cortexa9_0/lib/xuartps_g.o ps7_cortexa9_0/lib/xuartps_hw.o ps7_corte
xa9_0/lib/xuartps_intr.o ps7_cortexa9_0/lib/xuartps_options.o ps7_cortexa9_0/lib/xuartps_selftest.o ps7_cortexa9_0/lib/xuartps_
sinit.o ps7_cortexa9_0/lib/xusbps.o ps7_cortexa9_0/lib/xusbps_endpoint.o ps7_cortexa9_0/lib/xusbps_g.o ps7_cortexa9_0/lib/xusbp
s_hw.o ps7_cortexa9_0/lib/xusbps_intr.o ps7_cortexa9_0/lib/xusbps_sinit.o

'Finished building libraries'

make: Leaving directory 'C:/Users/jielu/Desktop/Workspace/SpikeYOLO_FPGA/vitis_workspace/spike_zybo_baremetal_plat/zynq_fsbl/zy
nq_fsbl_bsp'

arm-none-eabi-gcc -o fsbl.elf fsbl_handoff.o fsbl_hooks.o image_mover.o main.o md5.o nand.o nor.o pcap.o ps7_init.o qspi.o rsa.
o sd.o -MMD -MP       -mcpu=cortex-a9 -mfpu=vfpv3 -mfloat-abi=hard   -mcpu=cortex-a9 -mfpu=vfpv3 -mfloat-abi=hard -Wl,-build-id
=none -specs=Xilinx.spec  -lrsa -Wl,--start-group,-lxil,-lgcc,-lc,--end-group -Wl,--start-group,-lxilffs,-lxil,-lgcc,-lc,--end-
group -Wl,--start-group,-lrsa,-lxil,-lgcc,-lc,--end-group                                      -Wl,--gc-sections -Lzynq_fsbl_bs
p/ps7_cortexa9_0/lib -L./ -Tlscript.ld

Building the BSP Library for domain  - standalone_domain on processor ps7_cortexa9_0
make --no-print-directory seq_libs

"Running Make include in ps7_cortexa9_0/libsrc/axidma_v9_18/src"

make -C ps7_cortexa9_0/libsrc/axidma_v9_18/src -s include  "SHELL=CMD" "COMPILER=arm-none-eabi-gcc" "ASSEMBLER=arm-none-eabi-as
" "ARCHIVER=arm-none-eabi-ar" "COMPILER_FLAGS=  -O2 -c" "EXTRA_COMPILER_FLAGS=-mcpu=cortex-a9 -mfpu=vfpv3 -mfloat-abi=hard -nos
tartfiles -g -Wall -Wextra -fno-tree-loop-distribute-patterns"

"Running Make include in ps7_cortexa9_0/libsrc/axivdma_v6_15/src"

make -C ps7_cortexa9_0/libsrc/axivdma_v6_15/src -s include  "SHELL=CMD" "COMPILER=arm-none-eabi-gcc" "ASSEMBLER=arm-none-eabi-a
s" "ARCHIVER=arm-none-eabi-ar" "COMPILER_FLAGS=  -O2 -c" "EXTRA_COMPILER_FLAGS=-mcpu=cortex-a9 -mfpu=vfpv3 -mfloat-abi=hard -no
startfiles -g -Wall -Wextra -fno-tree-loop-distribute-patterns"

"Running Make include in ps7_cortexa9_0/libsrc/coresightps_dcc_v1_10/src"

make -C ps7_cortexa9_0/libsrc/coresightps_dcc_v1_10/src -s include  "SHELL=CMD" "COMPILER=arm-none-eabi-gcc" "ASSEMBLER=arm-non
e-eabi-as" "ARCHIVER=arm-none-eabi-ar" "COMPILER_FLAGS=  -O2 -c" "EXTRA_COMPILER_FLAGS=-mcpu=cortex-a9 -mfpu=vfpv3 -mfloat-abi=
hard -nostartfiles -g -Wall -Wextra -fno-tree-loop-distribute-patterns"

"Running Make include in ps7_cortexa9_0/libsrc/cpu_cortexa9_v2_12/src"

make -C ps7_cortexa9_0/libsrc/cpu_cortexa9_v2_12/src -s include  "SHELL=CMD" "COMPILER=arm-none-eabi-gcc" "ASSEMBLER=arm-none-e
abi-as" "ARCHIVER=arm-none-eabi-ar" "COMPILER_FLAGS=  -O2 -c" "EXTRA_COMPILER_FLAGS=-mcpu=cortex-a9 -mfpu=vfpv3 -mfloat-abi=har
d -nostartfiles -g -Wall -Wextra -fno-tree-loop-distribute-patterns"

"Running Make include in ps7_cortexa9_0/libsrc/ddrps_v1_2/src"

make -C ps7_cortexa9_0/libsrc/ddrps_v1_2/src -s include  "SHELL=CMD" "COMPILER=arm-none-eabi-gcc" "ASSEMBLER=arm-none-eabi-as" 
"ARCHIVER=arm-none-eabi-ar" "COMPILER_FLAGS=  -O2 -c" "EXTRA_COMPILER_FLAGS=-mcpu=cortex-a9 -mfpu=vfpv3 -mfloat-abi=hard -nosta
rtfiles -g -Wall -Wextra -fno-tree-loop-distribute-patterns"

"Running Make include in ps7_cortexa9_0/libsrc/devcfg_v3_8/src"

make -C ps7_cortexa9_0/libsrc/devcfg_v3_8/src -s include  "SHELL=CMD" "COMPILER=arm-none-eabi-gcc" "ASSEMBLER=arm-none-eabi-as"
 "ARCHIVER=arm-none-eabi-ar" "COMPILER_FLAGS=  -O2 -c" "EXTRA_COMPILER_FLAGS=-mcpu=cortex-a9 -mfpu=vfpv3 -mfloat-abi=hard -nost
artfiles -g -Wall -Wextra -fno-tree-loop-distribute-patterns"

"Running Make include in ps7_cortexa9_0/libsrc/dmaps_v2_10/src"

make -C ps7_cortexa9_0/libsrc/dmaps_v2_10/src -s include  "SHELL=CMD" "COMPILER=arm-none-eabi-gcc" "ASSEMBLER=arm-none-eabi-as"
 "ARCHIVER=arm-none-eabi-ar" "COMPILER_FLAGS=  -O2 -c" "EXTRA_COMPILER_FLAGS=-mcpu=cortex-a9 -mfpu=vfpv3 -mfloat-abi=hard -nost
artfiles -g -Wall -Wextra -fno-tree-loop-distribute-patterns"

"Running Make include in ps7_cortexa9_0/libsrc/emacps_v3_20/src"

make -C ps7_cortexa9_0/libsrc/emacps_v3_20/src -s include  "SHELL=CMD" "COMPILER=arm-none-eabi-gcc" "ASSEMBLER=arm-none-eabi-as
" "ARCHIVER=arm-none-eabi-ar" "COMPILER_FLAGS=  -O2 -c" "EXTRA_COMPILER_FLAGS=-mcpu=cortex-a9 -mfpu=vfpv3 -mfloat-abi=hard -nos
tartfiles -g -Wall -Wextra -fno-tree-loop-distribute-patterns"

"Running Make include in ps7_cortexa9_0/libsrc/gpiops_v3_13/src"

make -C ps7_cortexa9_0/libsrc/gpiops_v3_13/src -s include  "SHELL=CMD" "COMPILER=arm-none-eabi-gcc" "ASSEMBLER=arm-none-eabi-as
" "ARCHIVER=arm-none-eabi-ar" "COMPILER_FLAGS=  -O2 -c" "EXTRA_COMPILER_FLAGS=-mcpu=cortex-a9 -mfpu=vfpv3 -mfloat-abi=hard -nos
tartfiles -g -Wall -Wextra -fno-tree-loop-distribute-patterns"

"Running Make include in ps7_cortexa9_0/libsrc/qspips_v3_12/src"

make -C ps7_cortexa9_0/libsrc/qspips_v3_12/src -s include  "SHELL=CMD" "COMPILER=arm-none-eabi-gcc" "ASSEMBLER=arm-none-eabi-as
" "ARCHIVER=arm-none-eabi-ar" "COMPILER_FLAGS=  -O2 -c" "EXTRA_COMPILER_FLAGS=-mcpu=cortex-a9 -mfpu=vfpv3 -mfloat-abi=hard -nos
tartfiles -g -Wall -Wextra -fno-tree-loop-distribute-patterns"

"Running Make include in ps7_cortexa9_0/libsrc/sa_tiny_fpga_top_v1_0/src"

make -C ps7_cortexa9_0/libsrc/sa_tiny_fpga_top_v1_0/src -s include  "SHELL=CMD" "COMPILER=arm-none-eabi-gcc" "ASSEMBLER=arm-non
e-eabi-as" "ARCHIVER=arm-none-eabi-ar" "COMPILER_FLAGS=  -O2 -c" "EXTRA_COMPILER_FLAGS=-mcpu=cortex-a9 -mfpu=vfpv3 -mfloat-abi=
hard -nostartfiles -g -Wall -Wextra -fno-tree-loop-distribute-patterns"

"Running Make include in ps7_cortexa9_0/libsrc/scugic_v5_3/src"

make -C ps7_cortexa9_0/libsrc/scugic_v5_3/src -s include  "SHELL=CMD" "COMPILER=arm-none-eabi-gcc" "ASSEMBLER=arm-none-eabi-as"
 "ARCHIVER=arm-none-eabi-ar" "COMPILER_FLAGS=  -O2 -c" "EXTRA_COMPILER_FLAGS=-mcpu=cortex-a9 -mfpu=vfpv3 -mfloat-abi=hard -nost
artfiles -g -Wall -Wextra -fno-tree-loop-distribute-patterns"

"Running Make include in ps7_cortexa9_0/libsrc/scutimer_v2_6/src"

make -C ps7_cortexa9_0/libsrc/scutimer_v2_6/src -s include  "SHELL=CMD" "COMPILER=arm-none-eabi-gcc" "ASSEMBLER=arm-none-eabi-a
s" "ARCHIVER=arm-none-eabi-ar" "COMPILER_FLAGS=  -O2 -c" "EXTRA_COMPILER_FLAGS=-mcpu=cortex-a9 -mfpu=vfpv3 -mfloat-abi=hard -no
startfiles -g -Wall -Wextra -fno-tree-loop-distribute-patterns"

"Running Make include in ps7_cortexa9_0/libsrc/scuwdt_v2_5/src"

make -C ps7_cortexa9_0/libsrc/scuwdt_v2_5/src -s include  "SHELL=CMD" "COMPILER=arm-none-eabi-gcc" "ASSEMBLER=arm-none-eabi-as"
 "ARCHIVER=arm-none-eabi-ar" "COMPILER_FLAGS=  -O2 -c" "EXTRA_COMPILER_FLAGS=-mcpu=cortex-a9 -mfpu=vfpv3 -mfloat-abi=hard -nost
artfiles -g -Wall -Wextra -fno-tree-loop-distribute-patterns"

"Running Make include in ps7_cortexa9_0/libsrc/sdps_v4_3/src"

make -C ps7_cortexa9_0/libsrc/sdps_v4_3/src -s include  "SHELL=CMD" "COMPILER=arm-none-eabi-gcc" "ASSEMBLER=arm-none-eabi-as" "
ARCHIVER=arm-none-eabi-ar" "COMPILER_FLAGS=  -O2 -c" "EXTRA_COMPILER_FLAGS=-mcpu=cortex-a9 -mfpu=vfpv3 -mfloat-abi=hard -nostar
tfiles -g -Wall -Wextra -fno-tree-loop-distribute-patterns"

"Running Make include in ps7_cortexa9_0/libsrc/standalone_v9_1/src"

make -C ps7_cortexa9_0/libsrc/standalone_v9_1/src -s include  "SHELL=CMD" "COMPILER=arm-none-eabi-gcc" "ASSEMBLER=arm-none-eabi
-as" "ARCHIVER=arm-none-eabi-ar" "COMPILER_FLAGS=  -O2 -c" "EXTRA_COMPILER_FLAGS=-mcpu=cortex-a9 -mfpu=vfpv3 -mfloat-abi=hard -
nostartfiles -g -Wall -Wextra -fno-tree-loop-distribute-patterns"

"Running Make include in ps7_cortexa9_0/libsrc/uartps_v3_14/src"

make -C ps7_cortexa9_0/libsrc/uartps_v3_14/src -s include  "SHELL=CMD" "COMPILER=arm-none-eabi-gcc" "ASSEMBLER=arm-none-eabi-as
" "ARCHIVER=arm-none-eabi-ar" "COMPILER_FLAGS=  -O2 -c" "EXTRA_COMPILER_FLAGS=-mcpu=cortex-a9 -mfpu=vfpv3 -mfloat-abi=hard -nos
tartfiles -g -Wall -Wextra -fno-tree-loop-distribute-patterns"

"Running Make include in ps7_cortexa9_0/libsrc/usbps_v2_9/src"

make -C ps7_cortexa9_0/libsrc/usbps_v2_9/src -s include  "SHELL=CMD" "COMPILER=arm-none-eabi-gcc" "ASSEMBLER=arm-none-eabi-as" 
"ARCHIVER=arm-none-eabi-ar" "COMPILER_FLAGS=  -O2 -c" "EXTRA_COMPILER_FLAGS=-mcpu=cortex-a9 -mfpu=vfpv3 -mfloat-abi=hard -nosta
rtfiles -g -Wall -Wextra -fno-tree-loop-distribute-patterns"

"Running Make include in ps7_cortexa9_0/libsrc/xadcps_v2_7/src"

make -C ps7_cortexa9_0/libsrc/xadcps_v2_7/src -s include  "SHELL=CMD" "COMPILER=arm-none-eabi-gcc" "ASSEMBLER=arm-none-eabi-as"
 "ARCHIVER=arm-none-eabi-ar" "COMPILER_FLAGS=  -O2 -c" "EXTRA_COMPILER_FLAGS=-mcpu=cortex-a9 -mfpu=vfpv3 -mfloat-abi=hard -nost
artfiles -g -Wall -Wextra -fno-tree-loop-distribute-patterns"

"Running Make libs in ps7_cortexa9_0/libsrc/sa_tiny_fpga_top_v1_0/src"

make -C ps7_cortexa9_0/libsrc/sa_tiny_fpga_top_v1_0/src -s libs  "SHELL=CMD" "COMPILER=arm-none-eabi-gcc" "ASSEMBLER=arm-none-e
abi-as" "ARCHIVER=arm-none-eabi-ar" "COMPILER_FLAGS=  -O2 -c" "EXTRA_COMPILER_FLAGS=-mcpu=cortex-a9 -mfpu=vfpv3 -mfloat-abi=har
d -nostartfiles -g -Wall -Wextra -fno-tree-loop-distribute-patterns"

"Building sa_tiny_fpga_top"

'Finished building libraries sequentially.'

make -j 14 --no-print-directory par_libs

"Running Make include in ps7_cortexa9_0/libsrc/axidma_v9_18/src"

"Running Make include in ps7_cortexa9_0/libsrc/axivdma_v6_15/src"

make -C ps7_cortexa9_0/libsrc/axidma_v9_18/src -s include  "SHELL=CMD" "COMPILER=arm-none-eabi-gcc" "ASSEMBLER=arm-none-eabi-as
" "ARCHIVER=arm-none-eabi-ar" "COMPILER_FLAGS=  -O2 -c" "EXTRA_COMPILER_FLAGS=-mcpu=cortex-a9 -mfpu=vfpv3 -mfloat-abi=hard -nos
tartfiles -g -Wall -Wextra -fno-tree-loop-distribute-patterns"

"Running Make include in ps7_cortexa9_0/libsrc/coresightps_dcc_v1_10/src"

make -C ps7_cortexa9_0/libsrc/axivdma_v6_15/src -s include  "SHELL=CMD" "COMPILER=arm-none-eabi-gcc" "ASSEMBLER=arm-none-eabi-a
s" "ARCHIVER=arm-none-eabi-ar" "COMPILER_FLAGS=  -O2 -c" "EXTRA_COMPILER_FLAGS=-mcpu=cortex-a9 -mfpu=vfpv3 -mfloat-abi=hard -no
startfiles -g -Wall -Wextra -fno-tree-loop-distribute-patterns"

make -C ps7_cortexa9_0/libsrc/coresightps_dcc_v1_10/src -s include  "SHELL=CMD" "COMPILER=arm-none-eabi-gcc" "ASSEMBLER=arm-non
e-eabi-as" "ARCHIVER=arm-none-eabi-ar" "COMPILER_FLAGS=  -O2 -c" "EXTRA_COMPILER_FLAGS=-mcpu=cortex-a9 -mfpu=vfpv3 -mfloat-abi=
hard -nostartfiles -g -Wall -Wextra -fno-tree-loop-distribute-patterns"

"Running Make include in ps7_cortexa9_0/libsrc/cpu_cortexa9_v2_12/src"

"Running Make include in ps7_cortexa9_0/libsrc/ddrps_v1_2/src"

make -C ps7_cortexa9_0/libsrc/cpu_cortexa9_v2_12/src -s include  "SHELL=CMD" "COMPILER=arm-none-eabi-gcc" "ASSEMBLER=arm-none-e
abi-as" "ARCHIVER=arm-none-eabi-ar" "COMPILER_FLAGS=  -O2 -c" "EXTRA_COMPILER_FLAGS=-mcpu=cortex-a9 -mfpu=vfpv3 -mfloat-abi=har
d -nostartfiles -g -Wall -Wextra -fno-tree-loop-distribute-patterns"

"Running Make include in ps7_cortexa9_0/libsrc/devcfg_v3_8/src"

make -C ps7_cortexa9_0/libsrc/ddrps_v1_2/src -s include  "SHELL=CMD" "COMPILER=arm-none-eabi-gcc" "ASSEMBLER=arm-none-eabi-as" 
"ARCHIVER=arm-none-eabi-ar" "COMPILER_FLAGS=  -O2 -c" "EXTRA_COMPILER_FLAGS=-mcpu=cortex-a9 -mfpu=vfpv3 -mfloat-abi=hard -nosta
rtfiles -g -Wall -Wextra -fno-tree-loop-distribute-patterns"

make -C ps7_cortexa9_0/libsrc/devcfg_v3_8/src -s include  "SHELL=CMD" "COMPILER=arm-none-eabi-gcc" "ASSEMBLER=arm-none-eabi-as"
 "ARCHIVER=arm-none-eabi-ar" "COMPILER_FLAGS=  -O2 -c" "EXTRA_COMPILER_FLAGS=-mcpu=cortex-a9 -mfpu=vfpv3 -mfloat-abi=hard -nost
artfiles -g -Wall -Wextra -fno-tree-loop-distribute-patterns"

"Running Make include in ps7_cortexa9_0/libsrc/dmaps_v2_10/src"

"Running Make include in ps7_cortexa9_0/libsrc/emacps_v3_20/src"

make -C ps7_cortexa9_0/libsrc/dmaps_v2_10/src -s include  "SHELL=CMD" "COMPILER=arm-none-eabi-gcc" "ASSEMBLER=arm-none-eabi-as"
 "ARCHIVER=arm-none-eabi-ar" "COMPILER_FLAGS=  -O2 -c" "EXTRA_COMPILER_FLAGS=-mcpu=cortex-a9 -mfpu=vfpv3 -mfloat-abi=hard -nost
artfiles -g -Wall -Wextra -fno-tree-loop-distribute-patterns"

make -C ps7_cortexa9_0/libsrc/emacps_v3_20/src -s include  "SHELL=CMD" "COMPILER=arm-none-eabi-gcc" "ASSEMBLER=arm-none-eabi-as
" "ARCHIVER=arm-none-eabi-ar" "COMPILER_FLAGS=  -O2 -c" "EXTRA_COMPILER_FLAGS=-mcpu=cortex-a9 -mfpu=vfpv3 -mfloat-abi=hard -nos
tartfiles -g -Wall -Wextra -fno-tree-loop-distribute-patterns"

"Running Make include in ps7_cortexa9_0/libsrc/gpiops_v3_13/src"

make -C ps7_cortexa9_0/libsrc/gpiops_v3_13/src -s include  "SHELL=CMD" "COMPILER=arm-none-eabi-gcc" "ASSEMBLER=arm-none-eabi-as
" "ARCHIVER=arm-none-eabi-ar" "COMPILER_FLAGS=  -O2 -c" "EXTRA_COMPILER_FLAGS=-mcpu=cortex-a9 -mfpu=vfpv3 -mfloat-abi=hard -nos
tartfiles -g -Wall -Wextra -fno-tree-loop-distribute-patterns"

"Running Make include in ps7_cortexa9_0/libsrc/qspips_v3_12/src"

make -C ps7_cortexa9_0/libsrc/qspips_v3_12/src -s include  "SHELL=CMD" "COMPILER=arm-none-eabi-gcc" "ASSEMBLER=arm-none-eabi-as
" "ARCHIVER=arm-none-eabi-ar" "COMPILER_FLAGS=  -O2 -c" "EXTRA_COMPILER_FLAGS=-mcpu=cortex-a9 -mfpu=vfpv3 -mfloat-abi=hard -nos
tartfiles -g -Wall -Wextra -fno-tree-loop-distribute-patterns"

"Running Make include in ps7_cortexa9_0/libsrc/sa_tiny_fpga_top_v1_0/src"

make -C ps7_cortexa9_0/libsrc/sa_tiny_fpga_top_v1_0/src -s include  "SHELL=CMD" "COMPILER=arm-none-eabi-gcc" "ASSEMBLER=arm-non
e-eabi-as" "ARCHIVER=arm-none-eabi-ar" "COMPILER_FLAGS=  -O2 -c" "EXTRA_COMPILER_FLAGS=-mcpu=cortex-a9 -mfpu=vfpv3 -mfloat-abi=
hard -nostartfiles -g -Wall -Wextra -fno-tree-loop-distribute-patterns"

"Running Make include in ps7_cortexa9_0/libsrc/scugic_v5_3/src"

make -C ps7_cortexa9_0/libsrc/scugic_v5_3/src -s include  "SHELL=CMD" "COMPILER=arm-none-eabi-gcc" "ASSEMBLER=arm-none-eabi-as"
 "ARCHIVER=arm-none-eabi-ar" "COMPILER_FLAGS=  -O2 -c" "EXTRA_COMPILER_FLAGS=-mcpu=cortex-a9 -mfpu=vfpv3 -mfloat-abi=hard -nost
artfiles -g -Wall -Wextra -fno-tree-loop-distribute-patterns"

"Running Make include in ps7_cortexa9_0/libsrc/scutimer_v2_6/src"

make -C ps7_cortexa9_0/libsrc/scutimer_v2_6/src -s include  "SHELL=CMD" "COMPILER=arm-none-eabi-gcc" "ASSEMBLER=arm-none-eabi-a
s" "ARCHIVER=arm-none-eabi-ar" "COMPILER_FLAGS=  -O2 -c" "EXTRA_COMPILER_FLAGS=-mcpu=cortex-a9 -mfpu=vfpv3 -mfloat-abi=hard -no
startfiles -g -Wall -Wextra -fno-tree-loop-distribute-patterns"

"Running Make include in ps7_cortexa9_0/libsrc/scuwdt_v2_5/src"

make -C ps7_cortexa9_0/libsrc/scuwdt_v2_5/src -s include  "SHELL=CMD" "COMPILER=arm-none-eabi-gcc" "ASSEMBLER=arm-none-eabi-as"
 "ARCHIVER=arm-none-eabi-ar" "COMPILER_FLAGS=  -O2 -c" "EXTRA_COMPILER_FLAGS=-mcpu=cortex-a9 -mfpu=vfpv3 -mfloat-abi=hard -nost
artfiles -g -Wall -Wextra -fno-tree-loop-distribute-patterns"

"Running Make include in ps7_cortexa9_0/libsrc/sdps_v4_3/src"

make -C ps7_cortexa9_0/libsrc/sdps_v4_3/src -s include  "SHELL=CMD" "COMPILER=arm-none-eabi-gcc" "ASSEMBLER=arm-none-eabi-as" "
ARCHIVER=arm-none-eabi-ar" "COMPILER_FLAGS=  -O2 -c" "EXTRA_COMPILER_FLAGS=-mcpu=cortex-a9 -mfpu=vfpv3 -mfloat-abi=hard -nostar
tfiles -g -Wall -Wextra -fno-tree-loop-distribute-patterns"

"Running Make include in ps7_cortexa9_0/libsrc/standalone_v9_1/src"

make -C ps7_cortexa9_0/libsrc/standalone_v9_1/src -s include  "SHELL=CMD" "COMPILER=arm-none-eabi-gcc" "ASSEMBLER=arm-none-eabi
-as" "ARCHIVER=arm-none-eabi-ar" "COMPILER_FLAGS=  -O2 -c" "EXTRA_COMPILER_FLAGS=-mcpu=cortex-a9 -mfpu=vfpv3 -mfloat-abi=hard -
nostartfiles -g -Wall -Wextra -fno-tree-loop-distribute-patterns"

"Running Make include in ps7_cortexa9_0/libsrc/uartps_v3_14/src"

make -C ps7_cortexa9_0/libsrc/uartps_v3_14/src -s include  "SHELL=CMD" "COMPILER=arm-none-eabi-gcc" "ASSEMBLER=arm-none-eabi-as
" "ARCHIVER=arm-none-eabi-ar" "COMPILER_FLAGS=  -O2 -c" "EXTRA_COMPILER_FLAGS=-mcpu=cortex-a9 -mfpu=vfpv3 -mfloat-abi=hard -nos
tartfiles -g -Wall -Wextra -fno-tree-loop-distribute-patterns"

"Running Make include in ps7_cortexa9_0/libsrc/usbps_v2_9/src"

make -C ps7_cortexa9_0/libsrc/usbps_v2_9/src -s include  "SHELL=CMD" "COMPILER=arm-none-eabi-gcc" "ASSEMBLER=arm-none-eabi-as" 
"ARCHIVER=arm-none-eabi-ar" "COMPILER_FLAGS=  -O2 -c" "EXTRA_COMPILER_FLAGS=-mcpu=cortex-a9 -mfpu=vfpv3 -mfloat-abi=hard -nosta
rtfiles -g -Wall -Wextra -fno-tree-loop-distribute-patterns"

"Running Make include in ps7_cortexa9_0/libsrc/xadcps_v2_7/src"

make -C ps7_cortexa9_0/libsrc/xadcps_v2_7/src -s include  "SHELL=CMD" "COMPILER=arm-none-eabi-gcc" "ASSEMBLER=arm-none-eabi-as"
 "ARCHIVER=arm-none-eabi-ar" "COMPILER_FLAGS=  -O2 -c" "EXTRA_COMPILER_FLAGS=-mcpu=cortex-a9 -mfpu=vfpv3 -mfloat-abi=hard -nost
artfiles -g -Wall -Wextra -fno-tree-loop-distribute-patterns"

"Running Make libs in ps7_cortexa9_0/libsrc/axidma_v9_18/src"

"Running Make libs in ps7_cortexa9_0/libsrc/axivdma_v6_15/src"

make -C ps7_cortexa9_0/libsrc/axidma_v9_18/src -s libs  "SHELL=CMD" "COMPILER=arm-none-eabi-gcc" "ASSEMBLER=arm-none-eabi-as" "
ARCHIVER=arm-none-eabi-ar" "COMPILER_FLAGS=  -O2 -c" "EXTRA_COMPILER_FLAGS=-mcpu=cortex-a9 -mfpu=vfpv3 -mfloat-abi=hard -nostar
tfiles -g -Wall -Wextra -fno-tree-loop-distribute-patterns"

make -C ps7_cortexa9_0/libsrc/axivdma_v6_15/src -s libs  "SHELL=CMD" "COMPILER=arm-none-eabi-gcc" "ASSEMBLER=arm-none-eabi-as" 
"ARCHIVER=arm-none-eabi-ar" "COMPILER_FLAGS=  -O2 -c" "EXTRA_COMPILER_FLAGS=-mcpu=cortex-a9 -mfpu=vfpv3 -mfloat-abi=hard -nosta
rtfiles -g -Wall -Wextra -fno-tree-loop-distribute-patterns"

"Running Make libs in ps7_cortexa9_0/libsrc/coresightps_dcc_v1_10/src"

"Running Make libs in ps7_cortexa9_0/libsrc/cpu_cortexa9_v2_12/src"

make -C ps7_cortexa9_0/libsrc/coresightps_dcc_v1_10/src -s libs  "SHELL=CMD" "COMPILER=arm-none-eabi-gcc" "ASSEMBLER=arm-none-e
abi-as" "ARCHIVER=arm-none-eabi-ar" "COMPILER_FLAGS=  -O2 -c" "EXTRA_COMPILER_FLAGS=-mcpu=cortex-a9 -mfpu=vfpv3 -mfloat-abi=har
d -nostartfiles -g -Wall -Wextra -fno-tree-loop-distribute-patterns"

"Running Make libs in ps7_cortexa9_0/libsrc/ddrps_v1_2/src"

make -C ps7_cortexa9_0/libsrc/cpu_cortexa9_v2_12/src -s libs  "SHELL=CMD" "COMPILER=arm-none-eabi-gcc" "ASSEMBLER=arm-none-eabi
-as" "ARCHIVER=arm-none-eabi-ar" "COMPILER_FLAGS=  -O2 -c" "EXTRA_COMPILER_FLAGS=-mcpu=cortex-a9 -mfpu=vfpv3 -mfloat-abi=hard -
nostartfiles -g -Wall -Wextra -fno-tree-loop-distribute-patterns"

"Running Make libs in ps7_cortexa9_0/libsrc/devcfg_v3_8/src"

make -C ps7_cortexa9_0/libsrc/ddrps_v1_2/src -s libs  "SHELL=CMD" "COMPILER=arm-none-eabi-gcc" "ASSEMBLER=arm-none-eabi-as" "AR
CHIVER=arm-none-eabi-ar" "COMPILER_FLAGS=  -O2 -c" "EXTRA_COMPILER_FLAGS=-mcpu=cortex-a9 -mfpu=vfpv3 -mfloat-abi=hard -nostartf
iles -g -Wall -Wextra -fno-tree-loop-distribute-patterns"

make -C ps7_cortexa9_0/libsrc/devcfg_v3_8/src -s libs  "SHELL=CMD" "COMPILER=arm-none-eabi-gcc" "ASSEMBLER=arm-none-eabi-as" "A
RCHIVER=arm-none-eabi-ar" "COMPILER_FLAGS=  -O2 -c" "EXTRA_COMPILER_FLAGS=-mcpu=cortex-a9 -mfpu=vfpv3 -mfloat-abi=hard -nostart
files -g -Wall -Wextra -fno-tree-loop-distribute-patterns"

"Running Make libs in ps7_cortexa9_0/libsrc/dmaps_v2_10/src"

make -C ps7_cortexa9_0/libsrc/dmaps_v2_10/src -s libs  "SHELL=CMD" "COMPILER=arm-none-eabi-gcc" "ASSEMBLER=arm-none-eabi-as" "A
RCHIVER=arm-none-eabi-ar" "COMPILER_FLAGS=  -O2 -c" "EXTRA_COMPILER_FLAGS=-mcpu=cortex-a9 -mfpu=vfpv3 -mfloat-abi=hard -nostart
files -g -Wall -Wextra -fno-tree-loop-distribute-patterns"

"Running Make libs in ps7_cortexa9_0/libsrc/emacps_v3_20/src"

make -C ps7_cortexa9_0/libsrc/emacps_v3_20/src -s libs  "SHELL=CMD" "COMPILER=arm-none-eabi-gcc" "ASSEMBLER=arm-none-eabi-as" "
ARCHIVER=arm-none-eabi-ar" "COMPILER_FLAGS=  -O2 -c" "EXTRA_COMPILER_FLAGS=-mcpu=cortex-a9 -mfpu=vfpv3 -mfloat-abi=hard -nostar
tfiles -g -Wall -Wextra -fno-tree-loop-distribute-patterns"

"Running Make libs in ps7_cortexa9_0/libsrc/gpiops_v3_13/src"

make -C ps7_cortexa9_0/libsrc/gpiops_v3_13/src -s libs  "SHELL=CMD" "COMPILER=arm-none-eabi-gcc" "ASSEMBLER=arm-none-eabi-as" "
ARCHIVER=arm-none-eabi-ar" "COMPILER_FLAGS=  -O2 -c" "EXTRA_COMPILER_FLAGS=-mcpu=cortex-a9 -mfpu=vfpv3 -mfloat-abi=hard -nostar
tfiles -g -Wall -Wextra -fno-tree-loop-distribute-patterns"

"Running Make libs in ps7_cortexa9_0/libsrc/qspips_v3_12/src"

make -C ps7_cortexa9_0/libsrc/qspips_v3_12/src -s libs  "SHELL=CMD" "COMPILER=arm-none-eabi-gcc" "ASSEMBLER=arm-none-eabi-as" "
ARCHIVER=arm-none-eabi-ar" "COMPILER_FLAGS=  -O2 -c" "EXTRA_COMPILER_FLAGS=-mcpu=cortex-a9 -mfpu=vfpv3 -mfloat-abi=hard -nostar
tfiles -g -Wall -Wextra -fno-tree-loop-distribute-patterns"

"Running Make libs in ps7_cortexa9_0/libsrc/scugic_v5_3/src"

make -C ps7_cortexa9_0/libsrc/scugic_v5_3/src -s libs  "SHELL=CMD" "COMPILER=arm-none-eabi-gcc" "ASSEMBLER=arm-none-eabi-as" "A
RCHIVER=arm-none-eabi-ar" "COMPILER_FLAGS=  -O2 -c" "EXTRA_COMPILER_FLAGS=-mcpu=cortex-a9 -mfpu=vfpv3 -mfloat-abi=hard -nostart
files -g -Wall -Wextra -fno-tree-loop-distribute-patterns"

"Running Make libs in ps7_cortexa9_0/libsrc/scutimer_v2_6/src"

make -C ps7_cortexa9_0/libsrc/scutimer_v2_6/src -s libs  "SHELL=CMD" "COMPILER=arm-none-eabi-gcc" "ASSEMBLER=arm-none-eabi-as" 
"ARCHIVER=arm-none-eabi-ar" "COMPILER_FLAGS=  -O2 -c" "EXTRA_COMPILER_FLAGS=-mcpu=cortex-a9 -mfpu=vfpv3 -mfloat-abi=hard -nosta
rtfiles -g -Wall -Wextra -fno-tree-loop-distribute-patterns"

"Running Make libs in ps7_cortexa9_0/libsrc/scuwdt_v2_5/src"

make -C ps7_cortexa9_0/libsrc/scuwdt_v2_5/src -s libs  "SHELL=CMD" "COMPILER=arm-none-eabi-gcc" "ASSEMBLER=arm-none-eabi-as" "A
RCHIVER=arm-none-eabi-ar" "COMPILER_FLAGS=  -O2 -c" "EXTRA_COMPILER_FLAGS=-mcpu=cortex-a9 -mfpu=vfpv3 -mfloat-abi=hard -nostart
files -g -Wall -Wextra -fno-tree-loop-distribute-patterns"

"Running Make libs in ps7_cortexa9_0/libsrc/sdps_v4_3/src"

make -C ps7_cortexa9_0/libsrc/sdps_v4_3/src -s libs  "SHELL=CMD" "COMPILER=arm-none-eabi-gcc" "ASSEMBLER=arm-none-eabi-as" "ARC
HIVER=arm-none-eabi-ar" "COMPILER_FLAGS=  -O2 -c" "EXTRA_COMPILER_FLAGS=-mcpu=cortex-a9 -mfpu=vfpv3 -mfloat-abi=hard -nostartfi
les -g -Wall -Wextra -fno-tree-loop-distribute-patterns"

"Running Make libs in ps7_cortexa9_0/libsrc/standalone_v9_1/src"

make -C ps7_cortexa9_0/libsrc/standalone_v9_1/src -s libs  "SHELL=CMD" "COMPILER=arm-none-eabi-gcc" "ASSEMBLER=arm-none-eabi-as
" "ARCHIVER=arm-none-eabi-ar" "COMPILER_FLAGS=  -O2 -c" "EXTRA_COMPILER_FLAGS=-mcpu=cortex-a9 -mfpu=vfpv3 -mfloat-abi=hard -nos
tartfiles -g -Wall -Wextra -fno-tree-loop-distribute-patterns"

"Running Make libs in ps7_cortexa9_0/libsrc/uartps_v3_14/src"

make -C ps7_cortexa9_0/libsrc/uartps_v3_14/src -s libs  "SHELL=CMD" "COMPILER=arm-none-eabi-gcc" "ASSEMBLER=arm-none-eabi-as" "
ARCHIVER=arm-none-eabi-ar" "COMPILER_FLAGS=  -O2 -c" "EXTRA_COMPILER_FLAGS=-mcpu=cortex-a9 -mfpu=vfpv3 -mfloat-abi=hard -nostar
tfiles -g -Wall -Wextra -fno-tree-loop-distribute-patterns"

"Running Make libs in ps7_cortexa9_0/libsrc/usbps_v2_9/src"

make -C ps7_cortexa9_0/libsrc/usbps_v2_9/src -s libs  "SHELL=CMD" "COMPILER=arm-none-eabi-gcc" "ASSEMBLER=arm-none-eabi-as" "AR
CHIVER=arm-none-eabi-ar" "COMPILER_FLAGS=  -O2 -c" "EXTRA_COMPILER_FLAGS=-mcpu=cortex-a9 -mfpu=vfpv3 -mfloat-abi=hard -nostartf
iles -g -Wall -Wextra -fno-tree-loop-distribute-patterns"

"Running Make libs in ps7_cortexa9_0/libsrc/xadcps_v2_7/src"

make -C ps7_cortexa9_0/libsrc/xadcps_v2_7/src -s libs  "SHELL=CMD" "COMPILER=arm-none-eabi-gcc" "ASSEMBLER=arm-none-eabi-as" "A
RCHIVER=arm-none-eabi-ar" "COMPILER_FLAGS=  -O2 -c" "EXTRA_COMPILER_FLAGS=-mcpu=cortex-a9 -mfpu=vfpv3 -mfloat-abi=hard -nostart
files -g -Wall -Wextra -fno-tree-loop-distribute-patterns"

'Finished building libraries parallelly.'

make --no-print-directory archive

arm-none-eabi-ar -r  ps7_cortexa9_0/lib/libxil.a ps7_cortexa9_0/lib/_exit.o ps7_cortexa9_0/lib/_open.o ps7_cortexa9_0/lib/_sbrk
.o ps7_cortexa9_0/lib/abort.o ps7_cortexa9_0/lib/asm_vectors.o ps7_cortexa9_0/lib/boot.o ps7_cortexa9_0/lib/close.o ps7_cortexa
9_0/lib/cpputest_time.o ps7_cortexa9_0/lib/cpu_init.o ps7_cortexa9_0/lib/errno.o ps7_cortexa9_0/lib/fcntl.o ps7_cortexa9_0/lib/
fstat.o ps7_cortexa9_0/lib/getentropy.o ps7_cortexa9_0/lib/getpid.o ps7_cortexa9_0/lib/inbyte.o ps7_cortexa9_0/lib/isatty.o ps7
_cortexa9_0/lib/kill.o ps7_cortexa9_0/lib/lseek.o ps7_cortexa9_0/lib/open.o ps7_cortexa9_0/lib/outbyte.o ps7_cortexa9_0/lib/pri
nt.o ps7_cortexa9_0/lib/putnum.o ps7_cortexa9_0/lib/read.o ps7_cortexa9_0/lib/sbrk.o ps7_cortexa9_0/lib/sleep.o ps7_cortexa9_0/
lib/time.o ps7_cortexa9_0/lib/translation_table.o ps7_cortexa9_0/lib/unlink.o ps7_cortexa9_0/lib/usleep.o ps7_cortexa9_0/lib/ve
ctors.o ps7_cortexa9_0/lib/write.o ps7_cortexa9_0/lib/xadcps.o ps7_cortexa9_0/lib/xadcps_g.o ps7_cortexa9_0/lib/xadcps_intr.o p
s7_cortexa9_0/lib/xadcps_selftest.o ps7_cortexa9_0/lib/xadcps_sinit.o ps7_cortexa9_0/lib/xaxidma.o ps7_cortexa9_0/lib/xaxidma_b
d.o ps7_cortexa9_0/lib/xaxidma_bdring.o ps7_cortexa9_0/lib/xaxidma_g.o ps7_cortexa9_0/lib/xaxidma_selftest.o ps7_cortexa9_0/lib
/xaxidma_sinit.o ps7_cortexa9_0/lib/xaxivdma.o ps7_cortexa9_0/lib/xaxivdma_channel.o ps7_cortexa9_0/lib/xaxivdma_g.o ps7_cortex
a9_0/lib/xaxivdma_intr.o ps7_cortexa9_0/lib/xaxivdma_selftest.o ps7_cortexa9_0/lib/xaxivdma_sinit.o ps7_cortexa9_0/lib/xcoresig
htpsdcc.o ps7_cortexa9_0/lib/xdevcfg.o ps7_cortexa9_0/lib/xdevcfg_g.o ps7_cortexa9_0/lib/xdevcfg_hw.o ps7_cortexa9_0/lib/xdevcf
g_intr.o ps7_cortexa9_0/lib/xdevcfg_selftest.o ps7_cortexa9_0/lib/xdevcfg_sinit.o ps7_cortexa9_0/lib/xdmaps.o ps7_cortexa9_0/li
b/xdmaps_g.o ps7_cortexa9_0/lib/xdmaps_hw.o ps7_cortexa9_0/lib/xdmaps_selftest.o ps7_cortexa9_0/lib/xdmaps_sinit.o ps7_cortexa9
_0/lib/xemacps.o ps7_cortexa9_0/lib/xemacps_bdring.o ps7_cortexa9_0/lib/xemacps_control.o ps7_cortexa9_0/lib/xemacps_g.o ps7_co
rtexa9_0/lib/xemacps_hw.o ps7_cortexa9_0/lib/xemacps_intr.o ps7_cortexa9_0/lib/xemacps_sinit.o ps7_cortexa9_0/lib/xgpiops.o ps7
_cortexa9_0/lib/xgpiops_g.o ps7_cortexa9_0/lib/xgpiops_hw.o ps7_cortexa9_0/lib/xgpiops_intr.o ps7_cortexa9_0/lib/xgpiops_selfte
st.o ps7_cortexa9_0/lib/xgpiops_sinit.o ps7_cortexa9_0/lib/xil-crt0.o ps7_cortexa9_0/lib/xil_assert.o ps7_cortexa9_0/lib/xil_ca
che.o ps7_cortexa9_0/lib/xil_clocking.o ps7_cortexa9_0/lib/xil_exception.o ps7_cortexa9_0/lib/xil_mem.o ps7_cortexa9_0/lib/xil_
misc_psreset_api.o ps7_cortexa9_0/lib/xil_mmu.o ps7_cortexa9_0/lib/xil_printf.o ps7_cortexa9_0/lib/xil_sleepcommon.o ps7_cortex
a9_0/lib/xil_sleeptimer.o ps7_cortexa9_0/lib/xil_spinlock.o ps7_cortexa9_0/lib/xil_testcache.o ps7_cortexa9_0/lib/xil_testio.o 
ps7_cortexa9_0/lib/xil_testmem.o ps7_cortexa9_0/lib/xil_util.o ps7_cortexa9_0/lib/xinterrupt_wrap.o ps7_cortexa9_0/lib/xl2cc_co
unter.o ps7_cortexa9_0/lib/xplatform_info.o ps7_cortexa9_0/lib/xpm_counter.o ps7_cortexa9_0/lib/xpm_init.o ps7_cortexa9_0/lib/x
qspips.o ps7_cortexa9_0/lib/xqspips_g.o ps7_cortexa9_0/lib/xqspips_hw.o ps7_cortexa9_0/lib/xqspips_options.o ps7_cortexa9_0/lib
/xqspips_selftest.o ps7_cortexa9_0/lib/xqspips_sinit.o ps7_cortexa9_0/lib/xsa_tiny_fpga_top.o ps7_cortexa9_0/lib/xsa_tiny_fpga_
top_g.o ps7_cortexa9_0/lib/xsa_tiny_fpga_top_linux.o ps7_cortexa9_0/lib/xsa_tiny_fpga_top_sinit.o ps7_cortexa9_0/lib/xscugic.o 
ps7_cortexa9_0/lib/xscugic_g.o ps7_cortexa9_0/lib/xscugic_hw.o ps7_cortexa9_0/lib/xscugic_intr.o ps7_cortexa9_0/lib/xscugic_sel
ftest.o ps7_cortexa9_0/lib/xscugic_sinit.o ps7_cortexa9_0/lib/xscutimer.o ps7_cortexa9_0/lib/xscutimer_g.o ps7_cortexa9_0/lib/x
scutimer_selftest.o ps7_cortexa9_0/lib/xscutimer_sinit.o ps7_cortexa9_0/lib/xscuwdt.o ps7_cortexa9_0/lib/xscuwdt_g.o ps7_cortex
a9_0/lib/xscuwdt_selftest.o ps7_cortexa9_0/lib/xscuwdt_sinit.o ps7_cortexa9_0/lib/xsdps.o ps7_cortexa9_0/lib/xsdps_card.o ps7_c
ortexa9_0/lib/xsdps_g.o ps7_cortexa9_0/lib/xsdps_host.o ps7_cortexa9_0/lib/xsdps_options.o ps7_cortexa9_0/lib/xsdps_sinit.o ps7
_cortexa9_0/lib/xtime_l.o ps7_cortexa9_0/lib/xuartps.o ps7_cortexa9_0/lib/xuartps_g.o ps7_cortexa9_0/lib/xuartps_hw.o ps7_corte
xa9_0/lib/xuartps_intr.o ps7_cortexa9_0/lib/xuartps_options.o ps7_cortexa9_0/lib/xuartps_selftest.o ps7_cortexa9_0/lib/xuartps_
sinit.o ps7_cortexa9_0/lib/xusbps.o ps7_cortexa9_0/lib/xusbps_endpoint.o ps7_cortexa9_0/lib/xusbps_g.o ps7_cortexa9_0/lib/xusbp
s_hw.o ps7_cortexa9_0/lib/xusbps_intr.o ps7_cortexa9_0/lib/xusbps_sinit.o

'Finished building libraries'

[build] FAIL 鈥? ELF not produced: C:/Users/jielu/Desktop/Workspace/SpikeYOLO_FPGA/vitis_workspace/spike_accel_w9_smoke/Debug/spike_accel_w9_smoke.elf
    while executing
"error "\[build\] FAIL 鈥? ELF not produced: $::ELF""
    invoked from within
"if {[file exists $::ELF]} {
    puts "============================================================"
    puts "\[build\] PASS 鈥? ELF at: $::ELF"
   ..."
    (file "sw/baremetal/spike_accel_w9_smoke/build_w9_smoke.tcl" line 69)
