

================================================================
== Synthesis Summary Report of 'sa_tiny_fpga_top'
================================================================
+ General Information: 
    * Date:           Tue May 12 17:30:40 2026
    * Version:        2024.1 (Build 5069499 on May 21 2024)
    * Project:        synth_sa_tiny_fpga_top
    * Solution:       sol1 (Vivado IP Flow Target)
    * Product family: zynq
    * Target device:  xc7z020-clg400-1
    

+ Performance & Resource Estimates: 
    
    PS: '+' for module; 'o' for loop; '*' for dataflow
    +----------------------------------------------------------------------------------------+--------+-------+-----------+-----------+-----------+---------+---------+----------+------+---------+-----------+-------------+-----+
    |                                         Modules                                        |  Issue |       |  Latency  |  Latency  | Iteration |         |   Trip  |          |      |         |           |             |     |
    |                                         & Loops                                        |  Type  | Slack |  (cycles) |    (ns)   |  Latency  | Interval|  Count  | Pipelined| BRAM |   DSP   |     FF    |     LUT     | URAM|
    +----------------------------------------------------------------------------------------+--------+-------+-----------+-----------+-----------+---------+---------+----------+------+---------+-----------+-------------+-----+
    |+ sa_tiny_fpga_top                                                                      |  Timing|  -0.04|          -|          -|          -|        -|        -|        no|     -|  16 (7%)|  9623 (9%)|  15654 (29%)|    -|
    | + sa_conv2d_int_27_61_392                                                              |       -|   0.00|      98316|  9.832e+05|          -|    98316|        -|        no|     -|  1 (~0%)|  229 (~0%)|     894 (1%)|    -|
    |  o VITIS_LOOP_75_5                                                                     |       -|   7.30|      98315|  9.832e+05|      98315|        -|        1|        no|     -|        -|          -|            -|    -|
    |   o VITIS_LOOP_76_6                                                                    |       -|   7.30|      98313|  9.831e+05|      98313|        -|        1|        no|     -|        -|          -|            -|    -|
    |    + sa_conv2d_int_27_61_392_Pipeline_VITIS_LOOP_81_7_VITIS_LOOP_82_8_VITIS_LOOP_83_9  |       -|   0.00|      98311|  9.831e+05|          -|    98311|        -|        no|     -|  1 (~0%)|  190 (~0%)|     869 (1%)|    -|
    |     o VITIS_LOOP_81_7_VITIS_LOOP_82_8_VITIS_LOOP_83_9                                  |       -|   7.30|      98309|  9.831e+05|          7|        1|    98304|       yes|     -|        -|          -|            -|    -|
    | + sa_ms_all_conv_block_172_1                                                           |       -|   0.33|          -|          -|          -|        -|        -|        no|     -|   9 (4%)|  3631 (3%)|    5228 (9%)|    -|
    |  + sa_ms_standard_conv_inplace                                                         |       -|   0.33|          -|          -|          -|        -|        -|        no|     -|  2 (~0%)|  1505 (1%)|    2291 (4%)|    -|
    |   + sa_conv2d_bn_24_58_105_218_303_389_1                                               |       -|   0.33|          -|          -|          -|        -|        -|        no|     -|  2 (~0%)|  1467 (1%)|    2172 (4%)|    -|
    |    + sa_conv2d_int_27_61_392_1                                                         |       -|   0.36|          -|          -|          -|        -|        -|        no|     -|  1 (~0%)|  924 (~0%)|    1214 (2%)|    -|
    |     o VITIS_LOOP_64_1                                                                  |       -|   7.30|      82952|  8.295e+05|      20738|        -|        4|        no|     -|        -|          -|            -|    -|
    |      o VITIS_LOOP_65_2                                                                 |       -|   7.30|      20736|  2.074e+05|         72|        -|      288|        no|     -|        -|          -|            -|    -|
    |       o VITIS_LOOP_66_3                                                                |       -|   7.30|         70|    700.000|          1|        -|       70|        no|     -|        -|          -|            -|    -|
    |     o VITIS_LOOP_75_5                                                                  |       -|   7.30|          -|          -|          -|        -|        -|        no|     -|        -|          -|            -|    -|
    |      o VITIS_LOOP_76_6                                                                 |       -|   7.30|          -|          -|          -|        -|        -|        no|     -|        -|          -|            -|    -|
    |       o VITIS_LOOP_81_7                                                                |       -|   7.30|          -|          -|  299184342|        -|        -|        no|     -|        -|          -|            -|    -|
    |        o VITIS_LOOP_82_8                                                               |       -|   7.30|  299184340|  2.992e+09|    4274062|        -|       70|        no|     -|        -|          -|            -|    -|
    |         o VITIS_LOOP_83_9                                                              |       -|   7.30|    4274060|  4.274e+07|      61058|        -|       70|        no|     -|        -|          -|            -|    -|
    |          o VITIS_LOOP_86_10                                                            |       -|   7.30|      61056|  6.106e+05|        212|        -|      288|        no|     -|        -|          -|            -|    -|
    |           o VITIS_LOOP_87_11                                                           |       -|   7.30|        210|  2.100e+03|         30|        -|        7|        no|     -|        -|          -|            -|    -|
    |            o VITIS_LOOP_88_12                                                          |       -|   7.30|         28|    280.000|          4|        -|        7|        no|     -|        -|          -|            -|    -|
    |    o VITIS_LOOP_84_1                                                                   |       -|   7.30|    1411204|  1.411e+07|    1411204|        -|        1|        no|     -|        -|          -|            -|    -|
    |     + sa_conv2d_bn_24_58_105_218_303_389_1_Pipeline_VITIS_LOOP_85_2_VITIS_LOOP_86_3    |       -|   1.33|    1411202|  1.411e+07|          -|  1411202|        -|        no|     -|        -|   70 (~0%)|    192 (~0%)|    -|
    |      o VITIS_LOOP_85_2_VITIS_LOOP_86_3                                                 |       -|   7.30|    1411200|  1.411e+07|          1|        1|  1411200|       yes|     -|        -|          -|            -|    -|
    |    o VITIS_LOOP_102_5                                                                  |       -|   7.30|        866|  8.660e+03|        866|        -|        1|        no|     -|        -|          -|            -|    -|
    |     o VITIS_LOOP_103_6                                                                 |       -|   7.30|        864|  8.640e+03|          3|        -|      288|        no|     -|        -|          -|            -|    -|
    |   o VITIS_LOOP_36_1                                                                    |       -|   7.30|        192|  1.920e+03|          1|        -|      192|        no|     -|        -|          -|            -|    -|
    |  + sa_conv2d_bn_24_58_105_218_303_389_1                                                |       -|   0.33|          -|          -|          -|        -|        -|        no|     -|  2 (~0%)|  1467 (1%)|    2172 (4%)|    -|
    |   + sa_conv2d_int_27_61_392_1                                                          |       -|   0.36|          -|          -|          -|        -|        -|        no|     -|  1 (~0%)|  924 (~0%)|    1214 (2%)|    -|
    |    o VITIS_LOOP_64_1                                                                   |       -|   7.30|      82952|  8.295e+05|      20738|        -|        4|        no|     -|        -|          -|            -|    -|
    |     o VITIS_LOOP_65_2                                                                  |       -|   7.30|      20736|  2.074e+05|         72|        -|      288|        no|     -|        -|          -|            -|    -|
    |      o VITIS_LOOP_66_3                                                                 |       -|   7.30|         70|    700.000|          1|        -|       70|        no|     -|        -|          -|            -|    -|
    |    o VITIS_LOOP_75_5                                                                   |       -|   7.30|          -|          -|          -|        -|        -|        no|     -|        -|          -|            -|    -|
    |     o VITIS_LOOP_76_6                                                                  |       -|   7.30|          -|          -|          -|        -|        -|        no|     -|        -|          -|            -|    -|
    |      o VITIS_LOOP_81_7                                                                 |       -|   7.30|          -|          -|  299184342|        -|        -|        no|     -|        -|          -|            -|    -|
    |       o VITIS_LOOP_82_8                                                                |       -|   7.30|  299184340|  2.992e+09|    4274062|        -|       70|        no|     -|        -|          -|            -|    -|
    |        o VITIS_LOOP_83_9                                                               |       -|   7.30|    4274060|  4.274e+07|      61058|        -|       70|        no|     -|        -|          -|            -|    -|
    |         o VITIS_LOOP_86_10                                                             |       -|   7.30|      61056|  6.106e+05|        212|        -|      288|        no|     -|        -|          -|            -|    -|
    |          o VITIS_LOOP_87_11                                                            |       -|   7.30|        210|  2.100e+03|         30|        -|        7|        no|     -|        -|          -|            -|    -|
    |           o VITIS_LOOP_88_12                                                           |       -|   7.30|         28|    280.000|          4|        -|        7|        no|     -|        -|          -|            -|    -|
    |   o VITIS_LOOP_84_1                                                                    |       -|   7.30|    1411204|  1.411e+07|    1411204|        -|        1|        no|     -|        -|          -|            -|    -|
    |    + sa_conv2d_bn_24_58_105_218_303_389_1_Pipeline_VITIS_LOOP_85_2_VITIS_LOOP_86_3     |       -|   1.33|    1411202|  1.411e+07|          -|  1411202|        -|        no|     -|        -|   70 (~0%)|    192 (~0%)|    -|
    |     o VITIS_LOOP_85_2_VITIS_LOOP_86_3                                                  |       -|   7.30|    1411200|  1.411e+07|          1|        1|  1411200|       yes|     -|        -|          -|            -|    -|
    |   o VITIS_LOOP_102_5                                                                   |       -|   7.30|        866|  8.660e+03|        866|        -|        1|        no|     -|        -|          -|            -|    -|
    |    o VITIS_LOOP_103_6                                                                  |       -|   7.30|        864|  8.640e+03|          3|        -|      288|        no|     -|        -|          -|            -|    -|
    |  o VITIS_LOOP_36_1                                                                     |       -|   7.30|         96|    960.000|          1|        -|       96|        no|     -|        -|          -|            -|    -|
    |  o VITIS_LOOP_36_1                                                                     |       -|   7.30|        288|  2.880e+03|          1|        -|      288|        no|     -|        -|          -|            -|    -|
    | + sa_conv2d_bn_24_58_105_218_303_389_1                                                 |       -|   0.33|          -|          -|          -|        -|        -|        no|     -|  2 (~0%)|  1467 (1%)|    2172 (4%)|    -|
    |  + sa_conv2d_int_27_61_392_1                                                           |       -|   0.36|          -|          -|          -|        -|        -|        no|     -|  1 (~0%)|  924 (~0%)|    1214 (2%)|    -|
    |   o VITIS_LOOP_64_1                                                                    |       -|   7.30|      82952|  8.295e+05|      20738|        -|        4|        no|     -|        -|          -|            -|    -|
    |    o VITIS_LOOP_65_2                                                                   |       -|   7.30|      20736|  2.074e+05|         72|        -|      288|        no|     -|        -|          -|            -|    -|
    |     o VITIS_LOOP_66_3                                                                  |       -|   7.30|         70|    700.000|          1|        -|       70|        no|     -|        -|          -|            -|    -|
    |   o VITIS_LOOP_75_5                                                                    |       -|   7.30|          -|          -|          -|        -|        -|        no|     -|        -|          -|            -|    -|
    |    o VITIS_LOOP_76_6                                                                   |       -|   7.30|          -|          -|          -|        -|        -|        no|     -|        -|          -|            -|    -|
    |     o VITIS_LOOP_81_7                                                                  |       -|   7.30|          -|          -|  299184342|        -|        -|        no|     -|        -|          -|            -|    -|
    |      o VITIS_LOOP_82_8                                                                 |       -|   7.30|  299184340|  2.992e+09|    4274062|        -|       70|        no|     -|        -|          -|            -|    -|
    |       o VITIS_LOOP_83_9                                                                |       -|   7.30|    4274060|  4.274e+07|      61058|        -|       70|        no|     -|        -|          -|            -|    -|
    |        o VITIS_LOOP_86_10                                                              |       -|   7.30|      61056|  6.106e+05|        212|        -|      288|        no|     -|        -|          -|            -|    -|
    |         o VITIS_LOOP_87_11                                                             |       -|   7.30|        210|  2.100e+03|         30|        -|        7|        no|     -|        -|          -|            -|    -|
    |          o VITIS_LOOP_88_12                                                            |       -|   7.30|         28|    280.000|          4|        -|        7|        no|     -|        -|          -|            -|    -|
    |  o VITIS_LOOP_84_1                                                                     |       -|   7.30|    1411204|  1.411e+07|    1411204|        -|        1|        no|     -|        -|          -|            -|    -|
    |   + sa_conv2d_bn_24_58_105_218_303_389_1_Pipeline_VITIS_LOOP_85_2_VITIS_LOOP_86_3      |       -|   1.33|    1411202|  1.411e+07|          -|  1411202|        -|        no|     -|        -|   70 (~0%)|    192 (~0%)|    -|
    |    o VITIS_LOOP_85_2_VITIS_LOOP_86_3                                                   |       -|   7.30|    1411200|  1.411e+07|          1|        1|  1411200|       yes|     -|        -|          -|            -|    -|
    |  o VITIS_LOOP_102_5                                                                    |       -|   7.30|        866|  8.660e+03|        866|        -|        1|        no|     -|        -|          -|            -|    -|
    |   o VITIS_LOOP_103_6                                                                   |       -|   7.30|        864|  8.640e+03|          3|        -|      288|        no|     -|        -|          -|            -|    -|
    | + sa_ms_downsampling_186_1                                                             |       -|   0.33|          -|          -|          -|        -|        -|        no|     -|  2 (~0%)|  1512 (1%)|    2289 (4%)|    -|
    |  + sa_conv2d_bn_24_58_105_218_303_389_1                                                |       -|   0.33|          -|          -|          -|        -|        -|        no|     -|  2 (~0%)|  1467 (1%)|    2172 (4%)|    -|
    |   + sa_conv2d_int_27_61_392_1                                                          |       -|   0.36|          -|          -|          -|        -|        -|        no|     -|  1 (~0%)|  924 (~0%)|    1214 (2%)|    -|
    |    o VITIS_LOOP_64_1                                                                   |       -|   7.30|      82952|  8.295e+05|      20738|        -|        4|        no|     -|        -|          -|            -|    -|
    |     o VITIS_LOOP_65_2                                                                  |       -|   7.30|      20736|  2.074e+05|         72|        -|      288|        no|     -|        -|          -|            -|    -|
    |      o VITIS_LOOP_66_3                                                                 |       -|   7.30|         70|    700.000|          1|        -|       70|        no|     -|        -|          -|            -|    -|
    |    o VITIS_LOOP_75_5                                                                   |       -|   7.30|          -|          -|          -|        -|        -|        no|     -|        -|          -|            -|    -|
    |     o VITIS_LOOP_76_6                                                                  |       -|   7.30|          -|          -|          -|        -|        -|        no|     -|        -|          -|            -|    -|
    |      o VITIS_LOOP_81_7                                                                 |       -|   7.30|          -|          -|  299184342|        -|        -|        no|     -|        -|          -|            -|    -|
    |       o VITIS_LOOP_82_8                                                                |       -|   7.30|  299184340|  2.992e+09|    4274062|        -|       70|        no|     -|        -|          -|            -|    -|
    |        o VITIS_LOOP_83_9                                                               |       -|   7.30|    4274060|  4.274e+07|      61058|        -|       70|        no|     -|        -|          -|            -|    -|
    |         o VITIS_LOOP_86_10                                                             |       -|   7.30|      61056|  6.106e+05|        212|        -|      288|        no|     -|        -|          -|            -|    -|
    |          o VITIS_LOOP_87_11                                                            |       -|   7.30|        210|  2.100e+03|         30|        -|        7|        no|     -|        -|          -|            -|    -|
    |           o VITIS_LOOP_88_12                                                           |       -|   7.30|         28|    280.000|          4|        -|        7|        no|     -|        -|          -|            -|    -|
    |   o VITIS_LOOP_84_1                                                                    |       -|   7.30|    1411204|  1.411e+07|    1411204|        -|        1|        no|     -|        -|          -|            -|    -|
    |    + sa_conv2d_bn_24_58_105_218_303_389_1_Pipeline_VITIS_LOOP_85_2_VITIS_LOOP_86_3     |       -|   1.33|    1411202|  1.411e+07|          -|  1411202|        -|        no|     -|        -|   70 (~0%)|    192 (~0%)|    -|
    |     o VITIS_LOOP_85_2_VITIS_LOOP_86_3                                                  |       -|   7.30|    1411200|  1.411e+07|          1|        1|  1411200|       yes|     -|        -|          -|            -|    -|
    |   o VITIS_LOOP_102_5                                                                   |       -|   7.30|        866|  8.660e+03|        866|        -|        1|        no|     -|        -|          -|            -|    -|
    |    o VITIS_LOOP_103_6                                                                  |       -|   7.30|        864|  8.640e+03|          3|        -|      288|        no|     -|        -|          -|            -|    -|
    |  o VITIS_LOOP_36_1                                                                     |       -|   7.30|         48|    480.000|          1|        -|       48|        no|     -|        -|          -|            -|    -|
    | + sa_spike_sppf_1                                                                      |  Timing|  -0.04|          -|          -|          -|        -|        -|        no|     -|  2 (~0%)|  2075 (1%)|    3544 (6%)|    -|
    |  + sa_conv2d_bn_24_58_105_218_303_389_1                                                |       -|   0.33|          -|          -|          -|        -|        -|        no|     -|  2 (~0%)|  1467 (1%)|    2172 (4%)|    -|
    |   + sa_conv2d_int_27_61_392_1                                                          |       -|   0.36|          -|          -|          -|        -|        -|        no|     -|  1 (~0%)|  924 (~0%)|    1214 (2%)|    -|
    |    o VITIS_LOOP_64_1                                                                   |       -|   7.30|      82952|  8.295e+05|      20738|        -|        4|        no|     -|        -|          -|            -|    -|
    |     o VITIS_LOOP_65_2                                                                  |       -|   7.30|      20736|  2.074e+05|         72|        -|      288|        no|     -|        -|          -|            -|    -|
    |      o VITIS_LOOP_66_3                                                                 |       -|   7.30|         70|    700.000|          1|        -|       70|        no|     -|        -|          -|            -|    -|
    |    o VITIS_LOOP_75_5                                                                   |       -|   7.30|          -|          -|          -|        -|        -|        no|     -|        -|          -|            -|    -|
    |     o VITIS_LOOP_76_6                                                                  |       -|   7.30|          -|          -|          -|        -|        -|        no|     -|        -|          -|            -|    -|
    |      o VITIS_LOOP_81_7                                                                 |       -|   7.30|          -|          -|  299184342|        -|        -|        no|     -|        -|          -|            -|    -|
    |       o VITIS_LOOP_82_8                                                                |       -|   7.30|  299184340|  2.992e+09|    4274062|        -|       70|        no|     -|        -|          -|            -|    -|
    |        o VITIS_LOOP_83_9                                                               |       -|   7.30|    4274060|  4.274e+07|      61058|        -|       70|        no|     -|        -|          -|            -|    -|
    |         o VITIS_LOOP_86_10                                                             |       -|   7.30|      61056|  6.106e+05|        212|        -|      288|        no|     -|        -|          -|            -|    -|
    |          o VITIS_LOOP_87_11                                                            |       -|   7.30|        210|  2.100e+03|         30|        -|        7|        no|     -|        -|          -|            -|    -|
    |           o VITIS_LOOP_88_12                                                           |       -|   7.30|         28|    280.000|          4|        -|        7|        no|     -|        -|          -|            -|    -|
    |   o VITIS_LOOP_84_1                                                                    |       -|   7.30|    1411204|  1.411e+07|    1411204|        -|        1|        no|     -|        -|          -|            -|    -|
    |    + sa_conv2d_bn_24_58_105_218_303_389_1_Pipeline_VITIS_LOOP_85_2_VITIS_LOOP_86_3     |       -|   1.33|    1411202|  1.411e+07|          -|  1411202|        -|        no|     -|        -|   70 (~0%)|    192 (~0%)|    -|
    |     o VITIS_LOOP_85_2_VITIS_LOOP_86_3                                                  |       -|   7.30|    1411200|  1.411e+07|          1|        1|  1411200|       yes|     -|        -|          -|            -|    -|
    |   o VITIS_LOOP_102_5                                                                   |       -|   7.30|        866|  8.660e+03|        866|        -|        1|        no|     -|        -|          -|            -|    -|
    |    o VITIS_LOOP_103_6                                                                  |       -|   7.30|        864|  8.640e+03|          3|        -|      288|        no|     -|        -|          -|            -|    -|
    |  + sa_maxpool_or                                                                       |  Timing|  -0.04|      49162|  4.916e+05|          -|    49162|        -|        no|     -|        -|  500 (~0%)|     947 (1%)|    -|
    |   o VITIS_LOOP_34_1_VITIS_LOOP_35_2_VITIS_LOOP_36_3_VITIS_LOOP_37_4                    |       -|   7.30|      49159|  4.916e+05|          9|        1|    49152|       yes|     -|        -|          -|            -|    -|
    |  o VITIS_LOOP_123_1                                                                    |       -|   7.30|     196696|  1.967e+06|      49174|        -|        4|        no|     -|        -|          -|            -|    -|
    |   o VITIS_LOOP_124_2                                                                   |       -|   7.30|      49172|  4.917e+05|      12293|        -|        4|        no|     -|        -|          -|            -|    -|
    |    + sa_spike_sppf_1_Pipeline_VITIS_LOOP_133_3_VITIS_LOOP_134_4                        |       -|   2.31|      12290|  1.229e+05|          -|    12290|        -|        no|     -|        -|   24 (~0%)|     84 (~0%)|    -|
    |     o VITIS_LOOP_133_3_VITIS_LOOP_134_4                                                |       -|   7.30|      12288|  1.229e+05|          1|        1|    12288|       yes|     -|        -|          -|            -|    -|
    +----------------------------------------------------------------------------------------+--------+-------+-----------+-----------+-----------+---------+---------+----------+------+---------+-----------+-------------+-----+


================================================================
== HW Interfaces
================================================================
* S_AXILITE Interfaces
+---------------+------------+---------------+
| Interface     | Data Width | Address Width |
+---------------+------------+---------------+
| s_axi_control | 32         | 4             |
+---------------+------------+---------------+

* S_AXILITE Registers
+---------------+----------+--------+-------+--------+----------------------------------+----------------------------------------------------------------------+
| Interface     | Register | Offset | Width | Access | Description                      | Bit Fields                                                           |
+---------------+----------+--------+-------+--------+----------------------------------+----------------------------------------------------------------------+
| s_axi_control | CTRL     | 0x00   | 32    | RW     | Control signals                  | 0=AP_START 1=AP_DONE 2=AP_IDLE 3=AP_READY 7=AUTO_RESTART 9=INTERRUPT |
| s_axi_control | GIER     | 0x04   | 32    | RW     | Global Interrupt Enable Register | 0=Enable                                                             |
| s_axi_control | IP_IER   | 0x08   | 32    | RW     | IP Interrupt Enable Register     | 0=CHAN0_INT_EN 1=CHAN1_INT_EN                                        |
| s_axi_control | IP_ISR   | 0x0c   | 32    | RW     | IP Interrupt Status Register     | 0=CHAN0_INT_ST 1=CHAN1_INT_ST                                        |
+---------------+----------+--------+-------+--------+----------------------------------+----------------------------------------------------------------------+

* Other Ports
+-----------------+---------+-----------+----------+
| Port            | Mode    | Direction | Bitwidth |
+-----------------+---------+-----------+----------+
| bias_pool       | ap_none | in        | 32       |
| feat_out        | ap_vld  | out       | 8        |
| img_in          | ap_none | in        | 8        |
| layer_id        | ap_none | in        | 32       |
| scratch_a_i     | ap_ovld | in        | 32       |
| scratch_a_o     | ap_ovld | out       | 32       |
| scratch_acc_i   | ap_ovld | in        | 32       |
| scratch_acc_o   | ap_ovld | out       | 32       |
| scratch_b_i     | ap_ovld | in        | 32       |
| scratch_b_o     | ap_ovld | out       | 32       |
| scratch_c_i     | ap_ovld | in        | 32       |
| scratch_c_o     | ap_ovld | out       | 32       |
| scratch_d_i     | ap_ovld | in        | 32       |
| scratch_d_o     | ap_ovld | out       | 32       |
| scratch_e_i     | ap_ovld | in        | 32       |
| scratch_e_o     | ap_ovld | out       | 32       |
| scratch_f_i     | ap_ovld | in        | 32       |
| scratch_f_o     | ap_ovld | out       | 32       |
| scratch_spike_i | ap_ovld | in        | 8        |
| scratch_spike_o | ap_ovld | out       | 8        |
| scratch_spk_a   | ap_vld  | out       | 8        |
| scratch_spk_b   | ap_vld  | out       | 8        |
| scratch_spk_c   | ap_vld  | out       | 8        |
| scratch_spk_d   | ap_vld  | out       | 8        |
| scratch_spk_e   | ap_vld  | out       | 8        |
| shift_pool      | ap_none | in        | 8        |
| w_pool          | ap_none | in        | 8        |
+-----------------+---------+-----------+----------+

* TOP LEVEL CONTROL
+-----------+------------+-----------+
| Interface | Type       | Ports     |
+-----------+------------+-----------+
| ap_clk    | clock      | ap_clk    |
| ap_rst_n  | reset      | ap_rst_n  |
| interrupt | interrupt  | interrupt |
| ap_ctrl   | ap_ctrl_hs |           |
+-----------+------------+-----------+


================================================================
== SW I/O Information
================================================================
* Top Function Arguments
+---------------+-----------+--------------------+
| Argument      | Direction | Datatype           |
+---------------+-----------+--------------------+
| img_in        | in        | ap_int<8> const *  |
| feat_out      | out       | ap_int<8>*         |
| layer_id      | in        | int                |
| w_pool        | in        | ap_int<8> const *  |
| bias_pool     | in        | ap_int<32> const * |
| shift_pool    | in        | ap_int<8> const *  |
| scratch_a     | inout     | ap_int<32>*        |
| scratch_b     | inout     | ap_int<32>*        |
| scratch_c     | inout     | ap_int<32>*        |
| scratch_d     | inout     | ap_int<32>*        |
| scratch_e     | inout     | ap_int<32>*        |
| scratch_f     | inout     | ap_int<32>*        |
| scratch_spike | inout     | ap_int<8>*         |
| scratch_acc   | inout     | ap_int<32>*        |
| scratch_spk_a | inout     | ap_int<8>*         |
| scratch_spk_b | inout     | ap_int<8>*         |
| scratch_spk_c | inout     | ap_int<8>*         |
| scratch_spk_d | inout     | ap_int<8>*         |
| scratch_spk_e | inout     | ap_int<8>*         |
+---------------+-----------+--------------------+

* SW-to-HW Mapping
+---------------+------------------------+---------+
| Argument      | HW Interface           | HW Type |
+---------------+------------------------+---------+
| img_in        | img_in                 | port    |
| feat_out      | feat_out               | port    |
| feat_out      | feat_out_ap_vld        | port    |
| layer_id      | layer_id               | port    |
| w_pool        | w_pool                 | port    |
| bias_pool     | bias_pool              | port    |
| shift_pool    | shift_pool             | port    |
| scratch_a     | scratch_a_i            | port    |
| scratch_a     | scratch_a_o            | port    |
| scratch_a     | scratch_a_o_ap_vld     | port    |
| scratch_b     | scratch_b_i            | port    |
| scratch_b     | scratch_b_o            | port    |
| scratch_b     | scratch_b_o_ap_vld     | port    |
| scratch_c     | scratch_c_i            | port    |
| scratch_c     | scratch_c_o            | port    |
| scratch_c     | scratch_c_o_ap_vld     | port    |
| scratch_d     | scratch_d_i            | port    |
| scratch_d     | scratch_d_o            | port    |
| scratch_d     | scratch_d_o_ap_vld     | port    |
| scratch_e     | scratch_e_i            | port    |
| scratch_e     | scratch_e_o            | port    |
| scratch_e     | scratch_e_o_ap_vld     | port    |
| scratch_f     | scratch_f_i            | port    |
| scratch_f     | scratch_f_o            | port    |
| scratch_f     | scratch_f_o_ap_vld     | port    |
| scratch_spike | scratch_spike_i        | port    |
| scratch_spike | scratch_spike_o        | port    |
| scratch_spike | scratch_spike_o_ap_vld | port    |
| scratch_acc   | scratch_acc_i          | port    |
| scratch_acc   | scratch_acc_o          | port    |
| scratch_acc   | scratch_acc_o_ap_vld   | port    |
| scratch_spk_a | scratch_spk_a          | port    |
| scratch_spk_a | scratch_spk_a_ap_vld   | port    |
| scratch_spk_b | scratch_spk_b          | port    |
| scratch_spk_b | scratch_spk_b_ap_vld   | port    |
| scratch_spk_c | scratch_spk_c          | port    |
| scratch_spk_c | scratch_spk_c_ap_vld   | port    |
| scratch_spk_d | scratch_spk_d          | port    |
| scratch_spk_d | scratch_spk_d_ap_vld   | port    |
| scratch_spk_e | scratch_spk_e          | port    |
| scratch_spk_e | scratch_spk_e_ap_vld   | port    |
+---------------+------------------------+---------+


================================================================
== Bind Op Report
================================================================
+-------------------------------------------------------------------------------------------------------------------------------------------------------------------------------+-----+--------+--------------------+-----------+-----------+---------+
| Name                                                                                                                                                                          | DSP | Pragma | Variable           | Op        | Impl      | Latency |
+-------------------------------------------------------------------------------------------------------------------------------------------------------------------------------+-----+--------+--------------------+-----------+-----------+---------+
| + sa_tiny_fpga_top                                                                                                                                                            | 16  |        |                    |           |           |         |
|   icmp_ln198_fu_825_p2                                                                                                                                                        |     |        | icmp_ln198         | setlt     | auto      | 0       |
|   icmp_fu_850_p2                                                                                                                                                              |     |        | icmp               | setgt     | auto      | 0       |
|   sub_i_i_fu_866_p2                                                                                                                                                           |     |        | sub_i_i            | sub       | fabric    | 0       |
|   add_i_i_fu_876_p2                                                                                                                                                           |     |        | add_i_i            | add       | fabric    | 0       |
|   shl_i_i_fu_881_p2                                                                                                                                                           |     |        | shl_i_i            | shl       | auto_pipe | 0       |
|   shr_i_i_fu_887_p2                                                                                                                                                           |     |        | shr_i_i            | ashr      | auto_pipe | 0       |
|   scratch_a_0_i_fu_900_p3                                                                                                                                                     |     |        | scratch_a_0_i      | select    | auto_sel  | 0       |
|   icmp8_fu_966_p2                                                                                                                                                             |     |        | icmp8              | setgt     | auto      | 0       |
|  + sa_conv2d_int_27_61_392                                                                                                                                                    | 1   |        |                    |           |           |         |
|   + sa_conv2d_int_27_61_392_Pipeline_VITIS_LOOP_81_7_VITIS_LOOP_82_8_VITIS_LOOP_83_9                                                                                          | 1   |        |                    |           |           |         |
|     icmp_ln81_fu_149_p2                                                                                                                                                       |     |        | icmp_ln81          | seteq     | auto      | 0       |
|     add_ln81_fu_155_p2                                                                                                                                                        |     |        | add_ln81           | add       | fabric    | 0       |
|     icmp_ln82_fu_164_p2                                                                                                                                                       |     |        | icmp_ln82          | seteq     | auto      | 0       |
|     select_ln81_fu_200_p3                                                                                                                                                     |     |        | select_ln81        | select    | auto_sel  | 0       |
|     xor_ln81_fu_207_p2                                                                                                                                                        |     |        | xor_ln81           | xor       | auto      | 0       |
|     icmp_ln83_fu_212_p2                                                                                                                                                       |     |        | icmp_ln83          | seteq     | auto      | 0       |
|     and_ln81_fu_218_p2                                                                                                                                                        |     |        | and_ln81           | and       | auto      | 0       |
|     add_ln82_fu_224_p2                                                                                                                                                        |     |        | add_ln82           | add       | fabric    | 0       |
|     or_ln82_fu_230_p2                                                                                                                                                         |     |        | or_ln82            | or        | auto      | 0       |
|     select_ln82_fu_235_p3                                                                                                                                                     |     |        | select_ln82        | select    | auto_sel  | 0       |
|     select_ln82_1_fu_243_p3                                                                                                                                                   |     |        | select_ln82_1      | select    | auto_sel  | 0       |
|     empty_29_fu_350_p2                                                                                                                                                        |     |        | empty_29           | add       | fabric    | 0       |
|     rev_fu_364_p2                                                                                                                                                             |     |        | rev                | xor       | auto      | 0       |
|     cmp81_197_fu_255_p2                                                                                                                                                       |     |        | cmp81_197          | setne     | auto      | 0       |
|     empty_30_fu_370_p2                                                                                                                                                        |     |        | empty_30           | add       | fabric    | 0       |
|     rev23_fu_384_p2                                                                                                                                                           |     |        | rev23              | xor       | auto      | 0       |
|     add_ln90_fu_277_p2                                                                                                                                                        |     |        | add_ln90           | add       | fabric    | 0       |
|     xor_ln92_fu_390_p2                                                                                                                                                        |     |        | xor_ln92           | xor       | auto      | 0       |
|     or_ln92_fu_395_p2                                                                                                                                                         |     |        | or_ln92            | or        | auto      | 0       |
|     icmp_ln92_fu_291_p2                                                                                                                                                       |     |        | icmp_ln92          | setne     | auto      | 0       |
|     and_ln92_1_fu_408_p2                                                                                                                                                      |     |        | and_ln92_1         | and       | auto      | 0       |
|     add_ln90_1_fu_297_p2                                                                                                                                                      |     |        | add_ln90_1         | add       | fabric    | 0       |
|     xor_ln92_1_fu_413_p2                                                                                                                                                      |     |        | xor_ln92_1         | xor       | auto      | 0       |
|     or_ln92_1_fu_418_p2                                                                                                                                                       |     |        | or_ln92_1          | or        | auto      | 0       |
|     and_ln92_fu_431_p2                                                                                                                                                        |     |        | and_ln92           | and       | auto      | 0       |
|     and_ln92_2_fu_436_p2                                                                                                                                                      |     |        | and_ln92_2         | and       | auto      | 0       |
|     and_ln92_3_fu_440_p2                                                                                                                                                      |     |        | and_ln92_3         | and       | auto      | 0       |
|     or_ln92_2_fu_445_p2                                                                                                                                                       |     |        | or_ln92_2          | or        | auto      | 0       |
|     and_ln92_4_fu_458_p2                                                                                                                                                      |     |        | and_ln92_4         | and       | auto      | 0       |
|     or_ln92_3_fu_463_p2                                                                                                                                                       |     |        | or_ln92_3          | or        | auto      | 0       |
|     px_op_fu_318_p2                                                                                                                                                           |     |        | px_op              | sub       | fabric    | 0       |
|     factor_fu_476_p3                                                                                                                                                          |     |        | factor             | select    | auto_sel  | 0       |
|     factor147_fu_487_p3                                                                                                                                                       |     |        | factor147          | select    | auto_sel  | 0       |
|     factor148_fu_498_p3                                                                                                                                                       |     |        | factor148          | select    | auto_sel  | 0       |
|     factor149_fu_509_p3                                                                                                                                                       |     |        | factor149          | select    | auto_sel  | 0       |
|     factor150_fu_519_p3                                                                                                                                                       |     |        | factor150          | select    | auto_sel  | 0       |
|     factor151_fu_533_p3                                                                                                                                                       |     |        | factor151          | select    | auto_sel  | 0       |
|     factor161_fu_547_p3                                                                                                                                                       |     |        | factor161          | select    | auto_sel  | 0       |
|     factor162_fu_558_p3                                                                                                                                                       |     |        | factor162          | select    | auto_sel  | 0       |
|     factor163_fu_569_p3                                                                                                                                                       |     |        | factor163          | select    | auto_sel  | 0       |
|     factor164_fu_580_p3                                                                                                                                                       |     |        | factor164          | select    | auto_sel  | 0       |
|     factor165_fu_591_p3                                                                                                                                                       |     |        | factor165          | select    | auto_sel  | 0       |
|     factor166_fu_602_p3                                                                                                                                                       |     |        | factor166          | select    | auto_sel  | 0       |
|     px_op21_fu_631_p2                                                                                                                                                         |     |        | px_op21            | sub       | fabric    | 0       |
|     factor167_fu_637_p3                                                                                                                                                       |     |        | factor167          | select    | auto_sel  | 0       |
|     factor172_fu_649_p3                                                                                                                                                       |     |        | factor172          | select    | auto_sel  | 0       |
|     factor173_fu_660_p3                                                                                                                                                       |     |        | factor173          | select    | auto_sel  | 0       |
|     add_ln101_fu_672_p2                                                                                                                                                       |     |        | add_ln101          | add       | fabric    | 0       |
|     add_ln101_1_fu_682_p2                                                                                                                                                     |     |        | add_ln101_1        | add       | fabric    | 0       |
|     add_ln101_2_fu_692_p2                                                                                                                                                     |     |        | add_ln101_2        | add       | fabric    | 0       |
|     add_ln101_3_fu_702_p2                                                                                                                                                     |     |        | add_ln101_3        | add       | fabric    | 0       |
|     add_ln101_4_fu_712_p2                                                                                                                                                     |     |        | add_ln101_4        | add       | fabric    | 0       |
|     add_ln101_5_fu_722_p2                                                                                                                                                     |     |        | add_ln101_5        | add       | fabric    | 0       |
|     add_ln101_6_fu_728_p2                                                                                                                                                     |     |        | add_ln101_6        | add       | fabric    | 0       |
|     add_ln101_7_fu_738_p2                                                                                                                                                     |     |        | add_ln101_7        | add       | fabric    | 0       |
|     add_ln101_8_fu_748_p2                                                                                                                                                     |     |        | add_ln101_8        | add       | fabric    | 0       |
|     add_ln101_9_fu_758_p2                                                                                                                                                     |     |        | add_ln101_9        | add       | fabric    | 0       |
|     add_ln101_10_fu_876_p2                                                                                                                                                    |     |        | add_ln101_10       | add       | fabric    | 0       |
|     add_ln101_11_fu_764_p2                                                                                                                                                    |     |        | add_ln101_11       | add       | fabric    | 0       |
|     add_ln101_12_fu_774_p2                                                                                                                                                    |     |        | add_ln101_12       | add       | fabric    | 0       |
|     add_ln101_13_fu_784_p2                                                                                                                                                    |     |        | add_ln101_13       | add       | fabric    | 0       |
|     add_ln101_14_fu_794_p2                                                                                                                                                    |     |        | add_ln101_14       | add       | fabric    | 0       |
|     add_ln101_15_fu_804_p2                                                                                                                                                    |     |        | add_ln101_15       | add       | fabric    | 0       |
|     add_ln101_16_fu_814_p2                                                                                                                                                    |     |        | add_ln101_16       | add       | fabric    | 0       |
|     sub_ln101_fu_842_p2                                                                                                                                                       |     |        | sub_ln101          | sub       | fabric    | 0       |
|     add_ln101_17_fu_848_p2                                                                                                                                                    |     |        | add_ln101_17       | add       | fabric    | 0       |
|     add_ln101_18_fu_854_p2                                                                                                                                                    |     |        | add_ln101_18       | add       | fabric    | 0       |
|     add_ln101_19_fu_864_p2                                                                                                                                                    |     |        | add_ln101_19       | add       | fabric    | 0       |
|     am_addmul_15s_14s_8s_24_4_1_U99                                                                                                                                           | 1   |        | add_ln101_22       | add       | dsp_slice | 3       |
|     am_addmul_15s_14s_8s_24_4_1_U99                                                                                                                                           | 1   |        | sext_ln101_22      | sext      | dsp_slice | 3       |
|     am_addmul_15s_14s_8s_24_4_1_U99                                                                                                                                           | 1   |        | acc                | mul       | dsp_slice | 3       |
|     add_ln83_fu_323_p2                                                                                                                                                        |     |        | add_ln83           | add       | fabric    | 0       |
|     add_ln82_1_fu_170_p2                                                                                                                                                      |     |        | add_ln82_1         | add       | fabric    | 0       |
|     select_ln82_2_fu_176_p3                                                                                                                                                   |     |        | select_ln82_2      | select    | auto_sel  | 0       |
|  + sa_ms_all_conv_block_172_1                                                                                                                                                 | 9   |        |                    |           |           |         |
|    mul_7ns_7ns_14_1_1_U61                                                                                                                                                     |     |        | mul_ln105          | mul       | auto      | 0       |
|    mul_14ns_7ns_20_1_1_U62                                                                                                                                                    | 1   |        | n_elem             | mul       | auto      | 0       |
|    mul_20ns_32s_32_2_1_U59                                                                                                                                                    | 2   |        | mul_ln85           | mul       | auto      | 1       |
|    add_ln85_fu_392_p2                                                                                                                                                         |     |        | add_ln85           | add       | fabric    | 0       |
|    icmp6_fu_407_p2                                                                                                                                                            |     |        | icmp6              | setgt     | auto      | 0       |
|    icmp_ln36_fu_423_p2                                                                                                                                                        |     |        | icmp_ln36          | seteq     | auto      | 0       |
|    c_7_fu_428_p2                                                                                                                                                              |     |        | c_7                | add       | fabric    | 0       |
|    icmp9_fu_467_p2                                                                                                                                                            |     |        | icmp9              | setgt     | auto      | 0       |
|    icmp_ln36_1_fu_480_p2                                                                                                                                                      |     |        | icmp_ln36_1        | seteq     | auto      | 0       |
|    c_9_fu_485_p2                                                                                                                                                              |     |        | c_9                | add       | fabric    | 0       |
|    mul_32s_20ns_32_2_1_U60                                                                                                                                                    | 2   |        | mul_ln85_1         | mul       | auto      | 1       |
|    add_ln85_1_fu_507_p2                                                                                                                                                       |     |        | add_ln85_1         | add       | fabric    | 0       |
|   + sa_ms_standard_conv_inplace                                                                                                                                               | 2   |        |                    |           |           |         |
|     icmp6_fu_198_p2                                                                                                                                                           |     |        | icmp6              | setgt     | auto      | 0       |
|     icmp_ln36_fu_221_p2                                                                                                                                                       |     |        | icmp_ln36          | seteq     | auto      | 0       |
|     c_2_fu_226_p2                                                                                                                                                             |     |        | c_2                | add       | fabric    | 0       |
|    + sa_conv2d_bn_24_58_105_218_303_389_1 (grp_sa_conv2d_bn_24_58_105_218_303_389_1_fu_158)                                                                                   | 2   |        |                    |           |           |         |
|      sub_ln84_fu_280_p2                                                                                                                                                       |     |        | sub_ln84           | sub       | fabric    | 0       |
|      grp_fu_300_p0                                                                                                                                                            |     |        | add_ln84           | add       | fabric    | 0       |
|      udiv_7ns_2ns_7_11_seq_1_U23                                                                                                                                              |     |        | udiv_ln84          | udiv      | auto_seq  | 10      |
|      add_ln84_1_fu_328_p2                                                                                                                                                     |     |        | add_ln84_1         | add       | fabric    | 0       |
|      sub_ln84_1_fu_306_p2                                                                                                                                                     |     |        | sub_ln84_1         | sub       | fabric    | 0       |
|      grp_fu_322_p0                                                                                                                                                            |     |        | add_ln84_2         | add       | fabric    | 0       |
|      udiv_7ns_2ns_7_11_seq_1_U24                                                                                                                                              |     |        | udiv_ln84_1        | udiv      | auto_seq  | 10      |
|      add_ln84_3_fu_337_p2                                                                                                                                                     |     |        | add_ln84_3         | add       | fabric    | 0       |
|      mul_7ns_7ns_14_1_1_U25                                                                                                                                                   |     |        | mul_ln84           | mul       | auto      | 0       |
|      mul_9ns_14ns_23_1_1_U26                                                                                                                                                  | 1   |        | mul_ln69           | mul       | auto      | 0       |
|      sub_i_fu_377_p2                                                                                                                                                          |     |        | sub_i              | sub       | fabric    | 0       |
|      icmp_ln103_fu_387_p2                                                                                                                                                     |     |        | icmp_ln103         | seteq     | auto      | 0       |
|      add_ln103_fu_392_p2                                                                                                                                                      |     |        | add_ln103          | add       | fabric    | 0       |
|      add_ln104_fu_410_p2                                                                                                                                                      |     |        | add_ln104          | add       | fabric    | 0       |
|      b_fu_427_p2                                                                                                                                                              |     |        | b                  | lshr      | auto_pipe | 0       |
|      add_i_fu_432_p2                                                                                                                                                          |     |        | add_i              | add       | fabric    | 0       |
|      shl_i_fu_436_p2                                                                                                                                                          |     |        | shl_i              | shl       | auto_pipe | 0       |
|      shr_i_fu_441_p2                                                                                                                                                          |     |        | shr_i              | ashr      | auto_pipe | 0       |
|      scratch_a                                                                                                                                                                |     |        | cond_i             | select    | auto_sel  | 0       |
|    + sa_conv2d_int_27_61_392_1 (grp_sa_conv2d_int_27_61_392_1_fu_222)                                                                                                         | 1   |        |                    |           |           |         |
|      udiv_9ns_8ns_9_13_seq_1_U1                                                                                                                                               |     |        | udiv_ln58          | udiv      | auto_seq  | 12      |
|      sub_ln60_fu_416_p2                                                                                                                                                       |     |        | sub_ln60           | sub       | fabric    | 0       |
|      grp_fu_448_p0                                                                                                                                                            |     |        | add_ln60           | add       | fabric    | 0       |
|      udiv_7ns_2ns_7_11_seq_1_U2                                                                                                                                               |     |        | udiv_ln60          | udiv      | auto_seq  | 10      |
|      sub_ln61_fu_454_p2                                                                                                                                                       |     |        | sub_ln61           | sub       | fabric    | 0       |
|      grp_fu_470_p0                                                                                                                                                            |     |        | add_ln61           | add       | fabric    | 0       |
|      udiv_7ns_2ns_7_11_seq_1_U3                                                                                                                                               |     |        | udiv_ln61          | udiv      | auto_seq  | 10      |
|      add_ln64_1_fu_476_p2                                                                                                                                                     |     |        | add_ln64_1         | add       | fabric    | 0       |
|      icmp_ln64_fu_485_p2                                                                                                                                                      |     |        | icmp_ln64          | seteq     | auto      | 0       |
|      add_ln64_fu_491_p2                                                                                                                                                       |     |        | add_ln64           | add       | fabric    | 0       |
|      icmp_ln65_fu_506_p2                                                                                                                                                      |     |        | icmp_ln65          | seteq     | auto      | 0       |
|      add_ln65_fu_511_p2                                                                                                                                                       |     |        | add_ln65           | add       | fabric    | 0       |
|      icmp_ln66_fu_521_p2                                                                                                                                                      |     |        | icmp_ln66          | seteq     | auto      | 0       |
|      add_ln66_fu_526_p2                                                                                                                                                       |     |        | add_ln66           | add       | fabric    | 0       |
|      udiv_9ns_8ns_9_13_seq_1_U4                                                                                                                                               |     |        | C_out_g            | udiv      | auto_seq  | 12      |
|      icmp_ln81_fu_548_p2                                                                                                                                                      |     |        | icmp_ln81          | seteq     | auto      | 0       |
|      add_ln75_1_fu_557_p2                                                                                                                                                     |     |        | add_ln75_1         | add       | fabric    | 0       |
|      icmp_ln75_fu_565_p2                                                                                                                                                      |     |        | icmp_ln75          | seteq     | auto      | 0       |
|      add_ln75_fu_571_p2                                                                                                                                                       |     |        | add_ln75           | add       | fabric    | 0       |
|      icmp_ln76_fu_577_p2                                                                                                                                                      |     |        | icmp_ln76          | seteq     | auto      | 0       |
|      add_ln76_fu_582_p2                                                                                                                                                       |     |        | add_ln76           | add       | fabric    | 0       |
|      icmp_ln81_1_fu_592_p2                                                                                                                                                    |     |        | icmp_ln81_1        | setne     | auto      | 0       |
|      add_ln81_fu_598_p2                                                                                                                                                       |     |        | add_ln81           | add       | fabric    | 0       |
|      select_ln81_fu_604_p3                                                                                                                                                    |     |        | select_ln81        | select    | auto_sel  | 0       |
|      icmp_ln81_2_fu_624_p2                                                                                                                                                    |     |        | icmp_ln81_2        | seteq     | auto      | 0       |
|      add_ln82_2_fu_643_p2                                                                                                                                                     |     |        | add_ln82_2         | add       | fabric    | 0       |
|      icmp_ln82_fu_648_p2                                                                                                                                                      |     |        | icmp_ln82          | seteq     | auto      | 0       |
|      add_ln82_fu_653_p2                                                                                                                                                       |     |        | add_ln82           | add       | fabric    | 0       |
|      add_ln83_1_fu_669_p2                                                                                                                                                     |     |        | add_ln83_1         | add       | fabric    | 0       |
|      icmp_ln83_fu_674_p2                                                                                                                                                      |     |        | icmp_ln83          | seteq     | auto      | 0       |
|      add_ln83_fu_679_p2                                                                                                                                                       |     |        | add_ln83           | add       | fabric    | 0       |
|      empty_fu_685_p2                                                                                                                                                          |     |        | empty              | sub       | fabric    | 0       |
|      sub_ln90_fu_689_p2                                                                                                                                                       |     |        | sub_ln90           | sub       | fabric    | 0       |
|      icmp_ln86_fu_694_p2                                                                                                                                                      |     |        | icmp_ln86          | seteq     | auto      | 0       |
|      add_ln86_fu_699_p2                                                                                                                                                       |     |        | add_ln86           | add       | fabric    | 0       |
|      icmp_ln87_fu_705_p2                                                                                                                                                      |     |        | icmp_ln87          | seteq     | auto      | 0       |
|      add_ln87_fu_710_p2                                                                                                                                                       |     |        | add_ln87           | add       | fabric    | 0       |
|      empty_32_fu_720_p2                                                                                                                                                       |     |        | empty_32           | add       | fabric    | 0       |
|      rev_fu_733_p2                                                                                                                                                            |     |        | rev                | xor       | auto      | 0       |
|      notrhs_fu_739_p2                                                                                                                                                         |     |        | notrhs             | setlt     | auto      | 0       |
|      and_ln92_fu_744_p2                                                                                                                                                       |     |        | and_ln92           | and       | auto      | 0       |
|      icmp_ln88_fu_750_p2                                                                                                                                                      |     |        | icmp_ln88          | seteq     | auto      | 0       |
|      add_ln88_fu_755_p2                                                                                                                                                       |     |        | add_ln88           | add       | fabric    | 0       |
|      add_ln90_fu_765_p2                                                                                                                                                       |     |        | add_ln90           | add       | fabric    | 0       |
|      xor_ln92_fu_778_p2                                                                                                                                                       |     |        | xor_ln92           | xor       | auto      | 0       |
|      icmp_ln92_fu_784_p2                                                                                                                                                      |     |        | icmp_ln92          | setlt     | auto      | 0       |
|      and_ln92_2_fu_789_p2                                                                                                                                                     |     |        | and_ln92_2         | and       | auto      | 0       |
|      and_ln92_1_fu_795_p2                                                                                                                                                     |     |        | and_ln92_1         | and       | auto      | 0       |
|      px_fu_800_p3                                                                                                                                                             |     |        | px                 | select    | auto_sel  | 0       |
|      mac_muladd_8s_8s_32s_32_4_1_U5                                                                                                                                           | 1   |        | mul_ln101          | mul       | dsp_slice | 3       |
|      mac_muladd_8s_8s_32s_32_4_1_U5                                                                                                                                           | 1   |        | sext_ln101         | sext      | dsp_slice | 3       |
|      mac_muladd_8s_8s_32s_32_4_1_U5                                                                                                                                           | 1   |        | acc                | add       | dsp_slice | 3       |
|      add_ln81_1_fu_659_p2                                                                                                                                                     |     |        | add_ln81_1         | add       | fabric    | 0       |
|      add_ln76_1_fu_629_p2                                                                                                                                                     |     |        | add_ln76_1         | add       | fabric    | 0       |
|      add_ln76_2_fu_634_p2                                                                                                                                                     |     |        | add_ln76_2         | add       | fabric    | 0       |
|    + sa_conv2d_bn_24_58_105_218_303_389_1_Pipeline_VITIS_LOOP_85_2_VITIS_LOOP_86_3 (grp_sa_conv2d_bn_24_58_105_218_303_389_1_Pipeline_VITIS_LOOP_85_2_VITIS_LOOP_86_3_fu_248) | 0   |        |                    |           |           |         |
|      icmp_ln86_fu_121_p2                                                                                                                                                      |     |        | icmp_ln86          | seteq     | auto      | 0       |
|      icmp_ln85_fu_126_p2                                                                                                                                                      |     |        | icmp_ln85          | seteq     | auto      | 0       |
|      add_ln85_fu_131_p2                                                                                                                                                       |     |        | add_ln85           | add       | fabric    | 0       |
|      or_ln85_fu_137_p2                                                                                                                                                        |     |        | or_ln85            | or        | auto      | 0       |
|      add_ln86_fu_170_p2                                                                                                                                                       |     |        | add_ln86           | add       | fabric    | 0       |
|      sp_3_fu_176_p3                                                                                                                                                           |     |        | sp_3               | select    | auto_sel  | 0       |
|      icmp_ln86_1_fu_188_p2                                                                                                                                                    |     |        | icmp_ln86_1        | seteq     | auto      | 0       |
|   + sa_conv2d_bn_24_58_105_218_303_389_1 (grp_sa_conv2d_bn_24_58_105_218_303_389_1_fu_295)                                                                                    | 2   |        |                    |           |           |         |
|     sub_ln84_fu_280_p2                                                                                                                                                        |     |        | sub_ln84           | sub       | fabric    | 0       |
|     grp_fu_300_p0                                                                                                                                                             |     |        | add_ln84           | add       | fabric    | 0       |
|     udiv_7ns_2ns_7_11_seq_1_U23                                                                                                                                               |     |        | udiv_ln84          | udiv      | auto_seq  | 10      |
|     add_ln84_1_fu_328_p2                                                                                                                                                      |     |        | add_ln84_1         | add       | fabric    | 0       |
|     sub_ln84_1_fu_306_p2                                                                                                                                                      |     |        | sub_ln84_1         | sub       | fabric    | 0       |
|     grp_fu_322_p0                                                                                                                                                             |     |        | add_ln84_2         | add       | fabric    | 0       |
|     udiv_7ns_2ns_7_11_seq_1_U24                                                                                                                                               |     |        | udiv_ln84_1        | udiv      | auto_seq  | 10      |
|     add_ln84_3_fu_337_p2                                                                                                                                                      |     |        | add_ln84_3         | add       | fabric    | 0       |
|     mul_7ns_7ns_14_1_1_U25                                                                                                                                                    |     |        | mul_ln84           | mul       | auto      | 0       |
|     mul_9ns_14ns_23_1_1_U26                                                                                                                                                   | 1   |        | mul_ln69           | mul       | auto      | 0       |
|     sub_i_fu_377_p2                                                                                                                                                           |     |        | sub_i              | sub       | fabric    | 0       |
|     icmp_ln103_fu_387_p2                                                                                                                                                      |     |        | icmp_ln103         | seteq     | auto      | 0       |
|     add_ln103_fu_392_p2                                                                                                                                                       |     |        | add_ln103          | add       | fabric    | 0       |
|     add_ln104_fu_410_p2                                                                                                                                                       |     |        | add_ln104          | add       | fabric    | 0       |
|     b_fu_427_p2                                                                                                                                                               |     |        | b                  | lshr      | auto_pipe | 0       |
|     add_i_fu_432_p2                                                                                                                                                           |     |        | add_i              | add       | fabric    | 0       |
|     shl_i_fu_436_p2                                                                                                                                                           |     |        | shl_i              | shl       | auto_pipe | 0       |
|     shr_i_fu_441_p2                                                                                                                                                           |     |        | shr_i              | ashr      | auto_pipe | 0       |
|     scratch_a                                                                                                                                                                 |     |        | cond_i             | select    | auto_sel  | 0       |
|    + sa_conv2d_int_27_61_392_1 (grp_sa_conv2d_int_27_61_392_1_fu_222)                                                                                                         | 1   |        |                    |           |           |         |
|      udiv_9ns_8ns_9_13_seq_1_U1                                                                                                                                               |     |        | udiv_ln58          | udiv      | auto_seq  | 12      |
|      sub_ln60_fu_416_p2                                                                                                                                                       |     |        | sub_ln60           | sub       | fabric    | 0       |
|      grp_fu_448_p0                                                                                                                                                            |     |        | add_ln60           | add       | fabric    | 0       |
|      udiv_7ns_2ns_7_11_seq_1_U2                                                                                                                                               |     |        | udiv_ln60          | udiv      | auto_seq  | 10      |
|      sub_ln61_fu_454_p2                                                                                                                                                       |     |        | sub_ln61           | sub       | fabric    | 0       |
|      grp_fu_470_p0                                                                                                                                                            |     |        | add_ln61           | add       | fabric    | 0       |
|      udiv_7ns_2ns_7_11_seq_1_U3                                                                                                                                               |     |        | udiv_ln61          | udiv      | auto_seq  | 10      |
|      add_ln64_1_fu_476_p2                                                                                                                                                     |     |        | add_ln64_1         | add       | fabric    | 0       |
|      icmp_ln64_fu_485_p2                                                                                                                                                      |     |        | icmp_ln64          | seteq     | auto      | 0       |
|      add_ln64_fu_491_p2                                                                                                                                                       |     |        | add_ln64           | add       | fabric    | 0       |
|      icmp_ln65_fu_506_p2                                                                                                                                                      |     |        | icmp_ln65          | seteq     | auto      | 0       |
|      add_ln65_fu_511_p2                                                                                                                                                       |     |        | add_ln65           | add       | fabric    | 0       |
|      icmp_ln66_fu_521_p2                                                                                                                                                      |     |        | icmp_ln66          | seteq     | auto      | 0       |
|      add_ln66_fu_526_p2                                                                                                                                                       |     |        | add_ln66           | add       | fabric    | 0       |
|      udiv_9ns_8ns_9_13_seq_1_U4                                                                                                                                               |     |        | C_out_g            | udiv      | auto_seq  | 12      |
|      icmp_ln81_fu_548_p2                                                                                                                                                      |     |        | icmp_ln81          | seteq     | auto      | 0       |
|      add_ln75_1_fu_557_p2                                                                                                                                                     |     |        | add_ln75_1         | add       | fabric    | 0       |
|      icmp_ln75_fu_565_p2                                                                                                                                                      |     |        | icmp_ln75          | seteq     | auto      | 0       |
|      add_ln75_fu_571_p2                                                                                                                                                       |     |        | add_ln75           | add       | fabric    | 0       |
|      icmp_ln76_fu_577_p2                                                                                                                                                      |     |        | icmp_ln76          | seteq     | auto      | 0       |
|      add_ln76_fu_582_p2                                                                                                                                                       |     |        | add_ln76           | add       | fabric    | 0       |
|      icmp_ln81_1_fu_592_p2                                                                                                                                                    |     |        | icmp_ln81_1        | setne     | auto      | 0       |
|      add_ln81_fu_598_p2                                                                                                                                                       |     |        | add_ln81           | add       | fabric    | 0       |
|      select_ln81_fu_604_p3                                                                                                                                                    |     |        | select_ln81        | select    | auto_sel  | 0       |
|      icmp_ln81_2_fu_624_p2                                                                                                                                                    |     |        | icmp_ln81_2        | seteq     | auto      | 0       |
|      add_ln82_2_fu_643_p2                                                                                                                                                     |     |        | add_ln82_2         | add       | fabric    | 0       |
|      icmp_ln82_fu_648_p2                                                                                                                                                      |     |        | icmp_ln82          | seteq     | auto      | 0       |
|      add_ln82_fu_653_p2                                                                                                                                                       |     |        | add_ln82           | add       | fabric    | 0       |
|      add_ln83_1_fu_669_p2                                                                                                                                                     |     |        | add_ln83_1         | add       | fabric    | 0       |
|      icmp_ln83_fu_674_p2                                                                                                                                                      |     |        | icmp_ln83          | seteq     | auto      | 0       |
|      add_ln83_fu_679_p2                                                                                                                                                       |     |        | add_ln83           | add       | fabric    | 0       |
|      empty_fu_685_p2                                                                                                                                                          |     |        | empty              | sub       | fabric    | 0       |
|      sub_ln90_fu_689_p2                                                                                                                                                       |     |        | sub_ln90           | sub       | fabric    | 0       |
|      icmp_ln86_fu_694_p2                                                                                                                                                      |     |        | icmp_ln86          | seteq     | auto      | 0       |
|      add_ln86_fu_699_p2                                                                                                                                                       |     |        | add_ln86           | add       | fabric    | 0       |
|      icmp_ln87_fu_705_p2                                                                                                                                                      |     |        | icmp_ln87          | seteq     | auto      | 0       |
|      add_ln87_fu_710_p2                                                                                                                                                       |     |        | add_ln87           | add       | fabric    | 0       |
|      empty_32_fu_720_p2                                                                                                                                                       |     |        | empty_32           | add       | fabric    | 0       |
|      rev_fu_733_p2                                                                                                                                                            |     |        | rev                | xor       | auto      | 0       |
|      notrhs_fu_739_p2                                                                                                                                                         |     |        | notrhs             | setlt     | auto      | 0       |
|      and_ln92_fu_744_p2                                                                                                                                                       |     |        | and_ln92           | and       | auto      | 0       |
|      icmp_ln88_fu_750_p2                                                                                                                                                      |     |        | icmp_ln88          | seteq     | auto      | 0       |
|      add_ln88_fu_755_p2                                                                                                                                                       |     |        | add_ln88           | add       | fabric    | 0       |
|      add_ln90_fu_765_p2                                                                                                                                                       |     |        | add_ln90           | add       | fabric    | 0       |
|      xor_ln92_fu_778_p2                                                                                                                                                       |     |        | xor_ln92           | xor       | auto      | 0       |
|      icmp_ln92_fu_784_p2                                                                                                                                                      |     |        | icmp_ln92          | setlt     | auto      | 0       |
|      and_ln92_2_fu_789_p2                                                                                                                                                     |     |        | and_ln92_2         | and       | auto      | 0       |
|      and_ln92_1_fu_795_p2                                                                                                                                                     |     |        | and_ln92_1         | and       | auto      | 0       |
|      px_fu_800_p3                                                                                                                                                             |     |        | px                 | select    | auto_sel  | 0       |
|      mac_muladd_8s_8s_32s_32_4_1_U5                                                                                                                                           | 1   |        | mul_ln101          | mul       | dsp_slice | 3       |
|      mac_muladd_8s_8s_32s_32_4_1_U5                                                                                                                                           | 1   |        | sext_ln101         | sext      | dsp_slice | 3       |
|      mac_muladd_8s_8s_32s_32_4_1_U5                                                                                                                                           | 1   |        | acc                | add       | dsp_slice | 3       |
|      add_ln81_1_fu_659_p2                                                                                                                                                     |     |        | add_ln81_1         | add       | fabric    | 0       |
|      add_ln76_1_fu_629_p2                                                                                                                                                     |     |        | add_ln76_1         | add       | fabric    | 0       |
|      add_ln76_2_fu_634_p2                                                                                                                                                     |     |        | add_ln76_2         | add       | fabric    | 0       |
|    + sa_conv2d_bn_24_58_105_218_303_389_1_Pipeline_VITIS_LOOP_85_2_VITIS_LOOP_86_3 (grp_sa_conv2d_bn_24_58_105_218_303_389_1_Pipeline_VITIS_LOOP_85_2_VITIS_LOOP_86_3_fu_248) | 0   |        |                    |           |           |         |
|      icmp_ln86_fu_121_p2                                                                                                                                                      |     |        | icmp_ln86          | seteq     | auto      | 0       |
|      icmp_ln85_fu_126_p2                                                                                                                                                      |     |        | icmp_ln85          | seteq     | auto      | 0       |
|      add_ln85_fu_131_p2                                                                                                                                                       |     |        | add_ln85           | add       | fabric    | 0       |
|      or_ln85_fu_137_p2                                                                                                                                                        |     |        | or_ln85            | or        | auto      | 0       |
|      add_ln86_fu_170_p2                                                                                                                                                       |     |        | add_ln86           | add       | fabric    | 0       |
|      sp_3_fu_176_p3                                                                                                                                                           |     |        | sp_3               | select    | auto_sel  | 0       |
|      icmp_ln86_1_fu_188_p2                                                                                                                                                    |     |        | icmp_ln86_1        | seteq     | auto      | 0       |
|  + sa_conv2d_bn_24_58_105_218_303_389_1 (grp_sa_conv2d_bn_24_58_105_218_303_389_1_fu_701)                                                                                     | 2   |        |                    |           |           |         |
|    sub_ln84_fu_280_p2                                                                                                                                                         |     |        | sub_ln84           | sub       | fabric    | 0       |
|    grp_fu_300_p0                                                                                                                                                              |     |        | add_ln84           | add       | fabric    | 0       |
|    udiv_7ns_2ns_7_11_seq_1_U23                                                                                                                                                |     |        | udiv_ln84          | udiv      | auto_seq  | 10      |
|    add_ln84_1_fu_328_p2                                                                                                                                                       |     |        | add_ln84_1         | add       | fabric    | 0       |
|    sub_ln84_1_fu_306_p2                                                                                                                                                       |     |        | sub_ln84_1         | sub       | fabric    | 0       |
|    grp_fu_322_p0                                                                                                                                                              |     |        | add_ln84_2         | add       | fabric    | 0       |
|    udiv_7ns_2ns_7_11_seq_1_U24                                                                                                                                                |     |        | udiv_ln84_1        | udiv      | auto_seq  | 10      |
|    add_ln84_3_fu_337_p2                                                                                                                                                       |     |        | add_ln84_3         | add       | fabric    | 0       |
|    mul_7ns_7ns_14_1_1_U25                                                                                                                                                     |     |        | mul_ln84           | mul       | auto      | 0       |
|    mul_9ns_14ns_23_1_1_U26                                                                                                                                                    | 1   |        | mul_ln69           | mul       | auto      | 0       |
|    sub_i_fu_377_p2                                                                                                                                                            |     |        | sub_i              | sub       | fabric    | 0       |
|    icmp_ln103_fu_387_p2                                                                                                                                                       |     |        | icmp_ln103         | seteq     | auto      | 0       |
|    add_ln103_fu_392_p2                                                                                                                                                        |     |        | add_ln103          | add       | fabric    | 0       |
|    add_ln104_fu_410_p2                                                                                                                                                        |     |        | add_ln104          | add       | fabric    | 0       |
|    b_fu_427_p2                                                                                                                                                                |     |        | b                  | lshr      | auto_pipe | 0       |
|    add_i_fu_432_p2                                                                                                                                                            |     |        | add_i              | add       | fabric    | 0       |
|    shl_i_fu_436_p2                                                                                                                                                            |     |        | shl_i              | shl       | auto_pipe | 0       |
|    shr_i_fu_441_p2                                                                                                                                                            |     |        | shr_i              | ashr      | auto_pipe | 0       |
|    scratch_a                                                                                                                                                                  |     |        | cond_i             | select    | auto_sel  | 0       |
|    + sa_conv2d_int_27_61_392_1 (grp_sa_conv2d_int_27_61_392_1_fu_222)                                                                                                         | 1   |        |                    |           |           |         |
|      udiv_9ns_8ns_9_13_seq_1_U1                                                                                                                                               |     |        | udiv_ln58          | udiv      | auto_seq  | 12      |
|      sub_ln60_fu_416_p2                                                                                                                                                       |     |        | sub_ln60           | sub       | fabric    | 0       |
|      grp_fu_448_p0                                                                                                                                                            |     |        | add_ln60           | add       | fabric    | 0       |
|      udiv_7ns_2ns_7_11_seq_1_U2                                                                                                                                               |     |        | udiv_ln60          | udiv      | auto_seq  | 10      |
|      sub_ln61_fu_454_p2                                                                                                                                                       |     |        | sub_ln61           | sub       | fabric    | 0       |
|      grp_fu_470_p0                                                                                                                                                            |     |        | add_ln61           | add       | fabric    | 0       |
|      udiv_7ns_2ns_7_11_seq_1_U3                                                                                                                                               |     |        | udiv_ln61          | udiv      | auto_seq  | 10      |
|      add_ln64_1_fu_476_p2                                                                                                                                                     |     |        | add_ln64_1         | add       | fabric    | 0       |
|      icmp_ln64_fu_485_p2                                                                                                                                                      |     |        | icmp_ln64          | seteq     | auto      | 0       |
|      add_ln64_fu_491_p2                                                                                                                                                       |     |        | add_ln64           | add       | fabric    | 0       |
|      icmp_ln65_fu_506_p2                                                                                                                                                      |     |        | icmp_ln65          | seteq     | auto      | 0       |
|      add_ln65_fu_511_p2                                                                                                                                                       |     |        | add_ln65           | add       | fabric    | 0       |
|      icmp_ln66_fu_521_p2                                                                                                                                                      |     |        | icmp_ln66          | seteq     | auto      | 0       |
|      add_ln66_fu_526_p2                                                                                                                                                       |     |        | add_ln66           | add       | fabric    | 0       |
|      udiv_9ns_8ns_9_13_seq_1_U4                                                                                                                                               |     |        | C_out_g            | udiv      | auto_seq  | 12      |
|      icmp_ln81_fu_548_p2                                                                                                                                                      |     |        | icmp_ln81          | seteq     | auto      | 0       |
|      add_ln75_1_fu_557_p2                                                                                                                                                     |     |        | add_ln75_1         | add       | fabric    | 0       |
|      icmp_ln75_fu_565_p2                                                                                                                                                      |     |        | icmp_ln75          | seteq     | auto      | 0       |
|      add_ln75_fu_571_p2                                                                                                                                                       |     |        | add_ln75           | add       | fabric    | 0       |
|      icmp_ln76_fu_577_p2                                                                                                                                                      |     |        | icmp_ln76          | seteq     | auto      | 0       |
|      add_ln76_fu_582_p2                                                                                                                                                       |     |        | add_ln76           | add       | fabric    | 0       |
|      icmp_ln81_1_fu_592_p2                                                                                                                                                    |     |        | icmp_ln81_1        | setne     | auto      | 0       |
|      add_ln81_fu_598_p2                                                                                                                                                       |     |        | add_ln81           | add       | fabric    | 0       |
|      select_ln81_fu_604_p3                                                                                                                                                    |     |        | select_ln81        | select    | auto_sel  | 0       |
|      icmp_ln81_2_fu_624_p2                                                                                                                                                    |     |        | icmp_ln81_2        | seteq     | auto      | 0       |
|      add_ln82_2_fu_643_p2                                                                                                                                                     |     |        | add_ln82_2         | add       | fabric    | 0       |
|      icmp_ln82_fu_648_p2                                                                                                                                                      |     |        | icmp_ln82          | seteq     | auto      | 0       |
|      add_ln82_fu_653_p2                                                                                                                                                       |     |        | add_ln82           | add       | fabric    | 0       |
|      add_ln83_1_fu_669_p2                                                                                                                                                     |     |        | add_ln83_1         | add       | fabric    | 0       |
|      icmp_ln83_fu_674_p2                                                                                                                                                      |     |        | icmp_ln83          | seteq     | auto      | 0       |
|      add_ln83_fu_679_p2                                                                                                                                                       |     |        | add_ln83           | add       | fabric    | 0       |
|      empty_fu_685_p2                                                                                                                                                          |     |        | empty              | sub       | fabric    | 0       |
|      sub_ln90_fu_689_p2                                                                                                                                                       |     |        | sub_ln90           | sub       | fabric    | 0       |
|      icmp_ln86_fu_694_p2                                                                                                                                                      |     |        | icmp_ln86          | seteq     | auto      | 0       |
|      add_ln86_fu_699_p2                                                                                                                                                       |     |        | add_ln86           | add       | fabric    | 0       |
|      icmp_ln87_fu_705_p2                                                                                                                                                      |     |        | icmp_ln87          | seteq     | auto      | 0       |
|      add_ln87_fu_710_p2                                                                                                                                                       |     |        | add_ln87           | add       | fabric    | 0       |
|      empty_32_fu_720_p2                                                                                                                                                       |     |        | empty_32           | add       | fabric    | 0       |
|      rev_fu_733_p2                                                                                                                                                            |     |        | rev                | xor       | auto      | 0       |
|      notrhs_fu_739_p2                                                                                                                                                         |     |        | notrhs             | setlt     | auto      | 0       |
|      and_ln92_fu_744_p2                                                                                                                                                       |     |        | and_ln92           | and       | auto      | 0       |
|      icmp_ln88_fu_750_p2                                                                                                                                                      |     |        | icmp_ln88          | seteq     | auto      | 0       |
|      add_ln88_fu_755_p2                                                                                                                                                       |     |        | add_ln88           | add       | fabric    | 0       |
|      add_ln90_fu_765_p2                                                                                                                                                       |     |        | add_ln90           | add       | fabric    | 0       |
|      xor_ln92_fu_778_p2                                                                                                                                                       |     |        | xor_ln92           | xor       | auto      | 0       |
|      icmp_ln92_fu_784_p2                                                                                                                                                      |     |        | icmp_ln92          | setlt     | auto      | 0       |
|      and_ln92_2_fu_789_p2                                                                                                                                                     |     |        | and_ln92_2         | and       | auto      | 0       |
|      and_ln92_1_fu_795_p2                                                                                                                                                     |     |        | and_ln92_1         | and       | auto      | 0       |
|      px_fu_800_p3                                                                                                                                                             |     |        | px                 | select    | auto_sel  | 0       |
|      mac_muladd_8s_8s_32s_32_4_1_U5                                                                                                                                           | 1   |        | mul_ln101          | mul       | dsp_slice | 3       |
|      mac_muladd_8s_8s_32s_32_4_1_U5                                                                                                                                           | 1   |        | sext_ln101         | sext      | dsp_slice | 3       |
|      mac_muladd_8s_8s_32s_32_4_1_U5                                                                                                                                           | 1   |        | acc                | add       | dsp_slice | 3       |
|      add_ln81_1_fu_659_p2                                                                                                                                                     |     |        | add_ln81_1         | add       | fabric    | 0       |
|      add_ln76_1_fu_629_p2                                                                                                                                                     |     |        | add_ln76_1         | add       | fabric    | 0       |
|      add_ln76_2_fu_634_p2                                                                                                                                                     |     |        | add_ln76_2         | add       | fabric    | 0       |
|    + sa_conv2d_bn_24_58_105_218_303_389_1_Pipeline_VITIS_LOOP_85_2_VITIS_LOOP_86_3 (grp_sa_conv2d_bn_24_58_105_218_303_389_1_Pipeline_VITIS_LOOP_85_2_VITIS_LOOP_86_3_fu_248) | 0   |        |                    |           |           |         |
|      icmp_ln86_fu_121_p2                                                                                                                                                      |     |        | icmp_ln86          | seteq     | auto      | 0       |
|      icmp_ln85_fu_126_p2                                                                                                                                                      |     |        | icmp_ln85          | seteq     | auto      | 0       |
|      add_ln85_fu_131_p2                                                                                                                                                       |     |        | add_ln85           | add       | fabric    | 0       |
|      or_ln85_fu_137_p2                                                                                                                                                        |     |        | or_ln85            | or        | auto      | 0       |
|      add_ln86_fu_170_p2                                                                                                                                                       |     |        | add_ln86           | add       | fabric    | 0       |
|      sp_3_fu_176_p3                                                                                                                                                           |     |        | sp_3               | select    | auto_sel  | 0       |
|      icmp_ln86_1_fu_188_p2                                                                                                                                                    |     |        | icmp_ln86_1        | seteq     | auto      | 0       |
|  + sa_ms_downsampling_186_1                                                                                                                                                   | 2   |        |                    |           |           |         |
|    icmp6_fu_185_p2                                                                                                                                                            |     |        | icmp6              | setgt     | auto      | 0       |
|    icmp_ln36_fu_208_p2                                                                                                                                                        |     |        | icmp_ln36          | seteq     | auto      | 0       |
|    c_4_fu_213_p2                                                                                                                                                              |     |        | c_4                | add       | fabric    | 0       |
|   + sa_conv2d_bn_24_58_105_218_303_389_1 (grp_sa_conv2d_bn_24_58_105_218_303_389_1_fu_138)                                                                                    | 2   |        |                    |           |           |         |
|     sub_ln84_fu_280_p2                                                                                                                                                        |     |        | sub_ln84           | sub       | fabric    | 0       |
|     grp_fu_300_p0                                                                                                                                                             |     |        | add_ln84           | add       | fabric    | 0       |
|     udiv_7ns_2ns_7_11_seq_1_U23                                                                                                                                               |     |        | udiv_ln84          | udiv      | auto_seq  | 10      |
|     add_ln84_1_fu_328_p2                                                                                                                                                      |     |        | add_ln84_1         | add       | fabric    | 0       |
|     sub_ln84_1_fu_306_p2                                                                                                                                                      |     |        | sub_ln84_1         | sub       | fabric    | 0       |
|     grp_fu_322_p0                                                                                                                                                             |     |        | add_ln84_2         | add       | fabric    | 0       |
|     udiv_7ns_2ns_7_11_seq_1_U24                                                                                                                                               |     |        | udiv_ln84_1        | udiv      | auto_seq  | 10      |
|     add_ln84_3_fu_337_p2                                                                                                                                                      |     |        | add_ln84_3         | add       | fabric    | 0       |
|     mul_7ns_7ns_14_1_1_U25                                                                                                                                                    |     |        | mul_ln84           | mul       | auto      | 0       |
|     mul_9ns_14ns_23_1_1_U26                                                                                                                                                   | 1   |        | mul_ln69           | mul       | auto      | 0       |
|     sub_i_fu_377_p2                                                                                                                                                           |     |        | sub_i              | sub       | fabric    | 0       |
|     icmp_ln103_fu_387_p2                                                                                                                                                      |     |        | icmp_ln103         | seteq     | auto      | 0       |
|     add_ln103_fu_392_p2                                                                                                                                                       |     |        | add_ln103          | add       | fabric    | 0       |
|     add_ln104_fu_410_p2                                                                                                                                                       |     |        | add_ln104          | add       | fabric    | 0       |
|     b_fu_427_p2                                                                                                                                                               |     |        | b                  | lshr      | auto_pipe | 0       |
|     add_i_fu_432_p2                                                                                                                                                           |     |        | add_i              | add       | fabric    | 0       |
|     shl_i_fu_436_p2                                                                                                                                                           |     |        | shl_i              | shl       | auto_pipe | 0       |
|     shr_i_fu_441_p2                                                                                                                                                           |     |        | shr_i              | ashr      | auto_pipe | 0       |
|     scratch_a                                                                                                                                                                 |     |        | cond_i             | select    | auto_sel  | 0       |
|    + sa_conv2d_int_27_61_392_1 (grp_sa_conv2d_int_27_61_392_1_fu_222)                                                                                                         | 1   |        |                    |           |           |         |
|      udiv_9ns_8ns_9_13_seq_1_U1                                                                                                                                               |     |        | udiv_ln58          | udiv      | auto_seq  | 12      |
|      sub_ln60_fu_416_p2                                                                                                                                                       |     |        | sub_ln60           | sub       | fabric    | 0       |
|      grp_fu_448_p0                                                                                                                                                            |     |        | add_ln60           | add       | fabric    | 0       |
|      udiv_7ns_2ns_7_11_seq_1_U2                                                                                                                                               |     |        | udiv_ln60          | udiv      | auto_seq  | 10      |
|      sub_ln61_fu_454_p2                                                                                                                                                       |     |        | sub_ln61           | sub       | fabric    | 0       |
|      grp_fu_470_p0                                                                                                                                                            |     |        | add_ln61           | add       | fabric    | 0       |
|      udiv_7ns_2ns_7_11_seq_1_U3                                                                                                                                               |     |        | udiv_ln61          | udiv      | auto_seq  | 10      |
|      add_ln64_1_fu_476_p2                                                                                                                                                     |     |        | add_ln64_1         | add       | fabric    | 0       |
|      icmp_ln64_fu_485_p2                                                                                                                                                      |     |        | icmp_ln64          | seteq     | auto      | 0       |
|      add_ln64_fu_491_p2                                                                                                                                                       |     |        | add_ln64           | add       | fabric    | 0       |
|      icmp_ln65_fu_506_p2                                                                                                                                                      |     |        | icmp_ln65          | seteq     | auto      | 0       |
|      add_ln65_fu_511_p2                                                                                                                                                       |     |        | add_ln65           | add       | fabric    | 0       |
|      icmp_ln66_fu_521_p2                                                                                                                                                      |     |        | icmp_ln66          | seteq     | auto      | 0       |
|      add_ln66_fu_526_p2                                                                                                                                                       |     |        | add_ln66           | add       | fabric    | 0       |
|      udiv_9ns_8ns_9_13_seq_1_U4                                                                                                                                               |     |        | C_out_g            | udiv      | auto_seq  | 12      |
|      icmp_ln81_fu_548_p2                                                                                                                                                      |     |        | icmp_ln81          | seteq     | auto      | 0       |
|      add_ln75_1_fu_557_p2                                                                                                                                                     |     |        | add_ln75_1         | add       | fabric    | 0       |
|      icmp_ln75_fu_565_p2                                                                                                                                                      |     |        | icmp_ln75          | seteq     | auto      | 0       |
|      add_ln75_fu_571_p2                                                                                                                                                       |     |        | add_ln75           | add       | fabric    | 0       |
|      icmp_ln76_fu_577_p2                                                                                                                                                      |     |        | icmp_ln76          | seteq     | auto      | 0       |
|      add_ln76_fu_582_p2                                                                                                                                                       |     |        | add_ln76           | add       | fabric    | 0       |
|      icmp_ln81_1_fu_592_p2                                                                                                                                                    |     |        | icmp_ln81_1        | setne     | auto      | 0       |
|      add_ln81_fu_598_p2                                                                                                                                                       |     |        | add_ln81           | add       | fabric    | 0       |
|      select_ln81_fu_604_p3                                                                                                                                                    |     |        | select_ln81        | select    | auto_sel  | 0       |
|      icmp_ln81_2_fu_624_p2                                                                                                                                                    |     |        | icmp_ln81_2        | seteq     | auto      | 0       |
|      add_ln82_2_fu_643_p2                                                                                                                                                     |     |        | add_ln82_2         | add       | fabric    | 0       |
|      icmp_ln82_fu_648_p2                                                                                                                                                      |     |        | icmp_ln82          | seteq     | auto      | 0       |
|      add_ln82_fu_653_p2                                                                                                                                                       |     |        | add_ln82           | add       | fabric    | 0       |
|      add_ln83_1_fu_669_p2                                                                                                                                                     |     |        | add_ln83_1         | add       | fabric    | 0       |
|      icmp_ln83_fu_674_p2                                                                                                                                                      |     |        | icmp_ln83          | seteq     | auto      | 0       |
|      add_ln83_fu_679_p2                                                                                                                                                       |     |        | add_ln83           | add       | fabric    | 0       |
|      empty_fu_685_p2                                                                                                                                                          |     |        | empty              | sub       | fabric    | 0       |
|      sub_ln90_fu_689_p2                                                                                                                                                       |     |        | sub_ln90           | sub       | fabric    | 0       |
|      icmp_ln86_fu_694_p2                                                                                                                                                      |     |        | icmp_ln86          | seteq     | auto      | 0       |
|      add_ln86_fu_699_p2                                                                                                                                                       |     |        | add_ln86           | add       | fabric    | 0       |
|      icmp_ln87_fu_705_p2                                                                                                                                                      |     |        | icmp_ln87          | seteq     | auto      | 0       |
|      add_ln87_fu_710_p2                                                                                                                                                       |     |        | add_ln87           | add       | fabric    | 0       |
|      empty_32_fu_720_p2                                                                                                                                                       |     |        | empty_32           | add       | fabric    | 0       |
|      rev_fu_733_p2                                                                                                                                                            |     |        | rev                | xor       | auto      | 0       |
|      notrhs_fu_739_p2                                                                                                                                                         |     |        | notrhs             | setlt     | auto      | 0       |
|      and_ln92_fu_744_p2                                                                                                                                                       |     |        | and_ln92           | and       | auto      | 0       |
|      icmp_ln88_fu_750_p2                                                                                                                                                      |     |        | icmp_ln88          | seteq     | auto      | 0       |
|      add_ln88_fu_755_p2                                                                                                                                                       |     |        | add_ln88           | add       | fabric    | 0       |
|      add_ln90_fu_765_p2                                                                                                                                                       |     |        | add_ln90           | add       | fabric    | 0       |
|      xor_ln92_fu_778_p2                                                                                                                                                       |     |        | xor_ln92           | xor       | auto      | 0       |
|      icmp_ln92_fu_784_p2                                                                                                                                                      |     |        | icmp_ln92          | setlt     | auto      | 0       |
|      and_ln92_2_fu_789_p2                                                                                                                                                     |     |        | and_ln92_2         | and       | auto      | 0       |
|      and_ln92_1_fu_795_p2                                                                                                                                                     |     |        | and_ln92_1         | and       | auto      | 0       |
|      px_fu_800_p3                                                                                                                                                             |     |        | px                 | select    | auto_sel  | 0       |
|      mac_muladd_8s_8s_32s_32_4_1_U5                                                                                                                                           | 1   |        | mul_ln101          | mul       | dsp_slice | 3       |
|      mac_muladd_8s_8s_32s_32_4_1_U5                                                                                                                                           | 1   |        | sext_ln101         | sext      | dsp_slice | 3       |
|      mac_muladd_8s_8s_32s_32_4_1_U5                                                                                                                                           | 1   |        | acc                | add       | dsp_slice | 3       |
|      add_ln81_1_fu_659_p2                                                                                                                                                     |     |        | add_ln81_1         | add       | fabric    | 0       |
|      add_ln76_1_fu_629_p2                                                                                                                                                     |     |        | add_ln76_1         | add       | fabric    | 0       |
|      add_ln76_2_fu_634_p2                                                                                                                                                     |     |        | add_ln76_2         | add       | fabric    | 0       |
|    + sa_conv2d_bn_24_58_105_218_303_389_1_Pipeline_VITIS_LOOP_85_2_VITIS_LOOP_86_3 (grp_sa_conv2d_bn_24_58_105_218_303_389_1_Pipeline_VITIS_LOOP_85_2_VITIS_LOOP_86_3_fu_248) | 0   |        |                    |           |           |         |
|      icmp_ln86_fu_121_p2                                                                                                                                                      |     |        | icmp_ln86          | seteq     | auto      | 0       |
|      icmp_ln85_fu_126_p2                                                                                                                                                      |     |        | icmp_ln85          | seteq     | auto      | 0       |
|      add_ln85_fu_131_p2                                                                                                                                                       |     |        | add_ln85           | add       | fabric    | 0       |
|      or_ln85_fu_137_p2                                                                                                                                                        |     |        | or_ln85            | or        | auto      | 0       |
|      add_ln86_fu_170_p2                                                                                                                                                       |     |        | add_ln86           | add       | fabric    | 0       |
|      sp_3_fu_176_p3                                                                                                                                                           |     |        | sp_3               | select    | auto_sel  | 0       |
|      icmp_ln86_1_fu_188_p2                                                                                                                                                    |     |        | icmp_ln86_1        | seteq     | auto      | 0       |
|  + sa_spike_sppf_1                                                                                                                                                            | 2   |        |                    |           |           |         |
|    icmp_fu_208_p2                                                                                                                                                             |     |        | icmp               | setgt     | auto      | 0       |
|    icmp4_fu_233_p2                                                                                                                                                            |     |        | icmp4              | setgt     | auto      | 0       |
|    icmp_ln123_fu_247_p2                                                                                                                                                       |     |        | icmp_ln123         | seteq     | auto      | 0       |
|    t_2_fu_253_p2                                                                                                                                                              |     |        | t_2                | add       | fabric    | 0       |
|    icmp_ln124_fu_268_p2                                                                                                                                                       |     |        | icmp_ln124         | seteq     | auto      | 0       |
|    branch_1_fu_274_p2                                                                                                                                                         |     |        | branch_1           | add       | fabric    | 0       |
|    sparsemux_7_2_2_1_1_U118                                                                                                                                                   |     |        | src_s              | sparsemux | auto      | 0       |
|    icmp7_fu_262_p2                                                                                                                                                            |     |        | icmp7              | setgt     | auto      | 0       |
|   + sa_conv2d_bn_24_58_105_218_303_389_1 (grp_sa_conv2d_bn_24_58_105_218_303_389_1_fu_141)                                                                                    | 2   |        |                    |           |           |         |
|     sub_ln84_fu_280_p2                                                                                                                                                        |     |        | sub_ln84           | sub       | fabric    | 0       |
|     grp_fu_300_p0                                                                                                                                                             |     |        | add_ln84           | add       | fabric    | 0       |
|     udiv_7ns_2ns_7_11_seq_1_U23                                                                                                                                               |     |        | udiv_ln84          | udiv      | auto_seq  | 10      |
|     add_ln84_1_fu_328_p2                                                                                                                                                      |     |        | add_ln84_1         | add       | fabric    | 0       |
|     sub_ln84_1_fu_306_p2                                                                                                                                                      |     |        | sub_ln84_1         | sub       | fabric    | 0       |
|     grp_fu_322_p0                                                                                                                                                             |     |        | add_ln84_2         | add       | fabric    | 0       |
|     udiv_7ns_2ns_7_11_seq_1_U24                                                                                                                                               |     |        | udiv_ln84_1        | udiv      | auto_seq  | 10      |
|     add_ln84_3_fu_337_p2                                                                                                                                                      |     |        | add_ln84_3         | add       | fabric    | 0       |
|     mul_7ns_7ns_14_1_1_U25                                                                                                                                                    |     |        | mul_ln84           | mul       | auto      | 0       |
|     mul_9ns_14ns_23_1_1_U26                                                                                                                                                   | 1   |        | mul_ln69           | mul       | auto      | 0       |
|     sub_i_fu_377_p2                                                                                                                                                           |     |        | sub_i              | sub       | fabric    | 0       |
|     icmp_ln103_fu_387_p2                                                                                                                                                      |     |        | icmp_ln103         | seteq     | auto      | 0       |
|     add_ln103_fu_392_p2                                                                                                                                                       |     |        | add_ln103          | add       | fabric    | 0       |
|     add_ln104_fu_410_p2                                                                                                                                                       |     |        | add_ln104          | add       | fabric    | 0       |
|     b_fu_427_p2                                                                                                                                                               |     |        | b                  | lshr      | auto_pipe | 0       |
|     add_i_fu_432_p2                                                                                                                                                           |     |        | add_i              | add       | fabric    | 0       |
|     shl_i_fu_436_p2                                                                                                                                                           |     |        | shl_i              | shl       | auto_pipe | 0       |
|     shr_i_fu_441_p2                                                                                                                                                           |     |        | shr_i              | ashr      | auto_pipe | 0       |
|     scratch_a                                                                                                                                                                 |     |        | cond_i             | select    | auto_sel  | 0       |
|    + sa_conv2d_int_27_61_392_1 (grp_sa_conv2d_int_27_61_392_1_fu_222)                                                                                                         | 1   |        |                    |           |           |         |
|      udiv_9ns_8ns_9_13_seq_1_U1                                                                                                                                               |     |        | udiv_ln58          | udiv      | auto_seq  | 12      |
|      sub_ln60_fu_416_p2                                                                                                                                                       |     |        | sub_ln60           | sub       | fabric    | 0       |
|      grp_fu_448_p0                                                                                                                                                            |     |        | add_ln60           | add       | fabric    | 0       |
|      udiv_7ns_2ns_7_11_seq_1_U2                                                                                                                                               |     |        | udiv_ln60          | udiv      | auto_seq  | 10      |
|      sub_ln61_fu_454_p2                                                                                                                                                       |     |        | sub_ln61           | sub       | fabric    | 0       |
|      grp_fu_470_p0                                                                                                                                                            |     |        | add_ln61           | add       | fabric    | 0       |
|      udiv_7ns_2ns_7_11_seq_1_U3                                                                                                                                               |     |        | udiv_ln61          | udiv      | auto_seq  | 10      |
|      add_ln64_1_fu_476_p2                                                                                                                                                     |     |        | add_ln64_1         | add       | fabric    | 0       |
|      icmp_ln64_fu_485_p2                                                                                                                                                      |     |        | icmp_ln64          | seteq     | auto      | 0       |
|      add_ln64_fu_491_p2                                                                                                                                                       |     |        | add_ln64           | add       | fabric    | 0       |
|      icmp_ln65_fu_506_p2                                                                                                                                                      |     |        | icmp_ln65          | seteq     | auto      | 0       |
|      add_ln65_fu_511_p2                                                                                                                                                       |     |        | add_ln65           | add       | fabric    | 0       |
|      icmp_ln66_fu_521_p2                                                                                                                                                      |     |        | icmp_ln66          | seteq     | auto      | 0       |
|      add_ln66_fu_526_p2                                                                                                                                                       |     |        | add_ln66           | add       | fabric    | 0       |
|      udiv_9ns_8ns_9_13_seq_1_U4                                                                                                                                               |     |        | C_out_g            | udiv      | auto_seq  | 12      |
|      icmp_ln81_fu_548_p2                                                                                                                                                      |     |        | icmp_ln81          | seteq     | auto      | 0       |
|      add_ln75_1_fu_557_p2                                                                                                                                                     |     |        | add_ln75_1         | add       | fabric    | 0       |
|      icmp_ln75_fu_565_p2                                                                                                                                                      |     |        | icmp_ln75          | seteq     | auto      | 0       |
|      add_ln75_fu_571_p2                                                                                                                                                       |     |        | add_ln75           | add       | fabric    | 0       |
|      icmp_ln76_fu_577_p2                                                                                                                                                      |     |        | icmp_ln76          | seteq     | auto      | 0       |
|      add_ln76_fu_582_p2                                                                                                                                                       |     |        | add_ln76           | add       | fabric    | 0       |
|      icmp_ln81_1_fu_592_p2                                                                                                                                                    |     |        | icmp_ln81_1        | setne     | auto      | 0       |
|      add_ln81_fu_598_p2                                                                                                                                                       |     |        | add_ln81           | add       | fabric    | 0       |
|      select_ln81_fu_604_p3                                                                                                                                                    |     |        | select_ln81        | select    | auto_sel  | 0       |
|      icmp_ln81_2_fu_624_p2                                                                                                                                                    |     |        | icmp_ln81_2        | seteq     | auto      | 0       |
|      add_ln82_2_fu_643_p2                                                                                                                                                     |     |        | add_ln82_2         | add       | fabric    | 0       |
|      icmp_ln82_fu_648_p2                                                                                                                                                      |     |        | icmp_ln82          | seteq     | auto      | 0       |
|      add_ln82_fu_653_p2                                                                                                                                                       |     |        | add_ln82           | add       | fabric    | 0       |
|      add_ln83_1_fu_669_p2                                                                                                                                                     |     |        | add_ln83_1         | add       | fabric    | 0       |
|      icmp_ln83_fu_674_p2                                                                                                                                                      |     |        | icmp_ln83          | seteq     | auto      | 0       |
|      add_ln83_fu_679_p2                                                                                                                                                       |     |        | add_ln83           | add       | fabric    | 0       |
|      empty_fu_685_p2                                                                                                                                                          |     |        | empty              | sub       | fabric    | 0       |
|      sub_ln90_fu_689_p2                                                                                                                                                       |     |        | sub_ln90           | sub       | fabric    | 0       |
|      icmp_ln86_fu_694_p2                                                                                                                                                      |     |        | icmp_ln86          | seteq     | auto      | 0       |
|      add_ln86_fu_699_p2                                                                                                                                                       |     |        | add_ln86           | add       | fabric    | 0       |
|      icmp_ln87_fu_705_p2                                                                                                                                                      |     |        | icmp_ln87          | seteq     | auto      | 0       |
|      add_ln87_fu_710_p2                                                                                                                                                       |     |        | add_ln87           | add       | fabric    | 0       |
|      empty_32_fu_720_p2                                                                                                                                                       |     |        | empty_32           | add       | fabric    | 0       |
|      rev_fu_733_p2                                                                                                                                                            |     |        | rev                | xor       | auto      | 0       |
|      notrhs_fu_739_p2                                                                                                                                                         |     |        | notrhs             | setlt     | auto      | 0       |
|      and_ln92_fu_744_p2                                                                                                                                                       |     |        | and_ln92           | and       | auto      | 0       |
|      icmp_ln88_fu_750_p2                                                                                                                                                      |     |        | icmp_ln88          | seteq     | auto      | 0       |
|      add_ln88_fu_755_p2                                                                                                                                                       |     |        | add_ln88           | add       | fabric    | 0       |
|      add_ln90_fu_765_p2                                                                                                                                                       |     |        | add_ln90           | add       | fabric    | 0       |
|      xor_ln92_fu_778_p2                                                                                                                                                       |     |        | xor_ln92           | xor       | auto      | 0       |
|      icmp_ln92_fu_784_p2                                                                                                                                                      |     |        | icmp_ln92          | setlt     | auto      | 0       |
|      and_ln92_2_fu_789_p2                                                                                                                                                     |     |        | and_ln92_2         | and       | auto      | 0       |
|      and_ln92_1_fu_795_p2                                                                                                                                                     |     |        | and_ln92_1         | and       | auto      | 0       |
|      px_fu_800_p3                                                                                                                                                             |     |        | px                 | select    | auto_sel  | 0       |
|      mac_muladd_8s_8s_32s_32_4_1_U5                                                                                                                                           | 1   |        | mul_ln101          | mul       | dsp_slice | 3       |
|      mac_muladd_8s_8s_32s_32_4_1_U5                                                                                                                                           | 1   |        | sext_ln101         | sext      | dsp_slice | 3       |
|      mac_muladd_8s_8s_32s_32_4_1_U5                                                                                                                                           | 1   |        | acc                | add       | dsp_slice | 3       |
|      add_ln81_1_fu_659_p2                                                                                                                                                     |     |        | add_ln81_1         | add       | fabric    | 0       |
|      add_ln76_1_fu_629_p2                                                                                                                                                     |     |        | add_ln76_1         | add       | fabric    | 0       |
|      add_ln76_2_fu_634_p2                                                                                                                                                     |     |        | add_ln76_2         | add       | fabric    | 0       |
|    + sa_conv2d_bn_24_58_105_218_303_389_1_Pipeline_VITIS_LOOP_85_2_VITIS_LOOP_86_3 (grp_sa_conv2d_bn_24_58_105_218_303_389_1_Pipeline_VITIS_LOOP_85_2_VITIS_LOOP_86_3_fu_248) | 0   |        |                    |           |           |         |
|      icmp_ln86_fu_121_p2                                                                                                                                                      |     |        | icmp_ln86          | seteq     | auto      | 0       |
|      icmp_ln85_fu_126_p2                                                                                                                                                      |     |        | icmp_ln85          | seteq     | auto      | 0       |
|      add_ln85_fu_131_p2                                                                                                                                                       |     |        | add_ln85           | add       | fabric    | 0       |
|      or_ln85_fu_137_p2                                                                                                                                                        |     |        | or_ln85            | or        | auto      | 0       |
|      add_ln86_fu_170_p2                                                                                                                                                       |     |        | add_ln86           | add       | fabric    | 0       |
|      sp_3_fu_176_p3                                                                                                                                                           |     |        | sp_3               | select    | auto_sel  | 0       |
|      icmp_ln86_1_fu_188_p2                                                                                                                                                    |     |        | icmp_ln86_1        | seteq     | auto      | 0       |
|   + sa_maxpool_or                                                                                                                                                             | 0   |        |                    |           |           |         |
|     icmp_ln34_fu_122_p2                                                                                                                                                       |     |        | icmp_ln34          | seteq     | auto      | 0       |
|     add_ln34_fu_128_p2                                                                                                                                                        |     |        | add_ln34           | add       | fabric    | 0       |
|     icmp_ln35_fu_145_p2                                                                                                                                                       |     |        | icmp_ln35          | seteq     | auto      | 0       |
|     xor_ln34_fu_151_p2                                                                                                                                                        |     |        | xor_ln34           | xor       | auto      | 0       |
|     icmp_ln37_fu_219_p2                                                                                                                                                       |     |        | icmp_ln37          | seteq     | auto      | 0       |
|     icmp_ln36_fu_157_p2                                                                                                                                                       |     |        | icmp_ln36          | seteq     | auto      | 0       |
|     and_ln34_1_fu_163_p2                                                                                                                                                      |     |        | and_ln34_1         | and       | auto      | 0       |
|     or_ln35_fu_169_p2                                                                                                                                                         |     |        | or_ln35            | or        | auto      | 0       |
|     select_ln35_fu_225_p3                                                                                                                                                     |     |        | select_ln35        | select    | auto_sel  | 0       |
|     xor_ln35_fu_232_p2                                                                                                                                                        |     |        | xor_ln35           | xor       | auto      | 0       |
|     or_ln35_1_fu_237_p2                                                                                                                                                       |     |        | or_ln35_1          | or        | auto      | 0       |
|     and_ln34_fu_242_p2                                                                                                                                                        |     |        | and_ln34           | and       | auto      | 0       |
|     and_ln35_fu_247_p2                                                                                                                                                        |     |        | and_ln35           | and       | auto      | 0       |
|     indvars_iv_next242_fu_253_p2                                                                                                                                              |     |        | indvars_iv_next242 | add       | fabric    | 0       |
|     or_ln36_fu_259_p2                                                                                                                                                         |     |        | or_ln36            | or        | auto      | 0       |
|     or_ln36_1_fu_263_p2                                                                                                                                                       |     |        | or_ln36_1          | or        | auto      | 0       |
|     select_ln36_fu_269_p3                                                                                                                                                     |     |        | select_ln36        | select    | auto_sel  | 0       |
|     select_ln36_1_fu_277_p3                                                                                                                                                   |     |        | select_ln36_1      | select    | auto_sel  | 0       |
|     empty_fu_285_p2                                                                                                                                                           |     |        | empty              | add       | fabric    | 0       |
|     cmp23_1_fu_291_p2                                                                                                                                                         |     |        | cmp23_1            | setne     | auto      | 0       |
|     add_ln44_fu_305_p2                                                                                                                                                        |     |        | add_ln44           | add       | fabric    | 0       |
|     xor_ln44_fu_512_p2                                                                                                                                                        |     |        | xor_ln44           | xor       | auto      | 0       |
|     or_ln44_fu_319_p2                                                                                                                                                         |     |        | or_ln44            | or        | auto      | 0       |
|     icmp_ln47_fu_333_p2                                                                                                                                                       |     |        | icmp_ln47          | setgt     | auto      | 0       |
|     acc_fu_338_p3                                                                                                                                                             |     |        | acc                | select    | auto_sel  | 0       |
|     acc_1_fu_345_p3                                                                                                                                                           |     |        | acc_1              | select    | auto_sel  | 0       |
|     add_ln43_fu_353_p2                                                                                                                                                        |     |        | add_ln43           | add       | fabric    | 0       |
|     add_ln44_1_fu_379_p2                                                                                                                                                      |     |        | add_ln44_1         | add       | fabric    | 0       |
|     xor_ln44_1_fu_517_p2                                                                                                                                                      |     |        | xor_ln44_1         | xor       | auto      | 0       |
|     or_ln44_1_fu_392_p2                                                                                                                                                       |     |        | or_ln44_1          | or        | auto      | 0       |
|     icmp_ln47_1_fu_405_p2                                                                                                                                                     |     |        | icmp_ln47_1        | setlt     | auto      | 0       |
|     acc_2_fu_410_p3                                                                                                                                                           |     |        | acc_2              | select    | auto_sel  | 0       |
|     acc_3_fu_417_p3                                                                                                                                                           |     |        | acc_3              | select    | auto_sel  | 0       |
|     icmp_ln47_2_fu_425_p2                                                                                                                                                     |     |        | icmp_ln47_2        | setlt     | auto      | 0       |
|     acc_4_fu_430_p3                                                                                                                                                           |     |        | acc_4              | select    | auto_sel  | 0       |
|     acc_5_fu_437_p3                                                                                                                                                           |     |        | acc_5              | select    | auto_sel  | 0       |
|     xor_ln44_2_fu_576_p2                                                                                                                                                      |     |        | xor_ln44_2         | xor       | auto      | 0       |
|     or_ln44_2_fu_445_p2                                                                                                                                                       |     |        | or_ln44_2          | or        | auto      | 0       |
|     icmp_ln47_3_fu_457_p2                                                                                                                                                     |     |        | icmp_ln47_3        | setlt     | auto      | 0       |
|     acc_6_fu_461_p3                                                                                                                                                           |     |        | acc_6              | select    | auto_sel  | 0       |
|     acc_7_fu_467_p3                                                                                                                                                           |     |        | acc_7              | select    | auto_sel  | 0       |
|     add_ln43_1_fu_474_p2                                                                                                                                                      |     |        | add_ln43_1         | add       | fabric    | 0       |
|     xor_ln44_3_fu_630_p2                                                                                                                                                      |     |        | xor_ln44_3         | xor       | auto      | 0       |
|     or_ln44_3_fu_479_p2                                                                                                                                                       |     |        | or_ln44_3          | or        | auto      | 0       |
|     icmp_ln47_4_fu_492_p2                                                                                                                                                     |     |        | icmp_ln47_4        | setlt     | auto      | 0       |
|     acc_8_fu_497_p3                                                                                                                                                           |     |        | acc_8              | select    | auto_sel  | 0       |
|     acc_9_fu_504_p3                                                                                                                                                           |     |        | acc_9              | select    | auto_sel  | 0       |
|     and_ln44_fu_522_p2                                                                                                                                                        |     |        | and_ln44           | and       | auto      | 0       |
|     icmp_ln47_5_fu_527_p2                                                                                                                                                     |     |        | icmp_ln47_5        | setlt     | auto      | 0       |
|     acc_10_fu_531_p3                                                                                                                                                          |     |        | acc_10             | select    | auto_sel  | 0       |
|     acc_11_fu_537_p3                                                                                                                                                          |     |        | acc_11             | select    | auto_sel  | 0       |
|     and_ln44_1_fu_544_p2                                                                                                                                                      |     |        | and_ln44_1         | and       | auto      | 0       |
|     icmp_ln47_6_fu_549_p2                                                                                                                                                     |     |        | icmp_ln47_6        | setlt     | auto      | 0       |
|     acc_12_fu_554_p3                                                                                                                                                          |     |        | acc_12             | select    | auto_sel  | 0       |
|     acc_13_fu_561_p3                                                                                                                                                          |     |        | acc_13             | select    | auto_sel  | 0       |
|     icmp_ln47_7_fu_582_p2                                                                                                                                                     |     |        | icmp_ln47_7        | setlt     | auto      | 0       |
|     acc_14_fu_586_p3                                                                                                                                                          |     |        | acc_14             | select    | auto_sel  | 0       |
|     acc_15_fu_592_p3                                                                                                                                                          |     |        | acc_15             | select    | auto_sel  | 0       |
|     and_ln44_2_fu_598_p2                                                                                                                                                      |     |        | and_ln44_2         | and       | auto      | 0       |
|     icmp_ln47_8_fu_603_p2                                                                                                                                                     |     |        | icmp_ln47_8        | setlt     | auto      | 0       |
|     acc_16_fu_608_p3                                                                                                                                                          |     |        | acc_16             | select    | auto_sel  | 0       |
|     acc_17_fu_615_p3                                                                                                                                                          |     |        | acc_17             | select    | auto_sel  | 0       |
|     and_ln44_3_fu_636_p2                                                                                                                                                      |     |        | and_ln44_3         | and       | auto      | 0       |
|     icmp_ln47_9_fu_641_p2                                                                                                                                                     |     |        | icmp_ln47_9        | setlt     | auto      | 0       |
|     acc_18_fu_645_p3                                                                                                                                                          |     |        | acc_18             | select    | auto_sel  | 0       |
|     acc_19_fu_651_p3                                                                                                                                                          |     |        | acc_19             | select    | auto_sel  | 0       |
|     icmp_ln47_10_fu_658_p2                                                                                                                                                    |     |        | icmp_ln47_10       | setlt     | auto      | 0       |
|     acc_20_fu_663_p3                                                                                                                                                          |     |        | acc_20             | select    | auto_sel  | 0       |
|     acc_21_fu_670_p3                                                                                                                                                          |     |        | acc_21             | select    | auto_sel  | 0       |
|     icmp_ln47_11_fu_677_p2                                                                                                                                                    |     |        | icmp_ln47_11       | setlt     | auto      | 0       |
|     acc_22_fu_681_p3                                                                                                                                                          |     |        | acc_22             | select    | auto_sel  | 0       |
|     acc_23_fu_687_p3                                                                                                                                                          |     |        | acc_23             | select    | auto_sel  | 0       |
|     icmp_ln47_12_fu_693_p2                                                                                                                                                    |     |        | icmp_ln47_12       | setlt     | auto      | 0       |
|     acc_24_fu_698_p3                                                                                                                                                          |     |        | acc_24             | select    | auto_sel  | 0       |
|     add_ln36_fu_175_p2                                                                                                                                                        |     |        | add_ln36           | add       | fabric    | 0       |
|     select_ln36_2_fu_181_p3                                                                                                                                                   |     |        | select_ln36_2      | select    | auto_sel  | 0       |
|     add_ln35_fu_189_p2                                                                                                                                                        |     |        | add_ln35           | add       | fabric    | 0       |
|     select_ln35_1_fu_195_p3                                                                                                                                                   |     |        | select_ln35_1      | select    | auto_sel  | 0       |
|   + sa_spike_sppf_1_Pipeline_VITIS_LOOP_133_3_VITIS_LOOP_134_4                                                                                                                | 0   |        |                    |           |           |         |
|     icmp_ln133_fu_120_p2                                                                                                                                                      |     |        | icmp_ln133         | seteq     | auto      | 0       |
|     add_ln133_fu_126_p2                                                                                                                                                       |     |        | add_ln133          | add       | fabric    | 0       |
|     sparsemux_7_2_8_1_1_U109                                                                                                                                                  |     |        | tmp                | sparsemux | auto      | 0       |
+-------------------------------------------------------------------------------------------------------------------------------------------------------------------------------+-----+--------+--------------------+-----------+-----------+---------+


================================================================
== Storage Report
================================================================
+--------------------+-----------+-----------+------+------+--------+----------+------+---------+------------------+
| Name               | Usage     | Type      | BRAM | URAM | Pragma | Variable | Impl | Latency | Bitwidth, Depth, |
|                    |           |           |      |      |        |          |      |         | Banks            |
+--------------------+-----------+-----------+------+------+--------+----------+------+---------+------------------+
| + sa_tiny_fpga_top |           |           | 0    | 0    |        |          |      |         |                  |
|   control_s_axi_U  | interface | s_axilite |      |      |        |          |      |         |                  |
+--------------------+-----------+-----------+------+------+--------+----------+------+---------+------------------+


================================================================
== Pragma Report
================================================================
* Ignored Pragmas
+-----------+------------------------+-------------------------------------------------------+---------------------------------------------+
| Type      | Options                | Location                                              | Messages                                    |
+-----------+------------------------+-------------------------------------------------------+---------------------------------------------+
| interface | m_axi x=               | src/conv2d_bn.cpp:55 in sa_conv2d_bn                  | unexpected pragma parameter 'x'             |
| interface | m_axi y=               | src/conv2d_bn.cpp:56 in sa_conv2d_bn                  | unexpected pragma parameter 'y'             |
| interface | m_axi w=               | src/conv2d_bn.cpp:57 in sa_conv2d_bn                  | unexpected pragma parameter 'w'             |
| interface | m_axi bias=            | src/conv2d_bn.cpp:58 in sa_conv2d_bn                  | unexpected pragma parameter 'bias'          |
| interface | m_axi out_shift=       | src/conv2d_bn.cpp:59 in sa_conv2d_bn                  | unexpected pragma parameter 'out_shift'     |
| interface | m_axi tmp_acc=         | src/conv2d_bn.cpp:60 in sa_conv2d_bn                  | unexpected pragma parameter 'tmp_acc'       |
| interface | s_axilite C_in=        | src/conv2d_bn.cpp:61 in sa_conv2d_bn                  | unexpected pragma parameter 'T_in'          |
|           |                        |                                                       | unexpected pragma parameter 'C_in'          |
| interface | s_axilite H=           | src/conv2d_bn.cpp:62 in sa_conv2d_bn                  | unexpected pragma parameter 'C_out'         |
|           |                        |                                                       | unexpected pragma parameter 'H'             |
| interface | s_axilite K=           | src/conv2d_bn.cpp:63 in sa_conv2d_bn                  | unexpected pragma parameter 'W'             |
|           |                        |                                                       | unexpected pragma parameter 'K'             |
| interface | s_axilite pad=         | src/conv2d_bn.cpp:64 in sa_conv2d_bn                  | unexpected pragma parameter 'stride'        |
|           |                        |                                                       | unexpected pragma parameter 'pad'           |
| interface | s_axilite first_layer= | src/conv2d_bn.cpp:65 in sa_conv2d_bn                  | unexpected pragma parameter 'groups'        |
|           |                        |                                                       | unexpected pragma parameter 'first_layer'   |
| interface | m_axi x=               | src/conv2d_int.cpp:44 in sa_conv2d_int                | unexpected pragma parameter 'x'             |
| interface | m_axi y=               | src/conv2d_int.cpp:45 in sa_conv2d_int                | unexpected pragma parameter 'y'             |
| interface | m_axi w=               | src/conv2d_int.cpp:46 in sa_conv2d_int                | unexpected pragma parameter 'w'             |
| interface | s_axilite N=           | src/conv2d_int.cpp:47 in sa_conv2d_int                | unexpected pragma parameter 'N'             |
| interface | s_axilite C_in=        | src/conv2d_int.cpp:48 in sa_conv2d_int                | unexpected pragma parameter 'C_in'          |
| interface | s_axilite C_out=       | src/conv2d_int.cpp:49 in sa_conv2d_int                | unexpected pragma parameter 'C_out'         |
| interface | s_axilite H=           | src/conv2d_int.cpp:50 in sa_conv2d_int                | unexpected pragma parameter 'H'             |
| interface | s_axilite W=           | src/conv2d_int.cpp:51 in sa_conv2d_int                | unexpected pragma parameter 'W'             |
| interface | s_axilite K=           | src/conv2d_int.cpp:52 in sa_conv2d_int                | unexpected pragma parameter 'K'             |
| interface | s_axilite stride=      | src/conv2d_int.cpp:53 in sa_conv2d_int                | unexpected pragma parameter 'stride'        |
| interface | s_axilite pad=         | src/conv2d_int.cpp:54 in sa_conv2d_int                | unexpected pragma parameter 'pad'           |
| interface | s_axilite groups=      | src/conv2d_int.cpp:55 in sa_conv2d_int                | unexpected pragma parameter 'groups'        |
| interface | m_axi x_in=            | src/detect_head.cpp:51 in sa_detect_head              | unexpected pragma parameter 'x_in'          |
| interface | m_axi y_out=           | src/detect_head.cpp:52 in sa_detect_head              | unexpected pragma parameter 'y_out'         |
| interface | s_axilite W=           | src/detect_head.cpp:53 in sa_detect_head              | unexpected pragma parameter 'N'             |
|           |                        |                                                       | unexpected pragma parameter 'C'             |
|           |                        |                                                       | unexpected pragma parameter 'H'             |
|           |                        |                                                       | unexpected pragma parameter 'W'             |
| interface | m_axi x_in=            | src/lif_expand.cpp:29 in sa_lif_expand                | unexpected pragma parameter 'x_in'          |
| interface | m_axi spike_out=       | src/lif_expand.cpp:30 in sa_lif_expand                | unexpected pragma parameter 'spike_out'     |
| interface | s_axilite W=           | src/lif_expand.cpp:31 in sa_lif_expand                | unexpected pragma parameter 'T'             |
|           |                        |                                                       | unexpected pragma parameter 'C'             |
|           |                        |                                                       | unexpected pragma parameter 'H'             |
|           |                        |                                                       | unexpected pragma parameter 'W'             |
| interface | m_axi x_in=            | src/maxpool_or.cpp:26 in sa_maxpool_or                | unexpected pragma parameter 'x_in'          |
| interface | m_axi y_out=           | src/maxpool_or.cpp:27 in sa_maxpool_or                | unexpected pragma parameter 'y_out'         |
| interface | s_axilite W=           | src/maxpool_or.cpp:28 in sa_maxpool_or                | unexpected pragma parameter 'T'             |
|           |                        |                                                       | unexpected pragma parameter 'C'             |
|           |                        |                                                       | unexpected pragma parameter 'H'             |
|           |                        |                                                       | unexpected pragma parameter 'W'             |
| interface | s_axilite K=           | src/maxpool_or.cpp:29 in sa_maxpool_or                | unexpected pragma parameter 'K'             |
| interface | m_axi x_in=            | src/ms_all_conv_block.cpp:86 in sa_ms_all_conv_block  | unexpected pragma parameter 'x_in'          |
| interface | m_axi y=               | src/ms_all_conv_block.cpp:87 in sa_ms_all_conv_block  | unexpected pragma parameter 'y'             |
| interface | m_axi sep_s0=          | src/ms_all_conv_block.cpp:88 in sa_ms_all_conv_block  | unexpected pragma parameter 'sep_w0'        |
|           |                        |                                                       | unexpected pragma parameter 'sep_b0'        |
|           |                        |                                                       | unexpected pragma parameter 'sep_s0'        |
| interface | m_axi sep_s1=          | src/ms_all_conv_block.cpp:89 in sa_ms_all_conv_block  | unexpected pragma parameter 'sep_w1'        |
|           |                        |                                                       | unexpected pragma parameter 'sep_b1'        |
|           |                        |                                                       | unexpected pragma parameter 'sep_s1'        |
| interface | m_axi sep_s2=          | src/ms_all_conv_block.cpp:90 in sa_ms_all_conv_block  | unexpected pragma parameter 'sep_w2'        |
|           |                        |                                                       | unexpected pragma parameter 'sep_b2'        |
|           |                        |                                                       | unexpected pragma parameter 'sep_s2'        |
| interface | m_axi sep_s3=          | src/ms_all_conv_block.cpp:91 in sa_ms_all_conv_block  | unexpected pragma parameter 'sep_w3'        |
|           |                        |                                                       | unexpected pragma parameter 'sep_b3'        |
|           |                        |                                                       | unexpected pragma parameter 'sep_s3'        |
| interface | m_axi c1_s=            | src/ms_all_conv_block.cpp:92 in sa_ms_all_conv_block  | unexpected pragma parameter 'c1_w'          |
|           |                        |                                                       | unexpected pragma parameter 'c1_b'          |
|           |                        |                                                       | unexpected pragma parameter 'c1_s'          |
| interface | m_axi c2_s=            | src/ms_all_conv_block.cpp:93 in sa_ms_all_conv_block  | unexpected pragma parameter 'c2_w'          |
|           |                        |                                                       | unexpected pragma parameter 'c2_b'          |
|           |                        |                                                       | unexpected pragma parameter 'c2_s'          |
| interface | m_axi sep_y_buf=       | src/ms_all_conv_block.cpp:94 in sa_ms_all_conv_block  | unexpected pragma parameter 'r_buf'         |
|           |                        |                                                       | unexpected pragma parameter 'sep_y_buf'     |
| interface | m_axi pong_buf=        | src/ms_all_conv_block.cpp:95 in sa_ms_all_conv_block  | unexpected pragma parameter 'ping_buf'      |
|           |                        |                                                       | unexpected pragma parameter 'pong_buf'      |
| interface | m_axi tmp_acc=         | src/ms_all_conv_block.cpp:96 in sa_ms_all_conv_block  | unexpected pragma parameter 'spike_buf'     |
|           |                        |                                                       | unexpected pragma parameter 'tmp_acc'       |
| interface | s_axilite C_mid=       | src/ms_all_conv_block.cpp:97 in sa_ms_all_conv_block  | unexpected pragma parameter 'T'             |
|           |                        |                                                       | unexpected pragma parameter 'C'             |
|           |                        |                                                       | unexpected pragma parameter 'C_exp'         |
|           |                        |                                                       | unexpected pragma parameter 'C_mid'         |
| interface | s_axilite W=           | src/ms_all_conv_block.cpp:98 in sa_ms_all_conv_block  | unexpected pragma parameter 'H'             |
|           |                        |                                                       | unexpected pragma parameter 'W'             |
| interface | s_axilite K_dw4=       | src/ms_all_conv_block.cpp:99 in sa_ms_all_conv_block  | unexpected pragma parameter 'K_dw2'         |
|           |                        |                                                       | unexpected pragma parameter 'K_dw4'         |
| interface | s_axilite pad_dw4=     | src/ms_all_conv_block.cpp:100 in sa_ms_all_conv_block | unexpected pragma parameter 'pad_dw2'       |
|           |                        |                                                       | unexpected pragma parameter 'pad_dw4'       |
| interface | s_axilite pad_c1=      | src/ms_all_conv_block.cpp:101 in sa_ms_all_conv_block | unexpected pragma parameter 'K_c1'          |
|           |                        |                                                       | unexpected pragma parameter 'pad_c1'        |
| interface | s_axilite pad_c2=      | src/ms_all_conv_block.cpp:102 in sa_ms_all_conv_block | unexpected pragma parameter 'K_c2'          |
|           |                        |                                                       | unexpected pragma parameter 'pad_c2'        |
| interface | m_axi x_i8=            | src/ms_downsampling.cpp:70 in sa_ms_downsampling      | unexpected pragma parameter 'x_i8'          |
| interface | m_axi x_i32=           | src/ms_downsampling.cpp:71 in sa_ms_downsampling      | unexpected pragma parameter 'x_i32'         |
| interface | m_axi y=               | src/ms_downsampling.cpp:72 in sa_ms_downsampling      | unexpected pragma parameter 'y'             |
| interface | m_axi w=               | src/ms_downsampling.cpp:73 in sa_ms_downsampling      | unexpected pragma parameter 'w'             |
| interface | m_axi bias=            | src/ms_downsampling.cpp:74 in sa_ms_downsampling      | unexpected pragma parameter 'bias'          |
| interface | m_axi out_shift=       | src/ms_downsampling.cpp:75 in sa_ms_downsampling      | unexpected pragma parameter 'out_shift'     |
| interface | m_axi spike_buf=       | src/ms_downsampling.cpp:76 in sa_ms_downsampling      | unexpected pragma parameter 'spike_buf'     |
| interface | m_axi tmp_acc=         | src/ms_downsampling.cpp:77 in sa_ms_downsampling      | unexpected pragma parameter 'tmp_acc'       |
| interface | s_axilite C_in=        | src/ms_downsampling.cpp:78 in sa_ms_downsampling      | unexpected pragma parameter 'T_in'          |
|           |                        |                                                       | unexpected pragma parameter 'C_in'          |
| interface | s_axilite H=           | src/ms_downsampling.cpp:79 in sa_ms_downsampling      | unexpected pragma parameter 'C_out'         |
|           |                        |                                                       | unexpected pragma parameter 'H'             |
| interface | s_axilite K=           | src/ms_downsampling.cpp:80 in sa_ms_downsampling      | unexpected pragma parameter 'W'             |
|           |                        |                                                       | unexpected pragma parameter 'K'             |
| interface | s_axilite pad=         | src/ms_downsampling.cpp:81 in sa_ms_downsampling      | unexpected pragma parameter 'stride'        |
|           |                        |                                                       | unexpected pragma parameter 'pad'           |
| interface | s_axilite first_layer= | src/ms_downsampling.cpp:82 in sa_ms_downsampling      | unexpected pragma parameter 'groups'        |
|           |                        |                                                       | unexpected pragma parameter 'first_layer'   |
| interface | m_axi x=               | src/sep_conv.cpp:88 in sa_sep_conv                    | unexpected pragma parameter 'x'             |
| interface | m_axi y=               | src/sep_conv.cpp:89 in sa_sep_conv                    | unexpected pragma parameter 'y'             |
| interface | m_axi shift0=          | src/sep_conv.cpp:90 in sa_sep_conv                    | unexpected pragma parameter 'w0'            |
|           |                        |                                                       | unexpected pragma parameter 'bias0'         |
|           |                        |                                                       | unexpected pragma parameter 'shift0'        |
| interface | m_axi shift1=          | src/sep_conv.cpp:91 in sa_sep_conv                    | unexpected pragma parameter 'w1'            |
|           |                        |                                                       | unexpected pragma parameter 'bias1'         |
|           |                        |                                                       | unexpected pragma parameter 'shift1'        |
| interface | m_axi shift2=          | src/sep_conv.cpp:92 in sa_sep_conv                    | unexpected pragma parameter 'w2'            |
|           |                        |                                                       | unexpected pragma parameter 'bias2'         |
|           |                        |                                                       | unexpected pragma parameter 'shift2'        |
| interface | m_axi shift3=          | src/sep_conv.cpp:93 in sa_sep_conv                    | unexpected pragma parameter 'w3'            |
|           |                        |                                                       | unexpected pragma parameter 'bias3'         |
|           |                        |                                                       | unexpected pragma parameter 'shift3'        |
| interface | m_axi ping_buf=        | src/sep_conv.cpp:94 in sa_sep_conv                    | unexpected pragma parameter 'ping_buf'      |
| interface | m_axi pong_buf=        | src/sep_conv.cpp:95 in sa_sep_conv                    | unexpected pragma parameter 'pong_buf'      |
| interface | m_axi spike_buf=       | src/sep_conv.cpp:96 in sa_sep_conv                    | unexpected pragma parameter 'spike_buf'     |
| interface | m_axi tmp_acc=         | src/sep_conv.cpp:97 in sa_sep_conv                    | unexpected pragma parameter 'tmp_acc'       |
| interface | s_axilite C_exp=       | src/sep_conv.cpp:98 in sa_sep_conv                    | unexpected pragma parameter 'T'             |
|           |                        |                                                       | unexpected pragma parameter 'C'             |
|           |                        |                                                       | unexpected pragma parameter 'C_exp'         |
| interface | s_axilite W=           | src/sep_conv.cpp:99 in sa_sep_conv                    | unexpected pragma parameter 'H'             |
|           |                        |                                                       | unexpected pragma parameter 'W'             |
| interface | s_axilite K_dw4=       | src/sep_conv.cpp:100 in sa_sep_conv                   | unexpected pragma parameter 'K_dw2'         |
|           |                        |                                                       | unexpected pragma parameter 'K_dw4'         |
| interface | s_axilite pad_dw4=     | src/sep_conv.cpp:101 in sa_sep_conv                   | unexpected pragma parameter 'pad_dw2'       |
|           |                        |                                                       | unexpected pragma parameter 'pad_dw4'       |
| interface | m_axi x_in=            | src/spike_sppf.cpp:77 in sa_spike_sppf                | unexpected pragma parameter 'x_in'          |
| interface | m_axi y_out=           | src/spike_sppf.cpp:78 in sa_spike_sppf                | unexpected pragma parameter 'y_out'         |
| interface | m_axi cv1_s=           | src/spike_sppf.cpp:79 in sa_spike_sppf                | unexpected pragma parameter 'cv1_w'         |
|           |                        |                                                       | unexpected pragma parameter 'cv1_b'         |
|           |                        |                                                       | unexpected pragma parameter 'cv1_s'         |
| interface | m_axi cv2_s=           | src/spike_sppf.cpp:80 in sa_spike_sppf                | unexpected pragma parameter 'cv2_w'         |
|           |                        |                                                       | unexpected pragma parameter 'cv2_b'         |
|           |                        |                                                       | unexpected pragma parameter 'cv2_s'         |
| interface | m_axi ping_buf=        | src/spike_sppf.cpp:81 in sa_spike_sppf                | unexpected pragma parameter 'ping_buf'      |
| interface | m_axi spk_buf=         | src/spike_sppf.cpp:82 in sa_spike_sppf                | unexpected pragma parameter 'spk_buf'       |
| interface | m_axi pool_buf1=       | src/spike_sppf.cpp:83 in sa_spike_sppf                | unexpected pragma parameter 'pool_buf1'     |
| interface | m_axi pool_buf2=       | src/spike_sppf.cpp:84 in sa_spike_sppf                | unexpected pragma parameter 'pool_buf2'     |
| interface | m_axi pool_buf3=       | src/spike_sppf.cpp:85 in sa_spike_sppf                | unexpected pragma parameter 'pool_buf3'     |
| interface | m_axi concat_buf=      | src/spike_sppf.cpp:86 in sa_spike_sppf                | unexpected pragma parameter 'concat_buf'    |
| interface | m_axi cat_i32_buf=     | src/spike_sppf.cpp:87 in sa_spike_sppf                | unexpected pragma parameter 'cat_i32_buf'   |
| interface | m_axi spike_buf=       | src/spike_sppf.cpp:88 in sa_spike_sppf                | unexpected pragma parameter 'spike_buf'     |
| interface | m_axi tmp_acc=         | src/spike_sppf.cpp:89 in sa_spike_sppf                | unexpected pragma parameter 'tmp_acc'       |
| interface | s_axilite C_in=        | src/spike_sppf.cpp:90 in sa_spike_sppf                | unexpected pragma parameter 'T'             |
|           |                        |                                                       | unexpected pragma parameter 'C_in'          |
| interface | s_axilite C_out=       | src/spike_sppf.cpp:91 in sa_spike_sppf                | unexpected pragma parameter 'C_mid'         |
|           |                        |                                                       | unexpected pragma parameter 'C_out'         |
| interface | s_axilite W=           | src/spike_sppf.cpp:92 in sa_spike_sppf                | unexpected pragma parameter 'H'             |
|           |                        |                                                       | unexpected pragma parameter 'W'             |
| interface | s_axilite k=           | src/spike_sppf.cpp:93 in sa_spike_sppf                | unexpected pragma parameter 'k'             |
| interface | m_axi img_in=          | src/tiny_fpga_top.cpp:160 in sa_tiny_fpga_top         | unexpected pragma parameter 'img_in'        |
| interface | m_axi feat_out=        | src/tiny_fpga_top.cpp:161 in sa_tiny_fpga_top         | unexpected pragma parameter 'feat_out'      |
| interface | m_axi w_pool=          | src/tiny_fpga_top.cpp:166 in sa_tiny_fpga_top         | unexpected pragma parameter 'w_pool'        |
| interface | m_axi bias_pool=       | src/tiny_fpga_top.cpp:167 in sa_tiny_fpga_top         | unexpected pragma parameter 'bias_pool'     |
| interface | m_axi shift_pool=      | src/tiny_fpga_top.cpp:168 in sa_tiny_fpga_top         | unexpected pragma parameter 'shift_pool'    |
| interface | m_axi scratch_a=       | src/tiny_fpga_top.cpp:169 in sa_tiny_fpga_top         | unexpected pragma parameter 'scratch_a'     |
| interface | m_axi scratch_b=       | src/tiny_fpga_top.cpp:170 in sa_tiny_fpga_top         | unexpected pragma parameter 'scratch_b'     |
| interface | m_axi scratch_c=       | src/tiny_fpga_top.cpp:171 in sa_tiny_fpga_top         | unexpected pragma parameter 'scratch_c'     |
| interface | m_axi scratch_d=       | src/tiny_fpga_top.cpp:172 in sa_tiny_fpga_top         | unexpected pragma parameter 'scratch_d'     |
| interface | m_axi scratch_e=       | src/tiny_fpga_top.cpp:173 in sa_tiny_fpga_top         | unexpected pragma parameter 'scratch_e'     |
| interface | m_axi scratch_f=       | src/tiny_fpga_top.cpp:174 in sa_tiny_fpga_top         | unexpected pragma parameter 'scratch_f'     |
| interface | m_axi scratch_spike=   | src/tiny_fpga_top.cpp:175 in sa_tiny_fpga_top         | unexpected pragma parameter 'scratch_spike' |
| interface | m_axi scratch_acc=     | src/tiny_fpga_top.cpp:176 in sa_tiny_fpga_top         | unexpected pragma parameter 'scratch_acc'   |
| interface | m_axi scratch_spk_a=   | src/tiny_fpga_top.cpp:177 in sa_tiny_fpga_top         | unexpected pragma parameter 'scratch_spk_a' |
| interface | m_axi scratch_spk_b=   | src/tiny_fpga_top.cpp:178 in sa_tiny_fpga_top         | unexpected pragma parameter 'scratch_spk_b' |
| interface | m_axi scratch_spk_c=   | src/tiny_fpga_top.cpp:179 in sa_tiny_fpga_top         | unexpected pragma parameter 'scratch_spk_c' |
| interface | m_axi scratch_spk_d=   | src/tiny_fpga_top.cpp:180 in sa_tiny_fpga_top         | unexpected pragma parameter 'scratch_spk_d' |
| interface | m_axi scratch_spk_e=   | src/tiny_fpga_top.cpp:181 in sa_tiny_fpga_top         | unexpected pragma parameter 'scratch_spk_e' |
| interface | s_axilite layer_id=    | src/tiny_fpga_top.cpp:182 in sa_tiny_fpga_top         | unexpected pragma parameter 'layer_id'      |
+-----------+------------------------+-------------------------------------------------------+---------------------------------------------+

* Valid Pragma Syntax
+-----------+--------------------------------------+---------------------------------------------------------------+
| Type      | Options                              | Location                                                      |
+-----------+--------------------------------------+---------------------------------------------------------------+
| pipeline  | II=1                                 | include\op_macros.h:86 in sa_residual_add_i32                 |
| interface | s_axilite port=return bundle=control | src/conv2d_bn.cpp:66 in sa_conv2d_bn, return                  |
| pipeline  | II=1                                 | src/conv2d_bn.cpp:87 in sa_conv2d_bn                          |
| pipeline  | II=1                                 | src/conv2d_bn.cpp:107 in sa_conv2d_bn                         |
| interface | s_axilite port=return bundle=control | src/conv2d_int.cpp:56 in sa_conv2d_int, return                |
| pipeline  | II=1                                 | src/conv2d_int.cpp:84 in sa_conv2d_int                        |
| interface | s_axilite port=return bundle=control | src/detect_head.cpp:54 in sa_detect_head, return              |
| pipeline  | II=1                                 | src/detect_head.cpp:58 in sa_detect_head                      |
| interface | s_axilite port=return bundle=control | src/lif_expand.cpp:32 in sa_lif_expand, return                |
| pipeline  | II=1                                 | src/lif_expand.cpp:38 in sa_lif_expand                        |
| interface | s_axilite port=return bundle=control | src/maxpool_or.cpp:30 in sa_maxpool_or, return                |
| pipeline  | II=1                                 | src/maxpool_or.cpp:38 in sa_maxpool_or                        |
| interface | s_axilite port=return bundle=control | src/ms_all_conv_block.cpp:103 in sa_ms_all_conv_block, return |
| pipeline  | II=1                                 | src/ms_all_conv_block.cpp:122 in sa_ms_all_conv_block         |
| interface | s_axilite port=return bundle=control | src/ms_downsampling.cpp:83 in sa_ms_downsampling, return      |
| interface | s_axilite port=return bundle=control | src/sep_conv.cpp:102 in sa_sep_conv, return                   |
| interface | s_axilite port=return bundle=control | src/spike_sppf.cpp:94 in sa_spike_sppf, return                |
| pipeline  | II=1                                 | src/spike_sppf.cpp:135 in sa_spike_sppf                       |
| pipeline  | II=1                                 | src/spike_sppf.cpp:152 in sa_spike_sppf                       |
| interface | s_axilite port=return bundle=control | src/tiny_fpga_top.cpp:183 in sa_tiny_fpga_top, return         |
+-----------+--------------------------------------+---------------------------------------------------------------+


